time_s,radius_m,implied_dry_mass_ratio_if_empirical_rho_real,length_cm_for_global_mass_only
0.0,0.02,1.0,25.0
60.0,0.01995766666666667,0.9979468015435822,25.051435568840994
120.0,0.019915333333333333,0.9957817211936654,25.10590370149791
180.0,0.019873000000000002,0.9935453668506911,25.162414152505402
240.0,0.019830666666666667,0.9912527528174361,25.22061091779321
300.0,0.019788333333333335,0.9889125418786883,25.280294203273233
360.0,0.019746,0.9865308312150941,25.341326605279942
420.0,0.019703666666666668,0.9841124353834655,25.403601358069004
480.0,0.019661333333333333,0.9816610163007253,25.467039624543283
540.0,0.019619,0.9791794216988159,25.531582308609533
600.0,0.019576666666666666,0.976669850018721,25.59718619298097
660.0,0.019534333333333334,0.9741345642257991,25.663805513223874
720.0,0.019492,0.9715755168007031,25.73140179810458
780.0,0.019449666666666667,0.9689945660317826,25.799938282811805
840.0,0.019407333333333332,0.9663930125184083,25.869392344684186
900.0,0.019365,0.9637724162260335,25.939733882295247
960.0,0.01932266666666667,0.9611339478085751,26.01094265476839
1020.0,0.019280333333333333,0.9584786201228986,26.083002244530437
1080.0,0.019238,0.9558071726852184,26.155903318621984
1140.0,0.019195666666666666,0.9531202880044161,26.2296378690495
1200.0,0.019153333333333335,0.950419250911147,26.304180998052203
1260.0,0.019111,0.9477050029105236,26.37951675175481
1320.0,0.019068666666666668,0.9449784119071831,26.45563082181345
1380.0,0.019026333333333333,0.9422393607477523,26.532536255076668
1440.0,0.018984,0.9394892275816948,26.610203998135873
1500.0,0.018941666666666666,0.9367290449846712,26.68861410228729
1560.0,0.018899333333333334,0.9339592124567453,26.767764230558228
1620.0,0.018857,0.9311798939339446,26.847658720790026
1680.0,0.018814666666666667,0.9283918072781925,26.92828588534577
1740.0,0.018772333333333335,0.9255948081393531,27.009658848730403
1800.0,0.01873,0.9227890868376091,27.091781162773394
1860.0,0.018703666666666667,0.9215512170539132,27.128172083502804
1920.0,0.018677333333333334,0.9203041588832467,27.164932113679164
1980.0,0.018651,0.9190485595418509,27.202044702036844
2040.0,0.018624666666666668,0.917784369853853,27.239513791219796
2100.0,0.018598333333333335,0.916511857652251,27.27733393874503
2160.0,0.018572,0.9152313265467296,27.315498579280284
2220.0,0.01854566666666667,0.9139425345682145,27.354017407463225
2280.0,0.018519333333333332,0.9126456661808584,27.3928874331013
2340.0,0.018493,0.9113415865227543,27.432085147554936
2400.0,0.018466666666666666,0.9100301147683028,27.47161835008625
2460.0,0.018440333333333333,0.908711471709134,27.511482773491554
2520.0,0.018414,0.9073856910251784,27.551679784320395
2580.0,0.018387666666666667,0.9060534586907704,27.59219090242701
2640.0,0.018361333333333334,0.904715004697619,27.633011357378447
2700.0,0.018335,0.9033701428445668,27.674149071696164
2760.0,0.018308666666666668,0.902019396807335,27.71559025059394
2820.0,0.018282333333333334,0.9006631390316215,27.757325593317383
2880.0,0.018256,0.8993013828303176,27.799356786619178
2940.0,0.01822966666666667,0.8979338164964042,27.841695613543152
3000.0,0.018203333333333335,0.8965614236126785,27.884313714126733
3060.0,0.018177000000000002,0.8951838327224795,27.927224650571162
3120.0,0.01815066666666667,0.8938009794314685,27.970432540700582
3180.0,0.018124333333333333,0.8924123547030288,28.01395550862733
3240.0,0.018098,0.8910184683149703,28.05777982052178
3300.0,0.018071666666666666,0.8896197791252474,28.1018931757365
3360.0,0.018045333333333333,0.8882166710389652,28.14628548995482
3420.0,0.018019,0.8868095229833255,28.190946705102164
3480.0,0.017992666666666667,0.8853983030491801,28.235879732210595
3540.0,0.017966333333333334,0.8839833179147095,28.28107668250376
3600.0,0.01794,0.8825643126990316,28.326547584442604
3660.0,0.017909666666666667,0.8807473345870533,28.38498513506315
3720.0,0.017879333333333334,0.8789265086076713,28.44378882098243
3780.0,0.017849,0.8771018337997638,28.502961727597214
3840.0,0.017818666666666667,0.8752736389884345,28.562496214204323
3900.0,0.017788333333333333,0.8734425097826685,28.622376080848806
3960.0,0.017758,0.8716082221912589,28.682611480131488
4020.0,0.017727666666666666,0.8697710860242629,28.74319507938047
4080.0,0.017697333333333336,0.8679316034086572,28.804113022059173
4140.0,0.017667000000000002,0.8660892476576526,28.86538548724945
4200.0,0.01763666666666667,0.8642436339328243,28.927028234197202
4260.0,0.017606333333333335,0.862395390701846,28.989023213185508
4320.0,0.017576,0.8605440182319126,29.051390132680716
4380.0,0.017545666666666668,0.8586896084676929,29.11412896286446
4440.0,0.017515333333333334,0.8568332503135414,29.177205705838023
4500.0,0.017485,0.8549746189398187,29.240634103267734
4560.0,0.017454666666666667,0.8531131594245304,29.304436022137807
4620.0,0.017424333333333333,0.8512491188632947,29.368606023796477
4680.0,0.017394,0.8493821430609645,29.43315939031417
4740.0,0.017363666666666666,0.8475124569430379,29.498091497291437
4800.0,0.017333333333333333,0.8456406248853189,29.56338575076187
4860.0,0.017303,0.8437670655114363,29.62903035904422
4920.0,0.017272666666666665,0.8418914460835848,29.695039801506603
4980.0,0.017242333333333332,0.840013397932986,29.761430069469476
5040.0,0.017212,0.8381339698465963,29.82816697499536
5100.0,0.017181666666666668,0.836252916974511,29.895261938753872
5160.0,0.017151333333333334,0.8343697202431075,29.962736414638623
5220.0,0.017121,0.8324840430742793,30.030605641013288
5280.0,0.017090666666666667,0.8305967675911926,30.09884094842111
5340.0,0.017060333333333334,0.8287077346710152,30.167451025329978
5400.0,0.01703,0.8268168139822767,30.236443644136983
5460.0,0.017004,0.8253447236649346,30.29037356534826
5520.0,0.016978,0.8238697010119463,30.344604212647813
5580.0,0.016952000000000002,0.8223929539435049,30.39909313439643
5640.0,0.016926,0.8209142302998659,30.453851422295273
5700.0,0.0169,0.8194333306055799,30.50888835767082
5760.0,0.016874,0.8179499359867082,30.56421780856555
5820.0,0.016848000000000002,0.8164647160029349,30.619816766105217
5880.0,0.016822,0.814977530310878,30.675692359841626
5940.0,0.016796,0.8134879737336482,30.73186181875319
6000.0,0.01677,0.8119953459095224,30.788353807616105
6060.0,0.016744000000000002,0.8105001080478555,30.845153198331083
6120.0,0.016718,0.8090033727203298,30.90221974716344
6180.0,0.016692,0.8075048393749853,30.95956678024392
6240.0,0.016666,0.8060036738901046,31.01722834505175
6300.0,0.016640000000000002,0.8045004404394218,31.07518497608887
6360.0,0.016614,0.8029957708632529,31.13341428078007
6420.0,0.016588,0.801489675259415,31.191917714858086
6480.0,0.016562,0.799982083454549,31.250699880730984
6540.0,0.016536000000000002,0.7984724409414626,31.309784431035602
6600.0,0.01651,0.7969602396879165,31.369193536919493
6660.0,0.016484,0.795446390540819,31.428893634180245
6720.0,0.016458,0.7939307268572422,31.48889336852091
6780.0,0.016432000000000002,0.7924131442384938,31.549199028020805
6840.0,0.016406,0.7908935507373585,31.60981648755668
6900.0,0.01638,0.7893719438843654,31.67074811017382
6960.0,0.016354,0.787847779785182,31.732018089606864
7020.0,0.016328000000000002,0.7863218508616716,31.793596950923288
7080.0,0.016302,0.7847943137018105,31.855480555251535
7140.0,0.016276,0.7832649549772904,31.9176797597498
7200.0,0.01625,0.7817340801176911,31.98018435659888
7260.0,0.016238,0.7815488901254963,31.987762142411402
7320.0,0.016226,0.7813620226613724,31.99541220962889
7380.0,0.016214,0.7811732951181141,32.00314214046446
7440.0,0.016202,0.7809823918943845,32.010964983933796
7500.0,0.01619,0.7807894623661554,32.01887474792291
7560.0,0.016178,0.7805939698149624,32.02689357941899
7620.0,0.016166,0.7803966587544902,32.03499107735789
7680.0,0.016154,0.7801971555506751,32.04318270342144
7740.0,0.016142,0.7799950919809703,32.05148372986164
7800.0,0.016130000000000002,0.7797908255138863,32.05987962672537
7860.0,0.016118,0.7795843845759687,32.06836937042806
7920.0,0.016106000000000002,0.7793750079269078,32.07698443718197
7980.0,0.016094,0.779163568408099,32.08568908204633
8040.0,0.016082000000000003,0.7789500472359111,32.094484221051154
8100.0,0.01607,0.7787337463744671,32.10339877575863
8160.0,0.016058,0.7785151765083556,32.112411876317076
8220.0,0.016046,0.7782940232338981,32.12153666055693
8280.0,0.016034,0.77807037396249,32.13076970490747
8340.0,0.016022,0.777844333940973,32.14010684289067
8400.0,0.01601,0.7776162810663078,32.149532627736015
8460.0,0.015998000000000002,0.7773856188642017,32.15907188574728
8520.0,0.015986,0.7771526558182804,32.1687120449675
8580.0,0.015974000000000002,0.7769171983680518,32.17846129872473
8640.0,0.015962,0.7766792356910891,32.188320288690356
8700.0,0.015950000000000002,0.7764390119810726,32.198279084680294
8760.0,0.015938,0.7761967214684395,32.20832980678405
8820.0,0.015926000000000003,0.7759524575173424,32.218468744834475
8880.0,0.015914,0.7757056653567205,32.228719108946244
8940.0,0.015902000000000003,0.7754563708063662,32.239080032321475
9000.0,0.01589,0.7752049124540652,32.249537636258694
9060.0,0.01587766666666667,0.7749174660651013,32.261500217495076
9120.0,0.015865333333333335,0.7746272788823023,32.27358586709225
9180.0,0.015853000000000003,0.774335667234967,32.285739967617836
9240.0,0.01584066666666667,0.7740418285037003,32.297996153938456
9300.0,0.015828333333333333,0.7737453350491611,32.31037250571803
9360.0,0.015816,0.7734464431682007,32.322858577763576
9420.0,0.015803666666666667,0.7731455409446146,32.33543838260449
9480.0,0.015791333333333334,0.7728419354777774,32.348141129977364
9540.0,0.015779,0.7725359410493697,32.36095393314827
9600.0,0.01576666666666667,0.7722274551215784,32.37388134052296
9660.0,0.015754333333333335,0.77191677722674,32.38691104735063
9720.0,0.015742000000000003,0.7716040980032881,32.40003528324115
9780.0,0.015729666666666666,0.7712894555928365,32.413252662431695
9840.0,0.015717333333333333,0.7709723198298581,32.42658569832587
9900.0,0.015705,0.770653156512993,32.44001505569452
9960.0,0.015692666666666667,0.7703315654273303,32.45355782108138
10020.0,0.015680333333333334,0.7700074439061988,32.46721859359773
10080.0,0.015668,0.7696809188134992,32.4809923033284
10140.0,0.01565566666666667,0.7693520559937681,32.494876442108975
10200.0,0.015643333333333335,0.7690210089864096,32.50886478764823
10260.0,0.015631000000000003,0.768688510469677,32.52292659444686
10320.0,0.015618666666666668,0.7683536427962673,32.5371008966881
10380.0,0.015606333333333335,0.76801668449515,32.55137616760704
10440.0,0.015594,0.7676776168755488,32.56575344967085
10500.0,0.015581666666666667,0.7673368038725137,32.58021754441161
10560.0,0.015569333333333334,0.7669936175215316,32.59479535277643
10620.0,0.015557000000000001,0.7666478320588602,32.60949676575959
10680.0,0.015544666666666667,0.7662991374375309,32.624335300179055
10740.0,0.015532333333333334,0.7659479262102679,32.63929458454726
10800.0,0.01552,0.7655952330324232,32.654330802163244
10860.0,0.015506,0.7650761987971838,32.67648377939845
10920.0,0.015492,0.7645549830842319,32.69876013252761
10980.0,0.015478,0.7640315933999673,32.721159983383835
11040.0,0.015464,0.7635058123101706,32.74369310216053
11100.0,0.01545,0.7629779822804974,32.76634526893743
11160.0,0.015436,0.7624480722271325,32.78911825034102
11220.0,0.015422,0.7619166278463364,32.81198898449819
11280.0,0.015408000000000002,0.7613832304871374,32.83497586886023
11340.0,0.015394000000000001,0.7608469172864913,32.85812090710809
11400.0,0.015380000000000001,0.7603086649997465,32.8813824580157
11460.0,0.015366000000000001,0.7597682600500764,32.90477019710227
11520.0,0.015352000000000001,0.759226261548724,32.928260343633546
11580.0,0.015338000000000001,0.7586827885511244,32.9518480941727
11640.0,0.015324,0.7581373248089726,32.975556250708586
11700.0,0.01531,0.7575901432098328,32.999373373678715
11760.0,0.015296,0.757040732031556,33.02332218361788
11820.0,0.015282,0.7564884957078822,33.047429196667835
11880.0,0.015268,0.7559340804130815,33.07166676006816
11940.0,0.015254,0.7553780914684199,33.0960088495566
12000.0,0.01524,0.7548204849730131,33.12045777466389
12060.0,0.015226,0.7542604914431795,33.14504774360612
12120.0,0.015212,0.7536983903229156,33.16976700625427
12180.0,0.015198000000000001,0.7531350926191046,33.19457590677382
12240.0,0.015184000000000001,0.7525700307040354,33.219499820650974
12300.0,0.015170000000000001,0.7520028834540338,33.24455337880114
12360.0,0.015156000000000001,0.7514339618405994,33.26972331509181
12420.0,0.015142000000000001,0.7508637019632369,33.294990734848476
12480.0,0.015128,0.7502911900227851,33.32039657728194
12540.0,0.015114,0.7497170362915144,33.345914244743376
12600.0,0.0151,0.749140513921171,33.37157654062032
12660.0,0.015089,0.7488592768833177,33.384109367046456
12720.0,0.015078000000000001,0.7485770072827582,33.396697676765285
12780.0,0.015067,0.7482935453863313,33.40934871634222
12840.0,0.015056,0.7480079233199632,33.422105863584754
12900.0,0.015045000000000001,0.7477198213627241,33.43498364726689
12960.0,0.015034,0.7474300589851112,33.447945663231614
13020.0,0.015023000000000002,0.7471392694823925,33.46096373346785
13080.0,0.015012000000000001,0.7468466458286301,33.47407414846508
13140.0,0.015001,0.7465520014364541,33.48728548298987
13200.0,0.014990000000000002,0.7462562460492173,33.50055712411577
13260.0,0.014979000000000001,0.7459585816584695,33.513925055219794
13320.0,0.014968,0.7456590149911678,33.52738919182264
13380.0,0.014957000000000002,0.745357685726503,33.54094346747415
13440.0,0.014946000000000001,0.7450542486517971,33.55460363488754
13500.0,0.014935,0.7447493750634228,33.56833968188426
13560.0,0.014924000000000002,0.7444425865958563,33.58217336049855
13620.0,0.014913000000000001,0.744135023449173,33.59605342068352
13680.0,0.014902000000000002,0.7438258226096732,33.61001895885899
13740.0,0.014891000000000001,0.7435147648559871,33.62408008782758
13800.0,0.01488,0.7432024565590355,33.638209587933666
13860.0,0.014869000000000002,0.7428887593039383,33.652413886870704
13920.0,0.014858000000000001,0.7425732413176248,33.66671273481374
13980.0,0.014847,0.7422554731567955,33.6811258442805
14040.0,0.014836000000000002,0.7419359375390029,33.695631570193044
14100.0,0.014825000000000001,0.7416144749659921,33.71023738600358
14160.0,0.014814000000000003,0.7412913037664248,33.72493360299463
14220.0,0.014803000000000002,0.7409666333152931,33.739710907281975
14280.0,0.014792000000000001,0.7406406638223655,33.754560370717066
14340.0,0.014781000000000002,0.7403138650916018,33.769460736638585
14400.0,0.014770000000000002,0.7399855877280556,33.78444177103013
14460.0,0.014760000000000002,0.73975541760166,33.794953582160694
14520.0,0.014750000000000001,0.7395237292696778,33.80554133765111
14580.0,0.014740000000000001,0.7392905179168632,33.81620539438783
14640.0,0.014730000000000002,0.7390557920533157,33.826945501019075
14700.0,0.014720000000000002,0.7388195586895911,33.83776147499574
14760.0,0.01471,0.7385818237995616,33.848653181566206
14820.0,0.014700000000000001,0.7383425928054888,33.85962051167496
14880.0,0.014690000000000002,0.7381018708752991,33.870663368395256
14940.0,0.014680000000000002,0.7378596631002293,33.88178165880312
15000.0,0.01467,0.7376159745964475,33.89297528931311
15060.0,0.014660000000000001,0.7373708105582243,33.904244163223424
15120.0,0.014650000000000002,0.7371241762810276,33.915588179634995
15180.0,0.014640000000000002,0.7368760771667338,33.92700723318939
15240.0,0.01463,0.7366265187188921,33.93850121426375
15300.0,0.014620000000000001,0.736375506532909,33.950070009400484
15360.0,0.014610000000000001,0.7361230462841029,33.961713501836726
15420.0,0.0146,0.7358691437152762,33.9734315720582
15480.0,0.01459,0.7356138046248285,33.985224098330086
15540.0,0.014580000000000001,0.7353570348555059,33.99709095720065
15600.0,0.014570000000000001,0.7350988402844081,34.00903202394872
15660.0,0.01456,0.734839226813924,34.02104717298999
15720.0,0.01455,0.7345782003639078,34.03313627822753
15780.0,0.01454,0.7343157668644092,34.04529921337809
15840.0,0.014530000000000001,0.7340519322492685,34.05753585225974
15900.0,0.01452,0.733786702450533,34.06984606904257
15960.0,0.01451,0.7335200833938348,34.08222973845589
16020.0,0.0145,0.7332520809928991,34.094686736036834
16080.0,0.014490000000000001,0.7329827011477934,34.107216938205994
16140.0,0.01448,0.7327119497390926,34.11982022253372
16200.0,0.01447,0.7324398326244584,34.132496467895095
16260.0,0.014462333333333334,0.7324026665302489,34.13422853638324
16320.0,0.014454666666666666,0.7323643082329883,34.1360163500031
16380.0,0.014447,0.7323247403801739,34.13786073514555
16440.0,0.014439333333333334,0.7322839534651715,34.139762153328455
16500.0,0.014431666666666667,0.7322419414887551,34.14172090330054
16560.0,0.014424,0.7321987005478094,34.14373718677148
16620.0,0.014416333333333333,0.7321542281517707,34.14581114024198
16680.0,0.014408666666666667,0.7321085228295677,34.14794285330279
16740.0,0.014401,0.7320615838801561,34.15013238024615
16800.0,0.014393333333333333,0.7320134112035972,34.152379747926055
16860.0,0.014385666666666666,0.7319640051796694,34.15468496140524
16920.0,0.014378,0.7319133665775615,34.157048008154845
16980.0,0.014370333333333334,0.731861496488391,34.159468861191215
17040.0,0.014362666666666666,0.7318083962702459,34.16194748162998
17100.0,0.014355,0.7317540675055887,34.16448382066433
17160.0,0.014347333333333333,0.7316985119667507,34.16707782116691
17220.0,0.014339666666666665,0.7316417315866355,34.16972941904926
17280.0,0.014332,0.7315837284348333,34.172438544369435
17340.0,0.014324333333333333,0.7315245046973898,34.175205122269645
17400.0,0.014316666666666667,0.7314640626595518,34.178029073775356
17460.0,0.014308999999999999,0.7314024046910118,34.18091031647824
17520.0,0.014301333333333333,0.7313395332330219,34.183848765132204
17580.0,0.014293666666666666,0.7312754507872863,34.18684433216672
17640.0,0.014286,0.7312101599062044,34.18989692813741
17700.0,0.014278333333333332,0.7311436631842916,34.19300646212196
17760.0,0.014270666666666666,0.7310759632506,34.196172842069544
17820.0,0.014263,0.73100706276189,34.19939597511552
17880.0,0.014255333333333333,0.7309369643970312,34.20267576783881
17940.0,0.014247666666666665,0.7308656708510999,34.20601212653382
18000.0,0.01424,0.7307931848306418,34.20940495742806
18060.0,0.014230999999999999,0.7305826037705213,34.21926537940478
18120.0,0.014221999999999999,0.7303707453440852,34.229191351609025
18180.0,0.014213,0.730157625097121,34.239182254207996
18240.0,0.014204,0.7299432542161148,34.24923767101248
18300.0,0.014195,0.7297276419208002,34.25935727772984
18360.0,0.014185999999999999,0.7295107962402231,34.26954080576439
18420.0,0.014176999999999999,0.7292927243881253,34.279788024726194
18480.0,0.014168,0.7290734329769457,34.290098732469566
18540.0,0.014159,0.728852928153126,34.30047274880085
18600.0,0.01415,0.7286312156882886,34.31090991124254
18660.0,0.014140999999999999,0.7284083010442611,34.32141007201522
18720.0,0.014131999999999999,0.728184189421078,34.33197309581184
18780.0,0.014123,0.7279588857920721,34.3425988581734
18840.0,0.014114,0.7277323949331977,34.35328724413165
18900.0,0.014105,0.7275047214446652,34.364038147210195
18960.0,0.014096,0.727275869769119,34.37485146858578
19020.0,0.014086999999999999,0.7270458442062125,34.3857271164172
19080.0,0.014078,0.7268146489247698,34.396665005286195
19140.0,0.014069,0.7265822879730238,34.40766505572757
19200.0,0.01406,0.7263487652877321,34.41872719381113
19260.0,0.014051,0.7261140847001665,34.42985135087033
19320.0,0.014041999999999999,0.7258782499438301,34.441037463148334
19380.0,0.014033,0.7256412646594093,34.45228547157407
19440.0,0.014024,0.7254031323997597,34.46359532153611
19500.0,0.014015,0.7251638566341179,34.47496696269265
19560.0,0.014006,0.7249234407518365,34.48640034880355
19620.0,0.013996999999999999,0.7246818880651846,34.4978954376065
19680.0,0.013988,0.7244392018130356,34.509452190650556
19740.0,0.013979,0.7241953851633134,34.52107057318827
19800.0,0.01397,0.7239504412154001,34.532750554069544
19860.0,0.013962333333333334,0.7238426110663408,34.53789486525369
19920.0,0.013954666666666667,0.7237337384071293,34.54309046725206
19980.0,0.013947,0.7236238137093984,34.54833786058871
20040.0,0.013939333333333333,0.7235128315985158,34.55363734844269
20100.0,0.013931666666666667,0.7234007885395987,34.55898914690153
20160.0,0.013924,0.7232876820852746,34.56439342078072
20220.0,0.013916333333333334,0.7231735105118716,34.56985030093909
20280.0,0.013908666666666666,0.7230582726114141,34.5753598941748
20340.0,0.013901,0.7229419675593199,34.58092228951788
20400.0,0.013893333333333334,0.7228245948262794,34.58653756241982
20460.0,0.013885666666666668,0.7227061541138199,34.59220577781702
20520.0,0.013878000000000001,0.7225866453086343,34.59792699230124
20580.0,0.013870333333333333,0.7224660684465276,34.60370125583322
20640.0,0.013862666666666667,0.7223444236850445,34.60952861304355
20700.0,0.013855000000000001,0.7222217112816258,34.61540910427076
20760.0,0.013847333333333335,0.7220979315760936,34.62134276639392
20820.0,0.013839666666666669,0.7219730849762288,34.62732963351831
20880.0,0.013832,0.7218471719458768,34.63336973754116
20940.0,0.013824333333333334,0.7217201929952622,34.63946310861239
21000.0,0.013816666666666668,0.7215921486724002,34.645609775543576
21060.0,0.013809000000000002,0.7214630395561575,34.65180976613846
21120.0,0.013801333333333336,0.721332866250191,34.65806310748201
21180.0,0.013793666666666668,0.7212016293777493,34.66436982618845
21240.0,0.013786000000000001,0.7210693295773879,34.67072994860601
21300.0,0.013778333333333335,0.7209359674987107,34.67714350102072
21360.0,0.013770666666666669,0.7208015437991737,34.68361050980959
21420.0,0.013763000000000003,0.7206660591414156,34.69013100156875
21480.0,0.013755333333333335,0.7205295141904177,34.69670500325006
21540.0,0.013747666666666668,0.7203919096107976,34.703332542291626
21600.0,0.013740000000000002,0.7202532460656713,34.71001364667303
21660.0,0.013734000000000001,0.7202883280043133,34.708323081212406
21720.0,0.013728000000000002,0.7203224745977505,34.70667774729748
21780.0,0.013722000000000002,0.7203556715033274,34.705078323082965
21840.0,0.013716000000000002,0.7203879094535084,34.70352524234504
21900.0,0.013710000000000002,0.7204191814624555,34.70201882916255
21960.0,0.013704000000000003,0.7204494819164776,34.700559341783624
22020.0,0.013698000000000002,0.720478806132688,34.69914699391704
22080.0,0.013692000000000001,0.720507150105399,34.69778196696991
22140.0,0.013686000000000002,0.7205345103451345,34.69646441781818
22200.0,0.013680000000000001,0.7205608837699354,34.69519448405436
22260.0,0.013674000000000002,0.7205862676259668,34.693972287821474
22320.0,0.013668000000000001,0.720610659430766,34.69279793855439
22380.0,0.013662000000000002,0.7206340569278749,34.69167153517162
22440.0,0.013656000000000001,0.7206564580529748,34.69059316771192
22500.0,0.013650000000000002,0.7206778609059604,34.689562918684125
22560.0,0.013644000000000002,0.7206982637281959,34.68858086416662
22620.0,0.013638,0.7207176648843714,34.68764707468476
22680.0,0.013632000000000002,0.7207360628469065,34.68676161596526
22740.0,0.013626000000000001,0.7207534561830464,34.68592454956035
22800.0,0.013620000000000002,0.7207698435438192,34.68513593338221
22860.0,0.013614000000000001,0.7207852236545838,34.68439582216041
22920.0,0.013608000000000002,0.72079959530683,34.68370426783883
22980.0,0.013602000000000001,0.7208129573512929,34.68306131990922
23040.0,0.013596,0.7208253086915359,34.68246702572189
23100.0,0.013590000000000001,0.7208366482785671,34.68192143074662
23160.0,0.013584,0.7208469751060937,34.68142457880262
23220.0,0.013578000000000002,0.7208562882063815,34.680976512259384
23280.0,0.013572,0.7208645866464243,34.68057727222243
23340.0,0.013566000000000002,0.7208718695245183,34.6802268986995
23400.0,0.013560000000000001,0.7208781359673093,34.67992543074397
23460.0,0.013553666666666667,0.7208479294597482,34.68137866295417
23520.0,0.013547333333333335,0.7208166796738587,34.6828822153665
23580.0,0.013541000000000001,0.7207843886971917,34.68443600060091
23640.0,0.013534666666666667,0.7207510576570011,34.68603997789383
23700.0,0.013528333333333333,0.7207166872563482,34.68769412731507
23760.0,0.013522000000000001,0.7206812779473915,34.68939844143552
23820.0,0.013515666666666667,0.7206448300153016,34.69115292129296
23880.0,0.013509333333333333,0.7206073436249388,34.69295757414871
23940.0,0.013503000000000001,0.7205688188510065,34.69481241203874
24000.0,0.013496666666666667,0.7205292556979083,34.69671745082005
24060.0,0.013490333333333333,0.7204886541136584,34.6986727095028
24120.0,0.013484000000000001,0.7204470139998439,34.700678209772434
24180.0,0.013477666666666667,0.7204043352196638,34.70273397560422
24240.0,0.013471333333333333,0.7203606176035258,34.704840032995214
24300.0,0.013465000000000001,0.7203158609542125,34.706996409716915
24360.0,0.013458666666666667,0.7202700650492869,34.70920313520081
24420.0,0.013452333333333334,0.7202232296450504,34.71146024034912
24480.0,0.013446,0.72017535447927,34.713767757404725
24540.0,0.013439666666666667,0.7201264392725459,34.71612571988662
24600.0,0.013433333333333334,0.7200764837295585,34.71853416253118
24660.0,0.013427,0.7200254875414807,34.72099312117719
24720.0,0.013420666666666668,0.7199734503874504,34.723502632696196
24780.0,0.013414333333333334,0.7199203719336572,34.7260627350379
24840.0,0.013408,0.7198662518363235,34.7286734670877
24900.0,0.013401666666666666,0.7198110897422261,34.731334868642875
24960.0,0.013395333333333334,0.7197548852877435,34.73404698045989
25020.0,0.013389,0.7196976381013408,34.736809844135884
25080.0,0.013382666666666666,0.7196393478039104,34.73962350209355
25140.0,0.013376333333333334,0.7195800140077173,34.74248799763341
25200.0,0.01337,0.7195196363187153,34.745403374823404
25260.0,0.013364666666666667,0.719565887357368,34.743170068572056
25320.0,0.013359333333333332,0.719611166125465,34.740983988068386
25380.0,0.013354,0.7196554638609183,34.73884553849721
25440.0,0.013348666666666667,0.7196987746246623,34.736754988971626
25500.0,0.013343333333333334,0.7197410937475999,34.734712547574844
25560.0,0.013338,0.7197824173253278,34.73271838578474
25620.0,0.013332666666666666,0.7198227419731921,34.73077265031876
25680.0,0.013327333333333333,0.7198620646859332,34.72887546992379
25740.0,0.013322,0.7199003827491071,34.727026959663064
25800.0,0.013316666666666666,0.7199376936778332,34.72522722388156
25860.0,0.013311333333333333,0.7199739951747487,34.7234763582428
25920.0,0.013306,0.7200092850976876,34.721774451294905
25980.0,0.013300666666666667,0.7200435614353488,34.72012158565034
26040.0,0.013295333333333333,0.7200768222886365,34.718517838891046
26100.0,0.01329,0.7201090658554274,34.71696328430772
26160.0,0.013284666666666667,0.7201402904184169,34.715457991490055
26220.0,0.013279333333333332,0.720170494335172,34.714002026810114
26280.0,0.013274,0.7201996760297948,34.712595453827646
26340.0,0.013268666666666666,0.7202278339859047,34.71123833363161
26400.0,0.013263333333333334,0.720254966740681,34.70993072513021
26460.0,0.013257999999999999,0.7202810728798587,34.70867268529482
26520.0,0.013252666666666666,0.7203061510335617,34.70746426936338
26580.0,0.013247333333333333,0.7203301998719954,34.7063055310503
26640.0,0.013242,0.7203532181027108,34.70519652268063
26700.0,0.013236666666666666,0.7203752044676953,34.70413729533233
26760.0,0.013231333333333333,0.7203961577405452,34.70312789897457
26820.0,0.013226,0.7204160767242811,34.7021683825749
26880.0,0.013220666666666667,0.7204349602495236,34.70125879418902
26940.0,0.013215333333333332,0.7204528071728684,34.70039918104087
27000.0,0.01321,0.720469616374822,34.69958958962376
27060.0,0.013206666666666667,0.7207036434819696,34.68832192829818
27120.0,0.013203333333333333,0.7209368078262807,34.67710308116781
27180.0,0.0132,0.7211690923515391,34.66593378049758
27240.0,0.013196666666666666,0.7214004854547477,34.6548144949484
27300.0,0.013193333333333333,0.7216309779995699,34.64374557381446
27360.0,0.01319,0.7218605623440317,34.63272729406326
27420.0,0.013186666666666666,0.7220892318693533,34.62175988316527
27480.0,0.013183333333333333,0.7223169807089539,34.610843532243294
27540.0,0.013179999999999999,0.7225438035763072,34.599978404437
27600.0,0.013176666666666666,0.7227696956485935,34.58916464056465
27660.0,0.013173333333333334,0.7229946524828308,34.5784023632093
27720.0,0.01317,0.7232186699535921,34.5676916797574
27780.0,0.013166666666666667,0.723441744206569,34.557032684668506
27840.0,0.013163333333333332,0.7236638716206817,34.54642546132812
27900.0,0.01316,0.7238850487783829,34.53587008350236
27960.0,0.013156666666666667,0.7241052724423552,34.525366616482145
28020.0,0.013153333333333333,0.7243245395350166,34.514915118089
28080.0,0.01315,0.7245428471220567,34.50451563948501
28140.0,0.013146666666666666,0.7247601923984694,34.49416822586074
28200.0,0.013143333333333333,0.7249765726766502,34.48387291702232
28260.0,0.01314,0.7251919853762508,34.47362974789258
28320.0,0.013136666666666666,0.7254064280151975,34.46343874895501
28380.0,0.013133333333333334,0.7256198982019976,34.45329994663476
28440.0,0.01313,0.7258323936289661,34.44321336363447
28500.0,0.013126666666666667,0.726043912066251,34.43317901923096
28560.0,0.013123333333333334,0.7262544513565364,34.42319692953851
28620.0,0.01312,0.7264640094103336,34.413267107743366
28680.0,0.013116666666666667,0.7266725842018718,34.403389564308824
28740.0,0.013113333333333333,0.7268801737647436,34.39356430719117
28800.0,0.01311,0.7270867761896294,34.383791341956446
28860.0,0.013106,0.7272184089210371,34.377567582608535
28920.0,0.013102,0.7273489899913503,34.3713957728838
28980.0,0.013098,0.7274785227540641,34.36527569962592
29040.0,0.013094,0.7276070088707626,34.35920723028727
29100.0,0.013090000000000001,0.727734449263875,34.3531902678075
29160.0,0.013086,0.7278608444255011,34.34722473597606
29220.0,0.013082,0.7279861945663246,34.3413105723701
29280.0,0.013078,0.7281104996997083,34.33544772436416
29340.0,0.013074,0.7282337596957915,34.32963614656284
29400.0,0.01307,0.7283559743165205,34.323875799137454
29460.0,0.013066,0.7284771432411824,34.31816664661373
29520.0,0.013062,0.7285972660848876,34.31250865699418
29580.0,0.013058,0.7287163424124442,34.30690180109933
29640.0,0.013054,0.7288343717488518,34.301346052069455
29700.0,0.013049999999999999,0.7289513535879143,34.295841384955885
29760.0,0.013046,0.7290672873988325,34.29038777640818
29820.0,0.013042,0.7291821726315986,34.28498520441837
29880.0,0.013038,0.7292960087214768,34.27963364810854
29940.0,0.013034,0.7294087950928492,34.274333087548875
30000.0,0.01303,0.7295205311615333,34.26908350364769
30060.0,0.013026,0.7296312163380979,34.26388487799493
30120.0,0.013022,0.7297408500299432,34.25873719276396
30180.0,0.013018,0.7298494316430735,34.25364043062793
30240.0,0.013014,0.7299569605829311,34.24859457472044
30300.0,0.01301,0.7300634362570325,34.243599608511666
30360.0,0.013006,0.7301688580755975,34.23865551577885
30420.0,0.013002,0.730273225451858,34.2337622805919
30480.0,0.012998,0.7303765378041318,34.22891988721625
30540.0,0.012994,0.7304787945561381,34.22412832009831
30600.0,0.01299,0.7305799951370423,34.21938756386355
30660.0,0.012987333333333333,0.730830181553231,34.20767317910651
30720.0,0.012984666666666667,0.7310794285612154,34.19601075248512
30780.0,0.012982,0.7313277258332513,34.18440066868216
30840.0,0.012979333333333332,0.7315750663834567,34.172843155504964
30900.0,0.012976666666666666,0.7318214447345137,34.16133837000276
30960.0,0.012974,0.732066856322179,34.14988642649002
31020.0,0.012971333333333333,0.7323112972065254,34.13848741015603
31080.0,0.012968666666666667,0.7325547639069158,34.12714138485447
31140.0,0.012966,0.7327972532969382,34.11584839806939
31200.0,0.012963333333333334,0.7330387625340581,34.10460848424569
31260.0,0.012960666666666667,0.7332792890080473,34.09342166723277
31320.0,0.012957999999999999,0.73351883030467,34.0822879620093
31380.0,0.012955333333333333,0.7337573841762605,34.07120737608086
31440.0,0.012952666666666666,0.7339949485197095,34.06017991052794
31500.0,0.01295,0.7342315213589795,34.04920556083976
31560.0,0.012947333333333333,0.734467100830468,34.03828431761245
31620.0,0.012944666666666667,0.734701685171168,34.02741616711495
31680.0,0.012942,0.7349352727089571,34.016601091753955
31740.0,0.012939333333333332,0.7351678618541165,34.00583907048006
31800.0,0.012936666666666666,0.7353994510924481,33.99513007911834
31860.0,0.012934,0.735630038979182,33.98447409066107
31920.0,0.012931333333333333,0.7358596241337633,33.97387107551853
31980.0,0.012928666666666666,0.7360882052353601,33.963321001735636
32040.0,0.012926,0.7363157810185834,33.95282383519774
32100.0,0.012923333333333334,0.7365423502706812,33.94237953976772
32160.0,0.012920666666666667,0.7367679118278033,33.93198807746526
32220.0,0.012917999999999999,0.7369924645723182,33.92164940859697
32280.0,0.012915333333333332,0.7372160074304283,33.91136349187219
32340.0,0.012912666666666666,0.7374385393703139,33.901130284494045
32400.0,0.01291,0.7376600593997077,33.89094974227624
32460.0,0.012906666666666667,0.7378043504507357,33.884321751053825
32520.0,0.012903333333333333,0.7379475706971224,33.87774551027123
32580.0,0.0129,0.7380897239273934,33.871220787324326
32640.0,0.012896666666666666,0.7382308123656229,33.86474742213587
32700.0,0.012893333333333333,0.7383708375495374,33.85832528674692
32760.0,0.01289,0.7385098006152409,33.851954272201795
32820.0,0.012886666666666666,0.738647702434672,33.84563428221191
32880.0,0.012883333333333333,0.7387845436936387,33.83936522955612
32940.0,0.012879999999999999,0.7389203249415416,33.833147033785856
33000.0,0.012876666666666666,0.739055046624232,33.82697961970767
33060.0,0.012873333333333334,0.7391887091079044,33.82086291627945
33120.0,0.01287,0.7393213126961755,33.81479685582088
33180.0,0.012866666666666667,0.739452857643211,33.8087813734065
33240.0,0.012863333333333333,0.7395833441638356,33.802816406397994
33300.0,0.01286,0.7397127724413992,33.79690189408014
33360.0,0.012856666666666667,0.7398411426341316,33.79103777736658
33420.0,0.012853333333333333,0.7399684548805625,33.78522399854899
33480.0,0.01285,0.7400947093036444,33.77946050110602
33540.0,0.012846666666666666,0.7402199060140483,33.773747229550374
33600.0,0.012843333333333333,0.7403440451138711,33.76808412925749
33660.0,0.01284,0.7404671266984852,33.76247114637931
33720.0,0.012836666666666666,0.7405891508585686,33.75690822775
33780.0,0.012833333333333334,0.7407101176824293,33.75139532077845
33840.0,0.01283,0.7408300272578332,33.745932373363665
33900.0,0.012826666666666667,0.7409488796723328,33.74051933387855
33960.0,0.012823333333333334,0.7410666750151127,33.735156151084745
34020.0,0.01282,0.7411834133786318,33.729842774056806
34080.0,0.012816666666666667,0.7412990948582239,33.724579152199475
34140.0,0.012813333333333333,0.7414137195536599,33.71936523517572
34200.0,0.01281,0.741527287570252,33.71420097285565
34260.0,0.012807333333333334,0.741717009342552,33.70557730927549
34320.0,0.012804666666666667,0.7419057258386547,33.69700371531686
34380.0,0.012802000000000001,0.7420934327233467,33.68848031474229
34440.0,0.012799333333333333,0.742280127201186,33.68000716153358
34500.0,0.012796666666666666,0.7424658071725194,33.67158427834644
34560.0,0.012794,0.7426504709595765,33.663211669007055
34620.0,0.012791333333333333,0.7428341171740369,33.65488932456074
34680.0,0.012788666666666667,0.7430167446413954,33.64661722672997
34740.0,0.012786,0.743198352353091,33.63839535010512
34800.0,0.012783333333333334,0.7433789394341025,33.630223663628755
34860.0,0.012780666666666668,0.7435585051198773,33.62210213165334
34920.0,0.012778,0.7437370487393077,33.6140307147223
34980.0,0.012775333333333333,0.7439145697019649,33.606009370156265
35040.0,0.012772666666666667,0.7440910674878393,33.5980380525245
35100.0,0.01277,0.7442665416393492,33.590116714012254
35160.0,0.012767333333333334,0.744440991754923,33.58224530471615
35220.0,0.012764666666666667,0.7446144174836573,33.57442377289008
35280.0,0.012762,0.7447868185208284,33.56665206515179
35340.0,0.012759333333333333,0.7449581946043698,33.558930126645464
35400.0,0.012756666666666666,0.7451285455114822,33.55125790119761
35460.0,0.012754,0.7452978710559426,33.543635331441166
35520.0,0.012751333333333333,0.745466171085925,33.536062358916105
35580.0,0.012748666666666667,0.7456334454819843,33.528538924162355
35640.0,0.012746,0.7457996941551361,33.5210649668082
35700.0,0.012743333333333334,0.745964917045284,33.513640425642656
35760.0,0.012740666666666668,0.7461291141199917,33.50626523867225
35820.0,0.012738,0.7462922853731838,33.498939343180716
35880.0,0.012735333333333333,0.74645443082394,33.49166267578435
35940.0,0.012732666666666666,0.7466155505156541,33.484435172470775
36000.0,0.01273,0.7467756445150696,33.477256768643194
36060.0,0.012727666666666667,0.7469738354637465,33.46837441030201
36120.0,0.012725333333333333,0.7471710266525453,33.45954153496061
36180.0,0.012723,0.7473672160898535,33.45075815714444
36240.0,0.012720666666666667,0.7475624025395136,33.44202425787269
36300.0,0.012718333333333333,0.7477565851146684,33.43333980290692
36360.0,0.012716,0.7479497631456276,33.42470474869639
36420.0,0.012713666666666667,0.7481419361160209,33.41611904525431
36480.0,0.012711333333333333,0.7483331036255509,33.40758263783749
36540.0,0.012709,0.7485232653670346,33.39909546798305
36600.0,0.012706666666666666,0.7487124211100976,33.39065747424507
36660.0,0.012704333333333333,0.7489005706898295,33.38226859270774
36720.0,0.012702,0.7490877139981629,33.37392875737555
36780.0,0.012699666666666666,0.7492738509773909,33.36563790046687
36840.0,0.012697333333333333,0.7494589816149879,33.35739595264868
36900.0,0.012695000000000001,0.749643105939336,33.34920284323017
36960.0,0.012692666666666668,0.7498262240164929,33.34105850030941
37020.0,0.012690333333333335,0.7500083359473002,33.33296285090442
37080.0,0.012688000000000001,0.750189441864909,33.32491582106523
37140.0,0.012685666666666668,0.7503695419327707,33.31691733596494
37200.0,0.012683333333333335,0.750548636342948,33.30896731997626
37260.0,0.012681000000000001,0.7507267253146692,33.301065696736956
37320.0,0.012678666666666668,0.7509038090927722,33.29321238922004
37380.0,0.012676333333333335,0.7510798879467062,33.285407319778884
37440.0,0.012674000000000001,0.7512549621694585,33.27765041019565
37500.0,0.012671666666666668,0.7514290320765779,33.26994158172513
37560.0,0.012669333333333335,0.7516020980054029,33.26228075512941
37620.0,0.012667000000000001,0.7517741603142071,33.25466785071616
37680.0,0.012664666666666668,0.751945219381626,33.24710278836422
37740.0,0.012662333333333334,0.7521152756060083,33.23958548755247
37800.0,0.012660000000000001,0.7522843294046978,33.23211586739173
37860.0,0.012658,0.7524920096464941,33.222944136967655
37920.0,0.012656,0.7526987133102748,33.2138205604911
37980.0,0.012654,0.7529044388466154,33.204745131132235
38040.0,0.012652000000000002,0.753109185428438,33.19571781052929
38100.0,0.012650000000000002,0.753312952560763,33.18673854606725
38160.0,0.012648000000000001,0.7535157399540146,33.177807276495244
38220.0,0.012646000000000001,0.7537175474628001,33.16892393464394
38280.0,0.012644,0.753918375050502,33.16008844899867
38340.0,0.012642,0.7541182227672772,33.15130074467788
38400.0,0.01264,0.7543170907345845,33.14256074412153
38460.0,0.012638,0.7545149791344523,33.13386836756898
38520.0,0.012636000000000001,0.7547118882013081,33.1252235334229
38580.0,0.012634000000000001,0.7549078182158528,33.11662615852215
38640.0,0.012632,0.7551027695001786,33.108076158359374
38700.0,0.01263,0.755296742413801,33.09957344725759
38760.0,0.012628,0.7554897373504962,33.09111793851104
38820.0,0.012626,0.7556817547357481,33.08270954449889
38880.0,0.012624,0.755872795024345,33.074348176791844
38940.0,0.012622000000000001,0.7560628586985328,33.06603374623422
39000.0,0.012620000000000001,0.7562519462664207,33.05776616301458
39060.0,0.012618,0.7564400582605986,33.049545336726915
39120.0,0.012616,0.7566271952367813,33.041371176430445
39180.0,0.012614,0.7568133577728287,33.03324359069281
39240.0,0.012612,0.7569985464676736,33.02516248763707
39300.0,0.01261,0.7571827619405322,33.01712777497628
39360.0,0.012608,0.7573660048301598,33.00913936004598
39420.0,0.012606000000000001,0.7575482757939423,33.00119714984362
39480.0,0.012604,0.7577295755074902,32.99330105104611
39540.0,0.012602,0.7579099046640367,32.98545097003568
39600.0,0.0126,0.7580892639736132,32.97764681293544
39660.0,0.012597666666666667,0.7582275313933741,32.97163313769177
39720.0,0.012595333333333333,0.758364808261834,32.96566471392548
39780.0,0.012593,0.7585010972598722,32.9597413771897
39840.0,0.012590666666666667,0.7586364004065322,32.95386299234151
39900.0,0.012588333333333333,0.7587707194338347,32.948029437211325
39960.0,0.012586,0.7589040559078206,32.942240597323405
40020.0,0.012583666666666667,0.7590364112867235,32.936496363356056
40080.0,0.012581333333333333,0.7591677869542163,32.93079662968852
40140.0,0.012579,0.759298184239926,32.925141293503216
40200.0,0.012576666666666667,0.7594276044337046,32.919530254160534
40260.0,0.012574333333333333,0.7595560487953061,32.913963412774145
40320.0,0.012572,0.7596835185617542,32.90844067188719
40380.0,0.012569666666666666,0.7598100149526507,32.90296193523842
40440.0,0.012567333333333333,0.7599355391744486,32.89752710757362
40500.0,0.012565,0.7600600924239027,32.89213609449308
40560.0,0.012562666666666666,0.7601836758901589,32.88678880235823
40620.0,0.012560333333333333,0.7603062907574272,32.88148513817329
40680.0,0.012558,0.7604279382065378,32.87622500951539
40740.0,0.012555666666666666,0.7605486194167755,32.871008324452916
40800.0,0.012553333333333333,0.7606683355660433,32.86583499153611
40860.0,0.012551,0.7607870878327253,32.860704919714365
40920.0,0.012548666666666666,0.7609048773969211,32.855618018280765
40980.0,0.012546333333333333,0.7610217054398192,32.85057419689716
41040.0,0.012544,0.761137573145294,32.84557336552316
41100.0,0.012541666666666666,0.7612524817007483,32.8406154343778
41160.0,0.012539333333333333,0.761366432296351,32.83570031397064
41220.0,0.012537,0.7614794261263046,32.83082791504509
41280.0,0.012534666666666666,0.7615914643894817,32.8259981485492
41340.0,0.012532333333333333,0.7617025482885927,32.82121092566968
41400.0,0.01253,0.7618126790313133,32.81646615778156
41460.0,0.012528333333333332,0.7620029460309808,32.80827210736738
41520.0,0.012526666666666667,0.7621923034245719,32.80012129179687
41580.0,0.012525,0.7623807487831897,32.79201375415324
41640.0,0.012523333333333332,0.7625682809847163,32.783949481503626
41700.0,0.012521666666666667,0.7627548994907861,32.77592843610701
41760.0,0.01252,0.762940604113403,32.767950565499085
41820.0,0.012518333333333333,0.7631253949026604,32.76001580734821
41880.0,0.012516666666666666,0.763309272082575,32.75212409223229
41940.0,0.012515,0.7634922360111636,32.7442753453677
42000.0,0.012513333333333333,0.763674287152726,32.73646948780965
42060.0,0.012511666666666666,0.7638554260591203,32.72870643726378
42120.0,0.01251,0.7640356533552776,32.72098610871366
42180.0,0.012508333333333333,0.7642149697284537,32.71330841488643
42240.0,0.012506666666666666,0.7643933759199661,32.70567326661078
42300.0,0.012504999999999999,0.7645708727184343,32.698080573109486
42360.0,0.012503333333333333,0.7647474609544863,32.69053024222838
42420.0,0.012501666666666666,0.7649231414963509,32.68302218062684
42480.0,0.012499999999999999,0.7650979152461675,32.675556293937014
42540.0,0.012498333333333334,0.7652717831369213,32.66813248689588
42600.0,0.012496666666666666,0.7654447461299515,32.66075066345244
42660.0,0.012495,0.7656168052125638,32.65341072687017
42720.0,0.012493333333333334,0.7657879613961504,32.64611257980749
42780.0,0.012491666666666667,0.7659582157145314,32.6388561243886
42840.0,0.01249,0.7661275692225245,32.63164126226433
42900.0,0.012488333333333334,0.7662960229945577,32.62446789467098
42960.0,0.012486666666666667,0.7664635781236318,32.61733592247414
43020.0,0.012485,0.7666302357201596,32.61024524621758
43080.0,0.012483333333333332,0.7667959969111371,32.60319576615789
43140.0,0.012481666666666667,0.7669608628394198,32.5961873822945
43200.0,0.01248,0.7671248346626596,32.58921999441416
43260.0,0.012478666666666666,0.767328904112559,32.58055296237448
43320.0,0.012477333333333333,0.7675321030710196,32.5719274802591
43380.0,0.012476,0.7677344310050435,32.563343508343664
43440.0,0.012474666666666667,0.7679358880197721,32.55480098015204
43500.0,0.012473333333333333,0.7681364745092176,32.54629981732497
43560.0,0.012472,0.7683361910434867,32.537839934426614
43620.0,0.012470666666666666,0.7685350383143059,32.52942124126787
43680.0,0.012469333333333332,0.7687330171040542,32.52104364422798
43740.0,0.012468,0.7689301282661133,32.51270704709328
43800.0,0.012466666666666666,0.7691263727114314,32.50441135163071
43860.0,0.012465333333333333,0.7693217513991396,32.49615645798827
43920.0,0.012464,0.7695162653294099,32.487942264999624
43980.0,0.012462666666666667,0.7697099155380995,32.47976867041222
44040.0,0.012461333333333333,0.7699027030925447,32.47163557106634
44100.0,0.012459999999999999,0.7700946290880576,32.463542863043834
44160.0,0.012458666666666667,0.7702856946452757,32.4554904417805
44220.0,0.012457333333333332,0.7704759009078278,32.44747820216476
44280.0,0.012456,0.7706652490403673,32.43950603862054
44340.0,0.012454666666666666,0.7708537402269436,32.43157384517569
44400.0,0.012453333333333334,0.7710413756696505,32.423681515518496
44460.0,0.012452,0.7712281565872653,32.41582894305444
44520.0,0.012450666666666667,0.7714140842143159,32.408016020944785
44580.0,0.012449333333333333,0.7715991598001642,32.400242642144306
44640.0,0.012447999999999999,0.7717833846078931,32.39250869944723
44700.0,0.012446666666666667,0.7719667599138808,32.38481408550409
44760.0,0.012445333333333333,0.7721492870070891,32.37715869285064
44820.0,0.012444,0.7723309671880907,32.36954241394751
44880.0,0.012442666666666666,0.7725118017689726,32.36196514118305
44940.0,0.012441333333333334,0.7726917920727437,32.354426766897014
45000.0,0.01244,0.7728709394324378,32.346927183416796
45060.0,0.012438666666666666,0.7730492451913187,32.339466283047535
45120.0,0.012437333333333333,0.773226710702085,32.33204395810403
45180.0,0.012436,0.7734033373264645,32.32466010092629
45240.0,0.012434666666666667,0.7735791264353011,32.31731460387445
45300.0,0.012433333333333333,0.77375407940772,32.31000735936225
45360.0,0.012432,0.7739281976309992,32.30273825986082
45420.0,0.012430666666666666,0.7741014825006348,32.29550719789443
45480.0,0.012429333333333332,0.7742739354195479,32.28831406607211
45540.0,0.012428,0.7744455577980124,32.281158757089024
45600.0,0.012426666666666666,0.7746163510537909,32.27404116371919
45660.0,0.012425333333333333,0.7747863166113453,32.26696117884682
45720.0,0.012424,0.774955455901819,32.259918695465394
45780.0,0.012422666666666667,0.7751237703632156,32.25291360666857
45840.0,0.012421333333333333,0.7752912614396198,32.24594580568095
45900.0,0.01242,0.7754579305812136,32.23901518585573
45960.0,0.012418666666666666,0.7756237792444962,32.23212164066384
46020.0,0.012417333333333332,0.7757888088915057,32.225265063724656
46080.0,0.012416,0.7759530209898948,32.21844534880105
46140.0,0.012414666666666666,0.7761164170130674,32.21166238979207
46200.0,0.012413333333333334,0.7762789984394366,32.20491608076196
46260.0,0.012412,0.7764407667530813,32.19820631591121
46320.0,0.012410666666666667,0.776601723442584,32.19153298962297
46380.0,0.012409333333333333,0.7767618700016914,32.184895996433966
46440.0,0.012407999999999999,0.7769212079292244,32.1782952310364
46500.0,0.012406666666666667,0.7770797387280919,32.17173058831708
46560.0,0.012405333333333332,0.7772374639062095,32.1652019633176
46620.0,0.012404,0.7773943849755185,32.15870925127314
46680.0,0.012402666666666666,0.7775505034527361,32.15225234757968
46740.0,0.012401333333333334,0.7777058208583326,32.14583114783452
46800.0,0.0124,0.7778603387169177,32.13944554781846
46860.0,0.012398666666666665,0.7780140585572527,32.13309544349357
46920.0,0.012397333333333333,0.7781669819119026,32.12678073101576
46980.0,0.012395999999999999,0.7783191103169018,32.12050130674673
47040.0,0.012394666666666667,0.7784704453123406,32.11425706722805
47100.0,0.012393333333333333,0.7786209884416847,32.10804790920736
47160.0,0.012392,0.7787707412516566,32.10187372964151
47220.0,0.012390666666666666,0.7789197052927166,32.09573442567491
47280.0,0.012389333333333332,0.7790678821181785,32.08962989467418
47340.0,0.012388,0.7792152732850699,32.08356003419089
47400.0,0.012386666666666666,0.7793618803529406,32.077524742008855
47460.0,0.012385333333333333,0.7795077048845278,32.07152391611494
47520.0,0.012384,0.779652748445843,32.06555745469366
47580.0,0.012382666666666667,0.7797970126051785,32.059625256166285
47640.0,0.012381333333333333,0.7799404989337606,32.05372721916216
47700.0,0.012379999999999999,0.7800832090058455,32.047863242512975
47760.0,0.012378666666666666,0.7802251443977226,32.0420332252919
47820.0,0.012377333333333332,0.7803663066884408,32.03623706678201
47880.0,0.012376,0.7805066974595855,32.030474666483556
47940.0,0.012374666666666666,0.7806463182948397,32.024745924130315
48000.0,0.012373333333333333,0.7807851707805793,32.01905073966324
48060.0,0.012372,0.7809232565048059,32.01338901327259
48120.0,0.012370666666666667,0.7810605770581189,32.00776064535612
48180.0,0.012369333333333333,0.7811971340329885,32.00216553654727
48240.0,0.012367999999999999,0.7813329290240709,31.996603587700335
48300.0,0.012366666666666666,0.7814679636275152,31.991074699917178
48360.0,0.012365333333333332,0.7816022394418162,31.98557877451046
48420.0,0.012364,0.7817357580668055,31.98011571304322
48480.0,0.012362666666666666,0.7818685211045634,31.974685417289766
48540.0,0.012361333333333334,0.7820005301583481,31.969287789277743
48600.0,0.01236,0.7821317868331136,31.963922731265164
48660.0,0.012359,0.7823044881344005,31.956866385387503
48720.0,0.012358,0.7824764568906097,31.949843065367784
48780.0,0.012357,0.7826476932431047,31.942852723945286
48840.0,0.012355999999999999,0.7828181978921865,31.935895291288464
48900.0,0.012355,0.7829879717817079,31.92897068790457
48960.0,0.012354,0.7831570159984983,31.922078828759336
49020.0,0.012353,0.783325331724417,31.9152196252416
49080.0,0.012352,0.7834929202094855,31.908392986264197
49140.0,0.012350999999999999,0.7836597827549826,31.901598818956423
49200.0,0.01235,0.7838259207021698,31.894837029125558
49260.0,0.012349,0.7839913354243556,31.888107521581347
49320.0,0.012348,0.7841560283211335,31.88141020037126
49380.0,0.012347,0.7843200008140252,31.87474496895802
49440.0,0.012346,0.7844832543430443,31.86811173035929
49500.0,0.012345,0.7846457903640981,31.861510387252935
49560.0,0.012344,0.7848076103467982,31.854940842065435
49620.0,0.012343,0.7849687157726811,31.848402997043443
49680.0,0.012342,0.7851291081338688,31.84189675430727
49740.0,0.012341,0.7852887889317318,31.835422015904197
49800.0,0.01234,0.7854477596758206,31.828978683850725
49860.0,0.012339000000000001,0.7856060218832225,31.822566660157502
49920.0,0.012338,0.785763577077582,31.816185846867825
49980.0,0.012337,0.7859204267883494,31.8098361460868
50040.0,0.012336,0.7860765725505936,31.803517459987585
50100.0,0.012335,0.7862320159041487,31.7972296908446
50160.0,0.012334000000000001,0.7863867583930864,31.79097274105346
50220.0,0.012333,0.786540801565764,31.784746513127594
50280.0,0.012332000000000001,0.7866941469740589,31.77855090972778
50340.0,0.012331,0.7868467961729713,31.772385833676687
50400.0,0.01233,0.7869987507208398,31.766251187948676
50460.0,0.012328666666666667,0.7871074520278437,31.761864197311183
50520.0,0.012327333333333334,0.7872154471901325,31.757506905173656
50580.0,0.012326,0.7873227391590017,31.75317916856354
50640.0,0.012324666666666668,0.7874293303510933,31.748880866366992
50700.0,0.012323333333333334,0.7875352229535767,31.744611886995802
50760.0,0.012322000000000001,0.7876404190208083,31.7403721244777
50820.0,0.012320666666666667,0.7877449205201507,31.736161476601353
50880.0,0.012319333333333333,0.7878487293573591,31.731979843887377
50940.0,0.012318,0.7879518473924881,31.727827128942824
51000.0,0.012316666666666667,0.7880542764503897,31.72370323603443
51060.0,0.012315333333333334,0.7881560183280505,31.71960807078982
51120.0,0.012314,0.788257074799816,31.715541539984205
51180.0,0.012312666666666668,0.7883574476212314,31.711503551383107
51240.0,0.012311333333333334,0.7884571385323245,31.707494013607782
51300.0,0.012310000000000001,0.7885561492597271,31.70351283604757
51360.0,0.012308666666666667,0.7886544815184215,31.69955992878745
51420.0,0.012307333333333333,0.7887521370131987,31.69563520254736
51480.0,0.012306000000000001,0.7888491174406143,31.69173856860154
51540.0,0.012304666666666667,0.7889454244888631,31.687869938781684
51600.0,0.012303333333333335,0.7890410598390792,31.68402922542284
51660.0,0.012302,0.7891360251665283,31.680216341313717
51720.0,0.012300666666666668,0.7892303221403637,31.67643119970469
51780.0,0.012299333333333334,0.7893239524243192,31.672673714278314
51840.0,0.012298,0.7894169176777456,31.668943799105985
51900.0,0.012296666666666668,0.789509219555163,31.665241368664287
51960.0,0.012295333333333333,0.7896008597067491,31.661566337813746
52020.0,0.012294000000000001,0.789691839779186,31.657918621763283
52080.0,0.012292666666666667,0.78978216141514,31.654298136089494
52140.0,0.012291333333333335,0.7898718262536274,31.650704796720415
52200.0,0.01229,0.7899608359307433,31.64713851990477
52260.0,0.012289000000000001,0.7900920504384167,31.641882722560833
52320.0,0.012288,0.7902226258198931,31.63665425811027
52380.0,0.012287000000000001,0.7903525623960547,31.63145308747948
52440.0,0.012286,0.79048186100127,31.626279151217403
52500.0,0.012285,0.7906105226876368,31.621132381357487
52560.0,0.012284,0.7907385486317978,31.61601270515659
52620.0,0.012283,0.7908659400909881,31.61092004685874
52680.0,0.012282000000000001,0.7909926983786937,31.60585432867177
52740.0,0.012281,0.7911188248494716,31.600815471376023
52800.0,0.012280000000000001,0.7912443208889521,31.59580339472496
52860.0,0.012279,0.791369187906866,31.590818017724214
52920.0,0.012278,0.7914934273320421,31.585859258831427
52980.0,0.012277,0.7916170406086451,31.580927036106274
53040.0,0.012276,0.7917400291932869,31.576021267325324
53100.0,0.012275000000000001,0.7918623945528097,31.571141870069873
53160.0,0.012274,0.7919841381624635,31.566288761797942
53220.0,0.012273000000000001,0.7921052615044342,31.561461859902128
53280.0,0.012272,0.7922257660668799,31.556661081747112
53340.0,0.012271,0.7923456533425598,31.551886344723332
53400.0,0.01227,0.7924649248282838,31.547137566267875
53460.0,0.012269,0.7925835820243833,31.542414663884486
53520.0,0.012268,0.7927016264335948,31.537717555186912
53580.0,0.012267,0.7928190595609433,31.5330461579024
53640.0,0.012266,0.7929358829134662,31.528400389881554
53700.0,0.012265,0.7930520979992162,31.523780169136767
53760.0,0.012264,0.7931677063273898,31.519185413835977
53820.0,0.012263,0.7932827094081972,31.514616042306578
53880.0,0.012262,0.7933971087519271,31.510071973071422
53940.0,0.012261,0.7935109058692494,31.505553124835526
54000.0,0.01226,0.7936241022710414,31.50105941649175
54060.0,0.012259,0.793736699467761,31.49659076714446
54120.0,0.012258,0.7938486989696927,31.492147096098527
54180.0,0.012257,0.7939601022864196,31.487728322879
54240.0,0.012256,0.7940709109272541,31.48333436721281
54300.0,0.012255,0.7941811264004114,31.478965149060297
54360.0,0.012254000000000001,0.794290750213218,31.474620588605674
54420.0,0.012253,0.7943997838723366,31.4703006062469
54480.0,0.012252,0.794508228882901,31.46600512262868
54540.0,0.012251,0.7946160867492712,31.461734058611327
54600.0,0.01225,0.7947233589741061,31.45748733530627
54660.0,0.012249000000000001,0.7948300470589997,31.453264874049566
54720.0,0.012248,0.7949361525040349,31.44906659641839
54780.0,0.012247000000000001,0.7950416768076028,31.444892424236908
54840.0,0.012246,0.7951466214668955,31.440742279555582
54900.0,0.012245,0.7952509879771291,31.436616084680654
54960.0,0.012244000000000001,0.795354777831811,31.43251376216238
55020.0,0.012243,0.7954579925230318,31.42843523478224
55080.0,0.012242000000000001,0.7955606335407375,31.424380425580534
55140.0,0.012241,0.7956627023730065,31.420349257844194
55200.0,0.012240000000000001,0.795764200506351,31.41634165509369
55260.0,0.012239000000000002,0.7958651294249941,31.412357541110378
55320.0,0.012238,0.7959654906111556,31.40839683992403
55380.0,0.012237000000000001,0.7960652855453599,31.404459475799484
55440.0,0.012236,0.7961645157057186,31.400545373263782
55500.0,0.012235000000000001,0.7962631825682243,31.396654457093383
55560.0,0.012234000000000002,0.7963612876070583,31.392786652300877
55620.0,0.012233,0.7964588322938836,31.3889418841617
55680.0,0.012232000000000002,0.7965558180981422,31.385120078201215
55740.0,0.012231,0.7966522464873637,31.381321160181457
55800.0,0.012230000000000001,0.7967481189264263,31.37754505612904
55860.0,0.012229333333333335,0.7968868749125098,31.37208151752374
55920.0,0.012228666666666667,0.7970250897312929,31.3666411786716
55980.0,0.012228000000000001,0.7971627636876186,31.36122400443263
56040.0,0.012227333333333335,0.7972998975602245,31.35582994115663
56100.0,0.012226666666666667,0.7974364923244469,31.35045892761632
56160.0,0.012226,0.7975725490660989,31.345110898404457
56220.0,0.012225333333333335,0.7977080689413444,31.3397857855168
56280.0,0.012224666666666668,0.7978430531546323,31.334483519222516
56340.0,0.012224,0.7979775029451515,31.329204028598237
56400.0,0.012223333333333334,0.7981114195779097,31.323947241879505
56460.0,0.012222666666666668,0.7982448043375765,31.318713086703085
56520.0,0.012222,0.7983776585241074,31.31350149027888
56580.0,0.012221333333333334,0.7985099834494462,31.30831237951924
56640.0,0.012220666666666668,0.798641780435049,31.30314568113579
56700.0,0.012220000000000002,0.798773050809914,31.29800132171624
56760.0,0.012219333333333334,0.7989037959090525,31.29287922778378
56820.0,0.012218666666666668,0.7990340170722877,31.28777932584349
56880.0,0.012218000000000001,0.7991637156432514,31.282701542420952
56940.0,0.012217333333333334,0.7992928929683677,31.27764580410123
57000.0,0.012216666666666667,0.7994215503964746,31.272612037542903
57060.0,0.012216000000000001,0.799549689278051,31.26760016950743
57120.0,0.012215333333333333,0.7996773109645535,31.26261012688423
57180.0,0.012214666666666667,0.7998044168083848,31.257641836690983
57240.0,0.012214000000000001,0.7999310081622787,31.25269522609674
57300.0,0.012213333333333333,0.8000570863788028,31.247770222440423
57360.0,0.012212666666666667,0.8001826528105298,31.242866753223144
57420.0,0.012212,0.8003077088095051,31.23798474612804
57480.0,0.012211333333333334,0.8004322557268456,31.23312412903493
57540.0,0.012210666666666667,0.8005562949130574,31.228284830006952
57600.0,0.01221,0.8006798277173972,31.22346677731444
57660.0,0.012209333333333334,0.800802855487944,31.21866989943116
57720.0,0.012208666666666666,0.8009253795713868,31.21389412504157
57780.0,0.012208,0.8010474013128954,31.20913938304483
57840.0,0.012207333333333334,0.8011689220562175,31.20440560255003
57900.0,0.012206666666666668,0.8012899431430617,31.199692712899207
57960.0,0.012206,0.8014104659135179,31.19500064364995
58020.0,0.012205333333333334,0.8015304917058074,31.190329324584155
58080.0,0.012204666666666667,0.8016500218562019,31.18567868571011
58140.0,0.012204000000000001,0.8017690576986684,31.18104865727537
58200.0,0.012203333333333333,0.8018876005653797,31.17643916974583
58260.0,0.012202666666666667,0.8020056517861498,31.17185015382673
58320.0,0.012202000000000001,0.8021232126886025,31.167281540455072
58380.0,0.012201333333333335,0.8022402845980605,31.162733260802945
58440.0,0.012200666666666667,0.8023568688375756,31.158205246275337
58500.0,0.0122,0.8024729667276701,31.153697428519212
58560.0,0.012199333333333335,0.8025885795865371,31.149209739414736
58620.0,0.012198666666666667,0.80270370873006,31.144742111073526
58680.0,0.012198,0.8028183554712404,31.140294475859907
58740.0,0.012197333333333334,0.8029325211208139,31.13586676636598
58800.0,0.012196666666666668,0.8030462069870468,31.131458915418616
58860.0,0.012196,0.8031594143752261,31.127070856098204
58920.0,0.012195333333333334,0.8032721445883308,31.122702521711687
58980.0,0.012194666666666668,0.8033843989265979,31.118353845808443
59040.0,0.012194000000000002,0.8034961786874351,31.114024762182662
59100.0,0.012193333333333334,0.8036074851659027,31.10971520485379
59160.0,0.012192666666666668,0.8037183196538981,31.105425108097137
59220.0,0.012192000000000001,0.8038286834407531,31.101154406419795
59280.0,0.012191333333333335,0.8039385778132572,31.096903034558846
59340.0,0.012190666666666667,0.8040480040549979,31.092670927505928
59400.0,0.012190000000000001,0.8041569634469866,31.088458020482097
59460.0,0.012189666666666668,0.8043094427678903,31.082564334899352
59520.0,0.012189333333333335,0.8044614693224974,31.076690374064203
59580.0,0.012189000000000002,0.8046130433726876,31.07083610676727
59640.0,0.012188666666666667,0.8047641656138697,31.06500148516198
59700.0,0.012188333333333334,0.8049148369162575,31.059186454778906
59760.0,0.012188000000000001,0.8050650582460109,31.053390957579637
59820.0,0.012187666666666668,0.8052148306292034,31.047614933352303
59880.0,0.012187333333333335,0.8053641551320413,31.04185832047764
59940.0,0.012187,0.8055130328490698,31.036121056385547
60000.0,0.012186666666666667,0.8056614648954319,31.03040307785453
60060.0,0.012186333333333334,0.8058094524015795,31.02470432121602
60120.0,0.012186,0.8059569965095154,31.019024722499378
60180.0,0.012185666666666668,0.8061040983700607,31.013364217537042
60240.0,0.012185333333333334,0.8062507591407437,31.00772274204564
60300.0,0.012185000000000001,0.806396979984189,31.002100231687592
60360.0,0.012184666666666667,0.8065427620669323,30.99649662211628
60420.0,0.012184333333333333,0.8066881065582897,30.990911849018996
60480.0,0.012184,0.8068330146295702,30.98534584814665
60540.0,0.012183666666666667,0.8069774874535947,30.979798555331605
60600.0,0.012183333333333334,0.8071215262038437,30.97426990651974
60660.0,0.012183,0.8072651320541123,30.968759837783022
60720.0,0.012182666666666666,0.8074083061783375,30.96326828532538
60780.0,0.012182333333333333,0.8075510497498908,30.957795185509113
60840.0,0.012182,0.807693363941449,30.952340474859085
60900.0,0.012181666666666667,0.8078352499249902,30.946904090062077
60960.0,0.012181333333333334,0.8079767088711579,30.941485967990403
61020.0,0.012181,0.8081177419492565,30.936086045701256
61080.0,0.012180666666666666,0.808258350327341,30.930704260432464
61140.0,0.012180333333333333,0.8083985351716237,30.925340549624423
61200.0,0.01218,0.8085382976465674,30.91999485091569
61260.0,0.012179333333333334,0.8086333781209876,30.91635922584871
61320.0,0.012178666666666666,0.8087280282004555,30.912740907012772
61380.0,0.012178,0.8088222499870911,30.909139802223546
61440.0,0.012177333333333333,0.8089160451643975,30.90555583542567
61500.0,0.012176666666666667,0.8090094152464812,30.901988937153767
61560.0,0.012176,0.8091023616531612,30.898439041655866
61620.0,0.012175333333333333,0.8091948857438532,30.89490608559485
61680.0,0.012174666666666667,0.8092869888361386,30.89139000733633
61740.0,0.012174,0.8093786722167396,30.88789074652732
61800.0,0.012173333333333333,0.8094699371484902,30.88440824382829
61860.0,0.012172666666666667,0.8095607848752503,30.880942440724063
61920.0,0.012172,0.8096512166254178,30.877493279388425
61980.0,0.012171333333333334,0.8097412336140596,30.874060702601625
62040.0,0.012170666666666666,0.8098308370450923,30.870644653666073
62100.0,0.01217,0.8099200281126234,30.867245076354163
62160.0,0.012169333333333334,0.8100088080022172,30.86386191485904
62220.0,0.012168666666666666,0.8100971778911354,30.860495113784502
62280.0,0.012168,0.810185138949755,30.857144618090086
62340.0,0.012167333333333334,0.8102726923421206,30.853810373069162
62400.0,0.012166666666666668,0.8103598392256811,30.850492324358175
62460.0,0.012166,0.810446580752424,30.847190417892605
62520.0,0.012165333333333334,0.8105329180691748,30.843904599894827
62580.0,0.012164666666666667,0.81061885231721,30.840634816888077
62640.0,0.012164000000000001,0.8107043846331576,30.837381015661407
62700.0,0.012163333333333333,0.8107895161491852,30.834143143261862
62760.0,0.012162666666666667,0.8108742479925561,30.830921147010578
62820.0,0.012162000000000001,0.8109585812863972,30.827714974472944
62880.0,0.012161333333333335,0.8110425171498195,30.824524573453264
62940.0,0.012160666666666667,0.811126056697452,30.82134989201184
63000.0,0.01216,0.8112092010401692,30.818190878436617
63060.0,0.012159333333333334,0.8112919512849576,30.81504748124762
63120.0,0.012158666666666667,0.8113743085348254,30.81191964919969
63180.0,0.012158,0.8114562738892469,30.808807331264987
63240.0,0.012157333333333334,0.8115378484438457,30.80571047664436
63300.0,0.012156666666666666,0.8116190332905721,30.802629034759978
63360.0,0.012156,0.8116998295180431,30.799562955241793
63420.0,0.012155333333333334,0.8117802382111391,30.79651218794224
63480.0,0.012154666666666668,0.8118602604512234,30.79347668292726
63540.0,0.012154,0.8119398973164497,30.790456390464048
63600.0,0.012153333333333334,0.8120191498813591,30.787451261035716
63660.0,0.012152666666666668,0.8120980192170877,30.78446124533284
63720.0,0.012152,0.8121765063916424,30.78148629424238
63780.0,0.012151333333333333,0.8122546124695367,30.778526358860926
63840.0,0.012150666666666667,0.8123323385119465,30.77558139048817
63900.0,0.012150000000000001,0.8124096855770049,30.77265134061521
63960.0,0.012149333333333333,0.8124866547194174,30.769736160938486
64020.0,0.012148666666666667,0.812563246990631,30.766835803352862
64080.0,0.012148,0.812639463439104,30.763950219940803
64140.0,0.012147333333333333,0.812715305109934,30.761079362985928
64200.0,0.012146666666666667,0.8127907730450157,30.758223184966443
64260.0,0.012146,0.8128658682833072,30.755381638544552
64320.0,0.012145333333333333,0.8129405918604566,30.75255467658
64380.0,0.012144666666666666,0.8130149448089602,30.749742252123575
64440.0,0.012144,0.8130889281584182,30.74694431840686
64500.0,0.012143333333333332,0.81316254293517,30.744160828855524
64560.0,0.012142666666666666,0.8132357901624423,30.741391737083163
64620.0,0.012142,0.8133086708606045,30.738636996881134
64680.0,0.012141333333333334,0.8133811860468058,30.735896562231748
64740.0,0.012140666666666666,0.8134533367351202,30.73317038730225
64800.0,0.01214,0.8135251239367957,30.7304584264349
64860.0,0.012139666666666667,0.8136412280397775,30.726073284449882
64920.0,0.012139333333333334,0.8137569789862821,30.72170272646158
64980.0,0.012139,0.813872376958892,30.717346733666975
65040.0,0.012138666666666667,0.8139874225144595,30.71300527319377
65100.0,0.012138333333333334,0.8141021163538049,30.708678306807297
65160.0,0.012138,0.8142164592539599,30.704365793473013
65220.0,0.012137666666666666,0.8143304520381379,30.700067690492265
65280.0,0.012137333333333333,0.8144440955595008,30.69578395411619
65340.0,0.012137,0.814557390691743,30.691514539901675
65400.0,0.012136666666666667,0.8146703383229936,30.687259402941724
65460.0,0.012136333333333334,0.8147829393517491,30.68301849801899
65520.0,0.012136000000000001,0.8148951946840363,30.67879177971271
65580.0,0.012135666666666668,0.815007105231302,30.674579202478128
65640.0,0.012135333333333335,0.8151186719089302,30.67038072070216
65700.0,0.012135,0.815229895635025,30.666196288748953
65760.0,0.012134666666666667,0.8153407773294902,30.662025860994273
65820.0,0.012134333333333334,0.8154513179134385,30.657869391847363
65880.0,0.012134,0.8155615183084288,30.653726835779306
65940.0,0.012133666666666668,0.815671379436088,30.649598147336828
66000.0,0.012133333333333335,0.8157809022178716,30.645483281150923
66060.0,0.012133000000000001,0.8158900875744871,30.64138219195807
66120.0,0.012132666666666668,0.8159989364257588,30.63729483460491
66180.0,0.012132333333333335,0.8161074496905703,30.633221164049942
66240.0,0.012132000000000002,0.8162156282863635,30.629161135381896
66300.0,0.012131666666666669,0.8163234731291396,30.62511470381924
66360.0,0.012131333333333334,0.8164309851334905,30.621081824708522
66420.0,0.012131000000000001,0.816538165212146,30.617062453540935
66480.0,0.012130666666666668,0.8166450142760605,30.61305654594855
66540.0,0.012130333333333335,0.8167515332344065,30.609064057704114
66600.0,0.012130000000000002,0.8168577229943202,30.605084944730123
66660.0,0.012129666666666669,0.8169635844609394,30.601119163096918
66720.0,0.012129333333333336,0.8170691185373017,30.597166669026024
66780.0,0.012129000000000001,0.8171743261243173,30.593227418890706
66840.0,0.012128666666666668,0.817279208120808,30.58930136921404
66900.0,0.012128333333333335,0.817383765423174,30.58538847668091
66960.0,0.012128000000000002,0.8174879989258197,30.581488698121603
67020.0,0.012127666666666669,0.8175919095206124,30.577601990531587
67080.0,0.012127333333333335,0.8176954980973078,30.57372831105515
67140.0,0.012127000000000002,0.8177987655432901,30.56986761699462
67200.0,0.012126666666666668,0.8179017127434446,30.566019865814706
67260.0,0.012126333333333334,0.8180043405804663,30.562185015130456
67320.0,0.012126000000000001,0.8181066499346203,30.5583630227158
67380.0,0.012125666666666668,0.818208641683625,30.554553846507403
67440.0,0.012125333333333335,0.8183103167029784,30.550757444592055
67500.0,0.012125,0.8184116758656468,30.546973775217847
67560.0,0.012124666666666667,0.8185127200420955,30.54320279679254
67620.0,0.012124333333333334,0.8186134501005626,30.53944446787293
67680.0,0.012124000000000001,0.8187138669065888,30.535698747181936
67740.0,0.012123666666666668,0.8188139713233223,30.53196559359676
67800.0,0.012123333333333335,0.8189137642116155,30.52824496614487
67860.0,0.012123000000000002,0.8190132464296145,30.52453682401886
67920.0,0.012122666666666667,0.8191124188330594,30.520841126564786
67980.0,0.012122333333333334,0.8192112822753838,30.51715783327807
68040.0,0.012122,0.8193098376073076,30.513486903818205
68100.0,0.012121666666666668,0.819408085677138,30.509828297997128
68160.0,0.012121333333333335,0.8195060273308682,30.506181975775114
68220.0,0.012121,0.8196036634117775,30.502547897275242
68280.0,0.012120666666666667,0.8197009947607325,30.498926022771755
68340.0,0.012120333333333334,0.8197980222162821,30.495316312686114
68400.0,0.01212,0.8198947466142479,30.491718727601807
68460.0,0.012119666666666667,0.8199911687881293,30.48813322824888
68520.0,0.012119333333333334,0.8200872895689241,30.48455977551019
68580.0,0.012119000000000001,0.8201831097851211,30.48099833042127
68640.0,0.012118666666666666,0.820278630262774,30.47744885416717
68700.0,0.012118333333333333,0.8203738518253767,30.473911308086713
68760.0,0.012118,0.8204687752941555,30.470385653661186
68820.0,0.012117666666666667,0.8205634014876588,30.466871852529238
68880.0,0.012117333333333334,0.8206577312220179,30.463369866476754
68940.0,0.012117000000000001,0.8207517653110727,30.45987965743182
69000.0,0.012116666666666668,0.8208455045659986,30.456401187478175
69060.0,0.012116333333333335,0.8209389497955659,30.452934418845174
69120.0,0.012116,0.8210321018062609,30.44947931390295
69180.0,0.012115666666666667,0.8211249614019217,30.44603583517549
69240.0,0.012115333333333334,0.821217529383991,30.442603945330927
69300.0,0.012115,0.8213098065516411,30.43918360717648
69360.0,0.012114666666666668,0.8214017937014094,30.435774783671626
69420.0,0.012114333333333335,0.821493491627475,30.432377437917452
69480.0,0.012114000000000002,0.8215849011216616,30.428991533156182
69540.0,0.012113666666666667,0.8216760229733135,30.4256170327754
69600.0,0.012113333333333334,0.8217668579693571,30.422253900305414
69660.0,0.012113,0.8218574068944285,30.418902099414147
69720.0,0.012112666666666667,0.8219476705305632,30.415561593918287
69780.0,0.012112333333333334,0.8220376496575362,30.41223234777031
69840.0,0.012112000000000001,0.8221273450528058,30.408914325060227
69900.0,0.012111666666666668,0.8222167574912359,30.405607490025496
69960.0,0.012111333333333335,0.8223058877454744,30.40231180703666
70020.0,0.012111,0.8223947365857666,30.399027240603917
70080.0,0.012110666666666667,0.8224833047799261,30.395753755377818
70140.0,0.012110333333333334,0.8225715930935195,30.392491316142145
70200.0,0.012110000000000001,0.8226596022896454,30.389239887821667
70260.0,0.012109666666666668,0.8227473331291189,30.38599943547504
70320.0,0.012109333333333335,0.8228347863703638,30.382769924298415
70380.0,0.012109000000000002,0.822921962769503,30.37955131962178
70440.0,0.012108666666666667,0.8230088630803838,30.376343586907684
70500.0,0.012108333333333334,0.8230954880543626,30.37314669175885
70560.0,0.012108,0.8231818384405805,30.36996059990768
70620.0,0.012107666666666668,0.8232679149859581,30.366785277216113
70680.0,0.012107333333333335,0.8233537184348964,30.36362068968634
70740.0,0.012107,0.823439249529611,30.360466803448134
70800.0,0.012106666666666667,0.8235245090101139,30.357323584759236
70860.0,0.012106333333333334,0.8236094976139188,30.354191000015863
70920.0,0.012106,0.8236942160763953,30.35106901573936
70980.0,0.012105666666666667,0.8237786651306049,30.347957598581903
71040.0,0.012105333333333334,0.8238628455073638,30.344856715323917
71100.0,0.012105000000000001,0.8239467579351561,30.341766332876908
71160.0,0.012104666666666666,0.8240304031402614,30.338686418278492
71220.0,0.012104333333333333,0.8241137818466799,30.33561693869483
71280.0,0.012104,0.8241968947761609,30.332557861419282
71340.0,0.012103666666666667,0.8242797426483048,30.32950915386834
71400.0,0.012103333333333334,0.8243623261802959,30.326470783591173
71460.0,0.012103,0.8244446460872417,30.323442718256832
71520.0,0.012102666666666666,0.824526703081996,30.32042492566047
71580.0,0.012102333333333333,0.8246084978751832,30.317417373722144
71640.0,0.012102,0.8246900311751638,30.314420030487806
71700.0,0.012101666666666667,0.8247713036881951,30.311432864123088
71760.0,0.012101333333333334,0.8248523161182977,30.308455842917922
71820.0,0.012101,0.8249330691673007,30.305488935284604
71880.0,0.012100666666666666,0.8250135635347876,30.302532109759486
71940.0,0.012100333333333333,0.8250937999182976,30.299585334995307
72000.0,0.0121,0.8251737790130874,30.296648579769638
72060.0,0.012099666666666667,0.8252535015122967,30.293721812978564
72120.0,0.012099333333333333,0.8253329681069018,30.29080500363807
72180.0,0.012099,0.8254121794856726,30.28789812088537
72240.0,0.012098666666666667,0.825491136335389,30.28500113397068
72300.0,0.012098333333333332,0.8255698393404903,30.282114012269812
72360.0,0.012098,0.8256482891834217,30.2792367252712
72420.0,0.012097666666666666,0.8257264865444695,30.276369242581666
72480.0,0.012097333333333333,0.8258044321017342,30.273511533927138
72540.0,0.012097,0.825882126531335,30.2706635691449
72600.0,0.012096666666666667,0.8259595705071815,30.267825318191687
72660.0,0.012096333333333334,0.8260367647010627,30.26499675114017
72720.0,0.012096,0.8261137097827951,30.262177838173262
72780.0,0.012095666666666668,0.8261904064200054,30.259368549591827
72840.0,0.012095333333333335,0.8262668552782191,30.25656885581117
72900.0,0.012095000000000002,0.8263430570210077,30.253778727355407
72960.0,0.012094666666666667,0.8264190123097719,30.25099813486514
73020.0,0.012094333333333334,0.8264947218038405,30.248227049093575
73080.0,0.012094,0.8265701861605846,30.245465440902127
73140.0,0.012093666666666667,0.8266454060351928,30.242713281268358
73200.0,0.012093333333333334,0.8267203820809566,30.239970541275316
73260.0,0.012093000000000001,0.8267951149490252,30.237237192120247
73320.0,0.012092666666666668,0.8268696052885017,30.234513205110847
73380.0,0.012092333333333335,0.8269438537465843,30.231798551659846
73440.0,0.012092000000000002,0.8270178609683484,30.229093203292738
73500.0,0.012091666666666667,0.8270916275968427,30.22639713164403
73560.0,0.012091333333333334,0.8271651542732283,30.223710308451928
73620.0,0.012091000000000001,0.827238441636564,30.22103270556594
73680.0,0.012090666666666668,0.8273114903239009,30.218364294943182
73740.0,0.012090333333333335,0.8273843009704193,30.215705048643173
73800.0,0.012090000000000002,0.827456874209203,30.213054938835807
73860.0,0.012089666666666669,0.827529210671419,30.2104139377946
73920.0,0.012089333333333336,0.8276013109862468,30.20778201789902
73980.0,0.012089000000000003,0.8276731757808793,30.205159151634238
74040.0,0.012088666666666668,0.827744805680668,30.20254531158561
74100.0,0.012088333333333335,0.8278162013088465,30.19994047044853
74160.0,0.012088000000000002,0.8278873632867927,30.197344601018656
74220.0,0.012087666666666668,0.8279582922340223,30.194757676191923
74280.0,0.012087333333333335,0.8280289887679572,30.192179668972773
74340.0,0.012087,0.8280994535041828,30.189610552464547
74400.0,0.012086666666666667,0.8281696870564387,30.187050299869625
74460.0,0.012086333333333334,0.8282396900363852,30.184498884497714
74520.0,0.012086000000000001,0.8283094630539087,30.181956279754502
74580.0,0.012085666666666668,0.8283790067169559,30.179422459147506
74640.0,0.012085333333333335,0.8284483216315208,30.176897396286304
74700.0,0.012085000000000002,0.8285174084018507,30.174381064874865
74760.0,0.012084666666666667,0.8285862676301545,30.17187343872193
74820.0,0.012084333333333334,0.8286548999168604,30.169374491731443
74880.0,0.012084000000000001,0.8287233058604809,30.16688419790725
74940.0,0.012083666666666668,0.8287914860577241,30.164402531348863
75000.0,0.012083333333333335,0.8288594411033698,30.161929466255746
75060.0,0.012083,0.8289271715903533,30.15946497692408
75120.0,0.012082666666666667,0.828994678109822,30.15700903774451
75180.0,0.012082333333333334,0.829061961251043,30.154561623205275
75240.0,0.012082,0.829129021601414,30.15212270789167
75300.0,0.012081666666666668,0.8291958597466268,30.149692266479867
75360.0,0.012081333333333335,0.8292624762703886,30.147270273746862
75420.0,0.012081000000000001,0.8293288717546939,30.144856704560404
75480.0,0.012080666666666667,0.8293950467797127,30.142451533882866
75540.0,0.012080333333333334,0.829461001923789,30.140054736771102
75600.0,0.01208,0.8295267377635024,30.137666288374042
75660.0,0.012079666666666667,0.8295922548735994,30.13528616393498
75720.0,0.012079333333333334,0.82965755382704,30.1329143387897
75780.0,0.012079000000000001,0.829722635195061,30.130550788364
75840.0,0.012078666666666666,0.829787499547069,30.128195488177386
75900.0,0.012078333333333333,0.8298521474506719,30.125848413841755
75960.0,0.012078,0.8299165794718479,30.12350954105507
76020.0,0.012077666666666667,0.8299807961746265,30.121178845612764
76080.0,0.012077333333333334,0.830044798121484,30.118856303393205
76140.0,0.012077000000000001,0.8301085858729749,30.116541890370904
76200.0,0.012076666666666668,0.8301721599880405,30.11423558260512
76260.0,0.012076333333333335,0.8302355210238126,30.111937356246838
76320.0,0.012076,0.830298669535721,30.109647187534673
76380.0,0.012075666666666667,0.8303616060775053,30.107365052794265
76440.0,0.012075333333333334,0.8304243312010925,30.10509092844257
76500.0,0.012075,0.8304868454568015,30.102824790980264
76560.0,0.012074666666666668,0.8305491493931922,30.10056661699703
76620.0,0.012074333333333334,0.83061124355711,30.09831638316979
76680.0,0.012074000000000001,0.830673128493789,30.096074066258815
76740.0,0.012073666666666667,0.8307348047466401,30.093839643115196
76800.0,0.012073333333333333,0.8307962728575023,30.091613090671608
76860.0,0.012073,0.8308575333665003,30.08939438594731
76920.0,0.012072666666666667,0.8309185868120376,30.08718350604818
76980.0,0.012072333333333334,0.8309794337309674,30.084980428160442
77040.0,0.012072000000000001,0.8310400746583657,30.08278512955866
77100.0,0.012071666666666668,0.8311005101276826,30.08059758760012
77160.0,0.012071333333333335,0.8311607406707598,30.07841777972406
77220.0,0.012071,0.8312207668177661,30.076245683453806
77280.0,0.012070666666666667,0.8312805890971962,30.074081276396694
77340.0,0.012070333333333334,0.8313402080359775,30.071924536240026
77400.0,0.01207,0.8313996241593606,30.069775440754903
77460.0,0.012069666666666668,0.8314588379909893,30.067633967793522
77520.0,0.012069333333333335,0.8315178500528876,30.065500095289487
77580.0,0.012069,0.831576660865449,30.063373801258063
77640.0,0.012068666666666667,0.8316352709475258,30.061255063792792
77700.0,0.012068333333333334,0.831693680816274,30.059143861070943
77760.0,0.012068,0.8317518909872824,30.05704017134871
77820.0,0.012067666666666668,0.8318099019746334,30.05494397295885
77880.0,0.012067333333333334,0.8318677142907032,30.052855244317776
77940.0,0.012067000000000001,0.8319253284463224,30.050773963919593
78000.0,0.012066666666666667,0.8319827449508307,30.04870011033399
78060.0,0.012066333333333333,0.8320399643118783,30.046633662213257
78120.0,0.012066,0.8320969870355873,30.044574598286335
78180.0,0.012065666666666667,0.8321538136266011,30.042522897356864
78240.0,0.012065333333333334,0.8322104445878784,30.0404785383105
78300.0,0.012065,0.8322668804209349,30.03844150010604
78360.0,0.012064666666666666,0.8323231216256811,30.036411761781135
78420.0,0.012064333333333333,0.8323791687004859,30.034389302449885
78480.0,0.012064,0.8324350221422723,30.032374101299194
78540.0,0.012063666666666667,0.8324906824463145,30.030366137596015
78600.0,0.012063333333333334,0.832546150106423,30.028365390680495
78660.0,0.012063,0.8326014256149096,30.02637183996712
78720.0,0.012062666666666666,0.8326565094625206,30.02438546494699
78780.0,0.012062333333333333,0.8327114021385474,30.022406245183696
78840.0,0.012062,0.8327661041307477,30.020434160316036
78900.0,0.012061666666666667,0.8328206159253637,30.01846919005721
78960.0,0.012061333333333334,0.8328749380071998,30.016511314191913
79020.0,0.012060999999999999,0.8329290708595126,30.01456051258015
79080.0,0.012060666666666666,0.8329830149641417,30.01261676515241
79140.0,0.012060333333333333,0.833036770801381,30.010680051914168
79200.0,0.01206,0.833090338850071,30.008750352942435
79260.0,0.01206,0.8331897753225933,30.005168978844626
79320.0,0.01206,0.8332890306124219,30.001594982747303
79380.0,0.01206,0.8333881047386027,29.99802835899776
79440.0,0.01206,0.8334869979571486,29.99446909342826
79500.0,0.01206,0.8335857106050054,29.99091716897994
79560.0,0.01206,0.8336842430587593,29.98737256719144
79620.0,0.01206,0.8337825957176777,29.983835268810417
79680.0,0.01206,0.8338807689950113,29.980305254107094
79740.0,0.01206,0.8339787633131457,29.976782503049062
79800.0,0.01206,0.8340765791006236,29.97326699540856
79860.0,0.01206,0.8341742167902284,29.96975871083151
79920.0,0.01206,0.8342716768176504,29.966257628885483
79980.0,0.01206,0.8343689596205431,29.962763729093634
80040.0,0.01206,0.8344660656378787,29.95927699095782
80100.0,0.01206,0.834562995309409,29.955797393977917
80160.0,0.01206,0.8346597490753065,29.95232491766462
80220.0,0.01206,0.8347563273758958,29.948859541549005
80280.0,0.01206,0.8348527306513311,29.94540124519402
80340.0,0.01206,0.8349489593414945,29.941950008198035
80400.0,0.01206,0.8350450138858582,29.938505810199636
80460.0,0.01206,0.8351408947232464,29.935068630886096
80520.0,0.01206,0.8352366022918517,29.93163844999264
80580.0,0.01206,0.8353321370291541,29.92821524730524
80640.0,0.01206,0.8354274993717236,29.92479900266755
80700.0,0.01206,0.8355226897552932,29.921389695978174
80760.0,0.01206,0.8356177086147099,29.917987307192295
80820.0,0.01206,0.8357125563837554,29.91459181632795
80880.0,0.01206,0.835807233495264,29.9112032034617
80940.0,0.01206,0.8359017403810273,29.907821448731887
81000.0,0.01206,0.835996077471761,29.90444653233971
81060.0,0.012059666666666666,0.8360440290651527,29.902731352503633
81120.0,0.012059333333333333,0.8360918064872992,29.901022598263875
81180.0,0.012059,0.8361394105891445,29.899320237022412
81240.0,0.012058666666666667,0.8361868419962183,29.897624244263177
81300.0,0.012058333333333334,0.83623410125642,29.89593459826399
81360.0,0.012058,0.8362811888786303,29.894251278714645
81420.0,0.012057666666666666,0.8363281053484743,29.892574266152643
81480.0,0.012057333333333333,0.8363748511363213,29.890903541676714
81540.0,0.012057,0.836421426701735,29.889239086787423
81600.0,0.012056666666666667,0.8364678324962562,29.887580883287455
81660.0,0.012056333333333334,0.8365140689650153,29.88592891322375
81720.0,0.012056,0.8365601365481072,29.884283158838215
81780.0,0.012055666666666668,0.8366060356814584,29.882643602536554
81840.0,0.012055333333333335,0.8366517667972115,29.881010226874384
81900.0,0.012055,0.8366973303243629,29.879383014534344
81960.0,0.012054666666666667,0.8367427266891919,29.877761948310606
82020.0,0.012054333333333334,0.8367879563152798,29.8761470111081
82080.0,0.012054,0.8368330196238928,29.874538185928692
82140.0,0.012053666666666667,0.8368779170342171,29.872935455862716
82200.0,0.012053333333333334,0.8369226489632906,29.87133880409127
82260.0,0.012053000000000001,0.8369672158262648,29.86974821387679
82320.0,0.012052666666666668,0.8370116180365149,29.868163668558978
82380.0,0.012052333333333335,0.8370558560055887,29.86658515155658
82440.0,0.012052000000000002,0.8370999301434484,29.865012646358615
82500.0,0.012051666666666669,0.8371438408583513,29.863446136528548
82560.0,0.012051333333333334,0.8371875885570721,29.861885605696266
82620.0,0.012051000000000001,0.837231173644764,29.86033103756295
82680.0,0.012050666666666668,0.8372745965251488,29.858782415894172
82740.0,0.012050333333333335,0.8373178576004942,29.85723972452065
82800.0,0.012050000000000002,0.8373609572716223,29.85570294733783
82860.0,0.012050000000000002,0.8374502257244976,29.85252046277965
82920.0,0.012050000000000002,0.8375393384264652,29.84934420748401
82980.0,0.012050000000000002,0.8376282953797212,29.846174177612728
83040.0,0.012050000000000002,0.8377170967962361,29.843010361863165
83100.0,0.012050000000000002,0.837805742957725,29.839852746463542
83160.0,0.012050000000000002,0.8378942341796013,29.836701316459102
83220.0,0.012050000000000002,0.8379825707962447,29.833556056237768
83280.0,0.012050000000000002,0.8380707531536422,29.83041694979277
83340.0,0.012050000000000002,0.8381587816053375,29.827283980867136
83400.0,0.012050000000000002,0.8382466565098604,29.824157133045386
83460.0,0.012050000000000002,0.8383343782291691,29.821036389809056
83520.0,0.012050000000000002,0.8384219471275027,29.81792173457756
83580.0,0.012050000000000002,0.8385093635706772,29.814813150733258
83640.0,0.012050000000000002,0.8385966279254914,29.811710621642554
83700.0,0.012050000000000002,0.8386837405593404,29.80861413066961
83760.0,0.012050000000000002,0.8387707018398853,29.80552366118804
83820.0,0.012050000000000002,0.8388575121348154,29.80243919658929
83880.0,0.012050000000000002,0.8389441718116997,29.79936072028787
83940.0,0.012050000000000002,0.8390306812377822,29.796288215728516
84000.0,0.012050000000000002,0.8391170407798799,29.793221666389787
84060.0,0.012050000000000002,0.839203250804338,29.79016105578552
84120.0,0.012050000000000002,0.8392893116768722,29.78710636747039
84180.0,0.012050000000000002,0.8393752237625354,29.784057585040966
84240.0,0.012050000000000002,0.8394609874256957,29.78101469213643
84300.0,0.012050000000000002,0.8395466030299659,29.777977672440986
84360.0,0.012050000000000002,0.8396320709381266,29.774946509686476
84420.0,0.012050000000000002,0.8397173915121637,29.771921187650978
84480.0,0.012050000000000002,0.8398025651132055,29.768901690160945
84540.0,0.012050000000000002,0.8398875921014903,29.765888001092236
84600.0,0.012050000000000002,0.8399724728363849,29.762880104369394
84660.0,0.012049666666666669,0.840010733601795,29.761524466247103
84720.0,0.012049333333333336,0.840048844325725,29.760174267088647
84780.0,0.012049,0.8400868057323935,29.758829479775994
84840.0,0.012048666666666668,0.8401246183464175,29.757490084276384
84900.0,0.012048333333333335,0.8401622826254258,29.756156062942292
84960.0,0.012048000000000001,0.8401997989936797,29.754827399319648
85020.0,0.012047666666666668,0.8402371678559064,29.75350407765738
85080.0,0.012047333333333335,0.8402743896039926,29.752186082670075
85140.0,0.012047000000000002,0.8403114646208396,29.7508733994012
85200.0,0.012046666666666667,0.8403483932826012,29.749566013143713
85260.0,0.012046333333333334,0.840385175960302,29.7482639093826
85320.0,0.012046000000000001,0.8404218130206998,29.746967073764235
85380.0,0.012045666666666668,0.8404583048269897,29.745675492071328
85440.0,0.012045333333333335,0.8404946517394887,29.744389150198604
85500.0,0.012045,0.8405308541158494,29.743108034145145
85560.0,0.012044666666666667,0.8405669123113498,29.74183213000405
85620.0,0.012044333333333334,0.8406028266792567,29.74056142394949
85680.0,0.012044000000000001,0.8406385975708773,29.739295902234797
85740.0,0.012043666666666668,0.8406742253356949,29.73803555118761
85800.0,0.012043333333333335,0.8407097103216007,29.736780357201575
85860.0,0.012043000000000002,0.8407450528748839,29.73553030673663
85920.0,0.012042666666666667,0.8407802533403028,29.73428538631644
85980.0,0.012042333333333334,0.8408153120612484,29.733045582522525
86040.0,0.012042,0.8408502293796988,29.73181088199581
86100.0,0.012041666666666668,0.8408850056363453,29.730581271432097
86160.0,0.012041333333333334,0.840919641170547,29.72935673758362
86220.0,0.012041,0.8409541363204255,29.728137267255615
86280.0,0.012040666666666667,0.840988491422942,29.726922847303552
86340.0,0.012040333333333333,0.8410227068137869,29.72571346463695
86400.0,0.01204,0.8410567828275347,29.724509106213873
86460.0,0.01204,0.8411372923323646,29.721664023096924
86520.0,0.01204,0.8412176673105053,29.71882423716637
86580.0,0.01204,0.84129790774991,29.715989745967217
86640.0,0.01204,0.8413780138245377,29.713160540481557
86700.0,0.01204,0.8414579857687735,29.710336609568785
86760.0,0.01204,0.841537823845922,29.70751794107982
86820.0,0.01204,0.8416175283353811,29.704704522310763
86880.0,0.01204,0.8416970995264005,29.701896340223584
86940.0,0.01204,0.8417765377145474,29.69909338157116
87000.0,0.01204,0.8418558431996057,29.69629563297151
87060.0,0.01204,0.8419350162842157,29.69350308095588
87120.0,0.01204,0.8420140572729703,29.690715712000657
87180.0,0.01204,0.8420929664717414,29.687933512551123
87240.0,0.01204,0.8421717441872475,29.68515646903671
87300.0,0.01204,0.8422503907266924,29.682384567883712
87360.0,0.01204,0.8423289063975168,29.67961779552399
87420.0,0.01204,0.8424072915072178,29.676856138401313
87480.0,0.01204,0.8424855463631405,29.674099582978638
87540.0,0.01204,0.8425636712724088,29.671348115740518
87600.0,0.01204,0.8426416665418268,29.668601723196485
87660.0,0.01204,0.8427195324777355,29.66586039188607
87720.0,0.01204,0.8427972693860243,29.663124108378327
87780.0,0.01204,0.8428748775720369,29.660392859275078
87840.0,0.01204,0.8429523573405451,29.65766663121179
87900.0,0.01204,0.8430297089956825,29.654945410859813
87960.0,0.01204,0.8431069328409403,29.652229184926505
88020.0,0.01204,0.843184029179149,29.649517940155764
88080.0,0.01204,0.843260998312421,29.646811663330023
88140.0,0.01204,0.8433378405421645,29.644110341269656
88200.0,0.01204,0.8434145561690511,29.64141396083409
88260.0,0.012039666666666667,0.8434444425711329,29.640363654292017
88320.0,0.012039333333333334,0.8434741990828374,29.639317986470807
88380.0,0.012039000000000001,0.8435038263232103,29.638276934644992
88440.0,0.012038666666666666,0.8435333247343332,29.6372404823172
88500.0,0.012038333333333333,0.8435626947001635,29.63620861504078
88560.0,0.012038,0.8435919365761378,29.6351813193791
88620.0,0.012037666666666667,0.8436210507010131,29.634158582489217
88680.0,0.012037333333333334,0.8436500374027395,29.633140391915333
88740.0,0.012037,0.8436788970017081,29.632126735474557
88800.0,0.012036666666666668,0.8437076298127496,29.63111760118661
88860.0,0.012036333333333335,0.843736236146227,29.630112977235317
88920.0,0.012036,0.8437647163090645,29.629112851932405
88980.0,0.012035666666666667,0.8437930706053494,29.62811721369629
89040.0,0.012035333333333334,0.8438212993365741,29.62712605104351
89100.0,0.012035,0.8438494028021123,29.626139352571954
89160.0,0.012034666666666667,0.8438773812994868,29.62515710695137
89220.0,0.012034333333333334,0.8439052351243994,29.624179302922286
89280.0,0.012034000000000001,0.843932964570998,29.623205929286595
89340.0,0.012033666666666666,0.843960569932024,29.62223697490228
89400.0,0.012033333333333333,0.8439880514987728,29.621272428684794
89460.0,0.012033,0.8440154095612733,29.620312279600704
89520.0,0.012032666666666667,0.8440426444083803,29.619356516664386
89580.0,0.012032333333333334,0.8440697563277095,29.618405128940275
89640.0,0.012032000000000001,0.8440967456057727,29.61745810553807
89700.0,0.012031666666666668,0.8441236125280435,29.616515435610385
89760.0,0.012031333333333335,0.8441503573788803,29.615577108355403
89820.0,0.012031,0.8441769804416392,29.614643113012878
89880.0,0.012030666666666667,0.8442034819987239,29.61371343886235
89940.0,0.012030333333333334,0.844229862331504,29.612788075225943
90000.0,0.01203,0.8442561217204199,29.611867011464668
90060.0,0.01203,0.8443290486735424,29.609309355488236
90120.0,0.01203,0.844401858856176,29.60675623554988
90180.0,0.01203,0.8444745522458719,29.60420765020419
90240.0,0.01203,0.8445471289854084,29.60166359221847
90300.0,0.01203,0.8446195892702474,29.599124052521727
90360.0,0.01203,0.8446919333207081,29.59658902118121
90420.0,0.01203,0.844764161370989,29.59405848778773
90480.0,0.01203,0.84483627366366,29.591532441648944
90540.0,0.01203,0.8449082704466911,29.589010871893645
90600.0,0.01203,0.8449801519716527,29.586493767534908
90660.0,0.01203,0.8450519184925543,29.583981117510795
90720.0,0.01203,0.845123570265028,29.58147291071302
90780.0,0.01203,0.8451951075458435,29.5789691360039
90840.0,0.01203,0.8452665305924839,29.576469782231193
90900.0,0.01203,0.8453378396628686,29.57397483823783
90960.0,0.01203,0.8454090350151284,29.571484292869698
91020.0,0.01203,0.8454801169074381,29.568998134981527
91080.0,0.01203,0.8455510855979074,29.566516353440623
91140.0,0.01203,0.8456219413444384,29.564038937131848
91200.0,0.01203,0.8456926844046947,29.561565874958653
91260.0,0.01203,0.84576331503597,29.559097155847624
91320.0,0.01203,0.8458338334951923,29.556632768748308
91380.0,0.01203,0.8459042400388648,29.55417270263521
91440.0,0.01203,0.8459745349229892,29.551716946510453
91500.0,0.01203,0.8460447184030921,29.5492654894028
91560.0,0.01203,0.8461147907341562,29.546818320370008
91620.0,0.01203,0.8461847521706247,29.544375428498622
91680.0,0.01203,0.8462546029663774,29.541936802904782
91740.0,0.01203,0.8463243433746822,29.539502432735855
91800.0,0.01203,0.8463939736482492,29.537072307168494
91860.0,0.01203,0.846463494039152,29.53464641541134
91920.0,0.01203,0.8465329047988558,29.53222474670401
91980.0,0.01203,0.8466022061781974,29.529807290317724
92040.0,0.01203,0.8466713984273898,29.527394035555094
92100.0,0.01203,0.8467404817959915,29.524984971751177
92160.0,0.01203,0.8468094565329283,29.522580088272637
92220.0,0.01203,0.8468783228864707,29.520179374518488
92280.0,0.01203,0.8469470811042453,29.517782819919667
92340.0,0.01203,0.8470157314332177,29.51539041393956
92400.0,0.01203,0.8470842741197031,29.513002146073607
92460.0,0.01203,0.8471527094093397,29.510618005850148
92520.0,0.01203,0.8472210375471305,29.508237982828962
92580.0,0.01203,0.8472892587774001,29.50586206660269
92640.0,0.01203,0.8473573733438143,29.503490246796115
92700.0,0.01203,0.8474253814893695,29.50112251306649
92760.0,0.01203,0.8474932834564243,29.498758855102395
92820.0,0.01203,0.847561079486627,29.496399262626188
92880.0,0.01203,0.8476287698209999,29.494043725391055
92940.0,0.01203,0.847696354699895,29.491692233182487
93000.0,0.01203,0.8477638343629883,29.48934477581844
93060.0,0.01203,0.8478312090493021,29.487001343148513
93120.0,0.01203,0.8478984789971962,29.4846619250542
93180.0,0.01203,0.8479656444443701,29.48232651144878
93240.0,0.01203,0.848032705627851,29.479995092277665
93300.0,0.01203,0.8480996627840244,29.477667657517344
93360.0,0.01203,0.8481665161486088,29.47534419717614
93420.0,0.01203,0.8482332659566694,29.473024701293767
93480.0,0.01203,0.848299912442595,29.470709159942025
93540.0,0.01203,0.8483664558401572,29.468397563222737
93600.0,0.01203,0.8484328963824354,29.466089901270312
93660.0,0.01203,0.8484992343018855,29.463786164249278
93720.0,0.01203,0.8485654698302952,29.46148634235583
93780.0,0.01203,0.8486316031988154,29.45919042581668
93840.0,0.01203,0.8486976346379341,29.45689840488991
93900.0,0.01203,0.8487635643775054,29.454610269863945
93960.0,0.01203,0.8488293926467488,29.452326011057522
94020.0,0.01203,0.848895119674204,29.450045618821214
94080.0,0.01203,0.8489607456878092,29.44776908353466
94140.0,0.01203,0.8490262709148352,29.445496395608846
94200.0,0.01203,0.8490916955819439,29.443227545483996
94260.0,0.01203,0.8491570199151219,29.44096252363184
94320.0,0.01203,0.8492222441397528,29.43870132055309
94380.0,0.01203,0.8492873684805703,29.436443926779
94440.0,0.01203,0.8493523931616979,29.434190332869946
94500.0,0.01203,0.8494173184065933,29.431940529417332
94560.0,0.01203,0.8494821444381225,29.42969450704097
94620.0,0.01203,0.849546871478506,29.427452256390907
94680.0,0.01203,0.8496114997493475,29.42521376814639
94740.0,0.01203,0.8496760294716247,29.42297903301612
94800.0,0.01203,0.849740460865694,29.420748041738104
94860.0,0.01203,0.849804794151308,29.418520785078957
94920.0,0.01203,0.8498690295475704,29.41629725383546
94980.0,0.01203,0.8499331672730023,29.414077438832187
95040.0,0.01203,0.8499972075454961,29.411861330923106
95100.0,0.01203,0.8500611505823372,29.40964892099076
95160.0,0.01203,0.8501249966001933,29.407440199946613
95220.0,0.01203,0.8501887458151367,29.40523515873021
95280.0,0.01203,0.8502523984426262,29.403033788309816
95340.0,0.01203,0.8503159546975215,29.40083607968184
95400.0,0.01203,0.850379414794068,29.398642023871336
95460.0,0.012029666666666668,0.8503956517765323,29.398080702521657
95520.0,0.012029333333333335,0.8504117901204388,29.397522812400563
95580.0,0.012029000000000001,0.8504278302858826,29.39696833721436
95640.0,0.012028666666666667,0.8504437725927606,29.396417265520245
95700.0,0.012028333333333334,0.8504596173165385,29.395869587415195
95760.0,0.012028,0.8504753647112435,29.395325293740978
95820.0,0.012027666666666667,0.8504910150185278,29.39478437577072
95880.0,0.012027333333333334,0.8505065684720927,29.3942468250559
95940.0,0.012027,0.8505220253000596,29.393712633344368
96000.0,0.012026666666666666,0.850537385726515,29.393181792526864
96060.0,0.012026333333333333,0.8505526499723897,29.39265429460662
96120.0,0.012026,0.8505678182560059,29.39213013168039
96180.0,0.012025666666666667,0.8505828907936723,29.391609295917878
96240.0,0.012025333333333334,0.8505978677999215,29.39109177955349
96300.0,0.012025000000000001,0.8506127494876768,29.39057757488055
96360.0,0.012024666666666666,0.850627536068566,29.390066674240416
96420.0,0.012024333333333333,0.8506422277529347,29.38955907002202
96480.0,0.012024,0.8506568247500655,29.38905475465425
96540.0,0.012023666666666667,0.8506713272681576,29.388553720606637
96600.0,0.012023333333333334,0.8506857355144549,29.38805596038491
96660.0,0.012022999999999999,0.8507000496953323,29.387561466528
96720.0,0.012022666666666666,0.8507142700162618,29.387070231609158
96780.0,0.012022333333333333,0.8507283966819226,29.38658224823217
96840.0,0.012022,0.8507424298962032,29.386097509031238
96900.0,0.012021666666666667,0.850756369862241,29.385616006669608
96960.0,0.012021333333333334,0.8507702167824308,29.385137733839244
97020.0,0.012021,0.8507839708584889,29.384662683258586
97080.0,0.012020666666666666,0.8507976322914058,29.384190847674194
97140.0,0.012020333333333333,0.850811201281523,29.383722219858043
97200.0,0.01202,0.8508246780285202,29.383256792607963
97260.0,0.01202,0.8508852536912191,29.381164959138356
97320.0,0.01202,0.8509457402155032,29.379076501010175
97380.0,0.01202,0.8510061375660436,29.376991418066993
97440.0,0.01202,0.8510664458389816,29.374909705616453
97500.0,0.01202,0.8511266651709938,29.372831357571705
97560.0,0.01202,0.8511867957177037,29.370756367197284
97620.0,0.01202,0.8512468376451371,29.368684727404364
97680.0,0.01202,0.8513067911256087,29.366616430892886
97740.0,0.01202,0.8513666563354864,29.364551470228818
97800.0,0.01202,0.8514264334538058,29.362489837892
97860.0,0.01202,0.851486122661463,29.360431526304033
97920.0,0.01202,0.851545724140593,29.358376527849746
97980.0,0.01202,0.8516052380741719,29.356324834890913
98040.0,0.01202,0.8516646646457552,29.354276439775273
98100.0,0.01202,0.8517240040392442,29.352231334844586
98160.0,0.01202,0.8517832564387392,29.350189512439677
98220.0,0.01202,0.8518424220284057,29.34815096490504
98280.0,0.01202,0.8519015009923835,29.34611568459194
98340.0,0.01202,0.8519604935147287,29.344083663860406
98400.0,0.01202,0.8520193997793193,29.342054895082466
98460.0,0.01202,0.8520782199698296,29.34002937064299
98520.0,0.01202,0.8521369542697025,29.338007082940646
98580.0,0.01202,0.8521956028620776,29.33598802439032
98640.0,0.01202,0.852254165929797,29.33397218742294
98700.0,0.01202,0.8523126436553852,29.33195956448609
98760.0,0.01202,0.8523710362209939,29.329950148045928
98820.0,0.01202,0.8524293438084276,29.327943930586258
98880.0,0.01202,0.8524875665991072,29.325940904609766
98940.0,0.01202,0.8525457047740674,29.32394106263808
99000.0,0.01202,0.8526037585139387,29.32194439721238
99060.0,0.01202,0.8526617279989487,29.319950900893286
99120.0,0.01202,0.8527196134089051,29.317960566261462
99180.0,0.01202,0.8527774149232036,29.31597338591731
99240.0,0.01202,0.8528351327208078,29.31398935248161
99300.0,0.01202,0.8528927669802517,29.31200845859543
99360.0,0.01202,0.8529503178796488,29.310030696919792
99420.0,0.01202,0.8530077855966487,29.308056060137115
99480.0,0.01202,0.8530651703084879,29.306084540949463
99540.0,0.01202,0.8531224721919493,29.304116132079916
99600.0,0.01202,0.8531796914233745,29.30215082627209
99660.0,0.01202,0.8532368281786596,29.300188616290292
99720.0,0.01202,0.8532938826332569,29.298229494919422
99780.0,0.01202,0.853350854962165,29.296273454965277
99840.0,0.01202,0.8534077453399527,29.294320489253725
99900.0,0.01202,0.8534645539407112,29.292370590632295
99960.0,0.01202,0.8535212809381076,29.29042375196835
100020.0,0.01202,0.853577926505352,29.288479966150163
100080.0,0.01202,0.8536344908152008,29.286539226086788
100140.0,0.01202,0.8536909740399679,29.284601524707647
100200.0,0.01202,0.8537473763515169,29.282666854962784
100260.0,0.01202,0.8538036979212574,29.28073520982295
100320.0,0.01202,0.8538599389201654,29.2788065822789
100380.0,0.01202,0.8539160995187486,29.276880965342546
100440.0,0.01202,0.853972179887081,29.27495835204573
100500.0,0.01202,0.8540281801947871,29.273038735440778
100560.0,0.01202,0.8540841006110423,29.271122108600434
100620.0,0.01202,0.85413994130459,29.269208464617265
100680.0,0.01202,0.8541957024437041,29.267297796604904
100740.0,0.01202,0.854251384196236,29.265390097696436
100800.0,0.01202,0.8543069867295865,29.26348536104533
100860.0,0.01202,0.8543625102107142,29.261583579825114
100920.0,0.01202,0.8544179548061362,29.25968474722935
100980.0,0.01202,0.8544733206819288,29.257788856471574
101040.0,0.01202,0.8545286080037372,29.255895900784946
101100.0,0.01202,0.8545838169367534,29.25400587342296
101160.0,0.01202,0.8546389476457431,29.252118767658555
101220.0,0.01202,0.854694000295033,29.25023457678446
101280.0,0.01202,0.8547489750485108,29.24835329411321
101340.0,0.01202,0.8548038720696417,29.24647491297656
101400.0,0.01202,0.8548586915214423,29.24459942672634
101460.0,0.01202,0.8549134335664986,29.242726828733822
101520.0,0.01202,0.8549680983669868,29.240857112388994
101580.0,0.01202,0.8550226860846227,29.238990271102253
101640.0,0.01202,0.8550771968807208,29.237126298302375
101700.0,0.01202,0.8551316309161472,29.235265187438095
101760.0,0.01202,0.8551859883513498,29.233406931977054
101820.0,0.01202,0.8552402693463631,29.231551525405628
101880.0,0.01202,0.8552944740607671,29.229698961230277
101940.0,0.01202,0.8553486026537575,29.22784923297516
102000.0,0.01202,0.8554026552840748,29.226002334184514
102060.0,0.01202,0.8554566321100574,29.224158258420825
102120.0,0.01202,0.8555105332896201,29.222316999265548
102180.0,0.01202,0.8555643589802592,29.220478550318898
102240.0,0.01202,0.8556181093390498,29.218642905199925
102300.0,0.01202,0.8556717845226595,29.216810057546034
102360.0,0.01202,0.8557253846873337,29.214980001013455
102420.0,0.01202,0.8557789099889129,29.21315272927664
102480.0,0.01202,0.8558323605828165,29.211328236028788
102540.0,0.01202,0.855885736624051,29.20950651498155
102600.0,0.01202,0.8559390382672267,29.20768755986443
102660.0,0.01202,0.8559922656665345,29.205871364425562
102720.0,0.01202,0.8560454189757543,29.20405792243142
102780.0,0.01202,0.856098498348277,29.202247227666003
102840.0,0.01202,0.8561515039370673,29.200439273932133
102900.0,0.01202,0.856204435894698,29.19863405505023
102960.0,0.01202,0.8562572943733441,29.196831564858513
103020.0,0.01202,0.8563100795247599,29.19503179721375
103080.0,0.01202,0.8563627915003186,29.193234745989894
103140.0,0.01202,0.8564154304509922,29.191440405078744
103200.0,0.01202,0.8564679965273354,29.189648768390484
103260.0,0.01202,0.856520489879539,29.18785982985182
103320.0,0.01202,0.8565729106573643,29.186073583408234
103380.0,0.01202,0.8566252590102021,29.18429002302191
103440.0,0.01202,0.8566775350870371,29.182509142672963
103500.0,0.01202,0.8567297390364771,29.180730936358415
103560.0,0.01202,0.8567818710067124,29.178955398093546
103620.0,0.01202,0.8568339311455785,29.177182521909756
103680.0,0.01202,0.8568859196004872,29.17541230185688
103740.0,0.01202,0.8569378365184951,29.17364473200085
103800.0,0.01202,0.8569896820462444,29.17187980642568
103860.0,0.01202,0.857041456330014,29.17011751923171
103920.0,0.01202,0.8570931595156873,29.16835786453669
103980.0,0.01202,0.85714479174877,29.16660083647516
104040.0,0.01202,0.8571963531743847,29.164846429198583
104100.0,0.01202,0.8572478439372744,29.163094636875254
104160.0,0.01202,0.8572992641817986,29.16134545369038
104220.0,0.01202,0.8573506140519499,29.159598873845518
104280.0,0.01202,0.857401893691334,29.157854891559218
104340.0,0.01202,0.8574531032431791,29.156113501066706
104400.0,0.01202,0.8575042428503502,29.154374696619367
104460.0,0.012019666666666666,0.8575077516062297,29.1542554025565
104520.0,0.012019333333333333,0.8575111886769566,29.154138546661052
104580.0,0.012019,0.857514554389283,29.154024117765392
104640.0,0.012018666666666667,0.8575178489630896,29.153912108336865
104700.0,0.012018333333333332,0.8575210725854836,29.153802511958478
104760.0,0.012018,0.85752422542806,29.153695322742013
104820.0,0.012017666666666666,0.8575273076535181,29.153590535103042
104880.0,0.012017333333333333,0.8575303194189074,29.153488143650566
104940.0,0.012017,0.857533260877334,29.153388143128982
105000.0,0.012016666666666667,0.857536132179094,29.153290528379532
105060.0,0.012016333333333334,0.8575389334722843,29.153195294319545
105120.0,0.012016,0.8575416649032043,29.15310243592875
105180.0,0.012015666666666668,0.8575443266167739,29.15301194823506
105240.0,0.012015333333333334,0.8575469187567031,29.152923826308815
105300.0,0.012015000000000001,0.8575494414656185,29.152838065258443
105360.0,0.012014666666666667,0.8575518948852664,29.152754660223568
105420.0,0.012014333333333333,0.8575542791565751,29.152673606372872
105480.0,0.012014,0.8575565944196988,29.152594898902603
105540.0,0.012013666666666667,0.8575588408141399,29.152518533032406
105600.0,0.012013333333333334,0.8575610184787568,29.152444504005043
105660.0,0.012013000000000001,0.857563127551814,29.15237280708469
105720.0,0.012012666666666668,0.857565168171023,29.152303437555528
105780.0,0.012012333333333335,0.8575671404735622,29.152236390721086
105840.0,0.012012000000000002,0.8575690445961055,29.152171661903214
105900.0,0.012011666666666667,0.8575708806748297,29.15210924644187
105960.0,0.012011333333333334,0.8575726488454691,29.152049139693226
106020.0,0.012011,0.8575743492432739,29.151991337031095
106080.0,0.012010666666666668,0.8575759820030707,29.151935833844846
106140.0,0.012010333333333335,0.8575775472592572,29.151882625539596
106200.0,0.012010000000000002,0.8575790451458016,29.151831707536203
106260.0,0.012010000000000002,0.8576280805191795,29.15016493497488
106320.0,0.012010000000000002,0.8576770506737149,29.148500569488505
106380.0,0.012010000000000002,0.8577259555668217,29.146838611732274
106440.0,0.012010000000000002,0.8577747952567852,29.145179058934634
106500.0,0.012010000000000002,0.8578235698321559,29.143521907297988
106560.0,0.012010000000000002,0.8578722793954084,29.141867152554372
106620.0,0.012010000000000002,0.8579209240566901,29.140214790178074
106680.0,0.012010000000000002,0.8579695039307602,29.138564815489698
106740.0,0.012010000000000002,0.8580180191353693,29.136917223711308
106800.0,0.012010000000000002,0.8580664697902238,29.13527201000161
106860.0,0.012010000000000002,0.8581148560164368,29.13362916947465
106920.0,0.012010000000000002,0.8581631779360561,29.131988697215824
106980.0,0.012010000000000002,0.8582114356717809,29.130350588291552
107040.0,0.012010000000000002,0.8582596293467764,29.128714837755524
107100.0,0.012010000000000002,0.858307759084504,29.12708144065449
107160.0,0.012010000000000002,0.8583558250086112,29.125450392031993
107220.0,0.012010000000000002,0.8584038272428445,29.12382168693132
107280.0,0.012010000000000002,0.8584517659109762,29.122195320397967
107340.0,0.012010000000000002,0.8584996411367631,29.120571287481038
107400.0,0.012010000000000002,0.8585474530438846,29.118949583235356
107460.0,0.012010000000000002,0.8585952017559186,29.117330202722233
107520.0,0.012010000000000002,0.8586428873963211,29.11571314101019
107580.0,0.012010000000000002,0.858690510088379,29.114098393176516
107640.0,0.012010000000000002,0.8587380699552132,29.11248595430718
107700.0,0.012010000000000002,0.8587855671197558,29.11087581949756
107760.0,0.012010000000000002,0.8588330017047249,29.10926798385333
107820.0,0.012010000000000002,0.8588803738326305,29.1076624424902
107880.0,0.012010000000000002,0.8589276836257537,29.106059190534644
107940.0,0.012010000000000002,0.8589749312061415,29.10445822312405
108000.0,0.012010000000000002,0.8590221166956002,29.102859535406935
108060.0,0.012010000000000002,0.8590692402156893,29.10126312254315
108120.0,0.012010000000000002,0.8591163018877112,29.09966897970418
108180.0,0.012010000000000002,0.8591633018327179,29.09807710207295
108240.0,0.012010000000000002,0.859210240171496,29.0964874848443
108300.0,0.012010000000000002,0.8592571170245665,29.094900123224978
108360.0,0.012010000000000002,0.8593039325121934,29.093315012433337
108420.0,0.012010000000000002,0.8593506867543552,29.09173214770029
108480.0,0.012010000000000002,0.8593973798707683,29.090151524268517
108540.0,0.012010000000000002,0.8594440119808818,29.088573137392597
108600.0,0.012010000000000002,0.8594905832038556,29.086996982339773
108660.0,0.012010000000000002,0.8595370936585804,29.085423054389242
108720.0,0.012010000000000002,0.8595835434636743,29.083851348832265
108780.0,0.012010000000000002,0.8596299327374696,29.082281860972593
108840.0,0.012010000000000002,0.8596762615980249,29.080714586126053
108900.0,0.012010000000000002,0.8597225301631167,29.07914951962083
108960.0,0.012010000000000002,0.8597687385502437,29.077586656797283
109020.0,0.012010000000000002,0.8598148868766211,29.07602599300815
109080.0,0.012010000000000002,0.8598609752591881,29.07446752361827
109140.0,0.012010000000000002,0.8599070038145994,29.072911244004864
109200.0,0.012010000000000002,0.8599529726592342,29.071357149557205
109260.0,0.012010000000000002,0.8599988819091859,29.069805235676977
109320.0,0.012010000000000002,0.860044731680264,29.06825549777819
109380.0,0.012010000000000002,0.8600905220880142,29.066707931286466
109440.0,0.012010000000000002,0.8601362532476798,29.065162531640375
109500.0,0.012010000000000002,0.860181925274241,29.06361929429006
109560.0,0.012010000000000002,0.8602275382823891,29.062078214698104
109620.0,0.012010000000000002,0.8602730923865464,29.060539288338862
109680.0,0.012010000000000002,0.8603185877008375,29.059002510699404
109740.0,0.012010000000000002,0.8603640243391322,29.057467877278047
109800.0,0.012010000000000002,0.8604094024150009,29.055935383585872
109860.0,0.012010000000000002,0.8604547220417504,29.054405025145492
109920.0,0.012010000000000002,0.8604999833324006,29.05287679749182
109980.0,0.012010000000000002,0.8605451863997029,29.05135069617145
110040.0,0.012010000000000002,0.8605903313561308,29.049826716742952
110100.0,0.012010000000000002,0.860635418313871,29.048304854777168
110160.0,0.012010000000000002,0.8606804473848563,29.04678510585609
110220.0,0.012010000000000002,0.8607254186807223,29.045267465574298
110280.0,0.012010000000000002,0.860770332312844,29.043751929537734
110340.0,0.012010000000000002,0.8608151883923237,29.042238493364085
110400.0,0.012010000000000002,0.860859987029982,29.040727152683075
110460.0,0.012010000000000002,0.860904728336375,29.03921790313589
110520.0,0.012010000000000002,0.8609494124217817,29.037710740375562
110580.0,0.012010000000000002,0.8609940393962162,29.036205660066578
110640.0,0.012010000000000002,0.8610386093694157,29.03470265788526
110700.0,0.012010000000000002,0.8610831224508531,29.033201729519316
110760.0,0.012010000000000002,0.8611275787497304,29.031702870668077
110820.0,0.012010000000000002,0.8611719783749799,29.030206077042436
110880.0,0.012010000000000002,0.8612163214352668,29.02871134436474
110940.0,0.012010000000000002,0.8612606080389911,29.027218668368725
111000.0,0.012010000000000002,0.8613048382942824,29.025728044799674
111060.0,0.012010000000000002,0.8613490123090117,29.02423946941402
111120.0,0.012010000000000002,0.8613931301907772,29.022752937979803
111180.0,0.012010000000000002,0.8614371920469169,29.021268446276245
111240.0,0.012010000000000002,0.861481197984506,29.019785990093812
111300.0,0.012010000000000002,0.861525148110351,29.018305565234414
111360.0,0.012010000000000002,0.8615690425310025,29.01682716751096
111420.0,0.012010000000000002,0.8616128813527533,29.015350792747423
111480.0,0.012010000000000002,0.8616566646816196,29.013876436779434
111540.0,0.012010000000000002,0.8617003926233746,29.01240409545317
111600.0,0.012010000000000002,0.8617440652835215,29.010933764626248
111660.0,0.012010000000000002,0.8617876827673103,29.009465440167126
111720.0,0.012010000000000002,0.8618312451797273,29.007999117955478
111780.0,0.012010000000000002,0.8618747526255085,29.006534793881706
111840.0,0.012010000000000002,0.861918205209128,29.00507246384734
111900.0,0.012010000000000002,0.8619616030348053,29.003612123764775
111960.0,0.012010000000000002,0.8620049462065063,29.00215376955723
112020.0,0.012010000000000002,0.8620482348279402,29.000697397158817
112080.0,0.012010000000000002,0.8620914690025636,28.999243002514454
112140.0,0.012010000000000002,0.8621346488335795,28.997790581579824
112200.0,0.012010000000000002,0.8621777744239404,28.99634013032129
112260.0,0.012010000000000002,0.8622208458763408,28.99489164471614
112320.0,0.012010000000000002,0.8622638632932332,28.993445120752042
112380.0,0.012010000000000002,0.8623068267768141,28.992000554427484
112440.0,0.012010000000000002,0.8623497364290298,28.99055794175159
112500.0,0.012010000000000002,0.8623925923515849,28.989117278743812
112560.0,0.012010000000000002,0.8624353946459242,28.987678561434546
112620.0,0.012010000000000002,0.8624781434132538,28.986241785864394
112680.0,0.012010000000000002,0.8625208387545311,28.984806948084493
112740.0,0.012010000000000002,0.8625634807704656,28.983374044156502
112800.0,0.012010000000000002,0.8626060695615241,28.981943070152386
112860.0,0.012010000000000002,0.8626486052279219,28.98051402215472
112920.0,0.012010000000000002,0.8626910878696444,28.979086896255946
112980.0,0.012010000000000002,0.8627335175864171,28.97766168855939
113040.0,0.012010000000000002,0.8627758944777346,28.97623839517826
113100.0,0.012010000000000002,0.8628182186428414,28.974817012236276
113160.0,0.012010000000000002,0.8628604901807493,28.9733975358671
113220.0,0.012010000000000002,0.8629027091902193,28.97197996221492
113280.0,0.012010000000000002,0.8629448757697862,28.97056428743361
113340.0,0.012010000000000002,0.8629869900177294,28.96915050768772
113400.0,0.012010000000000002,0.8630290520321019,28.96773861915147
113460.0,0.012010000000000002,0.8630710619107156,28.966328618009257
113520.0,0.012010000000000002,0.8631130197511407,28.96492050045565
113580.0,0.012010000000000002,0.8631549256507167,28.96351426269503
113640.0,0.012010000000000002,0.8631967797065473,28.96210990094172
113700.0,0.012010000000000002,0.8632385820154956,28.960707411420167
113760.0,0.012010000000000002,0.8632803326741963,28.959306790364526
113820.0,0.012010000000000002,0.8633220317790429,28.957908034019056
113880.0,0.012010000000000002,0.8633636794262048,28.956511138637552
113940.0,0.012010000000000002,0.8634052757116131,28.95511610048382
114000.0,0.012010000000000002,0.8634468207309685,28.953722915831392
114060.0,0.012010000000000002,0.8634883145797376,28.952331580963634
114120.0,0.012010000000000002,0.8635297573531661,28.95094209217333
114180.0,0.012010000000000002,0.863571149146258,28.94955444576333
114240.0,0.012010000000000002,0.8636124900537917,28.948168638046017
114300.0,0.012010000000000002,0.8636537801703239,28.946784665343177
114360.0,0.012010000000000002,0.8636950195901744,28.9454025239865
114420.0,0.012010000000000002,0.8637362084074403,28.944022210317065
114480.0,0.012010000000000002,0.8637773467159927,28.94264372068549
114540.0,0.012010000000000002,0.8638184346094732,28.941267051452012
114600.0,0.012010000000000002,0.8638594721813029,28.939892198986172
114660.0,0.012010000000000002,0.8639004595246735,28.938519159667127
114720.0,0.012010000000000002,0.8639413967325563,28.937147929883324
114780.0,0.012010000000000002,0.8639822838976979,28.93577850603264
114840.0,0.012010000000000002,0.8640231211126225,28.934410884522308
114900.0,0.012010000000000002,0.8640639084696293,28.933045061768965
114960.0,0.012010000000000002,0.8641046460608031,28.931681034198334
115020.0,0.012010000000000002,0.8641453339779995,28.93031879824567
115080.0,0.012010000000000002,0.8641859723128616,28.928958350355217
115140.0,0.012010000000000002,0.864226561156806,28.92759968698067
115200.0,0.012010000000000002,0.8642671006010368,28.926242804584675
115260.0,0.012010000000000002,0.8643075907365351,28.924887699639207
115320.0,0.012010000000000002,0.8643480316540644,28.923534368625347
115380.0,0.012010000000000002,0.8643884234441754,28.92218280803314
115440.0,0.012010000000000002,0.8644287661971974,28.920833014361865
115500.0,0.012010000000000002,0.8644690600032499,28.919484984119634
115560.0,0.012010000000000002,0.8645093049522317,28.918138713823758
115620.0,0.012010000000000002,0.8645495011338254,28.91679420000058
115680.0,0.012010000000000002,0.8645896486375084,28.91545143918512
115740.0,0.012010000000000002,0.8646297475525364,28.914110427921585
115800.0,0.012010000000000002,0.8646697979679564,28.912771162762954
115860.0,0.012010000000000002,0.8647097999726033,28.911433640271078
115920.0,0.012010000000000002,0.8647497536550983,28.910097857016726
115980.0,0.012010000000000002,0.8647896591038533,28.908763809579423
116040.0,0.012010000000000002,0.8648295164070688,28.907431494547517
116100.0,0.012010000000000002,0.8648693256527386,28.906100908518027
116160.0,0.012010000000000002,0.8649090869286415,28.904772048096888
116220.0,0.012010000000000002,0.8649488003223547,28.90344490989853
116280.0,0.012010000000000002,0.8649884659212406,28.902119490546266
116340.0,0.012010000000000002,0.8650280838124641,28.90079578667175
116400.0,0.012010000000000002,0.8650676540829688,28.89947379491575
116460.0,0.012010000000000002,0.8651071768195082,28.898153511927088
116520.0,0.012010000000000002,0.8651466521086167,28.896834934363614
116580.0,0.012010000000000002,0.8651860800366329,28.895518058891415
116640.0,0.012010000000000002,0.8652254606896851,28.894202882185297
116700.0,0.012010000000000002,0.8652647941537035,28.89288940092836
116760.0,0.012010000000000002,0.8653040805144091,28.89157761181238
116820.0,0.012010000000000002,0.8653433198573238,28.89026751153745
116880.0,0.012010000000000002,0.8653825122677654,28.888959096812133
116940.0,0.012010000000000002,0.8654216578308553,28.88765236435323
117000.0,0.012010000000000002,0.8654607566315057,28.886347310886165
117060.0,0.012010000000000002,0.8654998087544353,28.88504393314447
117120.0,0.012010000000000002,0.8655388142841594,28.883742227870112
117180.0,0.012010000000000002,0.865577773304996,28.882442191813272
117240.0,0.012010000000000002,0.8656166859010628,28.88114382173245
117300.0,0.012010000000000002,0.8656555521562808,28.879847114394334
117360.0,0.012010000000000002,0.8656943721543736,28.878552066573807
117420.0,0.012010000000000002,0.8657331459788641,28.877258675054065
117480.0,0.012010000000000002,0.8657718737130864,28.875966936626202
117540.0,0.012010000000000002,0.8658105554401707,28.87467684808972
117600.0,0.012010000000000002,0.8658491912430565,28.873388406252072
117660.0,0.012010000000000002,0.8658877812044884,28.872101607928787
117720.0,0.012010000000000002,0.8659263254070131,28.87081644994359
117780.0,0.012010000000000002,0.8659648239329891,28.869532929128045
117840.0,0.012010000000000002,0.8660032768645767,28.868251042321905
117900.0,0.012010000000000002,0.8660416842837482,28.866970786372736
117960.0,0.012010000000000002,0.8660800462722796,28.865692158136223
118020.0,0.012010000000000002,0.8661183629117585,28.86441515447588
118080.0,0.012010000000000002,0.8661566342835816,28.863139772263114
118140.0,0.012010000000000002,0.8661948604689516,28.861866008377355
118200.0,0.012010000000000002,0.8662330415488867,28.86059385970571
118260.0,0.012010000000000002,0.8662711776042112,28.859323323143272
118320.0,0.012010000000000002,0.8663092687155625,28.85805439559289
118380.0,0.012010000000000002,0.86634731496339,28.856787073965187
118440.0,0.012010000000000002,0.866385316427955,28.85552135517857
118500.0,0.012010000000000002,0.8664232731893315,28.85425723615919
118560.0,0.012010000000000002,0.8664611853274071,28.852994713840904
118620.0,0.012010000000000002,0.8664990529218829,28.851733785165273
118680.0,0.012010000000000002,0.8665368760522748,28.85047444708152
118740.0,0.012010000000000002,0.8665746547979137,28.84921669654651
118800.0,0.012010000000000002,0.8666123892379438,28.8479605305248
118860.0,0.012010000000000002,0.8666500794513295,28.846705945988415
118920.0,0.012010000000000002,0.8666877255168458,28.84545293991714
118980.0,0.012010000000000002,0.8667253275130943,28.844201509298003
119040.0,0.012010000000000002,0.8667628855184817,28.84295165112597
119100.0,0.012010000000000002,0.8668003996112392,28.841703362403297
119160.0,0.012010000000000002,0.8668378698694221,28.84045664013955
119220.0,0.012010000000000002,0.8668752963708922,28.83921148135217
119280.0,0.012010000000000002,0.86691267919334,28.837967883065726
119340.0,0.012010000000000002,0.8669500184142737,28.83672584231229
119400.0,0.012010000000000002,0.8669873141110221,28.835485356131315
119460.0,0.012010000000000002,0.8670245663607331,28.834246421569713
119520.0,0.012010000000000002,0.8670617752403791,28.833009035681624
119580.0,0.012010000000000002,0.8670989408267529,28.831773195528584
119640.0,0.012010000000000002,0.8671360631964702,28.83053889817942
119700.0,0.012010000000000002,0.867173142425969,28.82930614071026
119760.0,0.012010000000000002,0.8672101785915123,28.828074920204454
119820.0,0.012010000000000002,0.8672471717691863,28.82684523375261
119880.0,0.012010000000000002,0.8672841220349008,28.825617078452595
119940.0,0.012010000000000002,0.8673210294643924,28.824390451409396
120000.0,0.012010000000000002,0.8673578941332222,28.82316534973522
120060.0,0.012010000000000002,0.867394716116777,28.82194177054943
120120.0,0.012010000000000002,0.8674314954902703,28.82071971097851
120180.0,0.012010000000000002,0.867468232328743,28.81949916815604
120240.0,0.012010000000000002,0.8675049267070634,28.81828013922269
120300.0,0.012010000000000002,0.8675415786999273,28.817062621326205
120360.0,0.012010000000000002,0.8675781883818582,28.8158466116214
120420.0,0.012010000000000002,0.8676147558272094,28.814632107270082
120480.0,0.012010000000000002,0.8676512811101649,28.813419105441017
120540.0,0.012010000000000002,0.8676877643047348,28.812207603310075
120600.0,0.012010000000000002,0.8677242054847635,28.810997598059952
120660.0,0.012010000000000002,0.8677606047239232,28.809789086880375
120720.0,0.012010000000000002,0.8677969620957187,28.808582066967965
120780.0,0.012010000000000002,0.8678332776734872,28.807376535526192
120840.0,0.012010000000000002,0.8678695515303945,28.806172489765533
120900.0,0.012010000000000002,0.8679057837394436,28.80496992690317
120960.0,0.012010000000000002,0.8679419743734706,28.80376884416312
121020.0,0.012010000000000002,0.8679781235051373,28.80256923877648
121080.0,0.012010000000000002,0.8680142312069524,28.8013711079807
121140.0,0.012010000000000002,0.868050297551247,28.800174449020425
121200.0,0.012010000000000002,0.8680863226101937,28.798979259146815
121260.0,0.012010000000000002,0.8681223064557995,28.797785535617816
121320.0,0.012010000000000002,0.8681582491599069,28.796593275698086
121380.0,0.012010000000000002,0.8681941507941922,28.79540247665907
121440.0,0.012010000000000002,0.8682300114301733,28.794213135778715
121500.0,0.012010000000000002,0.868265831139201,28.793025250341774
121560.0,0.012010000000000002,0.8683016099924684,28.79183881763947
121620.0,0.012010000000000002,0.8683373480609994,28.790653834969895
121680.0,0.012010000000000002,0.868373045415664,28.789470299637472
121740.0,0.012010000000000002,0.8684087021271671,28.78828820895334
121800.0,0.012010000000000002,0.8684443182660536,28.78710756023518
121860.0,0.012010000000000002,0.8684798939027087,28.785928350807186
121920.0,0.012010000000000002,0.8685154291073588,28.78475057800004
121980.0,0.012010000000000002,0.8685509239500684,28.783574239151015
122040.0,0.012010000000000002,0.8685863785007459,28.78239933160376
122100.0,0.012010000000000002,0.86862179282914,28.78122585270844
122160.0,0.012010000000000002,0.8686571670048416,28.780053799821648
122220.0,0.012010000000000002,0.8686925010972849,28.77888317030637
122280.0,0.012010000000000002,0.8687277951757442,28.777713961532086
122340.0,0.012010000000000002,0.8687630493093436,28.776546170874447
122400.0,0.012010000000000002,0.8687982635670424,28.775379795715754
122460.0,0.012010000000000002,0.8688334380176508,28.774214833444418
122520.0,0.012010000000000002,0.8688685727298192,28.773051281455345
122580.0,0.012010000000000002,0.8689036677720471,28.771889137149593
122640.0,0.012010000000000002,0.8689387232126767,28.770728397934608
122700.0,0.012010000000000002,0.8689737391198975,28.76956906122407
122760.0,0.012010000000000002,0.8690087155617434,28.768411124437957
122820.0,0.012010000000000002,0.8690436526060982,28.767254585002387
122880.0,0.012010000000000002,0.8690785503206895,28.766099440349798
122940.0,0.012010000000000002,0.8691134087730942,28.76494568791877
123000.0,0.012010000000000002,0.8691482280307394,28.76379332515399
123060.0,0.012010000000000002,0.8691830081608949,28.76264234950649
123120.0,0.012010000000000002,0.8692177492306864,28.76149275843321
123180.0,0.012010000000000002,0.8692524513070826,28.76034454939742
123240.0,0.012010000000000002,0.8692871144569038,28.75919771986844
123300.0,0.012010000000000002,0.8693217387468236,28.758052267321546
123360.0,0.012010000000000002,0.8693563242433615,28.756908189238267
123420.0,0.012010000000000002,0.8693908710128915,28.75576548310604
123480.0,0.012010000000000002,0.8694253791216361,28.754624146418436
123540.0,0.012010000000000002,0.8694598486356709,28.753484176674995
123600.0,0.012010000000000002,0.8694942796209235,28.752345571381262
123660.0,0.012010000000000002,0.8695286721431763,28.75120832804868
123720.0,0.012010000000000002,0.8695630262680571,28.750072444194906
123780.0,0.012010000000000002,0.8695973420610564,28.748937917343234
123840.0,0.012010000000000002,0.8696316195875126,28.747804745023082
123900.0,0.012010000000000002,0.8696658589126197,28.74667292476971
123960.0,0.012010000000000002,0.8697000601014254,28.745542454124323
124020.0,0.012010000000000002,0.8697342232188362,28.744413330633858
124080.0,0.012010000000000002,0.869768348329607,28.743285551851343
124140.0,0.012010000000000002,0.8698024354983548,28.742159115335436
124200.0,0.012010000000000002,0.8698364847895482,28.741034018650762
124260.0,0.012009666666666668,0.8698222117223515,28.741505635383838
124320.0,0.012009333333333335,0.8698079000625224,28.741978542851797
124380.0,0.012009000000000002,0.8697935499827212,28.74245273547572
124440.0,0.012008666666666667,0.8697791615915648,28.742928209792666
124500.0,0.012008333333333334,0.8697647349788599,28.743404962961208
124560.0,0.012008000000000001,0.8697502702256132,28.743882992430688
124620.0,0.012007666666666668,0.8697357674078889,28.744362295813797
124680.0,0.012007333333333335,0.8697212265986427,28.744842870825956
124740.0,0.012007,0.8697066478686596,28.74532471525436
124800.0,0.012006666666666667,0.869692031287193,28.74580782693685
124860.0,0.012006333333333334,0.8696773769223569,28.74629220374897
124920.0,0.012006000000000001,0.8696626848413173,28.74677784359762
124980.0,0.012005666666666668,0.8696479551105016,28.74726474441417
125040.0,0.012005333333333335,0.8696331877957422,28.74775290414969
125100.0,0.012005000000000002,0.8696183829623272,28.74824232077328
125160.0,0.012004666666666667,0.869603540675095,28.748732992268952
125220.0,0.012004333333333334,0.8695886609984963,28.74922491663358
125280.0,0.012004,0.8695737439966115,28.74971809187631
125340.0,0.012003666666666668,0.8695587897332143,28.75021251601648
125400.0,0.012003333333333335,0.869543798271766,28.75070818708379
125460.0,0.012003,0.8695287696754709,28.751205103116487
125520.0,0.012002666666666667,0.8695137040072705,28.751703262161538
125580.0,0.012002333333333334,0.8694986013298756,28.75220266227358
125640.0,0.012002,0.8694834617057622,28.752703301515048
125700.0,0.012001666666666667,0.8694682851972021,28.753205177955177
125760.0,0.012001333333333334,0.8694530718662564,28.753708289670204
125820.0,0.012001000000000001,0.8694378217747969,28.754212634742657
125880.0,0.012000666666666666,0.8694225349844975,28.75471821126165
125940.0,0.012000333333333333,0.8694072115568567,28.75522501732213
126000.0,0.012,0.8693918515531929,28.755733051025036
126060.0,0.012,0.8694247550737904,28.75464478565277
126120.0,0.012,0.8694576229106175,28.753557782735164
126180.0,0.012,0.8694904550202653,28.75247204343068
126240.0,0.012,0.8695232514205484,28.751387566873298
126300.0,0.012,0.8695560121470066,28.75030435161147
126360.0,0.012,0.8695887372433213,28.74922239592519
126420.0,0.012,0.8696214267576221,28.748141697948196
126480.0,0.012,0.8696540807407316,28.74706225572603
126540.0,0.012,0.8696866992452765,28.745984067245445
126600.0,0.012,0.8697192823250464,28.744907130455655
126660.0,0.012,0.8697518300346706,28.74383144327898
126720.0,0.012,0.869784342429403,28.742757003618003
126780.0,0.012,0.8698168195649189,28.741683809362257
126840.0,0.012,0.869849261497212,28.740611858391663
126900.0,0.012,0.8698816682825155,28.739541148579114
126960.0,0.012,0.8699140399772202,28.738471677793196
127020.0,0.012,0.8699463766378355,28.73740344389947
127080.0,0.012,0.8699786783209466,28.736336444761893
127140.0,0.012,0.8700109450831813,28.735270678243896
127200.0,0.012,0.8700431769811889,28.734206142209104
127260.0,0.012,0.8700753740716162,28.733142834522106
127320.0,0.012,0.8701075364110941,28.732080753048912
127380.0,0.012,0.8701396640562222,28.73101989565744
127440.0,0.012,0.8701717570635557,28.729960260217972
127500.0,0.012,0.8702038154896016,28.72890184460325
127560.0,0.012,0.8702358393908034,28.727844646689
127620.0,0.012,0.870267828823541,28.726788664353926
127680.0,0.012,0.8702997838441179,28.725733895480122
127740.0,0.012,0.8703317045087628,28.72468033795302
127800.0,0.012,0.8703635908736216,28.723627989661676
127860.0,0.012,0.8703954429947544,28.722576848498814
127920.0,0.012,0.8704272609281333,28.721526912360943
127980.0,0.012,0.8704590447296361,28.720478179148543
128040.0,0.012,0.870490794455051,28.719430646765915
128100.0,0.012,0.8705225101600651,28.71838431312154
128160.0,0.012,0.8705541919002717,28.717339176127854
128220.0,0.012,0.8705858397311629,28.716295233701487
128280.0,0.012,0.8706174537081288,28.71525248376327
128340.0,0.012,0.8706490338864582,28.71421092423823
128400.0,0.012,0.8706805803213373,28.71317055305562
128460.0,0.012,0.8707120930678472,28.71213136814899
128520.0,0.012,0.8707435721809627,28.71109336745625
128580.0,0.012,0.8707750177155561,28.710056548919507
128640.0,0.012,0.8708064297263894,28.709020910485343
128700.0,0.012,0.8708378082681206,28.707986450104606
128760.0,0.012,0.8708691533952995,28.70695316573253
128820.0,0.012,0.8709004651623671,28.705921055328755
128880.0,0.012,0.8709317436236577,28.70489011685727
128940.0,0.012,0.8709629888333957,28.703860348286494
129000.0,0.012,0.8709942008456979,28.702831747589222
129060.0,0.012,0.871025379714572,28.701804312742645
129120.0,0.012,0.8710565254939161,28.700778041728377
129180.0,0.012,0.87108763823752,28.699752932532416
129240.0,0.012,0.8711187179990625,28.698728983145216
129300.0,0.012,0.8711497648321165,28.69770619156153
129360.0,0.012,0.871180778790142,28.69668455578062
129420.0,0.012,0.8712117599264906,28.69566407380612
129480.0,0.012,0.8712427082944061,28.694644743646016
129540.0,0.012,0.8712736239470211,28.69362656331274
129600.0,0.012,0.8713045069373587,28.692609530823123
129660.0,0.012,0.8713353573183346,28.69159364419832
129720.0,0.012,0.8713661751427546,28.690578901463887
129780.0,0.012,0.8713969604633137,28.68956530064981
129840.0,0.012,0.8714277133326018,28.688552839790322
129900.0,0.012,0.8714584338030951,28.687541516924167
129960.0,0.012,0.871489121927164,28.686531330094343
130020.0,0.012,0.8715197777570702,28.685522277348213
130080.0,0.012,0.8715504013449665,28.684514356737473
130140.0,0.012,0.8715809927428962,28.68350756631821
130200.0,0.012,0.8716115520027968,28.682501904150737
130260.0,0.012,0.8716420791764952,28.681497368299787
130320.0,0.012,0.871672574315713,28.680493956834297
130380.0,0.012,0.8717030374720633,28.67949166782754
130440.0,0.012,0.8717334686970492,28.678490499357174
130500.0,0.012,0.8717638680420702,28.677490449504994
130560.0,0.012,0.8717942355584166,28.67649151635715
130620.0,0.012,0.8718245712972726,28.675493698004022
130680.0,0.012,0.8718548753097152,28.67449699254027
130740.0,0.012,0.8718851476467155,28.67350139806476
130800.0,0.012,0.8719153883591366,28.672506912680674
130860.0,0.012,0.8719455974977383,28.671513534495308
130920.0,0.012,0.8719757751131713,28.67052126162028
130980.0,0.012,0.8720059212559852,28.66953009217127
131040.0,0.012,0.8720360359766184,28.668540024268353
131100.0,0.012,0.8720661193254085,28.667551056035624
131160.0,0.012,0.8720961713525849,28.66656318560147
131220.0,0.012,0.8721261921082755,28.66557641109834
131280.0,0.012,0.872156181642501,28.66459073066292
131340.0,0.012,0.8721861400051799,28.663606142435977
131400.0,0.012,0.8722160672461231,28.66262264456253
131460.0,0.012,0.8722459634150421,28.661640235191562
131520.0,0.012,0.8722758285615417,28.6606589124763
131580.0,0.012,0.8723056627351239,28.659678674574035
131640.0,0.012,0.8723354659851871,28.65869951964617
131700.0,0.012,0.8723652383610302,28.65772144585809
131760.0,0.012,0.8723949799118428,28.656744451379463
131820.0,0.012,0.872424690686717,28.655768534383864
131880.0,0.012,0.8724543707346432,28.6547936930489
131940.0,0.012,0.8724840201045054,28.653819925556366
132000.0,0.012,0.8725136388450895,28.652847230091986
132060.0,0.012,0.872543227005078,28.65187560484554
132120.0,0.012,0.8725727846330531,28.65090504801082
132180.0,0.012,0.8726023117774959,28.649935557785604
132240.0,0.012,0.8726318084867857,28.648967132371702
132300.0,0.012,0.8726612748092023,28.647999769974867
132360.0,0.012,0.8726907107929246,28.647033468804846
132420.0,0.012,0.8727201164860298,28.6460682270754
132480.0,0.012,0.872749491936499,28.64510404300412
132540.0,0.012,0.8727788371922094,28.64414091481268
132600.0,0.012,0.8728081523009423,28.643178840726563
132660.0,0.012,0.8728374373103773,28.642217818975272
132720.0,0.012,0.8728666922680967,28.64125784779215
132780.0,0.012,0.872895917221583,28.64029892541449
132840.0,0.012,0.8729251122182206,28.639341050083466
132900.0,0.012,0.8729542773052948,28.63838422004415
132960.0,0.012,0.8729834125299963,28.637428433545388
133020.0,0.012,0.8730125179394127,28.636473688840056
133080.0,0.012,0.873041593580538,28.635519984184754
133140.0,0.012,0.873070639500268,28.634567317839952
133200.0,0.012,0.8730996557454006,28.633615688069977
133260.0,0.012,0.8731286423626379,28.632665093142954
133320.0,0.012,0.8731575993985851,28.63171553133082
133380.0,0.012,0.8731865268997492,28.63076700090937
133440.0,0.012,0.8732154249125461,28.62981950015804
133500.0,0.012,0.8732442934832895,28.628873027360246
133560.0,0.012,0.8732731326582016,28.62792758080304
133620.0,0.012,0.8733019424834079,28.62698315877728
133680.0,0.012,0.873330723004939,28.62603975957756
133740.0,0.012,0.8733594742687305,28.62509738150223
133800.0,0.012,0.8733881963206219,28.624156022853402
133860.0,0.012,0.8734168892063613,28.623215681936827
133920.0,0.012,0.8734455529715994,28.622276357062052
133980.0,0.012,0.8734741876618944,28.62133804654229
134040.0,0.012,0.8735027933227115,28.62040074869442
134100.0,0.012,0.873531369999419,28.619464461839105
134160.0,0.012,0.8735599177372961,28.618529184300552
134220.0,0.012,0.8735884365815267,28.617594914406702
134280.0,0.012,0.8736169265772008,28.616661650489174
134340.0,0.012,0.8736453877693191,28.615729390883136
134400.0,0.012,0.8736738202027853,28.614798133927533
134460.0,0.012,0.8737022239224157,28.61386787796478
134520.0,0.012,0.8737305989729308,28.612938621341026
134580.0,0.012,0.8737589453989609,28.61201036240599
134640.0,0.012,0.8737872632450455,28.611083099512957
134700.0,0.012,0.8738155525556317,28.61015683101883
134760.0,0.012,0.8738438133750751,28.60923155528411
134820.0,0.012,0.8738720457476434,28.608307270672775
134880.0,0.012,0.8739002497175087,28.607383975552516
134940.0,0.012,0.8739284253287571,28.60646166829443
135000.0,0.012,0.8739565726253827,28.605540347273216
135060.0,0.012,0.8739846916512894,28.604620010867116
135120.0,0.012,0.8740127824502923,28.60370065745786
135180.0,0.012,0.8740408450661169,28.602782285430692
135240.0,0.012,0.874068879542398,28.601864893174405
135300.0,0.012,0.8740968859226822,28.600948479081257
135360.0,0.012,0.8741248642504296,28.60003304154692
135420.0,0.012,0.8741528145690073,28.59911857897067
135480.0,0.012,0.8741807369216962,28.598205089755197
135540.0,0.012,0.8742086313516898,28.597292572306603
135600.0,0.012,0.8742364979020919,28.596381025034507
135660.0,0.012,0.8742643366159213,28.595470446351868
135720.0,0.012,0.8742921475361048,28.594560834675228
135780.0,0.012,0.8743199307054854,28.593652188424432
135840.0,0.012,0.8743476861668198,28.592744506022704
135900.0,0.012,0.8743754139627729,28.59183778589684
135960.0,0.012,0.874403114135928,28.590932026476857
136020.0,0.012,0.8744307867287796,28.59002722619623
136080.0,0.012,0.8744584317837367,28.589123383491803
136140.0,0.012,0.8744860493431195,28.58822049680386
136200.0,0.012,0.8745136394491678,28.587318564575867
136260.0,0.012,0.8745412021440312,28.586417585254793
136320.0,0.012,0.8745687374697751,28.585517557290906
136380.0,0.012,0.8745962454683803,28.584618479137795
136440.0,0.012,0.8746237261817422,28.58372034925237
136500.0,0.012,0.8746511796516715,28.58282316609487
136560.0,0.012,0.8746786059198945,28.58192692812881
136620.0,0.012,0.8747060050280521,28.58103163382106
136680.0,0.012,0.8747333770177023,28.580137281641726
136740.0,0.012,0.8747607219303191,28.579243870064193
136800.0,0.012,0.8747880398072918,28.578351397565154
136860.0,0.012,0.874815330689927,28.577459862624536
136920.0,0.012,0.8748425946194466,28.576569263725563
136980.0,0.012,0.874869831636992,28.57567959935462
137040.0,0.012,0.8748970417836189,28.574790868001408
137100.0,0.012,0.8749242251003018,28.57390306815883
137160.0,0.012,0.874951381627933,28.573016198322982
137220.0,0.012,0.8749785114073201,28.572130256993248
137280.0,0.012,0.8750056144791919,28.571245242672113
137340.0,0.012,0.8750326908841929,28.57036115386534
137400.0,0.012,0.8750597406628865,28.56947798908184
137460.0,0.012,0.8750867638557555,28.568595746833697
137520.0,0.012,0.8751137605031996,28.567714425636204
137580.0,0.012,0.8751407306455389,28.566834024007772
137640.0,0.012,0.875167674323012,28.56595454046998
137700.0,0.012,0.8751945915757768,28.565075973547568
137760.0,0.012,0.8752214824439104,28.564198321768405
137820.0,0.012,0.8752483469674108,28.56332158366345
137880.0,0.012,0.8752751851861933,28.562445757766874
137940.0,0.012,0.8753019971400956,28.561570842615875
138000.0,0.012,0.8753287828688766,28.56069683675074
138060.0,0.012,0.8753555424122118,28.559823738714964
138120.0,0.012,0.8753822758096994,28.558951547055067
138180.0,0.012,0.8754089831008611,28.558080260320562
138240.0,0.012,0.8754356643251338,28.557209877064235
138300.0,0.012,0.8754623195218821,28.556340395841705
138360.0,0.012,0.8754889487303863,28.555471815211853
138420.0,0.012,0.875515551989853,28.554604133736444
138480.0,0.012,0.8755421293394068,28.553737349980413
138540.0,0.012,0.8755686808180967,28.552871462511646
138600.0,0.012,0.8755952064648928,28.55200646990109
138660.0,0.012,0.8756217063186884,28.551142370722683
138720.0,0.012,0.8756481804182984,28.55027916355341
138780.0,0.012,0.8756746288024613,28.54941684697321
138840.0,0.012,0.8757010515098379,28.548555419565055
138900.0,0.012,0.8757274485790127,28.547694879914875
138960.0,0.012,0.8757538200484921,28.546835226611634
139020.0,0.012,0.8757801659567094,28.54597645824714
139080.0,0.012,0.8758064863420162,28.54511857341635
139140.0,0.012,0.8758327812426936,28.54426157071699
139200.0,0.012,0.8758590506969433,28.543405448749848
139260.0,0.012,0.8758852947428916,28.542550206118634
139320.0,0.012,0.8759115134185901,28.541695841429966
139380.0,0.012,0.8759377067620148,28.540842353293392
139440.0,0.012,0.8759638748110663,28.53998974032139
139500.0,0.012,0.8759900176035701,28.53913800112933
139560.0,0.012,0.8760161351772769,28.538287134335512
139620.0,0.012,0.8760422275698624,28.537437138561117
139680.0,0.012,0.87606829481893,28.53658801243015
139740.0,0.012,0.8760943369620049,28.535739754569626
139800.0,0.012,0.8761203540365403,28.534892363609355
139860.0,0.012,0.8761463460799173,28.534045838181967
139920.0,0.012,0.8761723131294393,28.533200176923053
139980.0,0.012,0.8761982552223392,28.53235537847098
140040.0,0.012,0.8762241723957753,28.531511441466982
140100.0,0.012,0.8762500646868326,28.530668364555126
140160.0,0.012,0.8762759321325235,28.52982614638231
140220.0,0.012,0.8763017747697864,28.528984785598272
140280.0,0.012,0.8763275926354892,28.5281442808555
140340.0,0.012,0.8763533857664249,28.52730463080937
140400.0,0.012,0.8763791541993158,28.526465834117985
140460.0,0.012,0.8764048979708108,28.52562788944231
140520.0,0.012,0.8764306171174876,28.524790795446037
140580.0,0.012,0.8764563116758519,28.523954550795665
140640.0,0.012,0.8764819816823377,28.523119154160455
140700.0,0.012,0.8765076271733069,28.522284604212455
140760.0,0.012,0.8765332481850513,28.52145089962642
140820.0,0.012,0.8765588447537902,28.520618039079917
140880.0,0.012,0.8765844169156741,28.519786021253164
140940.0,0.012,0.8766099647067793,28.51895484482925
141000.0,0.012,0.8766354881631145,28.518124508493866
141060.0,0.012,0.876660987320616,28.51729501093551
141120.0,0.012,0.8766864622151527,28.51646635084529
141180.0,0.012,0.8767119128825185,28.515638526917176
141240.0,0.012,0.876737339358441,28.514811537847738
141300.0,0.012,0.876762741678579,28.513985382336188
141360.0,0.012,0.8767881198785175,28.513160059084573
141420.0,0.012,0.8768134739937747,28.512335566797525
141480.0,0.012,0.8768388040597999,28.511511904182353
141540.0,0.012,0.8768641101119722,28.510689069949045
141600.0,0.012,0.8768893921856015,28.509867062810272
141660.0,0.012,0.8769146503159309,28.509045881481295
141720.0,0.012,0.8769398845381315,28.50822552468012
141780.0,0.012,0.8769650948873094,28.507405991127293
141840.0,0.012,0.8769902813985004,28.506587279546046
141900.0,0.012,0.8770154441066722,28.505769388662245
141960.0,0.012,0.877040583046725,28.50495231720435
142020.0,0.012,0.8770656982534911,28.504136063903452
142080.0,0.012,0.8770907897617364,28.5033206274932
142140.0,0.012,0.8771158576061563,28.50250600670993
142200.0,0.012,0.8771409018213809,28.50169220029252
142260.0,0.012,0.8771659224419738,28.500879206982415
142320.0,0.012,0.8771909195024294,28.500067025523695
142380.0,0.012,0.8772158930371776,28.499255654662957
142440.0,0.012,0.8772408430805794,28.498445093149424
142500.0,0.012,0.8772657696669318,28.497635339734796
142560.0,0.012,0.8772906728304624,28.496826393173436
142620.0,0.012,0.8773155526053351,28.49601825222216
142680.0,0.012,0.8773404090256466,28.495210915640378
142740.0,0.012,0.8773652421254277,28.494404382190027
142800.0,0.012,0.8773900519386434,28.49359865063557
142860.0,0.012,0.8774148384991932,28.49279371974399
142920.0,0.012,0.8774396018409124,28.49198958828476
142980.0,0.012,0.8774643419975684,28.491186255029927
143040.0,0.012,0.8774890590028658,28.490383718753982
143100.0,0.012,0.877513752890444,28.489581978233915
143160.0,0.012,0.8775384236938749,28.488781032249285
143220.0,0.012,0.8775630714466703,28.487980879582004
143280.0,0.012,0.8775876961822735,28.48718151901658
143340.0,0.012,0.8776122979340651,28.486382949339944
143400.0,0.012,0.8776368767353614,28.485585169341494
143460.0,0.012,0.8776614326194145,28.48478817781309
143520.0,0.012,0.8776859656194127,28.483991973549053
143580.0,0.012,0.8777104757684806,28.48319655534613
143640.0,0.012,0.8777349630996789,28.48240192200354
143700.0,0.012,0.8777594276460048,28.481608072322924
143760.0,0.012,0.877783869440393,28.480815005108333
143820.0,0.012,0.8778082885157137,28.480022719166286
143880.0,0.012,0.8778326849047757,28.47923121330566
143940.0,0.012,0.8778570586403235,28.478440486337796
144000.0,0.012,0.8778814097550396,28.47765053707641
144060.0,0.012,0.8779057382815441,28.476861364337623
144120.0,0.012,0.8779300442523936,28.476072966939974
144180.0,0.012,0.8779543277000842,28.475285343704336
144240.0,0.012,0.8779785886570483,28.47449849345401
144300.0,0.012,0.878002827155657,28.473712415014656
144360.0,0.012,0.8780270432282193,28.472927107214314
144420.0,0.012,0.878051236906983,28.472142568883363
144480.0,0.012,0.8780754082241334,28.47135879885457
144540.0,0.012,0.878099557211797,28.470575795962983
144600.0,0.012,0.8781236839020341,28.469793559046142
144660.0,0.012,0.87814778832685,28.46901208694373
144720.0,0.012,0.8781718705181836,28.468231378497958
144780.0,0.012,0.8781959305079161,28.467451432553236
144840.0,0.012,0.8782199683278671,28.466672247956353
144900.0,0.012,0.8782439840097961,28.465893823556378
144960.0,0.012,0.8782679775854013,28.465116158204733
145020.0,0.012,0.8782919490863216,28.46433925075512
145080.0,0.012,0.8783158985441352,28.463563100063542
145140.0,0.012,0.878339825990361,28.46278770498829
145200.0,0.012,0.878363731456457,28.462013064389968
145260.0,0.012,0.8783876149738221,28.461239177131446
145320.0,0.012,0.8784114765737963,28.46046604207786
145380.0,0.012,0.8784353162876587,28.459693658096644
145440.0,0.012,0.8784591341466302,28.45892202405748
145500.0,0.012,0.8784829301818723,28.458151138832317
145560.0,0.012,0.8785067044244876,28.457381001295346
145620.0,0.012,0.8785304569055198,28.45661161032302
145680.0,0.012,0.8785541876559527,28.45584296479406
145740.0,0.012,0.8785778967067142,28.455075063589348
145800.0,0.012,0.8786015840886712,28.454307905592078
145860.0,0.012,0.8786252498326333,28.453541489687638
145920.0,0.012,0.878648893969352,28.45277581476364
145980.0,0.012,0.8786725165295206,28.452010879709903
146040.0,0.012,0.8786961175437742,28.45124668341848
146100.0,0.012,0.8787196970426899,28.450483224783625
146160.0,0.012,0.8787432550567894,28.449720502701734
146220.0,0.012,0.8787667916165331,28.4489585160715
146280.0,0.012,0.8787903067523272,28.448197263793723
146340.0,0.012,0.8788138004945192,28.447436744771416
146400.0,0.012,0.8788372728733992,28.446676957909787
146460.0,0.012,0.8788607239192024,28.44591790211615
146520.0,0.012,0.8788841536621044,28.44515957630008
146580.0,0.012,0.878907562132225,28.444401979373275
146640.0,0.012,0.8789309493596288,28.44364511024955
146700.0,0.012,0.8789543153743221,28.44288896784493
146760.0,0.012,0.8789776602062561,28.44213355107755
146820.0,0.012,0.8790009838853255,28.441378858867694
146880.0,0.012,0.8790242864413683,28.4406248901378
146940.0,0.012,0.8790475679041668,28.439871643812435
147000.0,0.012,0.8790708283034486,28.439119118818248
147060.0,0.012,0.8790940676688846,28.438367314084047
147120.0,0.012,0.8791172860300898,28.437616228540772
147180.0,0.012,0.8791404834166243,28.436865861121436
147240.0,0.012,0.8791636598579935,28.43611621076116
147300.0,0.012,0.8791868153836466,28.435367276397187
147360.0,0.012,0.8792099500229781,28.434619056968845
147420.0,0.012,0.8792330638053277,28.43387155141755
147480.0,0.012,0.8792561567599814,28.433124758686766
147540.0,0.012,0.8792792289161677,28.432378677722127
147600.0,0.012,0.8793022803030632,28.431633307471255
147660.0,0.012,0.8793253109497889,28.43088864688389
147720.0,0.012,0.8793483208854119,28.430144694911807
147780.0,0.012,0.8793713101389452,28.429401450508855
147840.0,0.012,0.8793942787393474,28.428658912630933
147900.0,0.012,0.8794172267155236,28.427917080235993
147960.0,0.012,0.8794401540963241,28.427175952284045
148020.0,0.012,0.8794630609105477,28.426435527737087
148080.0,0.012,0.8794859471869368,28.425695805559233
148140.0,0.012,0.8795088129541829,28.42495678471655
148200.0,0.012,0.8795316582409229,28.424218464177162
148260.0,0.012,0.8795544830757409,28.423480842911218
148320.0,0.012,0.8795772874871673,28.42274391989088
148380.0,0.012,0.8796000715036809,28.422007694090304
148440.0,0.012,0.879622835153706,28.42127216448568
148500.0,0.012,0.8796455784656158,28.42053733005516
148560.0,0.012,0.8796683014677296,28.419803189778936
148620.0,0.012,0.8796910041883151,28.419069742639152
148680.0,0.012,0.8797136866555885,28.41833698761993
148740.0,0.012,0.8797363488977106,28.417604923707454
148800.0,0.012,0.8797589909427946,28.416873549889754
148860.0,0.012,0.8797816128188976,28.41614286515696
148920.0,0.012,0.879804214554027,28.415412868501097
148980.0,0.012,0.8798267961761383,28.414683558916163
149040.0,0.012,0.8798493577131354,28.41395493539811
149100.0,0.012,0.8798718991928698,28.413226996944868
149160.0,0.012,0.8798944206431427,28.41249974255628
149220.0,0.012,0.879916922091703,28.411773171234174
149280.0,0.012,0.8799394035662503,28.411047281982253
149340.0,0.012,0.8799618650944304,28.410322073806235
149400.0,0.012,0.8799843067038408,28.409597545713694
149460.0,0.012,0.8800067284220265,28.40887369671417
149520.0,0.012,0.8800291302764822,28.40815052581913
149580.0,0.012,0.880051512294653,28.40742803204191
149640.0,0.012,0.880073874503932,28.406706214397804
149700.0,0.012,0.8800962169316627,28.405985071904006
149760.0,0.012,0.880118539605139,28.40526460357957
149820.0,0.012,0.8801408425516035,28.404544808445504
149880.0,0.012,0.8801631257982493,28.403825685524676
149940.0,0.012,0.8801853893722201,28.403107233841837
150000.0,0.012,0.880207633300609,28.402389452423648
150060.0,0.012,0.8802298576104597,28.401672340298635
150120.0,0.012,0.8802520623287673,28.400955896497173
150180.0,0.012,0.8802742474824758,28.400240120051553
150240.0,0.012,0.8802964130984806,28.39952500999592
150300.0,0.012,0.8803185592036283,28.398810565366254
150360.0,0.012,0.8803406858247159,28.398096785200423
150420.0,0.012,0.8803627929884922,28.397383668538104
150480.0,0.012,0.8803848807216555,28.396671214420884
150540.0,0.012,0.8804069490508569,28.395959421892147
150600.0,0.012,0.8804289980026978,28.39524828999714
150660.0,0.012,0.8804510276037318,28.394537817782922
150720.0,0.012,0.8804730378804642,28.39382800429839
150780.0,0.012,0.8804950288593502,28.393118848594302
150840.0,0.012,0.8805170005667992,28.392410349723182
150900.0,0.012,0.8805389530291706,28.39170250673941
150960.0,0.012,0.8805608862727767,28.390995318699176
151020.0,0.012,0.8805828003238823,28.39028878466044
151080.0,0.012,0.8806046952087028,28.38958290368304
151140.0,0.012,0.8806265709534082,28.388877674828514
151200.0,0.012,0.8806484275841184,28.38817309716031
151260.0,0.012,0.8806702651269078,28.38746916974358
151320.0,0.012,0.8806920836078029,28.386765891645286
151380.0,0.012,0.8807138830527814,28.386063261934233
151440.0,0.012,0.8807356634877767,28.385361279680897
151500.0,0.012,0.880757424938673,28.384659943957605
151560.0,0.012,0.880779167431308,28.383959253838448
151620.0,0.012,0.8808008909914727,28.38325920839927
151680.0,0.012,0.8808225956449119,28.382559806717662
151740.0,0.012,0.8808442814173226,28.38186104787301
151800.0,0.012,0.8808659483343572,28.381162930946395
151860.0,0.012,0.8808875964216185,28.380465455020744
151920.0,0.012,0.8809092257046662,28.379768619180638
151980.0,0.012,0.8809308362090121,28.37907242251244
152040.0,0.012,0.8809524279601222,28.378376864104254
152100.0,0.012,0.8809740009834167,28.377681943045893
152160.0,0.012,0.8809955553042698,28.376987658428924
152220.0,0.012,0.8810170909480092,28.376294009346644
152280.0,0.012,0.8810386079399182,28.375600994894036
152340.0,0.012,0.8810601063052336,28.374908614167836
152400.0,0.012,0.8810815860691468,28.374216866266472
152460.0,0.012,0.8811030472568039,28.3735257502901
152520.0,0.012,0.8811244898933059,28.37283526534056
152580.0,0.012,0.8811459140037082,28.372145410521405
152640.0,0.012,0.8811673196130214,28.37145618493789
152700.0,0.012,0.8811887067462109,28.37076758769696
152760.0,0.012,0.8812100754281978,28.37007961790722
152820.0,0.012,0.8812314256838574,28.36939227467902
152880.0,0.012,0.8812527575380205,28.36870555712435
152940.0,0.012,0.8812740710154742,28.36801946435688
153000.0,0.012,0.8812953661409605,28.367333995491958
153060.0,0.012,0.8813166429391769,28.3666491496466
153120.0,0.012,0.8813379014347766,28.3659649259395
153180.0,0.012,0.8813591416523692,28.365281323490994
153240.0,0.012,0.8813803636165184,28.364598341423115
153300.0,0.012,0.8814015673517465,28.363915978859488
153360.0,0.012,0.88142275288253,28.36323423492544
153420.0,0.012,0.8814439202333024,28.362553108747914
153480.0,0.012,0.881465069428453,28.36187259945552
153540.0,0.012,0.8814862004923276,28.3611927061785
153600.0,0.012,0.8815073134492286,28.36051342804872
153660.0,0.012,0.881528408323416,28.359834764199654
153720.0,0.012,0.8815494851391036,28.359156713766488
153780.0,0.012,0.8815705439204649,28.35847927588594
153840.0,0.012,0.8815915846916292,28.357802449696383
153900.0,0.012,0.8816126074766819,28.357126234337834
153960.0,0.012,0.8816336122996674,28.356450628951855
154020.0,0.012,0.8816545991845851,28.355775632681688
154080.0,0.012,0.8816755681553923,28.355101244672163
154140.0,0.012,0.8816965192360052,28.354427464069648
154200.0,0.012,0.8817174524502952,28.3537542900222
154260.0,0.012,0.881738367822092,28.353081721679416
154320.0,0.012,0.8817592653751845,28.352409758192465
154380.0,0.012,0.8817801451333163,28.351738398714176
154440.0,0.012,0.881801007120191,28.35106764239889
154500.0,0.012,0.8818218513594694,28.350397488402564
154560.0,0.012,0.8818426778747704,28.34972793588271
154620.0,0.012,0.8818634866896711,28.34905898399843
154680.0,0.012,0.8818842778277061,28.348390631910387
154740.0,0.012,0.8819050513123691,28.3477228787808
154800.0,0.012,0.8819258071671119,28.34705572377345
154860.0,0.012,0.8819465454153443,28.346389166053694
154920.0,0.012,0.881967266080435,28.345723204788435
154980.0,0.012,0.8819879691857118,28.34505783914609
155040.0,0.012,0.8820086547544597,28.344393068296696
155100.0,0.012,0.8820293228099246,28.343728891411747
155160.0,0.012,0.8820499733753094,28.343065307664354
155220.0,0.012,0.882070606473777,28.34240231622912
155280.0,0.012,0.8820912221284488,28.341739916282194
155340.0,0.012,0.8821118203624063,28.341078107001234
155400.0,0.012,0.8821324011986899,28.34041688756544
155460.0,0.012,0.8821529646602977,28.33975625715556
155520.0,0.012,0.8821735107701903,28.33909621495379
155580.0,0.012,0.8821940395512853,28.338436760143917
155640.0,0.012,0.8822145510264602,28.337777891911212
155700.0,0.012,0.8822350452185536,28.337119609442425
155760.0,0.012,0.8822555221503625,28.33646191192585
155820.0,0.012,0.8822759818446446,28.335804798551255
155880.0,0.012,0.8822964243241169,28.335148268509926
155940.0,0.012,0.8823168496114578,28.3344923209946
156000.0,0.012,0.882337257729303,28.3338369551996
156060.0,0.012,0.8823576487002518,28.333182170320622
156120.0,0.012,0.8823780225468615,28.332527965554917
156180.0,0.012,0.8823983792916499,28.331874340101223
156240.0,0.012,0.8824187189570971,28.331221293159683
156300.0,0.012,0.8824390415656417,28.330568823931998
156360.0,0.012,0.8824593471396848,28.329916931621263
156420.0,0.012,0.8824796357015858,28.32926561543212
156480.0,0.012,0.8824999072736672,28.32861487457062
156540.0,0.012,0.8825201618782113,28.327964708244284
156600.0,0.012,0.8825403995374616,28.327315115662095
156660.0,0.012,0.8825606202736225,28.3266660960345
156720.0,0.012,0.8825808241088603,28.326017648573362
156780.0,0.012,0.8826010110653015,28.325369772492035
156840.0,0.012,0.8826211811650346,28.324722467005287
156900.0,0.012,0.8826413344301092,28.32407573132934
156960.0,0.012,0.8826614708825361,28.32342956468186
157020.0,0.012,0.882681590544289,28.322783966281907
157080.0,0.012,0.8827016934373012,28.322138935350036
157140.0,0.012,0.8827217795834695,28.321494471108174
157200.0,0.012,0.8827418490046517,28.320850572779698
157260.0,0.012,0.8827619017226683,28.32020723958938
157320.0,0.012,0.8827819377592998,28.319564470763474
157380.0,0.012,0.8828019571362916,28.318922265529558
157440.0,0.012,0.8828219598753486,28.318280623116706
157500.0,0.012,0.8828419459981396,28.317639542755348
157560.0,0.012,0.8828619155262952,28.31699902367733
157620.0,0.012,0.8828818684814088,28.316359065115893
157680.0,0.012,0.8829018048850347,28.31571966630573
157740.0,0.012,0.882921724758692,28.31508082648284
157800.0,0.012,0.8829416281238609,28.314442544884685
157860.0,0.012,0.8829615150019846,28.313804820750097
157920.0,0.012,0.8829813854144699,28.313167653319265
157980.0,0.012,0.8830012393826853,28.312531041833807
158040.0,0.012,0.883021076927963,28.31189498553669
158100.0,0.012,0.8830408980715979,28.311259483672266
158160.0,0.012,0.883060702834848,28.31062453548627
158220.0,0.012,0.8830804912389354,28.309990140225782
158280.0,0.012,0.8831002633050434,28.309356297139296
158340.0,0.012,0.8831200190543214,28.3087230054766
158400.0,0.012,0.8831397585078794,28.308090264488925
158460.0,0.012,0.8831594816867931,28.30745807342879
158520.0,0.012,0.8831791886121008,28.306826431550117
158580.0,0.012,0.8831988793048043,28.306195338108154
158640.0,0.012,0.8832185537858701,28.3055647923595
158700.0,0.012,0.8832382120762269,28.30493479356213
158760.0,0.012,0.8832578541967694,28.304305340975297
158820.0,0.012,0.8832774801683545,28.30367643385966
158880.0,0.012,0.8832970900118037,28.303048071477196
158940.0,0.012,0.8833166837479032,28.30242025309119
159000.0,0.012,0.8833362613974022,28.301792977966297
159060.0,0.012,0.8833558229810153,28.301166245368474
159120.0,0.012,0.8833753685194206,28.300540054565023
159180.0,0.012,0.8833948980332621,28.299914404824516
159240.0,0.012,0.8834144115431463,28.299289295416923
159300.0,0.012,0.8834339090696457,28.29866472561347
159360.0,0.012,0.8834533906332964,28.298040694686737
159420.0,0.012,0.8834728562546008,28.297417201910562
159480.0,0.012,0.8834923059540244,28.296794246560154
159540.0,0.012,0.8835117397519987,28.296171827911973
159600.0,0.012,0.8835311576689193,28.29554994524382
159660.0,0.012,0.8835505597251481,28.294928597834758
159720.0,0.012,0.8835699459410103,28.294307784965188
159780.0,0.012,0.883589316336798,28.293687505916765
159840.0,0.012,0.8836086709327673,28.29306775997247
159900.0,0.012,0.8836280097491406,28.292448546416527
159960.0,0.012,0.8836473328061053,28.29182986453447
160020.0,0.012,0.8836666401238139,28.291211713613126
160080.0,0.012,0.8836859317223851,28.29059409294058
160140.0,0.012,0.8837052076219027,28.289977001806196
160200.0,0.012,0.8837244678424162,28.289360439500634
160260.0,0.012,0.883743712403941,28.2887444053158
160320.0,0.012,0.8837629413264588,28.288128898544855
160380.0,0.012,0.8837821546299166,28.28751391848225
160440.0,0.012,0.8838013523342274,28.2868994644237
160500.0,0.012,0.8838205344592706,28.28628553566616
160560.0,0.012,0.8838397010248913,28.28567213150785
160620.0,0.012,0.8838588520509012,28.28505925124825
160680.0,0.012,0.8838779875570785,28.284446894188058
160740.0,0.012,0.8838971075631662,28.28383505962929
160800.0,0.012,0.883916212088876,28.283223746875116
160860.0,0.012,0.8839353011538842,28.282612955230025
160920.0,0.012,0.8839543747778351,28.28200268399969
160980.0,0.012,0.8839734329803378,28.281392932491077
161040.0,0.012,0.8839924757809698,28.280783700012336
161100.0,0.012,0.8840115031992751,28.280174985872854
161160.0,0.012,0.8840305152547635,28.27956678938328
161220.0,0.012,0.884049511966912,28.278959109855485
161280.0,0.012,0.8840684933551666,28.278351946602484
161340.0,0.012,0.884087459438937,28.277745298938633
161400.0,0.012,0.8841064102376023,28.277139166179428
161460.0,0.012,0.884125345770508,28.2765335476416
161520.0,0.012,0.8841442660569674,28.275928442643085
161580.0,0.012,0.8841631711162602,28.27532385050305
161640.0,0.012,0.8841820609676342,28.274719770541843
161700.0,0.012,0.8842009356303042,28.27411620208104
161760.0,0.012,0.8842197951234534,28.27351314444339
161820.0,0.012,0.8842386394662312,28.272910596952876
161880.0,0.012,0.8842574686777556,28.272308558934654
161940.0,0.012,0.8842762827771127,28.27170702971506
162000.0,0.012,0.8842950817833548,28.27110600862168
162060.0,0.012,0.8843138657155041,28.270505494983208
162120.0,0.012,0.884332634592549,28.26990548812959
162180.0,0.012,0.8843513884334466,28.26930598739193
162240.0,0.012,0.8843701272571222,28.268706992102516
162300.0,0.012,0.884388851082469,28.2681085015948
162360.0,0.012,0.8844075599283485,28.26751051520343
162420.0,0.012,0.8844262538135912,28.266913032264192
162480.0,0.012,0.8844449327569932,28.26631605211413
162540.0,0.012,0.8844635967773227,28.26571957409134
162600.0,0.012,0.8844822458933141,28.265123597535148
162660.0,0.012,0.8845008801236702,28.26452812178606
162720.0,0.012,0.8845194994870638,28.263933146185693
162780.0,0.012,0.8845381040021353,28.26333867007684
162840.0,0.012,0.8845566936874937,28.262744692803473
162900.0,0.012,0.8845752685617174,28.262151213710688
162960.0,0.012,0.8845938286433533,28.261558232144743
163020.0,0.012,0.8846123739509176,28.260965747453035
163080.0,0.012,0.8846309045028946,28.26037375898413
163140.0,0.012,0.8846494203177385,28.25978226608771
163200.0,0.012,0.8846679214138726,28.2591912681146
163260.0,0.012,0.8846864078096887,28.258600764416776
163320.0,0.012,0.8847048795235483,28.258010754347346
163380.0,0.012,0.8847233365737825,28.25742123726053
163440.0,0.012,0.8847417789786908,28.25683221251173
163500.0,0.012,0.8847602067565432,28.256243679457405
163560.0,0.012,0.884778619925578,28.25565563745521
163620.0,0.012,0.8847970185040044,28.255068085863872
163680.0,0.012,0.8848154025100003,28.254481024043255
163740.0,0.012,0.8848337719617135,28.253894451354352
163800.0,0.012,0.8848521268772618,28.253308367159253
163860.0,0.012,0.8848704672747323,28.252722770821173
163920.0,0.012,0.884888793172182,28.252137661704445
163980.0,0.012,0.8849071045876388,28.251553039174485
164040.0,0.012,0.8849254015390992,28.250968902597844
164100.0,0.012,0.8849436840445306,28.250385251342156
164160.0,0.012,0.88496195212187,28.249802084776178
164220.0,0.012,0.8849802057890256,28.24921940226973
164280.0,0.012,0.8849984450638745,28.248637203193766
164340.0,0.012,0.8850166699642651,28.24805548692031
164400.0,0.012,0.8850348805080155,28.247474252822492
164460.0,0.012,0.8850530767129144,28.24689350027453
164520.0,0.012,0.8850712585967211,28.24631322865173
164580.0,0.012,0.8850894261771658,28.245733437330458
164640.0,0.012,0.8851075794719484,28.2451541256882
164700.0,0.012,0.8851257184987403,28.244575293103495
164760.0,0.012,0.8851438432751829,28.24399693895598
164820.0,0.012,0.8851619538188895,28.24341906262634
164880.0,0.012,0.8851800501474428,28.242841663496364
164940.0,0.012,0.8851981322783975,28.242264740948894
165000.0,0.012,0.8852162002292784,28.24168829436785
165060.0,0.012,0.8852342540175824,28.241112323138204
165120.0,0.012,0.8852522936607763,28.240536826646007
165180.0,0.012,0.8852703191762991,28.239961804278362
165240.0,0.012,0.8852883305815601,28.239387255423438
165300.0,0.012,0.8853063278939404,28.23881317947046
165360.0,0.012,0.8853243111307927,28.23823957580969
165420.0,0.012,0.8853422803094401,28.237666443832474
165480.0,0.012,0.8853602354471776,28.237093782931197
165540.0,0.012,0.8853781765612722,28.23652159249928
165600.0,0.012,0.885396103668962,28.235949871931187
165660.0,0.012,0.8854140167874567,28.23537862062245
165720.0,0.012,0.8854319159339371,28.234807837969637
165780.0,0.012,0.8854498011255576,28.234237523370314
165840.0,0.012,0.8854676723794417,28.23366767622316
165900.0,0.012,0.8854855297126867,28.233098295927824
165960.0,0.012,0.8855033731423619,28.232529381884987
166020.0,0.012,0.8855212026855069,28.231960933496424
166080.0,0.012,0.8855390183591353,28.231392950164857
166140.0,0.012,0.8855568201802303,28.23082543129412
166200.0,0.012,0.8855746081657504,28.230258376288972
166260.0,0.012,0.8855923823326233,28.229691784555285
166320.0,0.012,0.8856101426977512,28.22912565549988
166380.0,0.012,0.8856278892780064,28.22855998853067
166440.0,0.012,0.885645622090236,28.227994783056488
166500.0,0.012,0.8856633411512574,28.227430038487267
166560.0,0.012,0.885681046477862,28.22686575423389
166620.0,0.012,0.8856987380868128,28.22630192970829
166680.0,0.012,0.8857164159948453,28.225738564323386
166740.0,0.012,0.8857340802186685,28.225175657493097
166800.0,0.012,0.8857517307749632,28.22461320863236
166860.0,0.012,0.8857693676803833,28.224051217157104
166920.0,0.012,0.8857869909515556,28.223489682484253
166980.0,0.012,0.8858046006050795,28.22292860403173
167040.0,0.012,0.8858221966575277,28.222367981218447
167100.0,0.012,0.8858397791254451,28.221807813464327
167160.0,0.012,0.8858573480253509,28.22124810019024
167220.0,0.012,0.8858749033737355,28.22068884081811
167280.0,0.012,0.8858924451870647,28.22013003477077
167340.0,0.012,0.8859099734817756,28.219571681472086
167400.0,0.012,0.8859274882742791,28.2190137803469
167460.0,0.012,0.8859449895809602,28.21845633082101
167520.0,0.012,0.8859624774181759,28.21789933232122
167580.0,0.012,0.8859799518022574,28.217342784275292
167640.0,0.012,0.8859974127495096,28.216786686111952
167700.0,0.012,0.88601486027621,28.216231037260926
167760.0,0.012,0.8860322943986106,28.215675837152872
167820.0,0.012,0.8860497151329364,28.215121085219447
167880.0,0.012,0.886067122495386,28.214566780893264
167940.0,0.012,0.8860845165021322,28.214012923607886
168000.0,0.012,0.8861018971693211,28.213459512797844
168060.0,0.012,0.8861192645130733,28.212906547898626
168120.0,0.012,0.8861366185494823,28.212354028346688
168180.0,0.012,0.8861539592946164,28.211801953579425
168240.0,0.012,0.8861712867645172,28.211250323035195
168300.0,0.012,0.8861886009752012,28.210699136153288
168360.0,0.012,0.8862059019426575,28.210148392373988
168420.0,0.012,0.8862231896828514,28.209598091138457
168480.0,0.012,0.8862404642117205,28.20904823188886
168540.0,0.012,0.8862577255451775,28.208498814068292
168600.0,0.012,0.8862749736991096,28.207949837120754
168660.0,0.012,0.8862922086893781,28.20740130049122
168720.0,0.012,0.8863094305318178,28.206853203625617
168780.0,0.012,0.8863266392422396,28.20630554597075
168840.0,0.012,0.8863438348364281,28.205758326974397
168900.0,0.012,0.8863610173301415,28.205211546085277
168960.0,0.012,0.8863781867391148,28.204665202752984
169020.0,0.012,0.8863953430790553,28.20411929642811
169080.0,0.012,0.8864124863656468,28.20357382656211
169140.0,0.012,0.8864296166145467,28.2030287926074
169200.0,0.012,0.8864467338413876,28.202484194017305
169260.0,0.012,0.886463838061777,28.20194003024607
169320.0,0.012,0.8864809292912977,28.201396300748844
169380.0,0.012,0.8864980075455066,28.200853004981713
169440.0,0.012,0.886515072839936,28.200310142401666
169500.0,0.012,0.8865321251900931,28.199767712466617
169560.0,0.012,0.8865491646114614,28.19922571463534
169620.0,0.012,0.8865661911194973,28.19868414836759
169680.0,0.012,0.8865832047296343,28.198143013123975
169740.0,0.012,0.8866002054572801,28.197602308366033
169800.0,0.012,0.8866171933178183,28.197062033556186
169860.0,0.012,0.8866341683266081,28.19652218815775
169920.0,0.012,0.8866511304989827,28.195982771634988
169980.0,0.012,0.8866680798502522,28.195443783452998
170040.0,0.012,0.8866850163957016,28.194905223077807
170100.0,0.012,0.8867019401505913,28.194367089976335
170160.0,0.012,0.8867188511301582,28.193829383616364
170220.0,0.012,0.8867357493496131,28.193292103466618
170280.0,0.012,0.8867526348241441,28.19275524899665
170340.0,0.012,0.8867695075689149,28.19221881967692
170400.0,0.012,0.8867863675990638,28.1916828149788
170460.0,0.012,0.8868032149297058,28.191147234374508
170520.0,0.012,0.8868200495759322,28.190612077337146
170580.0,0.012,0.8868368715528091,28.19007734334071
170640.0,0.012,0.8868536808753794,28.18954303186006
170700.0,0.012,0.8868704775586621,28.18900914237093
170760.0,0.012,0.8868872616176517,28.18847567434993
170820.0,0.012,0.886904033067319,28.187942627274552
170880.0,0.012,0.886920791922611,28.18741000062314
170940.0,0.012,0.8869375381984513,28.186877793874903
171000.0,0.012,0.8869542719097393,28.186346006509925
171060.0,0.012,0.8869709930713509,28.18581463800916
171120.0,0.012,0.8869877016981379,28.18528368785441
171180.0,0.012,0.8870043978049292,28.184753155528348
171240.0,0.012,0.8870210814065299,28.184223040514492
171300.0,0.012,0.887037752517722,28.183693342297207
171360.0,0.012,0.8870544111532626,28.18316406036177
171420.0,0.012,0.8870710573278867,28.182635194194244
171480.0,0.012,0.8870876910563064,28.182106743281558
171540.0,0.012,0.8871043123532082,28.181578707111544
171600.0,0.012,0.8871209212332583,28.181051085172793
171660.0,0.012,0.8871375177110971,28.18052387695482
171720.0,0.012,0.8871541018013431,28.179997081947946
171780.0,0.012,0.8871706735185922,28.17947069964332
171840.0,0.012,0.8871872328774155,28.178944729532983
171900.0,0.012,0.8872037798923622,28.17841917110978
171960.0,0.012,0.887220314577959,28.17789402386737
172020.0,0.012,0.8872368369487087,28.17736928730029
172080.0,0.012,0.8872533470190906,28.176844960903917
172140.0,0.012,0.8872698448035631,28.176321044174415
172200.0,0.012,0.8872863303165599,28.175797536608812
172260.0,0.012,0.8873028035724927,28.17527443770496
172320.0,0.012,0.8873192645857509,28.174751746961523
172380.0,0.012,0.8873357133707004,28.17422946387801
172440.0,0.012,0.8873521499416853,28.173707587954727
172500.0,0.012,0.8873685743130258,28.173186118692843
172560.0,0.012,0.8873849864990211,28.17266505559431
172620.0,0.012,0.8874013865139466,28.17214439816192
172680.0,0.012,0.8874177743720563,28.17162414589926
172740.0,0.012,0.8874341500875812,28.171104298310745
172800.0,0.012,0.887450513674729,28.170584854901637
172860.0,0.012,0.8874668651476876,28.170065815177935
172920.0,0.012,0.8874832045206198,28.16954717864652
172980.0,0.012,0.887499531807668,28.169028944815043
173040.0,0.012,0.887515847022952,28.16851111319196
173100.0,0.012,0.8875321501805683,28.167993683286575
173160.0,0.012,0.8875484412945935,28.167476654608922
173220.0,0.012,0.8875647203790799,28.166960026669912
173280.0,0.012,0.8875809874480589,28.166443798981213
173340.0,0.012,0.8875972425155403,28.16592797105529
173400.0,0.012,0.8876134855955105,28.165412542405438
173460.0,0.012,0.8876297167019354,28.164897512545718
173520.0,0.012,0.8876459358487583,28.164382880990996
173580.0,0.012,0.8876621430499011,28.163868647256923
173640.0,0.012,0.8876783383192635,28.163354810859957
173700.0,0.012,0.8876945216707243,28.162841371317306
173760.0,0.012,0.887710693118139,28.16232832814703
173820.0,0.012,0.8877268526753428,28.161815680867925
173880.0,0.012,0.8877430003561497,28.161303428999563
173940.0,0.012,0.8877591361743508,28.16079157206234
174000.0,0.012,0.8877752601437157,28.160280109577425
174060.0,0.012,0.8877913722779938,28.159769041066735
174120.0,0.012,0.8878074725909121,28.15925836605299
174180.0,0.012,0.8878235610961766,28.158748084059678
174240.0,0.012,0.8878396378074715,28.158238194611066
174300.0,0.012,0.88785570273846,28.1577286972322
174360.0,0.012,0.8878717559027844,28.15721959144888
174420.0,0.012,0.8878877973140649,28.156710876787695
174480.0,0.012,0.8879038269859012,28.156202552775987
174540.0,0.012,0.8879198449318715,28.155694618941876
174600.0,0.012,0.8879358511655329,28.15518707481425
174660.0,0.012,0.8879518457004215,28.15467991992275
174720.0,0.012,0.887967828550053,28.154173153797768
174780.0,0.012,0.8879837997279207,28.153666775970496
174840.0,0.012,0.887999759247498,28.153160785972858
174900.0,0.012,0.8880157071222377,28.152655183337522
174960.0,0.012,0.8880316433655704,28.152149967597953
175020.0,0.012,0.8880475679909073,28.151645138288327
175080.0,0.012,0.8880634810116376,28.151140694943617
175140.0,0.012,0.888079382441131,28.1506366370995
175200.0,0.012,0.8880952722927352,28.150132964292446
175260.0,0.012,0.8881111505797785,28.149629676059636
175320.0,0.012,0.8881270173155674,28.149126771939034
175380.0,0.012,0.8881428725133885,28.14862425146933
175440.0,0.012,0.8881587161865078,28.148122114189956
175500.0,0.012,0.8881745483481708,28.14762035964109
175560.0,0.012,0.8881903690116019,28.147118987363665
175620.0,0.012,0.8882061781900061,28.14661799689933
175680.0,0.012,0.8882219758965675,28.146117387790486
175740.0,0.012,0.8882377621444495,28.145617159580276
175800.0,0.012,0.8882535369467957,28.145117311812566
175860.0,0.012,0.8882693003167295,28.144617844031952
175920.0,0.012,0.8882850522673535,28.14411875578378
175980.0,0.012,0.8883007928117508,28.143620046614114
176040.0,0.012,0.8883165219629837,28.143121716069754
176100.0,0.012,0.8883322397340948,28.142623763698218
176160.0,0.012,0.8883479461381063,28.142126189047772
176220.0,0.012,0.8883636411880209,28.14162899166737
176280.0,0.012,0.8883793248968207,28.14113217110673
176340.0,0.012,0.8883949972774683,28.140635726916262
176400.0,0.012,0.8884106583429057,28.140139658647122
176460.0,0.012,0.8884263081060558,28.139643965851164
176520.0,0.012,0.8884419465798216,28.13914864808096
176580.0,0.012,0.8884575737770853,28.138653704889816
176640.0,0.012,0.8884731897107104,28.138159135831746
176700.0,0.012,0.8884887943935404,28.137664940461466
176760.0,0.012,0.8885043878383992,28.137171118334408
176820.0,0.012,0.8885199700580905,28.136677669006726
176880.0,0.012,0.8885355410653984,28.136184592035285
176940.0,0.012,0.8885511008730884,28.135691886977636
177000.0,0.012,0.8885666494939054,28.135199553392052
177060.0,0.012,0.8885821869405753,28.13470759083751
177120.0,0.012,0.8885977132258045,28.134215998873685
177180.0,0.012,0.8886132283622799,28.13372477706096
177240.0,0.012,0.8886287323626678,28.133233924960443
177300.0,0.012,0.8886442252396183,28.132743442133865
177360.0,0.012,0.8886597070057586,28.132253328143747
177420.0,0.012,0.8886751776736987,28.13176358255325
177480.0,0.012,0.8886906372560289,28.131274204926253
177540.0,0.012,0.8887060857653201,28.130785194827315
177600.0,0.012,0.8887215232141245,28.130296551821683
177660.0,0.012,0.8887369496149742,28.129808275475327
177720.0,0.012,0.8887523649803832,28.12932036535487
177780.0,0.012,0.8887677693228456,28.12883282102766
177840.0,0.012,0.8887831626548374,28.12834564206169
177900.0,0.012,0.8887985449888143,28.12785882802568
177960.0,0.012,0.8888139163372147,28.127372378488992
178020.0,0.012,0.888829276712457,28.126886293021702
178080.0,0.012,0.8888446261269403,28.126400571194573
178140.0,0.012,0.8888599645930461,28.125915212579017
178200.0,0.012,0.8888752921231359,28.125430216747155
178260.0,0.012,0.8888906087295531,28.12494558327177
178320.0,0.012,0.8889059144246224,28.12446131172632
178380.0,0.012,0.8889212092206494,28.123977401684947
178440.0,0.012,0.8889364931299212,28.12349385272246
178500.0,0.012,0.8889517661647064,28.12301066441434
178560.0,0.012,0.8889670283372546,28.122527836336747
178620.0,0.012,0.8889822796597969,28.122045368066512
178680.0,0.012,0.8889975201445468,28.1215632591811
178740.0,0.012,0.889012749803698,28.121081509258694
178800.0,0.012,0.8890279686494261,28.120600117878123
178860.0,0.012,0.8890431766938889,28.120119084618857
178920.0,0.012,0.8890583739492249,28.119638409061064
178980.0,0.012,0.8890735604275548,28.119158090785557
179040.0,0.012,0.8890887361409813,28.118678129373798
179100.0,0.012,0.8891039011015878,28.11819852440793
179160.0,0.012,0.8891190553214402,28.117719275470748
179220.0,0.012,0.8891341988125859,28.117240382145695
179280.0,0.012,0.8891493315870541,28.116761844016885
179340.0,0.012,0.8891644536568563,28.116283660669062
179400.0,0.012,0.8891795650339849,28.11580583168765
179460.0,0.012,0.8891946657304152,28.115328356658704
179520.0,0.012,0.8892097557581041,28.114851235168935
179580.0,0.012,0.8892248351289902,28.11437446680571
179640.0,0.012,0.8892399038549946,28.113898051157033
179700.0,0.012,0.88925496194802,28.113421987811563
179760.0,0.012,0.8892700094199513,28.112946276358603
179820.0,0.012,0.889285046282656,28.112470916388084
179880.0,0.012,0.8893000725479828,28.111995907490616
179940.0,0.012,0.8893150882277635,28.111521249257407
180000.0,0.012,0.8893300933338116,28.111046941280335
180060.0,0.012,0.889345087877923,28.110572983151908
180120.0,0.012,0.8893600718718758,28.110099374465264
180180.0,0.012,0.8893750453274305,28.109626114814198
180240.0,0.012,0.8893900082563301,28.10915320379311
180300.0,0.012,0.8894049606702996,28.108680640997058
180360.0,0.012,0.8894199025810462,28.108208426021744
180420.0,0.012,0.8894348340002608,28.10773655846345
180480.0,0.012,0.8894497549396156,28.107265037919134
180540.0,0.012,0.8894646654107653,28.106793863986383
180600.0,0.012,0.889479565425348,28.10632303626338
180660.0,0.012,0.8894944549949836,28.105852554348964
180720.0,0.012,0.8895093341312752,28.105382417842577
180780.0,0.012,0.8895242028458076,28.104912626344316
180840.0,0.012,0.8895390611501492,28.10444317945487
180900.0,0.012,0.8895539090558513,28.10397407677555
180960.0,0.012,0.8895687465744467,28.10350531790832
181020.0,0.012,0.889583573717452,28.103036902455727
181080.0,0.012,0.8895983904963662,28.102568830020964
181140.0,0.012,0.8896131969226716,28.102101100207815
181200.0,0.012,0.8896279930078325,28.101633712620703
181260.0,0.012,0.8896427787632972,28.10116666686464
181320.0,0.012,0.8896575542004959,28.10069996254528
181380.0,0.012,0.889672319330842,28.100233599268883
181440.0,0.012,0.8896870741657327,28.09976757664229
181500.0,0.012,0.8897018187165472,28.09930189427299
181560.0,0.012,0.8897165529946482,28.098836551769065
181620.0,0.012,0.8897312770113819,28.09837154873919
181680.0,0.012,0.8897459907780767,28.097906884792675
181740.0,0.012,0.8897606943060445,28.09744255953942
181800.0,0.012,0.8897753876065809,28.096978572589926
181860.0,0.012,0.8897900706909647,28.096514923555283
181920.0,0.012,0.8898047435704566,28.09605161204723
181980.0,0.012,0.8898194062563022,28.09558863767806
182040.0,0.012,0.8898340587597292,28.09512600006069
182100.0,0.012,0.88984870109195,28.094663698808606
182160.0,0.012,0.889863333264159,28.094201733535932
182220.0,0.012,0.8898779552875347,28.09374010385736
182280.0,0.012,0.8898925671732386,28.093278809388188
182340.0,0.012,0.8899071689324165,28.092817849744293
182400.0,0.012,0.8899217605761968,28.09235722454216
182460.0,0.012,0.8899363421156916,28.091896933398864
182520.0,0.012,0.8899509135619967,28.09143697593207
182580.0,0.012,0.8899654749261919,28.09097735176001
182640.0,0.012,0.88998002621934,28.090518060501534
182700.0,0.012,0.8899945674524875,28.090059101776067
182760.0,0.012,0.8900090986366648,28.089600475203614
182820.0,0.012,0.890023619782886,28.089142180404767
182880.0,0.012,0.8900381309021484,28.088684217000722
182940.0,0.012,0.890052632005434,28.08822658461322
183000.0,0.012,0.8900671231037081,28.087769282864606
183060.0,0.012,0.8900816042079198,28.08731231137779
183120.0,0.012,0.8900960753290013,28.08685566977631
183180.0,0.012,0.8901105364778704,28.0863993576842
183240.0,0.012,0.8901249876654277,28.085943374726135
183300.0,0.012,0.8901394289025575,28.085487720527343
183360.0,0.012,0.8901538602001287,28.08503239471363
183420.0,0.012,0.8901682815689939,28.084577396911367
183480.0,0.012,0.8901826930199899,28.08412272674751
183540.0,0.012,0.8901970945639373,28.08366838384958
183600.0,0.012,0.8902114862116411,28.08321436784566
183660.0,0.012,0.8902258679738901,28.082760678364423
183720.0,0.012,0.8902402398614574,28.08230731503509
183780.0,0.012,0.8902546018851007,28.081854277487448
183840.0,0.012,0.890268954055561,28.081401565351868
183900.0,0.012,0.8902832963835637,28.08094917825928
183931.56,0.012,0.8902908365015613,28.080711352976124
