time_s,r_0.0_cm,r_0.1_cm,r_0.2_cm,r_0.3_cm,r_0.4_cm,r_0.5_cm,r_0.6_cm,r_0.7_cm,r_0.8_cm,r_0.9_cm,r_1.0_cm,r_1.1_cm,r_1.2_cm,r_1.3_cm,r_1.4_cm,r_1.5_cm,r_1.6_cm,r_1.7_cm,r_1.8_cm,r_1.9_cm,r_2.0_cm
0,2.5499999999999998,2.5499999999999998,2.5499999999999998,2.5499999999999998,2.5499999999999998,2.5499999999999998,2.5499999999999998,2.5499999999999998,2.5499999999999998,2.5499999999999998,2.5499999999999998,2.5499999999999998,2.5499999999999998,2.5499999999999998,2.5499999999999998,2.5499999999999998,2.5499999999999998,2.5499999999999998,2.5499999999999998,2.5499999999999998,2.5499999999999998
1,2.5499999999999998,2.5499999999999998,2.5499999999999998,2.5499999999999998,2.5499999999999998,2.5499999999999998,2.5499999999999998,2.5499999999999998,2.5499999999999998,2.5499999999999998,2.5499999999999998,2.5499999999999998,2.5499999999999998,2.5499999999999998,2.5499999999999998,2.5499999999999998,2.5499999999999998,2.5499999999999998,2.5499999999999998,2.5499999999999998,2.5177272895766891
2,2.5499999999999998,2.5499999999999998,2.5499999999999998,2.5499999999999998,2.5499999999999998,2.5499999999999998,2.5499999999999998,2.5499999999999998,2.5499999999999998,2.5499999999999998,2.5499999999999998,2.5499999999999998,2.5499999999999998,2.5499999999999998,2.5499999999999998,2.5499999999999998,2.5499999999999998,2.5499999999999998,2.5499999999999998,2.5499999999999909,2.5044933315089715
3,2.5499999999999998,2.5499999999999998,2.5499999999999998,2.5499999999999998,2.5499999999999998,2.5499999999999998,2.5499999999999998,2.5499999999999998,2.5499999999999998,2.5499999999999998,2.5499999999999998,2.5499999999999998,2.5499999999999998,2.5499999999999998,2.5499999999999998,2.5499999999999998,2.5499999999999998,2.5499999999999998,2.5499999999999998,2.5499999999260168,2.4943917849337516
4,2.5499999999999998,2.5499999999999998,2.5499999999999998,2.5499999999999998,2.5499999999999998,2.5499999999999998,2.5499999999999998,2.5499999999999998,2.5499999999999998,2.5499999999999998,2.5499999999999998,2.5499999999999998,2.5499999999999998,2.5499999999999998,2.5499999999999998,2.5499999999999998,2.5499999999999998,2.5499999999999998,2.5499999999999998,2.5499999924816517,2.4859114451121527
5,2.5499999999999998,2.5499999999999998,2.5499999999999998,2.5499999999999998,2.5499999999999998,2.5499999999999998,2.5499999999999998,2.5499999999999998,2.5499999999999998,2.5499999999999998,2.5499999999999998,2.5499999999999998,2.5499999999999998,2.5499999999999998,2.5499999999999998,2.5499999999999998,2.5499999999999998,2.5499999999999998,2.5499999999999998,2.5499998712533265,2.4784670088899698
6,2.5499999999999998,2.5499999999999998,2.5499999999999998,2.5499999999999998,2.5499999999999998,2.5499999999999998,2.5499999999999998,2.5499999999999998,2.5499999999999998,2.5499999999999998,2.5499999999999998,2.5499999999999998,2.5499999999999998,2.5499999999999998,2.5499999999999998,2.5499999999999998,2.5499999999999998,2.5499999999999998,2.5499999999999998,2.5499991066104966,2.4717583153022527
7,2.5499999999999998,2.5499999999999998,2.5499999999999998,2.5499999999999998,2.5499999999999998,2.5499999999999998,2.5499999999999998,2.5499999999999998,2.5499999999999998,2.5499999999999998,2.5499999999999998,2.5499999999999998,2.5499999999999998,2.5499999999999998,2.5499999999999998,2.5499999999999998,2.5499999999999998,2.5499999999999998,2.5499999999999989,2.5499963263140022,2.4656070642830747
8,2.5499999999999998,2.5499999999999998,2.5499999999999998,2.5499999999999998,2.5499999999999998,2.5499999999999998,2.5499999999999998,2.5499999999999998,2.5499999999999998,2.5499999999999998,2.5499999999999998,2.5499999999999998,2.5499999999999998,2.5499999999999998,2.5499999999999998,2.5499999999999998,2.5499999999999998,2.5499999999999998,2.5499999999999812,2.5499891540535624,2.45989708904454
9,2.5499999999999998,2.5499999999999998,2.5499999999999998,2.5499999999999998,2.5499999999999998,2.5499999999999998,2.5499999999999998,2.5499999999999998,2.5499999999999998,2.5499999999999998,2.5499999999999998,2.5499999999999998,2.5499999999999998,2.5499999999999998,2.5499999999999998,2.5499999999999998,2.5499999999999998,2.5499999999999998,2.5499999999996388,2.5499743976425457,2.4545477035746703
10,2.5499999999999998,2.5499999999999998,2.5499999999999998,2.5499999999999998,2.5499999999999998,2.5499999999999998,2.5499999999999998,2.5499999999999998,2.5499999999999998,2.5499999999999998,2.5499999999999998,2.5499999999999998,2.5499999999999998,2.5499999999999998,2.5499999999999998,2.5499999999999998,2.5499999999999998,2.5499999999999998,2.5499999999960199,2.5499484245285355,2.4495001634894593
11,2.5499999999999998,2.5499999999999998,2.5499999999999998,2.5499999999999998,2.5499999999999998,2.5499999999999998,2.5499999999999998,2.5499999999999998,2.5499999999999998,2.5499999999999998,2.5499999999999998,2.5499999999999998,2.5499999999999998,2.5499999999999998,2.5499999999999998,2.5499999999999998,2.5499999999999998,2.5499999999999998,2.5499999999712895,2.5499075450074216,2.444710123446955
12,2.5499999999999998,2.5499999999999998,2.5499999999999998,2.5499999999999998,2.5499999999999998,2.5499999999999998,2.5499999999999998,2.5499999999999998,2.5499999999999998,2.5499999999999998,2.5499999999999998,2.5499999999999998,2.5499999999999998,2.5499999999999998,2.5499999999999998,2.5499999999999998,2.5499999999999998,2.5499999999999998,2.5499999998494269,2.5498483077454037,2.4401431330060106
13,2.5499999999999998,2.5499999999999998,2.5499999999999998,2.5499999999999998,2.5499999999999998,2.5499999999999998,2.5499999999999998,2.5499999999999998,2.5499999999999998,2.5499999999999998,2.5499999999999998,2.5499999999999998,2.5499999999999998,2.5499999999999998,2.5499999999999998,2.5499999999999998,2.5499999999999998,2.5499999999999998,2.549999999382659,2.5497676853271733,2.4357717966965269
14,2.5499999999999998,2.5499999999999998,2.5499999999999998,2.5499999999999998,2.5499999999999998,2.5499999999999998,2.5499999999999998,2.5499999999999998,2.5499999999999998,2.5499999999999998,2.5499999999999998,2.5499999999999998,2.5499999999999998,2.5499999999999998,2.5499999999999998,2.5499999999999998,2.5499999999999998,2.5499999999999998,2.5499999979155765,2.5496631646859367,2.4315739033067563
15,2.5499999999999998,2.5499999999999998,2.5499999999999998,2.5499999999999998,2.5499999999999998,2.5499999999999998,2.5499999999999998,2.5499999999999998,2.5499999999999998,2.5499999999999998,2.5499999999999998,2.5499999999999998,2.5499999999999998,2.5499999999999998,2.5499999999999998,2.5499999999999998,2.5499999999999998,2.5499999999999998,2.5499999939778757,2.5495327685862894,2.4275311483882298
16,2.5499999999999998,2.5499999999999998,2.5499999999999998,2.5499999999999998,2.5499999999999998,2.5499999999999998,2.5499999999999998,2.5499999999999998,2.5499999999999998,2.5499999999999998,2.5499999999999998,2.5499999999999998,2.5499999999999998,2.5499999999999998,2.5499999999999998,2.5499999999999998,2.5499999999999998,2.5499999999999989,2.5499999846780534,2.5493750330665534,2.4236282350339673
17,2.5499999999999998,2.5499999999999998,2.5499999999999998,2.5499999999999998,2.5499999999999998,2.5499999999999998,2.5499999999999998,2.5499999999999998,2.5499999999999998,2.5499999999999998,2.5499999999999998,2.5499999999999998,2.5499999999999998,2.5499999999999998,2.5499999999999998,2.5499999999999998,2.5499999999999998,2.549999999999994,2.5499999649036642,2.5491889601763669,2.4198522245008429
18,2.5499999999999998,2.5499999999999998,2.5499999999999998,2.5499999999999998,2.5499999999999998,2.5499999999999998,2.5499999999999998,2.5499999999999998,2.5499999999999998,2.5499999999999998,2.5499999999999998,2.5499999999999998,2.5499999999999998,2.5499999999999998,2.5499999999999998,2.5499999999999998,2.5499999999999998,2.5499999999999718,2.5499999263682165,2.5489739594645373,2.4161920566774926
19,2.5499999999999998,2.5499999999999998,2.5499999999999998,2.5499999999999998,2.5499999999999998,2.5499999999999998,2.5499999999999998,2.5499999999999998,2.5499999999999998,2.5499999999999998,2.5499999999999998,2.5499999999999998,2.5499999999999998,2.5499999999999998,2.5499999999999998,2.5499999999999998,2.5499999999999998,2.5499999999998844,2.5499998565706639,2.5487297868091217,2.4126381890563802
20,2.5499999999999998,2.5499999999999998,2.5499999999999998,2.5499999999999998,2.5499999999999998,2.5499999999999998,2.5499999999999998,2.5499999999999998,2.5499999999999998,2.5499999999999998,2.5499999999999998,2.5499999999999998,2.5499999999999998,2.5499999999999998,2.5499999999999998,2.5499999999999998,2.5499999999999998,2.5499999999995886,2.5499997377460564,2.5484564856638583,2.4091823203529312
21,2.5499999999999998,2.5499999999999998,2.5499999999999998,2.5499999999999998,2.5499999999999998,2.5499999999999998,2.5499999999999998,2.5499999999999998,2.5499999999999998,2.5499999999999998,2.5499999999999998,2.5499999999999998,2.5499999999999998,2.5499999999999998,2.5499999999999998,2.5499999999999998,2.5499999999999998,2.549999999998696,2.5499995458852265,2.5481543334022994,2.4058171755723472
22,2.5499999999999998,2.5499999999999998,2.5499999999999998,2.5499999999999998,2.5499999999999998,2.5499999999999998,2.5499999999999998,2.5499999999999998,2.5499999999999998,2.5499999999999998,2.5499999999999998,2.5499999999999998,2.5499999999999998,2.5499999999999998,2.5499999999999998,2.5499999999999998,2.5499999999999998,2.5499999999962659,2.549999249890436,2.5478237939367419,2.4025363367721226
23,2.5499999999999998,2.5499999999999998,2.5499999999999998,2.5499999999999998,2.5499999999999998,2.5499999999999998,2.5499999999999998,2.5499999999999998,2.5499999999999998,2.5499999999999998,2.5499999999999998,2.5499999999999998,2.5499999999999998,2.5499999999999998,2.5499999999999998,2.5499999999999998,2.5499999999999998,2.5499999999902134,2.5499988109160099,2.5474654768307765,2.3993341080121153
24,2.5499999999999998,2.5499999999999998,2.5499999999999998,2.5499999999999998,2.5499999999999998,2.5499999999999998,2.5499999999999998,2.5499999999999998,2.5499999999999998,2.5499999999999998,2.5499999999999998,2.5499999999999998,2.5499999999999998,2.5499999999999998,2.5499999999999998,2.5499999999999998,2.5499999999999998,2.5499999999762686,2.5499981819247211,2.547080102655809,2.3962054065710925
25,2.5499999999999998,2.5499999999999998,2.5499999999999998,2.5499999999999998,2.5499999999999998,2.5499999999999998,2.5499999999999998,2.5499999999999998,2.5499999999999998,2.5499999999999998,2.5499999999999998,2.5499999999999998,2.5499999999999998,2.5499999999999998,2.5499999999999998,2.5499999999999998,2.5499999999999998,2.5499999999462699,2.5499973074702273,2.5466684740098433,2.3931456743005564
26,2.5499999999999998,2.5499999999999998,2.5499999999999998,2.5499999999999998,2.5499999999999998,2.5499999999999998,2.5499999999999998,2.5499999999999998,2.5499999999999998,2.5499999999999998,2.5499999999999998,2.5499999999999998,2.5499999999999998,2.5499999999999998,2.5499999999999998,2.5499999999999998,2.5499999999999998,2.5499999998855185,2.5499961237022299,2.5462314515752973,2.3901508048561908
27,2.5499999999999998,2.5499999999999998,2.5499999999999998,2.5499999999999998,2.5499999999999998,2.5499999999999998,2.5499999999999998,2.5499999999999998,2.5499999999999998,2.5499999999999998,2.5499999999999998,2.5499999999999998,2.5499999999999998,2.5499999999999998,2.5499999999999998,2.5499999999999998,2.5499999999999994,2.5499999997689211,2.5499945585768513,2.5457699345171116,2.3872170833846194
28,2.5499999999999998,2.5499999999999998,2.5499999999999998,2.5499999999999998,2.5499999999999998,2.5499999999999998,2.5499999999999998,2.5499999999999998,2.5499999999999998,2.5499999999999998,2.5499999999999998,2.5499999999999998,2.5499999999999998,2.5499999999999998,2.5499999999999998,2.5499999999999998,2.5499999999999998,2.5499999995556042,2.5499925322474515,2.5452848445873135,2.3843411361817415
29,2.5499999999999998,2.5499999999999998,2.5499999999999998,2.5499999999999998,2.5499999999999998,2.5499999999999998,2.5499999999999998,2.5499999999999998,2.5499999999999998,2.5499999999999998,2.5499999999999998,2.5499999999999998,2.5499999999999998,2.5499999999999998,2.5499999999999998,2.5499999999999998,2.5499999999999972,2.5499999991817037,2.5499899576071545,2.5447771133719614,2.3815198884157245
30,2.5499999999999998,2.5499999999999998,2.5499999999999998,2.5499999999999998,2.5499999999999998,2.5499999999999998,2.5499999999999998,2.5499999999999998,2.5499999999999998,2.5499999999999998,2.5499999999999998,2.5499999999999998,2.5499999999999998,2.5499999999999998,2.5499999999999998,2.5499999999999998,2.5499999999999932,2.5499999985510891,2.5499867409492398,2.5442476721223906,2.3787505282962442
31,2.5499999999999998,2.5499999999999998,2.5499999999999998,2.5499999999999998,2.5499999999999998,2.5499999999999998,2.5499999999999998,2.5499999999999998,2.5499999999999998,2.5499999999999998,2.5499999999999998,2.5499999999999998,2.5499999999999998,2.5499999999999998,2.5499999999999998,2.5499999999999998,2.5499999999999834,2.5499999975238059,2.5499827827167101,2.5436974437795596,2.3760304766404823
32,2.5499999999999998,2.5499999999999998,2.5499999999999998,2.5499999999999998,2.5499999999999998,2.5499999999999998,2.5499999999999998,2.5499999999999998,2.5499999999999998,2.5499999999999998,2.5499999999999998,2.5499999999999998,2.5499999999999998,2.5499999999999998,2.5499999999999998,2.5499999999999998,2.5499999999999607,2.5499999959021005,2.5499779783096619,2.5431273367722498,2.3733573607967635
33,2.5499999999999998,2.5499999999999998,2.5499999999999998,2.5499999999999998,2.5499999999999998,2.5499999999999998,2.5499999999999998,2.5499999999999998,2.5499999999999998,2.5499999999999998,2.5499999999999998,2.5499999999999998,2.5499999999999998,2.5499999999999998,2.5499999999999998,2.5499999999999998,2.5499999999999137,2.5499999934140143,2.5499722189246179,2.5425382402753192,2.3707289921968075
34,2.5499999999999998,2.5499999999999998,2.5499999999999998,2.5499999999999998,2.5499999999999998,2.5499999999999998,2.5499999999999998,2.5499999999999998,2.5499999999999998,2.5499999999999998,2.5499999999999998,2.5499999999999998,2.5499999999999998,2.5499999999999998,2.5499999999999998,2.5499999999999998,2.5499999999998129,2.5499999896945349,2.5499653924033723,2.541931020679761,2.3681433469837705
35,2.5499999999999998,2.5499999999999998,2.5499999999999998,2.5499999999999998,2.5499999999999998,2.5499999999999998,2.5499999999999998,2.5499999999999998,2.5499999999999998,2.5499999999999998,2.5499999999999998,2.5499999999999998,2.5499999999999998,2.5499999999999998,2.5499999999999998,2.5499999999999998,2.5499999999996179,2.5499999842644852,2.5499573840711056,2.5413065190232254,2.3655985491626006
36,2.5499999999999998,2.5499999999999998,2.5499999999999998,2.5499999999999998,2.5499999999999998,2.5499999999999998,2.5499999999999998,2.5499999999999998,2.5499999999999998,2.5499999999999998,2.5499999999999998,2.5499999999999998,2.5499999999999998,2.5499999999999998,2.5499999999999998,2.5499999999999998,2.5499999999992418,2.5499999765073551,2.54994807754905,2.5406655492049945,2.3630928558967783
37,2.5499999999999998,2.5499999999999998,2.5499999999999998,2.5499999999999998,2.5499999999999998,2.5499999999999998,2.5499999999999998,2.5499999999999998,2.5499999999999998,2.5499999999999998,2.5499999999999998,2.5499999999999998,2.5499999999999998,2.5499999999999998,2.5499999999999998,2.5499999999999998,2.5499999999985525,2.5499999656443335,2.5499373555289591,2.540008896843633,2.3606246446578316
38,2.5499999999999998,2.5499999999999998,2.5499999999999998,2.5499999999999998,2.5499999999999998,2.5499999999999998,2.5499999999999998,2.5499999999999998,2.5499999999999998,2.5499999999999998,2.5499999999999998,2.5499999999999998,2.5499999999999998,2.5499999999999998,2.5499999999999998,2.5499999999999998,2.5499999999973251,2.5499999507079107,2.549925100500384,2.5393373186324557,2.3581924019111158
39,2.5499999999999998,2.5499999999999998,2.5499999999999998,2.5499999999999998,2.5499999999999998,2.5499999999999998,2.5499999999999998,2.5499999999999998,2.5499999999999998,2.5499999999999998,2.5499999999999998,2.5499999999999998,2.5499999999999998,2.5499999999999998,2.5499999999999998,2.5499999999999998,2.5499999999952041,2.5499999305144714,2.5499111954250941,2.5386515420947164,2.3557947131256918
40,2.5499999999999998,2.5499999999999998,2.5499999999999998,2.5499999999999998,2.5499999999999998,2.5499999999999998,2.5499999999999998,2.5499999999999998,2.5499999999999998,2.5499999999999998,2.5499999999999998,2.5499999999999998,2.5499999999999998,2.5499999999999998,2.5499999999999998,2.5499999999999998,2.5499999999916452,2.54999990363623,2.5498955243534551,2.5379522656620419,2.3534302539504739
41,2.5499999999999998,2.5499999999999998,2.5499999999999998,2.5499999999999998,2.5499999999999998,2.5499999999999998,2.5499999999999998,2.5499999999999998,2.5499999999999998,2.5499999999999998,2.5499999999999998,2.5499999999999998,2.5499999999999998,2.5499999999999998,2.5499999999999998,2.5499999999999998,2.5499999999858201,2.5499998683729932,2.5498779729815433,2.5372401589956137,2.3510977823681722
42,2.5499999999999998,2.5499999999999998,2.5499999999999998,2.5499999999999998,2.5499999999999998,2.5499999999999998,2.5499999999999998,2.5499999999999998,2.5499999999999998,2.5499999999999998,2.5499999999999998,2.5499999999999998,2.5499999999999998,2.5499999999999998,2.5499999999999998,2.5499999999999994,2.5499999999765155,2.5499998227241925,2.5498584291486859,2.5365158634955791,2.3487961317000154
43,2.5499999999999998,2.5499999999999998,2.5499999999999998,2.5499999999999998,2.5499999999999998,2.5499999999999998,2.5499999999999998,2.5499999999999998,2.5499999999999998,2.5499999999999998,2.5499999999999998,2.5499999999999998,2.5499999999999998,2.5499999999999998,2.5499999999999998,2.5499999999999994,2.5499999999619787,2.5499997643615395,2.54983678327583,2.5357799929560634,2.3465242043613364
44,2.5499999999999998,2.5499999999999998,2.5499999999999998,2.5499999999999998,2.5499999999999998,2.5499999999999998,2.5499999999999998,2.5499999999999998,2.5499999999999998,2.5499999999999998,2.5499999999999998,2.5499999999999998,2.5499999999999998,2.5499999999999998,2.5499999999999998,2.5499999999999998,2.5499999999397334,2.5499996906027755,2.5498129287468578,2.535033134326393,2.3442809662659649
45,2.5499999999999998,2.5499999999999998,2.5499999999999998,2.5499999999999998,2.5499999999999998,2.5499999999999998,2.5499999999999998,2.5499999999999998,2.5499999999999998,2.5499999999999998,2.5499999999999998,2.5499999999999998,2.5499999999999998,2.5499999999999998,2.5499999999999998,2.5499999999999972,2.5499999999063432,2.5499995983868464,2.5497867622337487,2.5342758485488237,2.3420654418117222
46,2.5499999999999998,2.5499999999999998,2.5499999999999998,2.5499999999999998,2.5499999999999998,2.5499999999999998,2.5499999999999998,2.5499999999999998,2.5499999999999998,2.5499999999999998,2.5499999999999998,2.5499999999999998,2.5499999999999998,2.5499999999999998,2.5499999999999998,2.5499999999999949,2.5499999998571257,2.5499994842507778,2.5497581839727537,2.5335086714442303,2.3398767093390438
47,2.5499999999999998,2.5499999999999998,2.5499999999999998,2.5499999999999998,2.5499999999999998,2.5499999999999998,2.5499999999999998,2.5499999999999998,2.5499999999999998,2.5499999999999998,2.5499999999999998,2.5499999999999998,2.5499999999999998,2.5499999999999998,2.5499999999999998,2.5499999999999905,2.5499999997857929,2.5499993443086235,2.5497270979901057,2.5327321146333568,2.3377138970542104
48,2.5499999999999998,2.5499999999999998,2.5499999999999998,2.5499999999999998,2.5499999999999998,2.5499999999999998,2.5499999999999998,2.5499999999999998,2.5499999999999998,2.5499999999999998,2.5499999999999998,2.5499999999999998,2.5499999999999998,2.5499999999999998,2.5499999999999998,2.5499999999999838,2.5499999996840312,2.5499991742325934,2.5496934122842663,2.5319466664732033,2.3355761793297365
49,2.5499999999999998,2.5499999999999998,2.5499999999999998,2.5499999999999998,2.5499999999999998,2.5499999999999998,2.5499999999999998,2.5499999999999998,2.5499999999999998,2.5499999999999998,2.5499999999999998,2.5499999999999998,2.5499999999999998,2.5499999999999998,2.5499999999999998,2.549999999999971,2.5499999995410043,2.5499989692367495,2.5496570389653761,2.5311527929972857,2.3334627733642557
50,2.5499999999999998,2.5499999999999998,2.5499999999999998,2.5499999999999998,2.5499999999999998,2.5499999999999998,2.5499999999999998,2.5499999999999998,2.5499999999999998,2.5499999999999998,2.5499999999999998,2.5499999999999998,2.5499999999999998,2.5499999999999998,2.5499999999999998,2.5499999999999501,2.5499999993427562,2.5499987240630939,2.5496178943603054,2.5303509388499115,2.331372936124501
51,2.5499999999999998,2.5499999999999998,2.5499999999999998,2.5499999999999998,2.5499999999999998,2.5499999999999998,2.5499999999999998,2.5499999999999998,2.5499999999999998,2.5499999999999998,2.5499999999999998,2.5499999999999998,2.5499999999999998,2.5499999999999998,2.5499999999999998,2.5499999999999163,2.5499999990715607,2.5499984329703977,2.5495758990822304,2.5295415282082816,2.3293059615758458
52,2.5499999999999998,2.5499999999999998,2.5499999999999998,2.5499999999999998,2.5499999999999998,2.5499999999999998,2.5499999999999998,2.5499999999999998,2.5499999999999998,2.5499999999999998,2.5499999999999998,2.5499999999999998,2.5499999999999998,2.5499999999999998,2.5499999999999998,2.5499999999998617,2.5499999987051227,2.5499980897258139,2.5495309780693058,2.5287249656849791,2.3272611781614936
53,2.5499999999999998,2.5499999999999998,2.5499999999999998,2.5499999999999998,2.5499999999999998,2.5499999999999998,2.5499999999999998,2.5499999999999998,2.5499999999999998,2.5499999999999998,2.5499999999999998,2.5499999999999998,2.5499999999999998,2.5499999999999998,2.5499999999999998,2.5499999999997747,2.5499999982157351,2.549997687599058,2.5494830605981451,2.5279016372079313,2.3252379464853608
54,2.5499999999999998,2.5499999999999998,2.5499999999999998,2.5499999999999998,2.5499999999999998,2.5499999999999998,2.5499999999999998,2.5499999999999998,2.5499999999999998,2.5499999999999998,2.5499999999999998,2.5499999999999998,2.5499999999999998,2.5499999999999998,2.5499999999999998,2.5499999999996401,2.5499999975692851,2.549997219359418,2.5494320802722235,2.5270719108729764,2.3232356572012391
55,2.5499999999999998,2.5499999999999998,2.5499999999999998,2.5499999999999998,2.5499999999999998,2.5499999999999998,2.5499999999999998,2.5499999999999998,2.5499999999999998,2.5499999999999998,2.5499999999999998,2.5499999999999998,2.5499999999999998,2.5499999999999998,2.5499999999999998,2.5499999999994341,2.54999999672419,2.5499966772753018,2.5493779749902914,2.5262361377688238,2.3212537290710427
56,2.5499999999999998,2.5499999999999998,2.5499999999999998,2.5499999999999998,2.5499999999999998,2.5499999999999998,2.5499999999999998,2.5499999999999998,2.5499999999999998,2.5499999999999998,2.5499999999999998,2.5499999999999998,2.5499999999999998,2.5499999999999998,2.5499999999999998,2.5499999999991241,2.5499999956302135,2.5499960531162649,2.5493206868969986,2.5253946527730595,2.3192916071778744
57,2.5499999999999998,2.5499999999999998,2.5499999999999998,2.5499999999999998,2.5499999999999998,2.5499999999999998,2.5499999999999998,2.5499999999999998,2.5499999999999998,2.5499999999999998,2.5499999999999998,2.5499999999999998,2.5499999999999998,2.5499999999999998,2.5499999999999998,2.549999999998664,2.5499999942271678,2.5499953381576788,2.5492601623162607,2.5245477753148204,2.3173487612955834
58,2.5499999999999998,2.5499999999999998,2.5499999999999998,2.5499999999999998,2.5499999999999998,2.5499999999999998,2.5499999999999998,2.5499999999999998,2.5499999999999998,2.5499999999999998,2.5499999999999998,2.5499999999999998,2.5499999999999998,2.5499999999999998,2.5499999999999998,2.5499999999979925,2.5499999924435204,2.5499945231875829,2.5491963516726792,2.5236958101077693,2.3154246843761879
59,2.5499999999999998,2.5499999999999998,2.5499999999999998,2.5499999999999998,2.5499999999999998,2.5499999999999998,2.5499999999999998,2.5499999999999998,2.5499999999999998,2.5499999999999998,2.5499999999999998,2.5499999999999998,2.5499999999999998,2.5499999999999998,2.5499999999999998,2.5499999999970226,2.5499999901949026,2.5499935985157309,2.5491292094013884,2.5228390478511193,2.3135188911577718
60,2.5499999999999998,2.5499999999999998,2.5499999999999998,2.5499999999999998,2.5499999999999998,2.5499999999999998,2.5499999999999998,2.5499999999999998,2.5499999999999998,2.5499999999999998,2.5499999999999998,2.5499999999999998,2.5499999999999998,2.5499999999999998,2.5499999999999994,2.5499999999956402,2.5499999873825128,2.549992553984501,2.5490586938493314,2.5219777659026232,2.3116309168693858
61,2.5499999999999998,2.5499999999999998,2.5499999999999998,2.5499999999999998,2.5499999999999998,2.5499999999999998,2.5499999999999998,2.5499999999999998,2.5499999999999998,2.5499999999999998,2.5499999999999998,2.5499999999999998,2.5499999999999998,2.5499999999999998,2.5499999999999994,2.5499999999936933,2.5499999838914,2.5499913789798305,2.5489847671641161,2.5211122289504133,2.3097603333339101
62,2.5499999999999998,2.5499999999999998,2.5499999999999998,2.5499999999999998,2.5499999999999998,2.5499999999999998,2.5499999999999998,2.5499999999999998,2.5499999999999998,2.5499999999999998,2.5499999999999998,2.5499999999999998,2.5499999999999998,2.5499999999999998,2.5499999999999994,2.5499999999909817,2.54999997958878,2.5499900624537442,2.5489073951970234,2.5202426894851522,2.3079067103043736
63,2.5499999999999998,2.5499999999999998,2.5499999999999998,2.5499999999999998,2.5499999999999998,2.5499999999999998,2.5499999999999998,2.5499999999999998,2.5499999999999998,2.5499999999999998,2.5499999999999998,2.5499999999999998,2.5499999999999998,2.5499999999999998,2.5499999999999985,2.5499999999872451,2.5499999743220805,2.5499885929294308,2.5488265473552234,2.5193693886049555,2.3060696326192573
64,2.5499999999999998,2.5499999999999998,2.5499999999999998,2.5499999999999998,2.5499999999999998,2.5499999999999998,2.5499999999999998,2.5499999999999998,2.5499999999999998,2.5499999999999998,2.5499999999999998,2.5499999999999998,2.5499999999999998,2.5499999999999998,2.5499999999999972,2.5499999999821483,2.5499999679170218,2.5499869585248844,2.5487421965078965,2.5184925564036083,2.3042487046037143
65,2.5499999999999998,2.5499999999999998,2.5499999999999998,2.5499999999999998,2.5499999999999998,2.5499999999999998,2.5499999999999998,2.5499999999999998,2.5499999999999998,2.5499999999999998,2.5499999999999998,2.5499999999999998,2.5499999999999998,2.5499999999999998,2.5499999999999963,2.5499999999752627,2.5499999601756809,2.5499851469708594,2.5486543188500366,2.5176124125527348,2.3024435467129027
66,2.5499999999999998,2.5499999999999998,2.5499999999999998,2.5499999999999998,2.5499999999999998,2.5499999999999998,2.5499999999999998,2.5499999999999998,2.5499999999999998,2.5499999999999998,2.5499999999999998,2.5499999999999998,2.5499999999999998,2.5499999999999998,2.5499999999999954,2.5499999999660488,2.5499999508744682,2.5499831456294757,2.5485628937833305,2.5167291667845642,2.3006537942661871
67,2.5499999999999998,2.5499999999999998,2.5499999999999998,2.5499999999999998,2.5499999999999998,2.5499999999999998,2.5499999999999998,2.5499999999999998,2.5499999999999998,2.5499999999999998,2.5499999999999998,2.5499999999999998,2.5499999999999998,2.5499999999999998,2.5499999999999909,2.5499999999538283,2.5499999397619462,2.5499809415157406,2.5484679037839184,2.5158430193937922,2.2988790964934447
68,2.5499999999999998,2.5499999999999998,2.5499999999999998,2.5499999999999998,2.5499999999999998,2.5499999999999998,2.5499999999999998,2.5499999999999998,2.5499999999999998,2.5499999999999998,2.5499999999999998,2.5499999999999998,2.5499999999999998,2.5499999999999998,2.5499999999999874,2.5499999999377554,2.5499999265567852,2.5499785213180099,2.5483693342810949,2.5149541616733218,2.2971191157948065
69,2.5499999999999998,2.5499999999999998,2.5499999999999998,2.5499999999999998,2.5499999999999998,2.5499999999999998,2.5499999999999998,2.5499999999999998,2.5499999999999998,2.5499999999999998,2.5499999999999998,2.5499999999999998,2.5499999999999998,2.5499999999999998,2.5499999999999798,2.5499999999167851,2.5499999109455547,2.5499758714203318,2.5482671735284956,2.5140627763591281,2.2953735269971194
70,2.5499999999999998,2.5499999999999998,2.5499999999999998,2.5499999999999998,2.5499999999999998,2.5499999999999998,2.5499999999999998,2.5499999999999998,2.5499999999999998,2.5499999999999998,2.5499999999999998,2.5499999999999998,2.5499999999999998,2.5499999999999998,2.5499999999999718,2.5499999998896414,2.5499998925806007,2.5499729779241438,2.5481614124830472,2.5131690380293046,2.2936420167258889
71,2.5499999999999998,2.5499999999999998,2.5499999999999998,2.5499999999999998,2.5499999999999998,2.5499999999999998,2.5499999999999998,2.5499999999999998,2.5499999999999998,2.5499999999999998,2.5499999999999998,2.5499999999999998,2.5499999999999998,2.5499999999999998,2.5499999999999576,2.5499999998547627,2.5499998710779002,2.5499698266706781,2.5480520446830184,2.5122731134910206,2.2919242828117072
72,2.5499999999999998,2.5499999999999998,2.5499999999999998,2.5499999999999998,2.5499999999999998,2.5499999999999998,2.5499999999999998,2.5499999999999998,2.5499999999999998,2.5499999999999998,2.5499999999999998,2.5499999999999998,2.5499999999999998,2.5499999999999998,2.5499999999999376,2.5499999998102636,2.5499998460148898,2.5499664032636624,2.5479390661274417,2.5113751621505034,2.2902200337265151
73,2.5499999999999998,2.5499999999999998,2.5499999999999998,2.5499999999999998,2.5499999999999998,2.5499999999999998,2.5499999999999998,2.5499999999999998,2.5499999999999998,2.5499999999999998,2.5499999999999998,2.5499999999999998,2.5499999999999998,2.5499999999999998,2.5499999999999128,2.5499999997538749,2.5499998169283296,2.5499626930919765,2.5478224751578096,2.5104753363671395,2.2885289880532533
74,2.5499999999999998,2.5499999999999998,2.5499999999999998,2.5499999999999998,2.5499999999999998,2.5499999999999998,2.5499999999999998,2.5499999999999998,2.5499999999999998,2.5499999999999998,2.5499999999999998,2.5499999999999998,2.5499999999999998,2.5499999999999998,2.5499999999998733,2.5499999996828864,2.5499997833122059,2.5499586813522126,2.5477022723432481,2.5095737817840487,2.2868508740025271
75,2.5499999999999998,2.5499999999999998,2.5499999999999998,2.5499999999999998,2.5499999999999998,2.5499999999999998,2.5499999999999998,2.5499999999999998,2.5499999999999998,2.5499999999999998,2.5499999999999998,2.5499999999999998,2.5499999999999998,2.5499999999999998,2.5499999999998209,2.5499999995940805,2.5499997446156524,2.5499543530711346,2.5475784603686207,2.5086706376409684,2.2851854289601228
76,2.5499999999999998,2.5499999999999998,2.5499999999999998,2.5499999999999998,2.5499999999999998,2.5499999999999998,2.5499999999999998,2.5499999999999998,2.5499999999999998,2.5499999999999998,2.5499999999999998,2.5499999999999998,2.5499999999999998,2.5499999999999998,2.5499999999997494,2.5499999994836484,2.549999700240948,2.5499496931278696,2.5474510439255242,2.5077660370725767,2.2835323990586103
77,2.5499999999999998,2.5499999999999998,2.5499999999999998,2.5499999999999998,2.5499999999999998,2.5499999999999998,2.5499999999999998,2.5499999999999998,2.5499999999999998,2.5499999999999998,2.5499999999999998,2.5499999999999998,2.5499999999999998,2.5499999999999998,2.5499999999996508,2.5499999993471194,2.5499996495415469,2.5499446862758077,2.5473200296062952,2.5068601073928285,2.2818915387729111
78,2.5499999999999998,2.5499999999999998,2.5499999999999998,2.5499999999999998,2.5499999999999998,2.5499999999999998,2.5499999999999998,2.5499999999999998,2.5499999999999998,2.5499999999999998,2.5499999999999998,2.5499999999999998,2.5499999999999998,2.5499999999999998,2.5499999999995189,2.5499999991792608,2.5499995918201841,2.5499393171641085,2.5471854258012985,2.5059529703652816,2.2802626105396158
79,2.5499999999999998,2.5499999999999998,2.5499999999999998,2.5499999999999998,2.5499999999999998,2.5499999999999998,2.5499999999999998,2.5499999999999998,2.5499999999999998,2.5499999999999998,2.5499999999999998,2.5499999999999998,2.5499999999999998,2.5499999999999998,2.5499999999993412,2.549999998973985,2.5499995263270541,2.5499335703587538,2.54704724259964,2.5050447424590985,2.2786453843997845
80,2.5499999999999998,2.5499999999999998,2.5499999999999998,2.5499999999999998,2.5499999999999998,2.5499999999999998,2.5499999999999998,2.5499999999999998,2.5499999999999998,2.5499999999999998,2.5499999999999998,2.5499999999999998,2.5499999999999998,2.5499999999999994,2.5499999999991059,2.5499999987242399,2.5499994522580671,2.549927430363141,2.5469054916930762,2.504135535092856,2.2770396376612414
81,2.5499999999999998,2.5499999999999998,2.5499999999999998,2.5499999999999998,2.5499999999999998,2.5499999999999998,2.5499999999999998,2.5499999999999998,2.5499999999999998,2.5499999999999998,2.5499999999999998,2.5499999999999998,2.5499999999999998,2.5499999999999989,2.5499999999987941,2.5499999984218946,2.5499993687531872,2.5499208816381431,2.5467601862833558,2.503225454865631,2.2754451545809427
82,2.5499999999999998,2.5499999999999998,2.5499999999999998,2.5499999999999998,2.5499999999999998,2.5499999999999998,2.5499999999999998,2.5499999999999998,2.5499999999999998,2.5499999999999998,2.5499999999999998,2.5499999999999998,2.5499999999999998,2.5499999999999989,2.5499999999983851,2.5499999980576109,2.5499992748948808,2.5499139086214893,2.5466113409935178,2.5023146037746322,2.2738617260678051
83,2.5499999999999998,2.5499999999999998,2.5499999999999998,2.5499999999999998,2.5499999999999998,2.5499999999999998,2.5499999999999998,2.5499999999999998,2.5499999999999998,2.5499999999999998,2.5499999999999998,2.5499999999999998,2.5499999999999998,2.5499999999999994,2.5499999999978527,2.5499999976207159,2.5499991697066489,2.5499064957466149,2.5464589717819495,2.5014030794247639,2.2722891493974382
84,2.5499999999999998,2.5499999999999998,2.5499999999999998,2.5499999999999998,2.5499999999999998,2.5499999999999998,2.5499999999999998,2.5499999999999998,2.5499999999999998,2.5499999999999998,2.5499999999999998,2.5499999999999998,2.5499999999999998,2.5499999999999985,2.5499999999971634,2.549999997099051,2.5499990521516627,2.5498986274608324,2.5463030958599222,2.5004909752271094,2.270727227943607
85,2.5499999999999998,2.5499999999999998,2.5499999999999998,2.5499999999999998,2.5499999999999998,2.5499999999999998,2.5499999999999998,2.5499999999999998,2.5499999999999998,2.5499999999999998,2.5499999999999998,2.5499999999999998,2.5499999999999998,2.5499999999999989,2.5499999999962775,2.5499999964788254,2.5499989211315151,2.549890288242834,2.546143731612506,2.4995783805872707,2.2691757709246487
86,2.5499999999999998,2.5499999999999998,2.5499999999999998,2.5499999999999998,2.5499999999999998,2.5499999999999998,2.5499999999999998,2.5499999999999998,2.5499999999999998,2.5499999999999998,2.5499999999999998,2.5499999999999998,2.5499999999999998,2.5499999999999976,2.5499999999951428,2.5499999957444501,2.5499987754850708,2.5498814626195148,2.5459808985227252,2.4986653810844199,2.2676345931633621
87,2.5499999999999998,2.5499999999999998,2.5499999999999998,2.5499999999999998,2.5499999999999998,2.5499999999999998,2.5499999999999998,2.5499999999999998,2.5499999999999998,2.5499999999999998,2.5499999999999998,2.5499999999999998,2.5499999999999998,2.5499999999999972,2.5499999999937004,2.5499999948783683,2.5499986139874422,2.5498721351820701,2.5458146170988916,2.4977520586416144,2.2661035148593123
88,2.5499999999999998,2.5499999999999998,2.5499999999999998,2.5499999999999998,2.5499999999999998,2.5499999999999998,2.5499999999999998,2.5499999999999998,2.5499999999999998,2.5499999999999998,2.5499999999999998,2.5499999999999998,2.5499999999999998,2.5499999999999972,2.5499999999918779,2.5499999938608777,2.5499984353490386,2.549862290601602,2.5456449088042024,2.4968384916900419,2.2645823613697496
89,2.5499999999999998,2.5499999999999998,2.5499999999999998,2.5499999999999998,2.5499999999999998,2.5499999999999998,2.5499999999999998,2.5499999999999998,2.5499999999999998,2.5499999999999998,2.5499999999999998,2.5499999999999998,2.5499999999999998,2.5499999999999945,2.5499999999895846,2.5499999926699357,2.5499982382148065,2.5498519136435558,2.5454717959914026,2.4959247553197734,2.2630709630095627
90,2.5499999999999998,2.5499999999999998,2.5499999999999998,2.5499999999999998,2.5499999999999998,2.5499999999999998,2.5499999999999998,2.5499999999999998,2.5499999999999998,2.5499999999999998,2.5499999999999998,2.5499999999999998,2.5499999999999998,2.5499999999999932,2.5499999999867144,2.5499999912809672,2.5499980211635385,2.5498409891817704,2.5452953018388196,2.4950109214276255,2.2615691548549957
91,2.5499999999999998,2.5499999999999998,2.5499999999999998,2.5499999999999998,2.5499999999999998,2.5499999999999998,2.5499999999999998,2.5499999999999998,2.5499999999999998,2.5499999999999998,2.5499999999999998,2.5499999999999998,2.5499999999999998,2.5499999999999901,2.5499999999831426,2.5499999896666443,2.549997782707297,2.5498295022117725,2.5451154502895319,2.4940970588570699,2.2600767765583303
92,2.5499999999999998,2.5499999999999998,2.5499999999999998,2.5499999999999998,2.5499999999999998,2.5499999999999998,2.5499999999999998,2.5499999999999998,2.5499999999999998,2.5499999999999998,2.5499999999999998,2.5499999999999998,2.5499999999999998,2.5499999999999865,2.5499999999787173,2.5499999877966877,2.5499975212909809,2.5498174378633065,2.5449322659934799,2.4931832335309876,2.2585936721723443
93,2.5499999999999998,2.5499999999999998,2.5499999999999998,2.5499999999999998,2.5499999999999998,2.5499999999999998,2.5499999999999998,2.5499999999999998,2.5499999999999998,2.5499999999999998,2.5499999999999998,2.5499999999999998,2.5499999999999998,2.5499999999999821,2.5499999999732594,2.5499999856376263,2.5499972352919906,2.5498047814121416,2.5447457742524451,2.49226950857771,2.2571196899838299
94,2.5499999999999998,2.5499999999999998,2.5499999999999998,2.5499999999999998,2.5499999999999998,2.5499999999999998,2.5499999999999998,2.5499999999999998,2.5499999999999998,2.5499999999999998,2.5499999999999998,2.5499999999999998,2.5499999999999994,2.5499999999999758,2.549999999966559,2.549999983152575,2.5499969230199691,2.5497915182915349,2.5445560009662351,2.4913559444542668,2.2556546823508339
95,2.5499999999999998,2.5499999999999998,2.5499999999999998,2.5499999999999998,2.5499999999999998,2.5499999999999998,2.5499999999999998,2.5499999999999998,2.5499999999999998,2.5499999999999998,2.5499999999999998,2.5499999999999998,2.5499999999999989,2.5499999999999687,2.5499999999583722,2.5499999803009925,2.5499965827167594,2.5497776341023379,2.5443629725839827,2.4904425990577725,2.2541985055557858
96,2.5499999999999998,2.5499999999999998,2.5499999999999998,2.5499999999999998,2.5499999999999998,2.5499999999999998,2.5499999999999998,2.5499999999999998,2.5499999999999998,2.5499999999999998,2.5499999999999998,2.5499999999999998,2.5499999999999994,2.5499999999999576,2.5499999999484078,2.549999977038429,2.5499962125563984,2.5497631146229387,2.5441667160559707,2.4895295278359959,2.2527510196595757
97,2.5499999999999998,2.5499999999999998,2.5499999999999998,2.5499999999999998,2.5499999999999998,2.5499999999999998,2.5499999999999998,2.5499999999999998,2.5499999999999998,2.5499999999999998,2.5499999999999998,2.5499999999999998,2.5499999999999998,2.5499999999999434,2.5499999999363316,2.5499999733162748,2.5499958106452465,2.5497479458183214,2.543967258788542,2.4886167838909885,2.2513120883647653
98,2.5499999999999998,2.5499999999999998,2.5499999999999998,2.5499999999999998,2.5499999999999998,2.5499999999999998,2.5499999999999998,2.5499999999999998,2.5499999999999998,2.5499999999999998,2.5499999999999998,2.5499999999999998,2.5500000000000003,2.5499999999999261,2.5499999999217553,2.5499999690815032,2.5499953750221658,2.549732113848918,2.543764628599841,2.4877044180809462,2.2498815788811397
99,2.5499999999999998,2.5499999999999998,2.5499999999999998,2.5499999999999998,2.5499999999999998,2.5499999999999998,2.5499999999999998,2.5499999999999998,2.5499999999999998,2.5499999999999998,2.5499999999999998,2.5499999999999998,2.5499999999999998,2.5499999999999021,2.5499999999042275,2.5499999642763953,2.5499949036589364,2.5497156050780156,2.54355885368058,2.4867924791112284,2.2484593618053728
100,2.5499999999999998,2.5499999999999998,2.5499999999999998,2.5499999999999998,2.5499999999999998,2.5499999999999998,2.5499999999999998,2.5499999999999998,2.5499999999999998,2.5499999999999998,2.5499999999999998,2.5499999999999998,2.5499999999999994,2.5499999999998737,2.5499999998832297,2.5499999588382769,2.5499943944606449,2.5496984060792833,2.5433499625542662,2.4858810136267135,2.2470453109988777
101,2.5499999999999998,2.5499999999999998,2.5499999999999998,2.5499999999999998,2.5499999999999998,2.5499999999999998,2.5499999999999998,2.5499999999999998,2.5499999999999998,2.5499999999999998,2.5499999999999998,2.5499999999999998,2.5499999999999994,2.5499999999998364,2.5499999998581675,2.5499999526992321,2.5499938452662585,2.5496805036432808,2.5431379840409938,2.4849700662965928,2.2456393034754529
102,2.5499999999999998,2.5499999999999998,2.5499999999999998,2.5499999999999998,2.5499999999999998,2.5499999999999998,2.5499999999999998,2.5499999999999998,2.5499999999999998,2.5499999999999998,2.5499999999999998,2.5499999999999998,2.5499999999999994,2.549999999999788,2.5499999998283602,2.5499999457858316,2.5499932538491499,2.5496618847841872,2.5429229472204469,2.4840596799008701,2.2442412192867143
103,2.5499999999999998,2.5499999999999998,2.5499999999999998,2.5499999999999998,2.5499999999999998,2.5499999999999998,2.5499999999999998,2.5499999999999998,2.5499999999999998,2.5499999999999998,2.5499999999999998,2.5499999999999998,2.5499999999999998,2.5499999999997289,2.549999999793032,2.549999938018841,2.5499926179179329,2.5496425367446922,2.5427048814011508,2.4831498954038143,2.2428509414243245
104,2.5499999999999998,2.5499999999999998,2.5499999999999998,2.5499999999999998,2.5499999999999998,2.5499999999999998,2.5499999999999998,2.5499999999999998,2.5499999999999998,2.5499999999999998,2.5499999999999998,2.5499999999999998,2.5500000000000003,2.5499999999996534,2.5499999997512961,2.5499999293129338,2.5499919351172537,2.5496224470011684,2.5424838160886303,2.482240752029925,2.2414683557188613
105,2.5499999999999998,2.5499999999999998,2.5499999999999998,2.5499999999999998,2.5499999999999998,2.5499999999999998,2.5499999999999998,2.5499999999999998,2.5499999999999998,2.5499999999999998,2.5499999999999998,2.5499999999999998,2.5499999999999998,2.5499999999995593,2.5499999997021514,2.5499999195763996,2.5499912030286267,2.5496016032685329,2.5422597809546827,2.4813322873375916,2.240093350741672
106,2.5499999999999998,2.5499999999999998,2.5499999999999998,2.5499999999999998,2.5499999999999998,2.5499999999999998,2.5499999999999998,2.5499999999999998,2.5499999999999998,2.5499999999999998,2.5499999999999998,2.5499999999999998,2.5499999999999989,2.549999999999442,2.5499999996444673,2.5499999087108498,2.549990419171452,2.5495799935040191,2.5420328058102362,2.4804245372854599,2.2387258177160154
107,2.5499999999999998,2.5499999999999998,2.5499999999999998,2.5499999999999998,2.5499999999999998,2.5499999999999998,2.5499999999999998,2.5499999999999998,2.5499999999999998,2.5499999999999998,2.5499999999999998,2.5499999999999998,2.5499999999999994,2.5499999999992955,2.5499999995769622,2.549999896610927,2.5499895810040818,2.5495576059106524,2.5418029205791033,2.4795175362971453,2.2373656504302359
108,2.5499999999999998,2.5499999999999998,2.5499999999999998,2.5499999999999998,2.5499999999999998,2.5499999999999998,2.5499999999999998,2.5499999999999998,2.5499999999999998,2.5499999999999998,2.5499999999999998,2.5499999999999998,2.5499999999999998,2.5499999999991152,2.5499999994982008,2.5499998831640056,2.5499886859249239,2.5495344289404578,2.5415701552726628,2.4786113173241024,2.2360127451532641
109,2.5499999999999998,2.5499999999999998,2.5499999999999998,2.5499999999999998,2.5499999999999998,2.5499999999999998,2.5499999999999998,2.5499999999999998,2.5499999999999998,2.5499999999999998,2.5499999999999998,2.5500000000000003,2.5499999999999994,2.5499999999988945,2.5499999994065718,2.5499998682498979,2.5499877312735739,2.549510451297492,2.5413345399650953,2.477705911907373,2.2346670005515508
110,2.5499999999999998,2.5499999999999998,2.5499999999999998,2.5499999999999998,2.5499999999999998,2.5499999999999998,2.5499999999999998,2.5499999999999998,2.5499999999999998,2.5499999999999998,2.5499999999999998,2.5500000000000003,2.5499999999999989,2.5499999999986223,2.5499999993002715,2.549999851740556,2.5499867143321455,2.5494856619396331,2.541096104772671,2.4768013502313364,2.2333283176160865
111,2.5499999999999998,2.5499999999999998,2.5499999999999998,2.5499999999999998,2.5499999999999998,2.5499999999999998,2.5499999999999998,2.5499999999999998,2.5499999999999998,2.5499999999999998,2.5499999999999998,2.5500000000000003,2.549999999999998,2.5499999999982896,2.5499999991772859,2.5499998334997804,2.5499856323265702,2.5494600500804787,2.5408548798326778,2.4758976611782448,2.2319965995883853
112,2.5499999999999998,2.5499999999999998,2.5499999999999998,2.5499999999999998,2.5499999999999998,2.5499999999999998,2.5499999999999998,2.5499999999999998,2.5499999999999998,2.5499999999999998,2.5499999999999998,2.5500000000000003,2.5499999999999972,2.5499999999978855,2.549999999035375,2.5499998133829251,2.5499844824278548,2.5494336051915916,2.540610895281211,2.4749948723849626,2.230671751883718
113,2.5499999999999998,2.5499999999999998,2.5499999999999998,2.5499999999999998,2.5499999999999998,2.5499999999999998,2.5499999999999998,2.5499999999999998,2.5499999999999998,2.5499999999999998,2.5499999999999998,2.5500000000000003,2.549999999999998,2.5499999999973948,2.549999998872051,2.5499997912366075,2.5499832617536566,2.5494063170026164,2.5403641812378961,2.4740930102861491,2.2293536820313866
114,2.5499999999999998,2.5499999999999998,2.5499999999999998,2.5499999999999998,2.5499999999999998,2.5499999999999998,2.5499999999999998,2.5499999999999998,2.5499999999999998,2.5499999999999998,2.5499999999999998,2.5499999999999998,2.5499999999999976,2.5499999999968024,2.5499999986845543,2.54999976689842,2.5499819673696735,2.5493781755024738,2.5401147677871312,2.473192100164296,2.2280422996063343
115,2.5499999999999998,2.5499999999999998,2.5499999999999998,2.5499999999999998,2.5499999999999998,2.5499999999999998,2.5499999999999998,2.5499999999999998,2.5499999999999998,2.5499999999999998,2.5499999999999998,2.5499999999999998,2.5499999999999945,2.5499999999960887,2.5499999984698358,2.5499997401966419,2.5499805962910909,2.5493491709403457,2.5398626849599921,2.4722921661984358,2.2267375161624763
116,2.5499999999999998,2.5499999999999998,2.5499999999999998,2.5499999999999998,2.5499999999999998,2.5499999999999998,2.5499999999999998,2.5499999999999998,2.5499999999999998,2.5499999999999998,2.5499999999999998,2.5500000000000003,2.549999999999994,2.5499999999952312,2.5499999982245281,2.5499997109499613,2.5499791454842367,2.5493192938250542,2.5396079627213908,2.4713932315026521,2.2254392451787828
117,2.5499999999999998,2.5499999999999998,2.5499999999999998,2.5499999999999998,2.5499999999999998,2.5499999999999998,2.5499999999999998,2.5499999999999998,2.5499999999999998,2.5499999999999998,2.5499999999999998,2.5500000000000003,2.5499999999999932,2.5499999999942045,2.5499999979449259,2.5499996789672021,2.5499776118681043,2.5492885349252918,2.5393506309545164,2.4704953181698666,2.2241474019987559
118,2.5499999999999998,2.5499999999999998,2.5499999999999998,2.5499999999999998,2.5499999999999998,2.5499999999999998,2.5499999999999998,2.5499999999999998,2.5499999999999998,2.5499999999999998,2.5499999999999998,2.5499999999999994,2.5499999999999909,2.5499999999929788,2.5499999976269585,2.549999644047042,2.5499759923159209,2.5492568852696356,2.5390907194459413,2.4695984473143313,2.2228619037715354
119,2.5499999999999998,2.5499999999999998,2.5499999999999998,2.5499999999999998,2.5499999999999998,2.5499999999999998,2.5499999999999998,2.5499999999999998,2.5499999999999998,2.5499999999999998,2.5499999999999998,2.5499999999999994,2.5499999999999887,2.5499999999915226,2.5499999972661564,2.5499996059777525,2.5499742836568693,2.5492243361452451,2.5388282578751209,2.4687026391055751,2.2215826694037046
120,2.5499999999999998,2.5499999999999998,2.5499999999999998,2.5499999999999998,2.5499999999999998,2.5499999999999998,2.5499999999999998,2.5499999999999998,2.5499999999999998,2.5499999999999998,2.5499999999999998,2.5499999999999998,2.5499999999999852,2.5499999999897955,2.5499999968576335,2.549999564536928,2.5499724826776462,2.5491908790978481,2.5385632757996373,2.4678079128106378,2.2203096195007195
121,2.5499999999999998,2.5499999999999998,2.5499999999999998,2.5499999999999998,2.5499999999999998,2.5499999999999998,2.5499999999999998,2.5499999999999998,2.5499999999999998,2.5499999999999998,2.5499999999999998,2.5499999999999998,2.5499999999999816,2.5499999999877518,2.549999996396044,2.5499995194910765,2.5499705861220225,2.5491565059239796,2.538295802667633,2.4669142868322194,2.2190426704545549
122,2.5499999999999998,2.5499999999999998,2.5499999999999998,2.5499999999999998,2.5499999999999998,2.5499999999999998,2.5499999999999998,2.5499999999999998,2.5499999999999998,2.5499999999999998,2.5499999999999998,2.5499999999999998,2.5499999999999767,2.5499999999853409,2.5499999958755653,2.5499994705959828,2.5499685907013614,2.5491212086940305,2.5380258677254695,2.4660217786972147,2.2177817472737726
123,2.5499999999999998,2.5499999999999998,2.5499999999999998,2.5499999999999998,2.5499999999999998,2.5499999999999998,2.5499999999999998,2.5499999999999998,2.5499999999999998,2.5499999999999998,2.5499999999999998,2.5499999999999998,2.5499999999999696,2.5499999999825054,2.549999995289856,2.5499994175956586,2.5499664930831987,2.5490849797115724,2.537753500130802,2.4651304051772267,2.2165267770315191
124,2.5499999999999998,2.5499999999999998,2.5499999999999998,2.5499999999999998,2.5499999999999998,2.5499999999999998,2.5499999999999998,2.5499999999999998,2.5499999999999998,2.5499999999999998,2.5499999999999998,2.5499999999999998,2.549999999999963,2.54999999997918,2.5499999946320253,2.5499993602225595,2.5499642899017374,2.5490478115414206,2.5374787288571459,2.464240182247718,2.215277687258471
125,2.5499999999999998,2.5499999999999998,2.5499999999999998,2.5499999999999998,2.5499999999999998,2.5499999999999998,2.5499999999999998,2.5499999999999998,2.5499999999999998,2.5499999999999998,2.5499999999999998,2.5499999999999998,2.5499999999999536,2.5499999999752889,2.5499999938945921,2.5499992981972142,2.549961977756888,2.5490096969990375,2.5372015827117256,2.4633511251382672,2.214034406728739
126,2.5499999999999998,2.5499999999999998,2.5499999999999998,2.5499999999999998,2.5499999999999998,2.5499999999999998,2.5499999999999998,2.5499999999999998,2.5499999999999998,2.5499999999999998,2.5499999999999998,2.5500000000000003,2.5499999999999421,2.5499999999707472,2.5499999930694557,2.5499992312280848,2.5499595532168171,2.548970629147806,2.5369220903242446,2.4624632483660207,2.2127968655323791
127,2.5499999999999998,2.5499999999999998,2.5499999999999998,2.5499999999999998,2.5499999999999998,2.5499999999999998,2.5499999999999998,2.5499999999999998,2.5499999999999998,2.5499999999999998,2.5499999999999998,2.5500000000000003,2.5499999999999292,2.5499999999654586,2.5499999921478587,2.5499991590113513,2.5499570128192537,2.548930601297231,2.5366402801416439,2.4615765657587634,2.2115649950762752
128,2.5499999999999998,2.5499999999999998,2.5499999999999998,2.5499999999999998,2.5499999999999998,2.5499999999999998,2.5499999999999998,2.5499999999999998,2.5499999999999998,2.5499999999999998,2.5499999999999998,2.5499999999999994,2.5499999999999123,2.5499999999593164,2.5499999911203424,2.5499990812306979,2.5499543530731148,2.5488896070010338,2.5363561804216026,2.4606910904788011,2.2103387280869007
129,2.5499999999999998,2.5499999999999998,2.5499999999999998,2.5499999999999998,2.5499999999999998,2.5499999999999998,2.5499999999999998,2.5499999999999998,2.5499999999999998,2.5499999999999998,2.5500000000000003,2.5499999999999994,2.5499999999998919,2.5499999999522016,2.549999989976715,2.5499989975571102,2.5499515704603879,2.5488476400545736,2.5360698192257503,2.4598068350499527,2.2091179985855245
130,2.5499999999999998,2.5499999999999998,2.5499999999999998,2.5499999999999998,2.5499999999999998,2.5499999999999998,2.5499999999999998,2.5499999999999998,2.5499999999999998,2.5499999999999998,2.5499999999999998,2.5499999999999998,2.5499999999998679,2.5499999999439762,2.5499999887060003,2.5499989076486926,2.5499486614379272,2.5488046944921701,2.5357812244138151,2.4589238113824012,2.2079027418554054
131,2.5499999999999998,2.5499999999999998,2.5499999999999998,2.5499999999999998,2.5499999999999998,2.5499999999999998,2.5499999999999998,2.5499999999999998,2.5499999999999998,2.5499999999999998,2.5499999999999998,2.5499999999999998,2.5499999999998386,2.5499999999344896,2.5499999872964008,2.5499988111504841,2.5499456224392394,2.548760764584316,2.5354904236384423,2.4580420307963302,2.2066928944092856
132,2.5499999999999998,2.5499999999999998,2.5499999999999998,2.5499999999999998,2.5499999999999998,2.5499999999999998,2.5499999999999998,2.5499999999999998,2.5499999999999998,2.5499999999999998,2.5499999999999998,2.5499999999999994,2.5499999999998031,2.5499999999235712,2.5499999857352535,2.5499987076943329,2.5499424498759362,2.5487158448352454,2.5351974443414833,2.457161504040307,2.2054883939649104
133,2.5499999999999998,2.5499999999999998,2.5499999999999998,2.5499999999999998,2.5499999999999998,2.5499999999999998,2.5499999999999998,2.5499999999999998,2.5499999999999998,2.5499999999999998,2.5499999999999998,2.5499999999999994,2.5499999999997605,2.5499999999110341,2.5499999840089864,2.5499985968987082,2.5499391401396609,2.5486699299798512,2.5349023137486397,2.4562822413163579,2.2042891794100874
134,2.5499999999999998,2.5499999999999998,2.5499999999999998,2.5499999999999998,2.5499999999999998,2.5499999999999998,2.5499999999999998,2.5499999999999998,2.5499999999999998,2.5499999999999998,2.5499999999999998,2.5499999999999998,2.5499999999997094,2.5499999998966674,2.5499999821030666,2.5499984783685528,2.5499356896038439,2.5486230149805391,2.5346050588658429,2.4554042523006339,2.2030951907754268
135,2.5499999999999998,2.5499999999999998,2.5499999999999998,2.5499999999999998,2.5499999999999998,2.5499999999999998,2.5499999999999998,2.5499999999999998,2.5499999999999998,2.5499999999999998,2.5499999999999994,2.5500000000000003,2.5499999999996485,2.549999999880237,2.5499999800019566,2.5499983516951747,2.5499320946251793,2.5485750950245332,2.5343057064762666,2.4545275461606697,2.2019063692071543
136,2.5499999999999998,2.5499999999999998,2.5499999999999998,2.5499999999999998,2.5499999999999998,2.5499999999999998,2.5499999999999998,2.5499999999999998,2.5499999999999998,2.5499999999999998,2.5499999999999994,2.5499999999999994,2.5499999999995762,2.5499999998614844,2.5499999776890694,2.549998216456101,2.5499283515453959,2.5485261655207316,2.5340042831365266,2.4536521315763826,2.2007226569376641
137,2.5499999999999998,2.5499999999999998,2.5499999999999998,2.5499999999999998,2.5499999999999998,2.5499999999999998,2.5499999999999998,2.5499999999999998,2.5499999999999998,2.5499999999999998,2.5499999999999998,2.5499999999999989,2.5499999999994913,2.5499999998401255,2.5499999751467146,2.5499980722149869,2.5499244566928008,2.5484762220965855,2.5337008151746336,2.4527780167561648,2.1995439972591444
138,2.5499999999999998,2.5499999999999998,2.5499999999999998,2.5499999999999998,2.5499999999999998,2.5499999999999998,2.5499999999999998,2.5499999999999998,2.5499999999999998,2.5499999999999998,2.5499999999999998,2.5499999999999989,2.5499999999993901,2.5499999998158418,2.5499999723560549,2.5499979185214992,2.5499204063839591,2.5484252605948665,2.5333953286871354,2.4519052094555289,2.1983703344964529
139,2.5499999999999998,2.5499999999999998,2.5499999999999998,2.5499999999999998,2.5499999999999998,2.5499999999999998,2.5499999999999998,2.5499999999999998,2.5499999999999998,2.5499999999999998,2.5499999999999998,2.5499999999999985,2.5499999999992693,2.5499999997882861,2.5499999692970499,2.5499977549112254,2.5499161969252877,2.5483732770704872,2.5330878495367877,2.4510337169941678,2.1972016139811799
140,2.5499999999999998,2.5499999999999998,2.5499999999999998,2.5499999999999998,2.5499999999999998,2.5499999999999998,2.5499999999999998,2.5499999999999998,2.5499999999999998,2.5499999999999998,2.5499999999999994,2.549999999999998,2.549999999999129,2.5499999997570764,2.5499999659484027,2.5499975809055986,2.5499118246146417,2.548320267787143,2.5327784033508678,2.4501635462718063,2.1960377820270494
141,2.5499999999999998,2.5499999999999998,2.5499999999999998,2.5499999999999998,2.5499999999999998,2.5499999999999998,2.5499999999999998,2.5499999999999998,2.5499999999999998,2.5499999999999998,2.5499999999999994,2.549999999999998,2.5499999999989624,2.5499999997217899,2.5499999622875125,2.5499973960118223,2.5499072857428566,2.5482662292140126,2.53246701551963,2.4492947037834383,2.1948787859060936
142,2.5499999999999998,2.5499999999999998,2.5499999999999998,2.5499999999999998,2.5499999999999998,2.5499999999999998,2.5499999999999998,2.5499999999999998,2.5499999999999998,2.5499999999999998,2.5499999999999998,2.5499999999999985,2.5499999999987688,2.5499999996819658,2.5499999582904196,2.5499971997227711,2.5499025765953798,2.5482111580225828,2.5321537111936179,2.4484271956373633,2.1937245738213886
143,2.5499999999999998,2.5499999999999998,2.5499999999999998,2.5499999999999998,2.5499999999999998,2.5499999999999998,2.5499999999999998,2.5499999999999998,2.5499999999999998,2.5499999999999998,2.5500000000000003,2.549999999999998,2.549999999998541,2.5499999996370959,2.5499999539317479,2.5499969915170189,2.5498976934535631,2.5481550510830284,2.5318385152849885,2.4475610275635584,2.1925750948908869
144,2.5499999999999998,2.5499999999999998,2.5499999999999998,2.5499999999999998,2.5499999999999998,2.5499999999999998,2.5499999999999998,2.5499999999999998,2.5499999999999998,2.5499999999999998,2.5500000000000003,2.5499999999999958,2.549999999998275,2.5499999995866274,2.5499999491846577,2.5499967708586762,2.5498926325964613,2.5480979054611872,2.5315214524631191,2.4466962049359178,2.1914302991159422
145,2.5499999999999998,2.5499999999999998,2.5499999999999998,2.5499999999999998,2.5499999999999998,2.5499999999999998,2.5499999999999998,2.5499999999999998,2.5499999999999998,2.5499999999999998,2.5500000000000003,2.549999999999994,2.5499999999979659,2.5499999995299558,2.5499999440207781,2.5499965371975253,2.5498873903018637,2.5480397184147532,2.5312025471582094,2.4458327327749192,2.190290137371711
146,2.5499999999999998,2.5499999999999998,2.5499999999999998,2.5499999999999998,2.5499999999999998,2.5499999999999998,2.5499999999999998,2.5499999999999998,2.5499999999999998,2.5499999999999998,2.5499999999999989,2.549999999999994,2.5499999999976075,2.5499999994664213,2.5499999384101653,2.5499962899688113,2.5498819628481857,2.5479804873903151,2.5308818235561987,2.4449706157716111,2.1891545613733876
147,2.5499999999999998,2.5499999999999998,2.5499999999999998,2.5499999999999998,2.5499999999999998,2.5499999999999998,2.5499999999999998,2.5499999999999998,2.5499999999999998,2.5499999999999998,2.5499999999999989,2.5499999999999932,2.549999999997191,2.5499999993953071,2.5499999323212341,2.5499960285934256,2.5498763465153771,2.5479202100195555,2.5305593056029512,2.4441098582887277,2.1880235236695142
148,2.5499999999999998,2.5499999999999998,2.5499999999999998,2.5499999999999998,2.5499999999999998,2.5499999999999998,2.5499999999999998,2.5499999999999998,2.5499999999999998,2.5499999999999998,2.5499999999999994,2.5499999999999909,2.5499999999967065,2.5499999993158324,2.5499999257207118,2.5499957524777179,2.5498705375867696,2.5478588841161747,2.5302350169999519,2.4432504643828161,2.1868969776094449
149,2.5499999999999998,2.5499999999999998,2.5499999999999998,2.5499999999999998,2.5499999999999998,2.5499999999999998,2.5499999999999998,2.5499999999999998,2.5499999999999998,2.5499999999999998,2.5499999999999998,2.5499999999999896,2.5499999999961487,2.5499999992271478,2.5499999185735649,2.5499954610136841,2.5498645323499471,2.5477965076722833,2.5299089812079201,2.4423924378065163,2.1857748773361463
150,2.5499999999999998,2.5499999999999998,2.5499999999999998,2.5499999999999998,2.5499999999999998,2.5499999999999998,2.5499999999999998,2.5499999999999998,2.5499999999999998,2.5499999999999998,2.5499999999999998,2.5499999999999878,2.549999999995507,2.5499999991283335,2.5499999108429598,2.5499951535788119,2.549858327098522,2.5477330788551287,2.529581221443745,2.4415357820277848,2.1846571777568586
151,2.5499999999999998,2.5499999999999998,2.5499999999999998,2.5499999999999998,2.5499999999999998,2.5499999999999998,2.5499999999999998,2.5499999999999998,2.5499999999999998,2.5499999999999998,2.5499999999999998,2.5499999999999856,2.549999999994768,2.5499999990183944,2.5499999024901929,2.5499948295362724,2.5498519181329335,2.5476685960037018,2.5292517606836755,2.440680500232876,2.1835438345351639
152,2.5499999999999998,2.5499999999999998,2.5499999999999998,2.5499999999999998,2.5499999999999998,2.5499999999999998,2.5499999999999998,2.5499999999999998,2.5499999999999998,2.5499999999999998,2.5499999999999994,2.5499999999999816,2.549999999993918,2.5499999988962538,2.5499998934746388,2.5499944882347965,2.5498453017621934,2.5476030576253197,2.5289206216610061,2.4398265953438654,2.1824348040639361
153,2.5499999999999998,2.5499999999999998,2.5499999999999998,2.5499999999999998,2.5499999999999998,2.5499999999999998,2.5499999999999998,2.5499999999999998,2.5499999999999998,2.5499999999999998,2.5499999999999994,2.5499999999999781,2.5499999999929437,2.5499999987607462,2.5499998837536837,2.5499941290088892,2.5498384743045794,2.54753646239238,2.5285878268694022,2.4389740700209344,2.1813300434582783
154,2.5499999999999998,2.5499999999999998,2.5499999999999998,2.5499999999999998,2.5499999999999998,2.5499999999999998,2.5499999999999998,2.5499999999999998,2.5499999999999998,2.5499999999999994,2.5499999999999994,2.5499999999999741,2.5499999999918281,2.5499999986106179,2.5499998732826765,2.5499937511787047,2.5498314320893845,2.547468809138874,2.5282533985607376,2.4381229266796689,2.1802295105287817
155,2.5499999999999998,2.5499999999999998,2.5499999999999998,2.5499999999999998,2.5499999999999998,2.5499999999999998,2.5499999999999998,2.5499999999999998,2.5499999999999998,2.5499999999999994,2.5499999999999994,2.5499999999999696,2.549999999990554,2.549999998444513,2.5499998620148645,2.549993354050303,2.5498241714574523,2.5474000968572819,2.5279173587488803,2.4372731674917505,2.17913316377672
156,2.5499999999999998,2.5499999999999998,2.5499999999999998,2.5499999999999998,2.5499999999999998,2.5499999999999998,2.5499999999999998,2.5499999999999998,2.5499999999999998,2.5499999999999998,2.5499999999999998,2.5499999999999634,2.5499999999891014,2.5499999982609771,2.5499998499013357,2.5499929369155248,2.5498166887629581,2.5473303246950105,2.5275797292076438,2.4364247944021771,2.1780409623672532
157,2.5499999999999998,2.5499999999999998,2.5499999999999998,2.5499999999999998,2.5499999999999998,2.5499999999999998,2.5499999999999998,2.5499999999999998,2.5499999999999998,2.5500000000000003,2.5499999999999998,2.5499999999999559,2.5499999999874476,2.5499999980584418,2.5499998368909615,2.5499924990522769,2.5498089803738169,2.5472594919514675,2.5272405314746722,2.4355778091292373,2.176952866125839
158,2.5499999999999998,2.5499999999999998,2.5499999999999998,2.5499999999999998,2.5499999999999998,2.5499999999999998,2.5499999999999998,2.5499999999999998,2.5499999999999998,2.5499999999999998,2.5499999999999994,2.5499999999999474,2.5499999999855683,2.5499999978352257,2.5499998229303369,2.5499920397244193,2.5498010426734368,2.5471875980744105,2.5268997868498535,2.4347322131807196,2.1758688355126088
159,2.5499999999999998,2.5499999999999998,2.5499999999999998,2.5499999999999998,2.5499999999999998,2.5499999999999998,2.5499999999999998,2.5499999999999998,2.5499999999999998,2.5499999999999998,2.5499999999999989,2.5499999999999372,2.5499999999834353,2.5499999975895249,2.5499998079637218,2.5499915581820631,2.5497928720610474,2.5471146426572213,2.5265575163989658,2.4338880078540837,2.1747888316187787
160,2.5499999999999998,2.5499999999999998,2.5499999999999998,2.5499999999999998,2.5499999999999998,2.5499999999999998,2.5499999999999998,2.5499999999999998,2.5499999999999998,2.5500000000000003,2.5499999999999994,2.5499999999999261,2.549999999981019,2.5499999973194072,2.5499997919329842,2.5499910536614805,2.5497844649534058,2.5470406254351778,2.5262137409526848,2.4330451942512448,2.1737128161427823
161,2.5499999999999998,2.5499999999999998,2.5499999999999998,2.5499999999999998,2.5499999999999998,2.5499999999999998,2.5499999999999998,2.5499999999999998,2.5499999999999998,2.5500000000000007,2.5499999999999994,2.5499999999999128,2.5499999999782856,2.5499999970227996,2.5499997747775445,2.5499905253854069,2.5497758177850485,2.5469655462829124,2.5258684811099967,2.4322037732789377,2.1726407513865986
162,2.5499999999999998,2.5499999999999998,2.5499999999999998,2.5499999999999998,2.5499999999999998,2.5499999999999998,2.5499999999999998,2.5499999999999998,2.5499999999999998,2.5500000000000003,2.5499999999999994,2.5499999999998977,2.5499999999751974,2.54999999669749,2.5499997564343118,2.5499899725629782,2.549766927009951,2.5468894052106386,2.525521757237652,2.4313637456624355,2.1715726002332794
163,2.5499999999999998,2.5499999999999998,2.5499999999999998,2.5499999999999998,2.5499999999999998,2.5499999999999998,2.5499999999999998,2.5499999999999998,2.5499999999999998,2.5499999999999998,2.5499999999999994,2.5499999999998795,2.5499999999717158,2.5499999963411142,2.5499997368376346,2.549989394390042,2.5497577891017058,2.5468122023617634,2.5251735894734955,2.4305251119457139,2.1705083261436191
164,2.5499999999999998,2.5499999999999998,2.5499999999999998,2.5499999999999998,2.5499999999999998,2.5499999999999998,2.5499999999999998,2.5499999999999998,2.5499999999999998,2.5499999999999998,2.5499999999999998,2.5499999999998577,2.5499999999677958,2.5499999959511492,2.549999715919236,2.5499887900491105,2.5497484005551305,2.5467339380091105,2.5248239977262239,2.4296878725044335,2.169447893134699
165,2.5499999999999998,2.5499999999999998,2.5499999999999998,2.5499999999999998,2.5499999999999998,2.5499999999999998,2.5499999999999998,2.5499999999999998,2.5499999999999998,2.5499999999999998,2.5499999999999998,2.5499999999998324,2.5499999999633887,2.5499999955249044,2.5499996936081679,2.5499881587096898,2.5497387578863386,2.546654612552707,2.5244730016787278,2.4288520275455658,2.1683912657773674
166,2.5499999999999998,2.5499999999999998,2.5499999999999998,2.5499999999999998,2.5499999999999998,2.5499999999999998,2.5499999999999998,2.5499999999999998,2.5499999999999998,2.5500000000000003,2.5499999999999994,2.5499999999998044,2.5499999999584402,2.5499999950595171,2.5499996698307434,2.5499874995282323,2.5497288576343919,2.5465742265159066,2.5241206207879467,2.4280175771204138,2.1673384091746839
167,2.5499999999999998,2.5499999999999998,2.5499999999999998,2.5499999999999998,2.5499999999999998,2.5499999999999998,2.5499999999999998,2.5499999999999998,2.5499999999999998,2.5500000000000003,2.5499999999999989,2.5499999999997716,2.5499999999528922,2.5499999945519365,2.5499996445104927,2.5499868116484694,2.5497186963612921,2.5464927805433435,2.5237668742881434,2.4271845211240284,2.1662892889598324
168,2.5499999999999998,2.5499999999999998,2.5499999999999998,2.5499999999999998,2.5499999999999998,2.5499999999999998,2.5499999999999998,2.5499999999999998,2.5499999999999998,2.5499999999999998,2.5499999999999989,2.5499999999997329,2.5499999999466803,2.5499999939989229,2.5499996175681003,2.5499860942014356,2.5497082706533631,2.5464102753972973,2.5234117811914616,2.4263528593057284,2.1652438712780397
169,2.5499999999999998,2.5499999999999998,2.5499999999999998,2.5499999999999998,2.5499999999999998,2.5499999999999998,2.5499999999999998,2.5499999999999998,2.5499999999999998,2.5499999999999989,2.5499999999999989,2.5499999999996885,2.5499999999397343,2.5499999933970341,2.5499995889213571,2.5499853463057192,2.5496975771215928,2.5463267119553081,2.5230553602903352,2.4255225912716423,2.164202122780102
170,2.5499999999999998,2.5499999999999998,2.5499999999999998,2.5499999999999998,2.5499999999999998,2.5499999999999998,2.5499999999999998,2.5499999999999998,2.5499999999999998,2.5499999999999989,2.5499999999999989,2.5499999999996383,2.5499999999319791,2.5499999927426193,2.5499995584851063,2.5499845670676122,2.5496866124024486,2.5462420912071937,2.5226976301591337,2.4246937164907534,2.1631640106107701
171,2.5499999999999998,2.5499999999999998,2.5499999999999998,2.5499999999999998,2.5499999999999998,2.5499999999999998,2.5499999999999998,2.5499999999999998,2.5499999999999998,2.5499999999999994,2.5499999999999985,2.5499999999995802,2.5499999999233318,2.5499999920318075,2.5499995261711867,2.5499837555812537,2.5496753731586765,2.5461564142521236,2.522338609155744,2.4238662343009589,2.1621295023971414
172,2.5499999999999998,2.5499999999999998,2.5499999999999998,2.5499999999999998,2.5499999999999998,2.5499999999999998,2.5499999999999998,2.5499999999999998,2.5499999999999998,2.5500000000000003,2.5499999999999985,2.5499999999995135,2.5499999999137009,2.5499999912604934,2.549999491888391,2.5499829109288843,2.5496638560796177,2.546069682296292,2.5219783154239219,2.4230401439116021,2.1610985662422504
173,2.5499999999999998,2.5499999999999998,2.5499999999999998,2.5499999999999998,2.5499999999999998,2.5499999999999998,2.5499999999999998,2.5499999999999998,2.5500000000000003,2.5500000000000007,2.549999999999998,2.5499999999994372,2.5499999999029885,2.5499999904243378,2.5499994555424035,2.5499820321809357,2.5496520578823079,2.5459818966495749,2.5216167668945193,2.4222154444115347,2.1600711707104745
174,2.5499999999999998,2.5499999999999998,2.5499999999999998,2.5499999999999998,2.5499999999999998,2.5499999999999998,2.5499999999999998,2.5499999999999998,2.5500000000000003,2.5500000000000003,2.5499999999999976,2.5499999999993497,2.5499999998910883,2.5499999895187506,2.5499994170357643,2.5499811183963357,2.5496399753114716,2.5458930587236983,2.5212539812880994,2.421392134769679,2.159047284824112
175,2.5499999999999998,2.5499999999999998,2.5499999999999998,2.5499999999999998,2.5499999999999998,2.5499999999999998,2.5499999999999998,2.5499999999999998,2.5499999999999994,2.5499999999999994,2.549999999999998,2.5499999999992498,2.5499999998778842,2.5499999885388829,2.5499993762678042,2.5499801686225783,2.5496276051407718,2.5458031700286328,2.5208899761161137,2.4205702138438951,2.1580268780475333
176,2.5499999999999998,2.5499999999999998,2.5499999999999998,2.5499999999999998,2.5499999999999998,2.5499999999999998,2.5499999999999998,2.5499999999999998,2.5499999999999989,2.5499999999999989,2.549999999999998,2.5499999999991356,2.5499999998632519,2.5499999874796102,2.549999333134616,2.54997918189606,2.5496149441725917,2.5457122321711219,2.5205247686835746,2.4197496803804448,2.1570099202855113
177,2.5499999999999998,2.5499999999999998,2.5499999999999998,2.5499999999999998,2.5499999999999998,2.5499999999999998,2.5499999999999998,2.5499999999999998,2.5499999999999998,2.5499999999999994,2.5499999999999963,2.5499999999990055,2.5499999998470555,2.549999986335532,2.5499992875289856,2.5499781572421423,2.5496019892393544,2.5456202468509388,2.520158376090293,2.4189305330230817,2.1559963818669403
178,2.5499999999999998,2.5499999999999998,2.5499999999999998,2.5499999999999998,2.5499999999999998,2.5499999999999998,2.5499999999999998,2.5499999999999998,2.5500000000000007,2.5499999999999998,2.5499999999999949,2.5499999999988581,2.5499999998291489,2.5499999851009516,2.5499992393403783,2.5499770936755066,2.549588737203123,2.5455272158597553,2.5197908152335553,2.4181127703116347,2.1549862335446415
179,2.5499999999999998,2.5499999999999998,2.5499999999999998,2.5499999999999998,2.5499999999999998,2.5499999999999998,2.5499999999999998,2.5499999999999998,2.5500000000000007,2.5499999999999998,2.5499999999999936,2.5499999999986911,2.5499999998093741,2.5499999837698701,2.5499991884548536,2.5499759902002133,2.549575184957027,2.54543314107717,2.5194221028093962,2.4172963906915697,2.1539794464782513
180,2.5499999999999998,2.5499999999999998,2.5499999999999998,2.5499999999999998,2.5499999999999998,2.5499999999999998,2.5499999999999998,2.5499999999999998,2.5499999999999998,2.5499999999999994,2.5499999999999936,2.5499999999985028,2.5499999997875604,2.5499999823359762,2.5499991347550472,2.5499748458100018,2.54956132942515,2.5453380244691615,2.5190522553149868,2.416481392514406,2.1529759922312546
181,2.5499999999999998,2.5499999999999998,2.5499999999999998,2.5499999999999998,2.5499999999999998,2.5499999999999998,2.5499999999999998,2.5499999999999998,2.5500000000000003,2.5499999999999998,2.5499999999999927,2.5499999999982887,2.5499999997635232,2.549999980792621,2.5499990781200275,2.549973659487498,2.5495471675580337,2.5452418680790703,2.5186812890522172,2.4156677740496457,2.1519758486382594
182,2.5499999999999998,2.5499999999999998,2.5499999999999998,2.5499999999999998,2.5499999999999998,2.5499999999999998,2.5499999999999998,2.5499999999999998,2.5499999999999998,2.5499999999999998,2.5499999999999914,2.5499999999980458,2.5499999997370666,2.5499999791328318,2.5499990184256554,2.5499724302085536,2.5495326963525149,2.5451446740536863,2.5183092201208761,2.4148555334500696,2.1509789869949736
183,2.5499999999999998,2.5499999999999998,2.5499999999999998,2.5499999999999998,2.5499999999999998,2.5499999999999998,2.5499999999999998,2.5499999999999998,2.5499999999999998,2.5499999999999998,2.5499999999999901,2.5499999999977732,2.5499999997079774,2.5499999773492754,2.5499989555439471,2.549971156936139,2.5495179128225378,2.5450464445962488,2.5179360644392421,2.4140446688174935,2.1499853783080636
184,2.5499999999999998,2.5499999999999998,2.5499999999999998,2.5499999999999998,2.5499999999999998,2.5499999999999998,2.5499999999999998,2.5499999999999998,2.5499999999999998,2.5499999999999998,2.5499999999999878,2.5499999999974658,2.5499999996760265,2.549999975434257,2.5499988893434598,2.5499698386250809,2.5495028140202525,2.5449471819942442,2.5175618377278206,2.4132351781633146,2.1489949950832852
185,2.5499999999999998,2.5499999999999998,2.5499999999999998,2.5499999999999998,2.5499999999999998,2.5499999999999998,2.5499999999999998,2.5499999999999998,2.5499999999999994,2.5499999999999998,2.5499999999999856,2.549999999997119,2.5499999996409697,2.5499999733797103,2.5499988196890833,2.5499684742207447,2.5494873970303784,2.5448468886108695,2.5171865555192237,2.4124270594211881,2.1480078104497045
186,2.5499999999999998,2.5499999999999998,2.5499999999999998,2.5499999999999998,2.5499999999999998,2.5499999999999998,2.5499999999999998,2.5499999999999998,2.5500000000000003,2.5499999999999998,2.5499999999999834,2.5499999999967295,2.549999999602544,2.5499999711771717,2.5499987464420353,2.5499670626595154,2.5494716589709498,2.5447455668820984,2.5168102331583833,2.4116203104508287,2.1470237979885138
187,2.5499999999999998,2.5499999999999998,2.5499999999999998,2.5499999999999998,2.5499999999999998,2.5499999999999998,2.5499999999999998,2.5499999999999998,2.5500000000000007,2.5499999999999998,2.5499999999999816,2.5499999999962926,2.5499999995604665,2.5499999688177808,2.5499986694598538,2.54996560286911,2.549455596993409,2.5446432193137896,2.5164328858061005,2.410814929041913,2.1460429316997289
188,2.5499999999999998,2.5499999999999998,2.5499999999999998,2.5499999999999998,2.5499999999999998,2.5499999999999998,2.5499999999999998,2.5499999999999998,2.5499999999999998,2.5499999999999998,2.5499999999999781,2.5499999999958027,2.5499999995144358,2.5499999662922641,2.549998588596353,2.5499640937686987,2.5494392082828412,2.5445398484804289,2.5160545284402409,2.4100109129160399,2.1450651859777383
189,2.5499999999999998,2.5499999999999998,2.5499999999999998,2.5499999999999998,2.5499999999999998,2.5499999999999998,2.5499999999999998,2.5499999999999998,2.5499999999999994,2.5499999999999994,2.5499999999999745,2.5499999999952534,2.5499999994641303,2.549999963590917,2.5499985037015769,2.5499625342692052,2.5494224900583458,2.5444354570225287,2.5156751758580618,2.409208259730478,2.1440905355748048
190,2.5499999999999998,2.5499999999999998,2.5499999999999998,2.5499999999999998,2.5499999999999998,2.5499999999999998,2.5499999999999998,2.5499999999999998,2.5500000000000003,2.5499999999999994,2.5499999999999701,2.5499999999946392,2.5499999994092053,2.5499999607036021,2.5499984146217995,2.5499609232733569,2.5494054395730372,2.5443300476462265,2.5152948426767043,2.4084069670786312,2.1431189556088284
191,2.5499999999999998,2.5499999999999998,2.5499999999999998,2.5499999999999998,2.5499999999999998,2.5499999999999998,2.5499999999999998,2.5499999999999998,2.5499999999999998,2.5499999999999998,2.5499999999999656,2.5499999999939535,2.5499999993492928,2.5499999576197232,2.5499983211994541,2.5499592596761298,2.5493880541145546,2.5442236231194131,2.5149135433368279,2.407607032495513,2.1421504215233997
192,2.5499999999999998,2.5499999999999998,2.5499999999999998,2.5499999999999998,2.5499999999999998,2.5499999999999998,2.5499999999999998,2.5499999999999998,2.5499999999999998,2.5499999999999998,2.5499999999999612,2.5499999999931884,2.5499999992839988,2.5499999543282126,2.549998223273124,2.5499575423649814,2.5493703310051483,2.5441161862699744,2.5145312921045679,2.4068084534598007,2.1411849090949917
193,2.5499999999999998,2.5499999999999998,2.5499999999999998,2.5499999999999998,2.5499999999999998,2.5499999999999998,2.5499999999999998,2.5499999999999998,2.5499999999999998,2.5499999999999998,2.5499999999999554,2.5499999999923357,2.5499999992129059,2.5499999508175266,2.5499981206775244,2.5499557702199458,2.5493522676017482,2.544007739985056,2.5141481030723209,2.4060112273945786,2.1402223944275987
194,2.5499999999999998,2.5499999999999998,2.5499999999999998,2.5499999999999998,2.5499999999999998,2.5499999999999998,2.5499999999999998,2.5499999999999998,2.5500000000000003,2.5499999999999994,2.549999999999947,2.5499999999913858,2.5499999991355686,2.5499999470756225,2.5499980132434619,2.5499539421140378,2.5493338612962515,2.5438982872078211,2.5137639901620861,2.4052153516713823,2.1392628539389178
195,2.5499999999999998,2.5499999999999998,2.5499999999999998,2.5499999999999998,2.5499999999999998,2.5499999999999998,2.5499999999999998,2.5499999999999998,2.5500000000000003,2.5499999999999998,2.5499999999999394,2.5499999999903302,2.5499999990515123,2.5499999430899489,2.5499979007978295,2.5499520569133187,2.5493151095155104,2.5437878309370627,2.5133789671259619,2.404420823610335,2.1383062643592061
196,2.5499999999999998,2.5499999999999998,2.5499999999999998,2.5499999999999998,2.5499999999999998,2.5499999999999998,2.5499999999999998,2.5499999999999998,2.5499999999999998,2.5500000000000003,2.5499999999999314,2.5499999999891578,2.549999998960232,2.549999938847431,2.5499977831635681,2.5499501134772848,2.5492960097215813,2.5436763742241979,2.5129930475493132,2.4036276404838111,2.1373526027196705
197,2.5499999999999998,2.5499999999999998,2.5499999999999998,2.5499999999999998,2.5499999999999998,2.5499999999999998,2.5499999999999998,2.5499999999999998,2.5499999999999994,2.5499999999999989,2.5499999999999203,2.5499999999878558,2.5499999988611926,2.5499999343344526,2.5499976601596464,2.5499481106590638,2.5492765594118043,2.5435639201718483,2.5126062448523423,2.4028357995178768,2.1364018463467764
198,2.5499999999999998,2.5499999999999998,2.5499999999999998,2.5499999999999998,2.5499999999999998,2.5499999999999998,2.5499999999999998,2.5499999999999998,2.5499999999999989,2.5499999999999985,2.5499999999999083,2.5499999999864129,2.5499999987538233,2.5499999295368485,2.5499975316010532,2.5499460473056179,2.5492567561188091,2.5434504719325131,2.5122185722916632,2.4020452978937001,2.1354539728596498
199,2.5499999999999998,2.5499999999999998,2.5499999999999998,2.5499999999999998,2.5499999999999998,2.5499999999999998,2.5499999999999998,2.5499999999999998,2.5500000000000003,2.5500000000000003,2.5499999999998955,2.5499999999848164,2.5499999986375199,2.5499999244398852,2.5499973972987662,2.5499439222580182,2.5492365974107112,2.5433360327064158,2.511830042962556,2.4012561327500643,2.1345089601606286
200,2.5499999999999998,2.5499999999999998,2.5499999999999998,2.5499999999999998,2.5499999999999998,2.5499999999999998,2.5499999999999998,2.5499999999999998,2.5500000000000003,2.5500000000000003,2.5499999999998808,2.5499999999830498,2.5499999985116424,2.5499999190282479,2.5499972570597507,2.5499417343516542,2.5492160808910351,2.543220605740363,2.5114406698005047,2.4004683011844743,2.1335667864347414
201,2.5499999999999998,2.5499999999999998,2.5499999999999998,2.5499999999999998,2.5499999999999998,2.5499999999999998,2.5499999999999998,2.5499999999999998,2.5499999999999994,2.5499999999999989,2.5499999999998639,2.5499999999810976,2.5499999983755122,2.5499999132860247,2.5499971106869306,2.5499394824164892,2.5491952041988641,2.5431041943257555,2.5110504655833106,2.3996818002554079,2.1326274301407562
202,2.5499999999999998,2.5499999999999998,2.5499999999999998,2.5499999999999998,2.5499999999999998,2.5499999999999998,2.5499999999999998,2.5499999999999998,2.5499999999999998,2.5499999999999989,2.5499999999998444,2.549999999978942,2.5499999982284107,2.5499999071966926,2.5499969579791824,2.5499371652772918,2.5491739650088099,2.5429868017971877,2.5106594429328579,2.3988966269837864,2.1316908700083843
203,2.5499999999999998,2.5499999999999998,2.5499999999999998,2.5499999999999998,2.5499999999999998,2.5499999999999998,2.5499999999999998,2.5499999999999998,2.5499999999999998,2.5499999999999989,2.5499999999998222,2.5499999999765648,2.5499999980695773,2.5499999007431065,2.5499967987313221,2.5499347817538829,2.5491523610310409,2.5428684315308403,2.5102676143170175,2.3981127783546556,2.1307570850319815
204,2.5499999999999998,2.5499999999999998,2.5499999999999998,2.5499999999999998,2.5499999999999998,2.5499999999999998,2.5499999999999998,2.5499999999999998,2.5499999999999998,2.5499999999999994,2.5499999999997986,2.5499999999739473,2.5499999978982082,2.5499998939074788,2.5499966327340915,2.5499323306613655,2.5491303900113156,2.5427490869429294,2.5098749920514694,2.3973302513188801,2.129826054466295
205,2.5499999999999998,2.5499999999999998,2.5499999999999998,2.5499999999999998,2.5499999999999998,2.5499999999999998,2.5499999999999998,2.5499999999999998,2.5500000000000007,2.5499999999999998,2.5499999999997707,2.5499999999710643,2.5499999977134529,2.5499998866713649,2.5499964597741638,2.549929810810359,2.5491080497308571,2.5426287714884936,2.509481588301429,2.3965490427942484,2.1288977578225832
206,2.5499999999999998,2.5499999999999998,2.5499999999999998,2.5499999999999998,2.5499999999999998,2.5499999999999998,2.5499999999999998,2.5499999999999998,2.5500000000000003,2.5499999999999994,2.54999999999974,2.5499999999678953,2.5499999975144143,2.5499998790156542,2.5499962796340969,2.5499272210072559,2.5490853380066376,2.5425074886591426,2.5090874150838132,2.3957691496681983,2.1279721748609108
207,2.5499999999999998,2.5499999999999998,2.5499999999999998,2.5499999999999998,2.5499999999999998,2.5499999999999998,2.5499999999999998,2.5499999999999998,2.5499999999999998,2.549999999999998,2.5499999999997058,2.5499999999644141,2.5499999973001466,2.5499998709205478,2.5499960920923712,2.5499245600544227,2.5490622526909901,2.5423852419826214,2.5086924842685487,2.3949905687978328,2.1270492855901084
208,2.5499999999999998,2.5499999999999998,2.5499999999999998,2.5499999999999998,2.5499999999999998,2.5499999999999998,2.5499999999999998,2.5499999999999998,2.5499999999999998,2.5499999999999976,2.5499999999996668,2.5499999999605927,2.5499999970696505,2.549999862365544,2.5499958969233694,2.5499218267504378,2.5490387916716526,2.5422620350211855,2.5082968075804559,2.3942132970116874,2.1261290702625506
209,2.5499999999999998,2.5499999999999998,2.5499999999999998,2.5499999999999998,2.5499999999999998,2.5499999999999998,2.5499999999999998,2.5499999999999994,2.5500000000000003,2.549999999999998,2.5499999999996228,2.5499999999564023,2.5499999968218763,2.5499998533294299,2.5499956938973316,2.5499190198903712,2.5490149528721346,2.542137871369063,2.5079003966016176,2.3934373311127777,2.1252115093645818
210,2.5499999999999998,2.5499999999999998,2.5499999999999998,2.5499999999999998,2.5499999999999998,2.5499999999999998,2.5499999999999998,2.5499999999999994,2.5500000000000003,2.549999999999998,2.5499999999995735,2.5499999999518117,2.5499999965557136,2.5499998437902622,2.5499954827804472,2.5499161382659188,2.5489907342507938,2.5420127546535247,2.5075032627718774,2.3926626678766043,2.1242965836229346
211,2.5499999999999998,2.5499999999999998,2.5499999999999998,2.5499999999999998,2.5499999999999998,2.5499999999999998,2.5499999999999998,2.5499999999999994,2.5500000000000003,2.5499999999999976,2.5499999999995184,2.5499999999467864,2.549999996269996,2.5499998337253524,2.5499952633347576,2.5499131806657207,2.5489661338015916,2.5418866885312839,2.5071054173917529,2.3918893040556277,2.1233842739912201
212,2.5499999999999998,2.5499999999999998,2.5499999999999998,2.5499999999999998,2.5499999999999998,2.5499999999999998,2.5499999999999998,2.5499999999999998,2.5499999999999994,2.5499999999999963,2.5499999999994567,2.5499999999412903,2.5499999959634971,2.5499998231112522,2.5499950353181835,2.5499101458755642,2.5489411495537757,2.5417596766878718,2.5067068716238108,2.3911172363796411,2.1224745616486977
213,2.5499999999999998,2.5499999999999998,2.5499999999999998,2.5499999999999998,2.5499999999999998,2.5499999999999998,2.5499999999999998,2.5500000000000003,2.5499999999999989,2.5499999999999954,2.5499999999993883,2.5499999999352845,2.5499999956349266,2.5499998119237355,2.5499947984846063,2.5499070326785307,2.5489157795711637,2.541631722838118,2.5063076364934673,2.3903464615546288,2.1215674280023671
214,2.5499999999999998,2.5499999999999998,2.5499999999999998,2.5499999999999998,2.5499999999999998,2.5499999999999998,2.5499999999999998,2.5499999999999998,2.5499999999999989,2.5499999999999949,2.5499999999993124,2.5499999999287266,2.54999999528293,2.5499998001377882,2.5499945525837333,2.5499038398553542,2.5488900219531061,2.5415028307219791,2.5059077228922058,2.3895769762680095,2.1206628546734625
215,2.5499999999999998,2.5499999999999998,2.5499999999999998,2.5499999999999998,2.5499999999999998,2.5499999999999998,2.5499999999999998,2.5499999999999994,2.5499999999999998,2.5499999999999949,2.549999999999228,2.5499999999215723,2.5499999949060843,2.5499997877275913,2.5499942973611995,2.5499005661845429,2.5488638748336205,2.5413730041054468,2.5055071415781289,2.3888087771868847,2.1197608235005325
216,2.5499999999999998,2.5499999999999998,2.5499999999999998,2.5499999999999998,2.5499999999999998,2.5499999999999998,2.5499999999999998,2.5499999999999989,2.5500000000000003,2.5499999999999945,2.5499999999991334,2.5499999999137737,2.5499999945028935,2.5499997746665057,2.5499940325585775,2.5498972104425928,2.5488373363812702,2.5412422467794102,2.5051059031775718,2.3880418609590857,2.1188613165357704
217,2.5499999999999998,2.5499999999999998,2.5499999999999998,2.5499999999999998,2.5499999999999998,2.5499999999999998,2.5499999999999998,2.5499999999999994,2.5499999999999998,2.5499999999999936,2.5499999999990277,2.5499999999052805,2.5499999940717908,2.549999760927057,2.5499937579133012,2.5498937714043022,2.548810404799605,2.5411105625568671,2.5047040181876734,2.3872762242165995,2.117964316036788
218,2.5499999999999998,2.5499999999999998,2.5499999999999998,2.5499999999999998,2.5499999999999998,2.5499999999999998,2.5499999999999998,2.5500000000000003,2.5499999999999994,2.5499999999999927,2.54999999999891,2.5499999998960377,2.5499999936111335,2.5499997464809216,2.5499934731587697,2.5498902478428667,2.5487830783263865,2.5409779552737288,2.5043014969768538,2.386511863573888,2.1170698044687399
219,2.5499999999999998,2.5499999999999998,2.5499999999999998,2.5499999999999998,2.5499999999999998,2.5499999999999998,2.5499999999999998,2.5500000000000003,2.5499999999999989,2.5499999999999918,2.5499999999987804,2.5499999998859861,2.5499999931191999,2.5499997312989122,2.5499931780243044,2.5498866385301615,2.5487553552337752,2.5408444287867131,2.5038983497870313,2.3857487756303306,2.116177764497992
220,2.5499999999999998,2.5499999999999998,2.5499999999999998,2.5499999999999998,2.5499999999999998,2.5499999999999998,2.5499999999999998,2.5499999999999994,2.5499999999999998,2.5499999999999905,2.5499999999986378,2.5499999998750642,2.5499999925941892,2.5499997153509621,2.5499928722351402,2.549882942236982,2.5487272338283167,2.5407099869718541,2.5034945867354663,2.3849869569717868,2.115288178987599
221,2.5499999999999998,2.5499999999999998,2.5499999999999998,2.5499999999999998,2.5499999999999998,2.5499999999999998,2.5499999999999998,2.5499999999999989,2.5499999999999998,2.5499999999999887,2.5499999999984788,2.5499999998632061,2.5499999920342118,2.5499996986061126,2.5499925555125356,2.549879157733097,2.5486987124501588,2.5405746337254995,2.5030902178150041,2.3842264041688361,2.1144010310001637
222,2.5499999999999998,2.5499999999999998,2.5499999999999998,2.5499999999999998,2.5499999999999998,2.5499999999999998,2.5499999999999998,2.5499999999999994,2.5499999999999998,2.5499999999999874,2.549999999998303,2.5499999998503404,2.5499999914372951,2.549999681032495,2.5499922275736484,2.5498752837876788,2.5486697894737458,2.5404383729604856,2.5026852528974612,2.3834671137813777,2.1135163037863065
223,2.5499999999999998,2.5499999999999998,2.5499999999999998,2.5499999999999998,2.5499999999999998,2.5499999999999998,2.5499999999999998,2.5499999999999998,2.5499999999999994,2.5499999999999852,2.5499999999981076,2.5499999998363934,2.5499999908013762,2.5499996625973189,2.5499918881316317,2.5498713191693727,2.5486404633071382,2.5403012086068171,2.5022797017340515,2.3827090823573376,2.1126339807865926
224,2.5499999999999998,2.5499999999999998,2.5499999999999998,2.5499999999999998,2.5499999999999998,2.5499999999999998,2.5499999999999998,2.5499999999999998,2.5499999999999994,2.5499999999999834,2.5499999999978922,2.5499999998212837,2.5499999901242956,2.5499996432668595,2.5499915368956958,2.5498672626464205,2.5486107323915665,2.5401631446116708,2.5018735739562343,2.3819523064323369,2.1117540456312658
225,2.5499999999999998,2.5499999999999998,2.5499999999999998,2.5499999999999998,2.5499999999999998,2.5499999999999998,2.5499999999999998,2.5499999999999998,2.5499999999999994,2.5499999999999816,2.5499999999976546,2.5499999998049261,2.5499999894038012,2.5499996230064377,2.5499911735709935,2.5498631129870843,2.5485805952020253,2.5400241849357545,2.5014668790790346,2.3811967825339009,2.1108764821295778
226,2.5499999999999998,2.5499999999999998,2.5499999999999998,2.5499999999999998,2.5499999999999998,2.5499999999999998,2.5499999999999998,2.5499999999999994,2.5499999999999998,2.5499999999999798,2.549999999997393,2.5499999997872309,2.5499999886375417,2.5499996017804096,2.5499907978587344,2.5498588689596731,2.5485500502465093,2.5398843335543888,2.5010596265011569,2.3804425071797484,2.1100012742726073
227,2.5499999999999998,2.5499999999999998,2.5499999999999998,2.5499999999999998,2.5499999999999998,2.5499999999999998,2.5499999999999998,2.5499999999999994,2.5499999999999998,2.5499999999999772,2.5499999999971048,2.5499999997681022,2.5499999878230608,2.5499995795521584,2.5499904094562256,2.5498545293326944,2.5485190960657138,2.5397435944570264,2.500651825506139,2.3796894768780485,2.1091284062314992
228,2.5499999999999998,2.5499999999999998,2.5499999999999998,2.5499999999999998,2.5499999999999998,2.5499999999999998,2.5499999999999998,2.5499999999999998,2.5499999999999998,2.5499999999999736,2.5499999999967873,2.5499999997474379,2.5499999869577996,2.5499995562840669,2.5499900080567826,2.5498500928752583,2.5484877312334353,2.5396019716441742,2.5002434852653486,2.3789376881309185,2.1082578623487347
229,2.5499999999999998,2.5499999999999998,2.5499999999999998,2.5499999999999998,2.5499999999999998,2.5499999999999998,2.5499999999999998,2.5500000000000012,2.5499999999999994,2.5499999999999692,2.5499999999964391,2.5499999997251304,2.5499999860390883,2.5499995319375155,2.5499895933498467,2.5498455583570721,2.548455954355838,2.5394594691285231,2.4998346148379911,2.3781871374326733,2.1073896271407335
230,2.5499999999999998,2.5499999999999998,2.5499999999999998,2.5499999999999998,2.5499999999999998,2.5499999999999998,2.5499999999999998,2.5500000000000012,2.5499999999999989,2.5499999999999652,2.5499999999960559,2.5499999997010656,2.5499999850641446,2.5499995064728669,2.5499891650209996,2.5498409245486449,2.5484237640713059,2.5393160909339056,2.499425223172655,2.3774378212707798,2.1065236852946092
231,2.5499999999999998,2.5499999999999998,2.5499999999999998,2.5499999999999998,2.5499999999999998,2.5499999999999998,2.5499999999999998,2.5500000000000003,2.5499999999999994,2.5499999999999612,2.5499999999956353,2.5499999996751228,2.5499999840300731,2.5499994798494448,2.5499887227519134,2.5498361902216287,2.5483911590505821,2.5391718410930597,2.4990153191097777,2.3766897361282879,2.1056600216618664
232,2.5499999999999998,2.5499999999999998,2.5499999999999998,2.5499999999999998,2.5499999999999998,2.5499999999999998,2.5499999999999998,2.5499999999999994,2.5499999999999994,2.5499999999999567,2.5499999999951739,2.5499999996471741,2.5499999829338567,2.5499994520255309,2.5499882662204634,2.5498313541487945,2.5483581379961269,2.5390267236486119,2.498604911381654,2.3759428784823426,2.1047986212604259
233,2.5499999999999998,2.5499999999999998,2.5499999999999998,2.5499999999999998,2.5499999999999998,2.5499999999999998,2.5499999999999998,2.5499999999999989,2.5499999999999994,2.5499999999999514,2.5499999999946676,2.5499999996170817,2.549999981772356,2.5499994229583476,2.5499877951007144,2.5498264151043091,2.5483246996420812,2.5388807426515143,2.4981940086144117,2.3751972448057508,2.1039394692700779
234,2.5499999999999998,2.5499999999999998,2.5499999999999998,2.5499999999999998,2.5499999999999998,2.5499999999999998,2.5499999999999998,2.5499999999999998,2.5499999999999989,2.5499999999999448,2.549999999994113,2.5499999995847027,2.5499999805423066,2.5499993926040401,2.5499873090629133,2.5498213718639882,2.5482908427541875,2.53873390215964,2.4977826193298718,2.3744528315683371,2.1030825510283595
235,2.5499999999999998,2.5499999999999998,2.5499999999999998,2.5499999999999998,2.5499999999999998,2.5499999999999998,2.5499999999999998,2.5500000000000007,2.5499999999999989,2.5499999999999376,2.5499999999935063,2.5499999995498865,2.5499999792403125,2.5499993609176737,2.5499868077735997,2.5498162232052661,2.5482565661292109,2.5385862062386813,2.4973707519455535,2.3737096352357159,2.1022278520323434
236,2.5499999999999998,2.5499999999999998,2.5499999999999998,2.5499999999999998,2.5499999999999998,2.5499999999999998,2.5499999999999998,2.5500000000000007,2.5499999999999989,2.5499999999999297,2.5499999999928424,2.5499999995124729,2.5499999778628473,2.5499993278532123,2.5499862908955579,2.5498109679075527,2.5482218685950158,2.538437658959964,2.4969584147771831,2.3729676522714751,2.101375357932489
237,2.5499999999999998,2.5499999999999998,2.5499999999999998,2.5499999999999998,2.5499999999999998,2.5499999999999998,2.5499999999999998,2.5499999999999998,2.5499999999999998,2.5499999999999212,2.5499999999921177,2.5499999994722935,2.5499999764062453,2.5499992933635061,2.549985758087856,2.5498056047523829,2.5481867490102892,2.5382882643999434,2.4965456160398314,2.3722268791375161,2.1005250545308223
238,2.5499999999999998,2.5499999999999998,2.5499999999999998,2.5499999999999998,2.5499999999999998,2.5499999999999998,2.5499999999999998,2.5499999999999994,2.5499999999999998,2.5499999999999114,2.5499999999913259,2.5499999994291693,2.5499999748666995,2.5499992574002959,2.5499852090059574,2.5498001325233557,2.5481512062639919,2.5381380266411298,2.4961323638478454,2.3714873122928495,2.0996769277827818
239,2.5499999999999998,2.5499999999999998,2.5499999999999998,2.5499999999999998,2.5499999999999998,2.5499999999999998,2.5499999999999998,2.5499999999999994,2.5499999999999998,2.5499999999999008,2.549999999990463,2.549999999382913,2.5499999732402596,2.5499992199141746,2.5499846433016224,2.5497945500066512,2.5481152392756026,2.5379869497689063,2.4957186662182327,2.3707489481968369,2.0988309637885441
240,2.5499999999999998,2.5499999999999998,2.5499999999999998,2.5499999999999998,2.5499999999999998,2.5499999999999998,2.5499999999999994,2.5499999999999998,2.5499999999999989,2.5499999999998888,2.5499999999895224,2.5499999993333269,2.5499999715228281,2.5499991808545897,2.5499840606230118,2.5497888559909994,2.5480788469946085,2.5378350378722523,2.4953045310707567,2.3700117833082044,2.097987148794342
241,2.5499999999999998,2.5499999999999998,2.5499999999999998,2.5499999999999998,2.5499999999999998,2.5499999999999998,2.5499999999999998,2.5499999999999998,2.5499999999999989,2.5499999999998759,2.5499999999884975,2.5499999992802014,2.5499999697101492,2.5499991401697799,2.5499834606143232,2.5497830492659492,2.5480420283957748,2.5376822950389877,2.4948899662304558,2.3692758140932266,2.0971454529925344
242,2.5499999999999998,2.5499999999999998,2.5499999999999998,2.5499999999999998,2.5499999999999998,2.5499999999999998,2.5499999999999998,2.5499999999999998,2.5499999999999989,2.5499999999998622,2.5499999999873815,2.549999999223318,2.549999967797822,2.5499990978069742,2.5499828429174527,2.5497771286294264,2.5480047824968026,2.5375287253728973,2.4944749794219199,2.368541036994019,2.0963058657812961
243,2.5499999999999998,2.5499999999999998,2.5499999999999998,2.5499999999999998,2.5499999999999998,2.5499999999999998,2.5499999999999998,2.5499999999999998,2.5499999999999989,2.5499999999998462,2.5499999999861664,2.5499999991624445,2.5499999657812742,2.5499990537120545,2.5499822071695126,2.5497710928767972,2.5479671083313278,2.5373743329660252,2.494059578281981,2.3678074484779095,2.095468378565946
244,2.5499999999999998,2.5499999999999998,2.5499999999999998,2.5499999999999998,2.5499999999999998,2.5499999999999998,2.5499999999999998,2.5499999999999998,2.5499999999999985,2.549999999999828,2.5499999999848475,2.5499999990973397,2.5499999636557731,2.549999007829769,2.5499815530046082,2.5497649408085885,2.5479290049665329,2.5372191219155114,2.4936437703528127,2.3670750450057896,2.0946329798280585
245,2.5499999999999998,2.5499999999999998,2.5499999999999998,2.5499999999999998,2.5499999999999998,2.5499999999999998,2.5499999999999998,2.5499999999999998,2.5499999999999985,2.5499999999998084,2.5499999999834131,2.549999999027746,2.5499999614164204,2.5499989601036899,2.5499808800534538,2.549758671228477,2.5478904714976767,2.5370630963193315,2.4932275630878773,2.3663438230399327,2.0937996574945186
246,2.5499999999999998,2.5499999999999998,2.5499999999999998,2.5499999999999998,2.5499999999999998,2.5499999999999998,2.5499999999999998,2.5499999999999998,2.549999999999998,2.5499999999997875,2.5499999999818566,2.5499999989533984,2.549999959058145,2.5499989104761576,2.5499801879433206,2.5497522829436616,2.5478515070490149,2.5369062602754413,2.4928109638490241,2.3656137790445975,2.0929683992913386
247,2.5499999999999998,2.5499999999999998,2.5499999999999998,2.5499999999999998,2.5499999999999998,2.5499999999999998,2.5499999999999998,2.5499999999999998,2.549999999999998,2.5499999999997622,2.5499999999801668,2.549999998874013,2.5499999565756983,2.5499988588882831,2.5499794762981014,2.5497457747649395,2.5478121107731764,2.536748617881305,2.492393979908802,2.3648849094860482,2.0921391929005253
248,2.5499999999999998,2.5499999999999998,2.5499999999999998,2.5499999999999998,2.5499999999999998,2.5499999999999998,2.5499999999999998,2.5499999999999998,2.5499999999999976,2.5499999999997369,2.5499999999783363,2.5499999987892932,2.5499999539636495,2.5499988052799361,2.5499787447383331,2.549739145506873,2.5477722818510649,2.5365901732333715,2.4919766184511221,2.3641572108324267,2.0913120260359808
249,2.5499999999999998,2.5499999999999998,2.5499999999999998,2.5499999999999998,2.5499999999999998,2.5499999999999998,2.5499999999999998,2.5499999999999998,2.5499999999999963,2.5499999999997072,2.5499999999763521,2.5499999986989326,2.5499999512163827,2.5499987495897476,2.5499779928812947,2.5497323939878687,2.5477320194911282,2.5364309304265396,2.4915588865738667,2.3634306795534439,2.0904868864711479
250,2.5499999999999998,2.5499999999999998,2.5499999999999998,2.5499999999999998,2.5499999999999998,2.5499999999999998,2.5499999999999998,2.5499999999999998,2.5499999999999967,2.5499999999996752,2.5499999999742049,2.5499999986026038,2.5499999483280948,2.5499986917551003,2.5499772203410309,2.5497255190303481,2.5476913229291482,2.5362708935535916,2.4911407912898533,2.3627053121202035,2.0896637620513694
251,2.5499999999999998,2.5499999999999998,2.5499999999999998,2.5499999999999998,2.5499999999999998,2.5499999999999998,2.5499999999999998,2.5499999999999998,2.5499999999999967,2.5499999999996401,2.5499999999718805,2.5499999984999633,2.5499999452927895,2.5499986317121155,2.549976426728374,2.5497185194608103,2.547650191428195,2.5361100667049885,2.4907223395270766,2.3619811050052824,2.0888426407004381
252,2.5499999999999998,2.5499999999999998,2.5499999999999998,2.5499999999999998,2.5499999999999998,2.5499999999999998,2.5499999999999998,2.5499999999999998,2.5499999999999963,2.5499999999996015,2.549999999969367,2.5499999983906578,2.5499999421042707,2.5499985693956391,2.5499756116510039,2.5497113941100813,2.5476086242781983,2.5359484539679809,2.4903035381305423,2.3612580546832258,2.0880235104429152
253,2.5499999999999998,2.5499999999999998,2.5499999999999998,2.5499999999999998,2.5499999999999998,2.5499999999999998,2.5499999999999998,2.5499999999999998,2.5499999999999958,2.5499999999995584,2.5499999999666509,2.5499999982743136,2.5499999387561458,2.5499985047392495,2.5499747747134269,2.5497041418131907,2.5475666207960863,2.5357860594270303,2.4898843938615944,2.3605361576304866,2.0872063593886563
254,2.5499999999999998,2.5499999999999998,2.5499999999999998,2.5499999999999998,2.5499999999999998,2.5499999999999998,2.5499999999999998,2.5499999999999998,2.5499999999999954,2.5499999999995118,2.5499999999637182,2.549999998150537,2.5499999352418121,2.5499984376752205,2.5499739155170968,2.5496967614098076,2.5475241803250186,2.5356228871622646,2.4894649134011249,2.3598154103265103,2.0863911757631035
255,2.5499999999999998,2.5499999999999998,2.5499999999999998,2.5499999999999998,2.5499999999999998,2.5499999999999998,2.5499999999999998,2.5499999999999998,2.5499999999999949,2.5499999999994607,2.5499999999605518,2.5499999980189201,2.549999931554455,2.5499983681345322,2.5499730336604296,2.5496892517442147,2.5474813022342722,2.5354589412495434,2.4890451033498433,2.3590958092543772,2.085577947889552
256,2.5499999999999998,2.5499999999999998,2.5499999999999998,2.5499999999999998,2.5499999999999998,2.5499999999999998,2.5499999999999998,2.5499999999999998,2.5499999999999945,2.5499999999994039,2.5499999999571368,2.5499999978790342,2.5499999276870495,2.5499982960468666,2.5499721287387977,2.5496816116653136,2.5474379859192955,2.5352942257604556,2.4886249702281233,2.3583773509005725,2.0847666641950364
257,2.5499999999999998,2.5499999999999998,2.5499999999999998,2.5499999999999998,2.5499999999999998,2.5499999999999998,2.5499999999999998,2.5499999999999998,2.5499999999999932,2.5499999999993421,2.5499999999534562,2.5499999977304322,2.549999923632345,2.549998221340581,2.5499712003446642,2.5496738400269772,2.5473942308008617,2.5351287447610487,2.48820452047923,2.3576600317569469,2.0839573132103721
258,2.5499999999999998,2.5499999999999998,2.5499999999999998,2.5499999999999998,2.5499999999999998,2.5499999999999998,2.5499999999999998,2.5499999999999998,2.5499999999999923,2.5499999999992751,2.5499999999494896,2.5499999975726455,2.5499999193828664,2.5499981439427102,2.5499702480675976,2.5496659356880809,2.5473500363249779,2.5349625023117333,2.4877837604695752,2.3569438483208258,2.0831498835690923
259,2.5499999999999998,2.5499999999999998,2.5499999999999998,2.5499999999999998,2.5499999999999998,2.5499999999999998,2.5499999999999998,2.5499999999999998,2.5499999999999918,2.5499999999992013,2.5499999999452188,2.5499999974051866,2.5499999149309214,2.5499980637789785,2.5499692714941817,2.5496578975122723,2.5473054019634502,2.5347955024680937,2.4873626964866529,2.3562287970938032,2.0823443640082253
260,2.5499999999999998,2.5499999999999998,2.5499999999999998,2.5499999999999998,2.5499999999999998,2.5499999999999998,2.5499999999999998,2.5499999999999998,2.5499999999999909,2.5499999999991205,2.549999999940622,2.5499999972275442,2.54999991026857,2.5499979807737518,2.5499682702083102,2.5496497243687091,2.5472603272120833,2.534627749278306,2.4869413347456555,2.355514874585297,2.0815407433680466
261,2.5499999999999998,2.5499999999999998,2.5499999999999998,2.5499999999999998,2.5499999999999998,2.5499999999999998,2.5499999999999998,2.5499999999999998,2.5499999999999892,2.5499999999990317,2.5499999999356788,2.5499999970391878,2.5499999053876525,2.5499978948500823,2.5499672437909187,2.5496414151313909,2.5472148115923083,2.5344592467854694,2.4865196813834927,2.3548020773093938,2.0807390105920405
262,2.5499999999999998,2.5499999999999998,2.5499999999999998,2.5499999999999998,2.5499999999999998,2.5499999999999998,2.5499999999999998,2.5499999999999998,2.5499999999999883,2.5499999999989345,2.5499999999303653,2.5499999968395617,2.5499999002797478,2.5499978059296411,2.549966191820392,2.5496329686801404,2.5471688546487181,2.5342899990241872,2.4860977424677153,2.3540904017891107,2.0799391547245185
263,2.5499999999999998,2.5499999999999998,2.5499999999999998,2.5499999999999998,2.5499999999999998,2.5499999999999998,2.5499999999999998,2.5499999999999994,2.5499999999999874,2.5499999999988292,2.5499999999246565,2.5499999966280886,2.5499998949362079,2.549997713932775,2.5499651138722204,2.5496243838997823,2.5471224559511541,2.5341200100234302,2.4856755239890007,2.3533798445529186,2.0791411649132705
264,2.5499999999999998,2.5499999999999998,2.5499999999999998,2.5499999999999998,2.5499999999999998,2.5499999999999998,2.5499999999999998,2.5499999999999989,2.5499999999999861,2.5499999999987146,2.5499999999185272,2.5499999964041633,2.5499998893481126,2.5499976187784377,2.5499640095194538,2.549615659681169,2.5470756150919875,2.5339492838029809,2.4852530318707413,2.3526704021386586,2.0783450304027493
265,2.5499999999999998,2.5499999999999998,2.5499999999999998,2.5499999999999998,2.5499999999999998,2.5499999999999998,2.5499999999999998,2.5499999999999994,2.5499999999999843,2.5499999999985898,2.5499999999119494,2.5499999961671582,2.5499998835063087,2.5499975203842449,2.5499628783323223,2.5496067949203449,2.5470283316883733,2.5337778243763238,2.4848302719611621,2.3519620710904841,2.0775507405407536
266,2.5499999999999998,2.5499999999999998,2.5499999999999998,2.5499999999999998,2.5499999999999998,2.5499999999999998,2.5499999999999998,2.5499999999999998,2.5499999999999825,2.5499999999984539,2.5499999999048941,2.5499999959164175,2.5499998774013632,2.5499974186664169,2.5499617198786813,2.5495977885194701,2.5469806053796531,2.5336056357474828,2.4844072500422114,2.3512548479618647,2.0767582847689776
267,2.5499999999999998,2.5499999999999998,2.5499999999999998,2.5499999999999998,2.5499999999999998,2.5499999999999998,2.5499999999999998,2.5500000000000003,2.5499999999999807,2.5499999999983056,2.5499999998973313,2.5499999956512598,2.5499998710235872,2.549997313539806,2.5499605337237838,2.5495886393863598,2.5469324358286771,2.5334327219125856,2.48398397182509,2.3505487293141782,2.0759676526281954
268,2.5499999999999998,2.5499999999999998,2.5499999999999998,2.5499999999999998,2.5499999999999998,2.5499999999999998,2.5499999999999998,2.5500000000000007,2.5499999999999781,2.5499999999981444,2.5499999998892284,2.549999995370976,2.5499998643630231,2.5499972049178838,2.5499593194304033,2.5495793464346792,2.5468838227211186,2.5332590868592253,2.4835604429523737,2.3498437117169555,2.0751788337552846
269,2.5499999999999998,2.5499999999999998,2.5499999999999998,2.5499999999999998,2.5499999999999998,2.5499999999999998,2.5499999999999998,2.5500000000000003,2.5499999999999754,2.5499999999979694,2.5499999998805514,2.5499999950748293,2.5499998574094391,2.5499970927127311,2.5499580765589016,2.5495699085841519,2.5468347657650408,2.5330847345657235,2.4831366689997312,2.3491397917489567,2.0743918178818479
270,2.5499999999999998,2.5499999999999998,2.5499999999999998,2.5499999999999998,2.5499999999999998,2.5499999999999998,2.5499999999999998,2.5499999999999994,2.5499999999999732,2.5499999999977794,2.5499999998712646,2.5499999947620529,2.5499998501523238,2.5499969768350352,2.5499568046672692,2.5495603247605683,2.5467852646907185,2.5329096690011261,2.4827126554763055,2.3484369659978026,2.0736065948333509
271,2.5499999999999998,2.5499999999999998,2.5499999999999998,2.5499999999999998,2.5499999999999998,2.5499999999999998,2.5499999999999998,2.5499999999999994,2.5499999999999701,2.5499999999975729,2.5499999998613299,2.5499999944318459,2.5499998425808794,2.5499968571940905,2.549955503311196,2.5495505938958778,2.5467353192502507,2.5327338941249038,2.4822884078258354,2.3477352310599899,2.0728231545276814
272,2.5499999999999998,2.5499999999999998,2.5499999999999998,2.5499999999999998,2.5499999999999998,2.5499999999999998,2.5499999999999998,2.5499999999999994,2.549999999999967,2.5499999999973486,2.5499999998507059,2.5499999940833802,2.5499998346840238,2.5499967336977845,2.5499541720440639,2.549540714928284,2.5466849292175415,2.5325574138865998,2.4818639314270974,2.3470345835417228,2.0720414869749537
273,2.5499999999999998,2.5499999999999998,2.5499999999999998,2.5499999999999998,2.5499999999999998,2.5499999999999998,2.5499999999999998,2.5499999999999998,2.5499999999999634,2.5499999999971061,2.5499999998393528,2.5499999937157947,2.5499998264503803,2.5499966062526092,2.549952810417027,2.5495306868022194,2.5466340943879531,2.5323802322259605,2.4814392315944911,2.3463350200580471,2.0712615822759788
274,2.5499999999999998,2.5499999999999998,2.5499999999999998,2.5499999999999998,2.5499999999999998,2.5499999999999998,2.5499999999999998,2.5499999999999998,2.5499999999999594,2.5499999999968432,2.549999999827226,2.549999993328194,2.5499998178682772,2.5499964747636437,2.5499514179790537,2.5495205084685271,2.5465828145779987,2.5322023530722992,2.4810143135793665,2.3456365372337422,2.0704834306212536
275,2.5499999999999998,2.5499999999999998,2.5499999999999998,2.5499999999999998,2.5499999999999998,2.5499999999999998,2.5499999999999998,2.5499999999999994,2.5499999999999545,2.5499999999965586,2.5499999998142795,2.5499999929196506,2.5499998089257385,2.5499963391345553,2.5499499942769739,2.5495101788845118,2.546531089625105,2.532023780344324,2.4805891825707183,2.3449391317033621,2.0697070222899243
276,2.5499999999999998,2.5499999999999998,2.5499999999999998,2.5499999999999998,2.5499999999999998,2.5499999999999998,2.5499999999999998,2.5499999999999989,2.5499999999999496,2.5499999999962504,2.5499999998004643,2.5499999924891998,2.5499997996104828,2.5499961992676088,2.549948538855519,2.5494996970138799,2.5464789193874839,2.531844517950379,2.4801638436952138,2.3442428001106914,2.0689323476487851
277,2.5499999999999998,2.5499999999999998,2.5499999999999998,2.5499999999999998,2.5499999999999998,2.5499999999999998,2.5499999999999998,2.5499999999999994,2.5499999999999443,2.5499999999959164,2.5499999997857281,2.5499999920358416,2.549999789909918,2.5499960550636422,2.5499470512573752,2.5494890618270021,2.5464263037436958,2.5316645697875191,2.4797383020190824,2.3435475391097902,2.0681593971512156
278,2.5499999999999998,2.5499999999999998,2.5499999999999998,2.5499999999999998,2.5499999999999998,2.5499999999999998,2.5499999999999998,2.5499999999999994,2.5499999999999385,2.5499999999955554,2.549999999770018,2.5499999915585398,2.5499997798111358,2.5499959064220814,2.5499455310232331,2.5494782723008238,2.5463732425925172,2.5314839397418485,2.4793125625480683,2.3428533453644387,2.0673881613361487
279,2.5499999999999998,2.5499999999999998,2.5499999999999998,2.5499999999999998,2.5499999999999998,2.5499999999999998,2.5499999999999998,2.5499999999999994,2.5499999999999328,2.5499999999951655,2.5499999997532767,2.5499999910562186,2.549999769300908,2.5499957532409336,2.5499439776918313,2.5494673274189705,2.5463197358526584,2.5313026316881553,2.4788866302284092,2.3421602155484225,2.0666186308270249
280,2.5499999999999998,2.5499999999999998,2.5499999999999998,2.5499999999999998,2.5499999999999998,2.5499999999999998,2.5499999999999998,2.5499999999999989,2.5499999999999261,2.5499999999947454,2.5499999997354448,2.5499999905277635,2.5499997583656819,2.5499955954167799,2.549942390800001,2.5494562261718543,2.5462657834625073,2.5311206494895626,2.4784605099477495,2.3414681463457643,2.0658507963307602
281,2.5499999999999998,2.5499999999999998,2.5499999999999998,2.5499999999999998,2.5499999999999998,2.5499999999999998,2.5499999999999998,2.5499999999999985,2.5499999999999186,2.5499999999942915,2.54999999971646,2.5499999899720209,2.5499997469915749,2.5499954328447854,2.5499407698827299,2.549444967556624,2.5462113853798773,2.530937996997682,2.4780342065355496,2.3407771344505215,2.0650846486370176
282,2.5499999999999998,2.5499999999999998,2.5499999999999998,2.5499999999999998,2.5499999999999998,2.5499999999999998,2.5499999999999998,2.5499999999999985,2.5499999999999106,2.5499999999938017,2.5499999996962579,2.5499999893877954,2.5499997351643695,2.549995265418683,2.5499391144731893,2.5494335505773482,2.5461565415817615,2.5307546780520265,2.4776077247641912,2.3400871765672022,2.0643201786167151
283,2.5499999999999998,2.5499999999999998,2.5499999999999998,2.5499999999999998,2.5499999999999998,2.5499999999999998,2.5499999999999998,2.5499999999999985,2.5499999999999012,2.5499999999932741,2.5499999996747702,2.5499999887738487,2.5499997228695115,2.5499950930307862,2.5499374241027963,2.5494219742449657,2.5461012520641018,2.5305706964801651,2.4771810693493541,2.3393982694105602,2.0635573772215436
284,2.5499999999999998,2.5499999999999998,2.5499999999999998,2.5499999999999998,2.5499999999999998,2.5499999999999998,2.5499999999999998,2.5499999999999985,2.549999999999891,2.5499999999927057,2.5499999996519231,2.5499999881288984,2.5499997100921017,2.5499949155719857,2.5499356983012587,2.5494102375773502,2.5460455168415437,2.530386056097516,2.4767542449507531,2.3387104097056906,2.0627962354829554
285,2.5499999999999998,2.5499999999999998,2.5499999999999998,2.5499999999999998,2.5499999999999998,2.5499999999999998,2.5499999999999998,2.5499999999999985,2.5499999999998804,2.5499999999920933,2.5499999996276435,2.5499999874516197,2.5499996968168936,2.5499947329317338,2.5499339365966178,2.5493983395994602,2.5459893359471333,2.5302007607068342,2.4763272561733043,2.3380235941884213,2.0620367445106029
286,2.5499999999999998,2.5499999999999998,2.5499999999999998,2.5499999999999998,2.5499999999999998,2.5499999999999998,2.5499999999999998,2.5499999999999989,2.5499999999998684,2.5499999999914347,2.5499999996018512,2.5499999867406404,2.5499996830282887,2.5499945449980661,2.5499321385153011,2.5493862793432478,2.54593270943217,2.5300148140985277,2.4759001075671518,2.3373378196049477,2.0612788954921983
287,2.5499999999999998,2.5499999999999998,2.5499999999999998,2.5499999999999998,2.5499999999999998,2.5499999999999998,2.5499999999999998,2.5499999999999989,2.549999999999855,2.5499999999907255,2.5499999995744638,2.5499999859945417,2.5499996687103299,2.5499943516575949,2.5499303035821641,2.5493740558477116,2.5458756373659632,2.5298282200504643,2.4754728036283939,2.3366530827119303,2.060522679692506
288,2.5499999999999998,2.5499999999999998,2.5499999999999998,2.5499999999999998,2.5499999999999998,2.5499999999999998,2.5499999999999998,2.5499999999999985,2.5499999999998408,2.549999999989963,2.5499999995453955,2.549999985211858,2.5499996538466996,2.5499941527954935,2.5499284313205468,2.5493616681591096,2.545818119835459,2.529640982327293,2.4750453488005637,2.3359693802769987,2.0597680884515279
289,2.5499999999999998,2.5499999999999998,2.5499999999999998,2.5499999999999998,2.5499999999999998,2.5499999999999998,2.5499999999999998,2.5499999999999972,2.5499999999998249,2.5499999999891432,2.5499999995145561,2.5499999843910728,2.5499996384207151,2.5499939482955183,2.549926521252313,2.5493491153307963,2.5457601569451702,2.529453104680949,2.4746177474743121,2.3352867090782969,2.0590151131846937
290,2.5499999999999998,2.5499999999999998,2.5499999999999998,2.5499999999999998,2.5499999999999998,2.5499999999999998,2.5499999999999998,2.5499999999999967,2.549999999999808,2.549999999988263,2.5499999994818512,2.5499999835306202,2.5499996224153243,2.5499937380400084,2.5499245728978979,2.5493363964232896,2.5457017488169185,2.5292645908504428,2.4741900039881775,2.3346050659046038,2.0582637453818364
291,2.5499999999999998,2.5499999999999998,2.5499999999999998,2.5499999999999998,2.5499999999999998,2.5499999999999998,2.5499999999999998,2.5499999999999972,2.5499999999997902,2.5499999999873184,2.5499999994471829,2.5499999826288833,2.5499996058130998,2.5499935219098631,2.5499225857763621,2.5493235105044798,2.545642895589459,2.5290754445611805,2.4737621226300686,2.3339244475557384,2.0575139766053052
292,2.5499999999999998,2.5499999999999998,2.5499999999999998,2.5499999999999998,2.5499999999999998,2.5499999999999998,2.5499999999999998,2.5499999999999976,2.5499999999997707,2.5499999999863054,2.5499999994104483,2.5499999816841914,2.5499995885962337,2.5499932997845702,2.5499205594054328,2.5493104566494686,2.5455835974184104,2.528885669525466,2.4733341076369566,2.3332448508422248,2.0567657984902836
293,2.5499999999999998,2.5499999999999998,2.5499999999999998,2.5499999999999998,2.5499999999999998,2.5499999999999998,2.5499999999999998,2.5499999999999976,2.5499999999997494,2.5499999999852183,2.5499999993715385,2.5499999806948201,2.5499995707465342,2.5499930715422039,2.5499184933015493,2.5492972339406301,2.545523854476003,2.5286952694422915,2.4729059631956378,2.3325662725854022,2.0560192027437814
294,2.5499999999999998,2.5499999999999998,2.5499999999999998,2.5499999999999998,2.5499999999999998,2.5499999999999998,2.5500000000000003,2.5499999999999967,2.5499999999997258,2.5499999999840535,2.5499999993303417,2.5499999796589892,2.5499995522454233,2.5499928370594045,2.5499163869799188,2.5492838414677923,2.5454636669507251,2.5285042479967732,2.4724776934440404,2.3318887096176795,2.055274181142789
295,2.5499999999999998,2.5499999999999998,2.5499999999999998,2.5499999999999998,2.5499999999999998,2.5499999999999998,2.5500000000000003,2.5499999999999954,2.5499999999996996,2.5499999999828056,2.5499999992867406,2.549999978574863,2.54999953307393,2.5499925962114052,2.549914239954552,2.5492702783281005,2.5454030350472401,2.528312608860551,2.4720493024710604,2.3312121587823267,2.0545307255346041
296,2.5499999999999998,2.5499999999999998,2.5499999999999998,2.5499999999999998,2.5499999999999998,2.5499999999999998,2.5500000000000003,2.5499999999999945,2.5499999999996716,2.5499999999814684,2.549999999240613,2.5499999774405473,2.5499995132126898,2.5499923488720295,2.5499120517383136,2.5492565436260679,2.5453419589861372,2.5281203556916103,2.4716207943172805,2.3305366169335446,2.0537888278358469
297,2.5499999999999998,2.5499999999999998,2.5499999999999998,2.5499999999999998,2.5499999999999998,2.5499999999999998,2.5500000000000003,2.5499999999999945,2.5499999999996419,2.5499999999800362,2.5499999991918321,2.5499999762540879,2.549999492641934,2.5499920949136774,2.5499098218429759,2.5492426364737351,2.5452804390035961,2.5279274921338075,2.4711921729761581,2.3298620809366901,2.0530484800307214
298,2.5499999999999998,2.5499999999999998,2.5499999999999998,2.5499999999999998,2.5499999999999998,2.5499999999999998,2.5499999999999994,2.5499999999999949,2.5499999999996095,2.5499999999785037,2.5499999991402644,2.5499999750134728,2.5499994713414904,2.5499918342073458,2.549907549779256,2.5492285559905552,2.5452184753512883,2.5277340218171767,2.4707634423939768,2.3291885476680885,2.0523096741711999
299,2.5499999999999998,2.5499999999999998,2.5499999999999998,2.5499999999999998,2.5499999999999998,2.5499999999999998,2.5499999999999989,2.5499999999999949,2.5499999999995744,2.5499999999768654,2.549999999085772,2.5499999737166257,2.5499994492907763,2.5499915666226332,2.5499052350568623,2.549214301303425,2.5451560682961576,2.527539948357826,2.4703346064704421,2.3285160140150611,2.0515724023762019
300,2.5499999999999998,2.5499999999999998,2.5499999999999998,2.5499999999999998,2.5499999999999998,2.5499999999999998,2.5499999999999989,2.549999999999994,2.5499999999995357,2.5499999999751157,2.5499999990282096,2.5499999723614089,2.549999426468796,2.5499912920277259,2.5499028771845489,2.5491998715468061,2.5450932181200967,2.5273452753575643,2.4699056690597363,2.3278444768761242,2.0508366568301137
301,2.5499999999999998,2.5499999999999998,2.5499999999999998,2.5499999999999998,2.5499999999999998,2.5499999999999998,2.5499999999999998,2.5499999999999927,2.5499999999994953,2.5499999999732448,2.5499999989674262,2.5499999709456143,2.5499994028540853,2.5499910102890735,2.549900475668744,2.5491852658593164,2.5450299251164155,2.5271500064058059,2.4694766339772083,2.3271739331638019,2.0501024327485711
302,2.5499999999999998,2.5499999999999998,2.5499999999999998,2.5499999999999998,2.5499999999999998,2.5499999999999998,2.5499999999999998,2.5499999999999918,2.54999999999945,2.5499999999712459,2.5499999989032665,2.5499999694669815,2.5499993784249146,2.5499907212727755,2.5498980300193259,2.5491704833973885,2.5449661896034423,2.5269541450717043,2.4690475049721683,2.3265043797935818,2.0493697219065341
303,2.5499999999999998,2.5499999999999998,2.5499999999999998,2.5499999999999998,2.5499999999999998,2.5499999999999998,2.5499999999999998,2.5499999999999914,2.5499999999994021,2.5499999999691134,2.5499999988355686,2.5499999679231702,2.5499993531589613,2.5499904248424285,2.5498955397408123,2.5491555233144036,2.5449020119035994,2.5267576949174062,2.4686182857724268,2.3258358136991517,2.0486385158365086
304,2.5499999999999998,2.5499999999999998,2.5499999999999998,2.5499999999999998,2.5499999999999998,2.5499999999999998,2.5499999999999998,2.5499999999999905,2.5499999999993497,2.549999999966837,2.5499999987641608,2.5499999663117765,2.5499993270335417,2.5499901208606852,2.5498930043386272,2.5491403847749785,2.5448373923565302,2.5265606594874419,2.4681889800544199,2.3251682318236462,2.0479088066558275
305,2.5499999999999998,2.5499999999999998,2.5499999999999998,2.5499999999999998,2.5499999999999998,2.5499999999999998,2.5499999999999994,2.5499999999999896,2.5499999999992937,2.5499999999644092,2.5499999986888668,2.5499999646303206,2.549999300025509,2.5499898091887094,2.5498904233174167,2.5491250669519538,2.5447723313169561,2.5263630423106118,2.4677595914479094,2.324501631122347,2.0471805867059527
306,2.5499999999999998,2.5499999999999998,2.5499999999999998,2.5499999999999998,2.5499999999999998,2.5499999999999998,2.5499999999999994,2.5499999999999887,2.549999999999232,2.5499999999618206,2.549999998609505,2.5499999628762606,2.5499992721113172,2.5499894896864128,2.5498877961811441,2.5491095690248375,2.5447068291518806,2.5261648469032072,2.4673301235451914,2.323836008560165,2.0464538484267223
307,2.5499999999999998,2.5499999999999998,2.5499999999999998,2.5499999999999998,2.5499999999999998,2.5499999999999998,2.5499999999999998,2.5499999999999869,2.5499999999991663,2.5499999999590619,2.549999998525883,2.5499999610469808,2.5499992432669862,2.5499891622123467,2.5498851224331234,2.5490938901806652,2.5446408862417531,2.5259660767671224,2.4669005798968877,2.3231713611131406,2.0457285843488204
308,2.5499999999999998,2.5499999999999998,2.5499999999999998,2.5499999999999998,2.5499999999999998,2.5499999999999998,2.5499999999999989,2.5499999999999856,2.5499999999990957,2.5499999999561238,2.5499999984378032,2.5499999591397922,2.5499992134680927,2.5499888266236992,2.5498824015760642,2.5490780296140825,2.5445745029803595,2.5257667353896291,2.4664709640120588,2.32250768576866,2.0450047870867856
309,2.5499999999999998,2.5499999999999998,2.5499999999999998,2.5499999999999998,2.5499999999999998,2.5499999999999998,2.5499999999999994,2.5499999999999847,2.5499999999990188,2.5499999999529948,2.5499999983450605,2.5499999571519201,2.5499991826897008,2.5499884827761155,2.5498796331120555,2.5490619865283941,2.5445076797763488,2.5255668262413127,2.4660412793532642,2.3218449795271545,2.044282449337087
310,2.5499999999999998,2.5499999999999998,2.5499999999999998,2.5499999999999998,2.5499999999999998,2.5499999999999998,2.5499999999999994,2.5499999999999834,2.5499999999989367,2.5499999999496632,2.5499999982474422,2.5499999550805241,2.5499991509064941,2.5499881305240852,2.5498768165427328,2.5490457601334002,2.5444404170494521,2.5253663527802463,2.4656115293483825,2.3211832393988554,2.043561563855969
311,2.5499999999999998,2.5499999999999998,2.5499999999999998,2.5499999999999998,2.5499999999999998,2.5499999999999998,2.5499999999999994,2.5499999999999816,2.5499999999988479,2.5499999999461194,2.5499999981447252,2.5499999529226787,2.549999118092658,2.5499877697206355,2.5498739513692468,2.5490293496472001,2.5443727152330995,2.5251653184484506,2.4651817173821553,2.3205224624066552,2.0428421234664618
312,2.5499999999999998,2.5499999999999998,2.5499999999999998,2.5499999999999998,2.5499999999999998,2.5499999999999998,2.5499999999999998,2.5499999999999798,2.5499999999987524,2.5499999999423513,2.5499999980366783,2.5499999506753812,2.5499990842219238,2.5499874002174341,2.5498710370922368,2.5490127542955543,2.544304574773685,2.5249637266731715,2.4647518467986771,2.319862645585014,2.0421241210614522
313,2.5499999999999998,2.5499999999999998,2.5499999999999998,2.5499999999999998,2.5499999999999998,2.5499999999999998,2.5499999999999998,2.5499999999999776,2.5499999999986493,2.5499999999383447,2.549999997923063,2.5499999483355422,2.5499990492675533,2.5499870218648444,2.5498680732120746,2.548995973311754,2.5442359961292134,2.5247615808669783,2.4643219209049616,2.3192037859799535,2.0414075495837314
314,2.5499999999999998,2.5499999999999998,2.5499999999999998,2.5499999999999998,2.5499999999999998,2.5499999999999998,2.5499999999999994,2.549999999999975,2.5499999999985388,2.5499999999340863,2.5499999978036314,2.549999945899994,2.54999901320235,2.5499866345118711,2.5498650592286705,2.5489790059368116,2.5441669797704942,2.5245588844275133,2.463891942967714,2.3185458806491219,2.0406924020437933
315,2.5499999999999998,2.5499999999999998,2.5499999999999998,2.5499999999999998,2.5499999999999998,2.5499999999999998,2.5499999999999994,2.5499999999999732,2.5499999999984202,2.5499999999295637,2.5499999976781274,2.5499999433654841,2.5499989759986468,2.5499862380062317,2.5498619946417351,2.5489618514192549,2.5440975261796162,2.5243556407377277,2.4634619162173732,2.3178889266615048,2.0399786715041195
316,2.5499999999999998,2.5499999999999998,2.5499999999999998,2.5499999999999998,2.5499999999999998,2.5499999999999998,2.5500000000000003,2.5499999999999714,2.5499999999982927,2.5499999999247613,2.549999997546283,2.5499999407286724,2.5499989376283021,2.5499858321943072,2.5498588789506713,2.5489445090153127,2.5440276358507443,2.5241518531655833,2.4630318438458887,2.3172329210975553,2.0392663510876274
317,2.5499999999999998,2.5499999999999998,2.5499999999999998,2.5499999999999998,2.5499999999999998,2.5499999999999998,2.5499999999999998,2.5499999999999687,2.5499999999981555,2.5499999999196641,2.5499999974078222,2.5499999379861324,2.5499988980626989,2.549985416921174,2.5498557116546614,2.5489269779888275,2.5439573092895804,2.523947525064171,2.4626017290081665,2.3165778610490642,2.038555433973237
318,2.5499999999999998,2.5499999999999998,2.5499999999999998,2.5499999999999998,2.5499999999999998,2.5499999999999998,2.5499999999999998,2.5499999999999661,2.5499999999980081,2.5499999999142555,2.5499999972624581,2.5499999351343434,2.5499988572727212,2.5499849920306135,2.5498524922528669,2.5489092576113723,2.5438865470126371,2.5237426597713584,2.4621715748236652,2.3159237436189262,2.0378459133922835
319,2.5499999999999998,2.5499999999999998,2.5499999999999998,2.5499999999999998,2.5499999999999998,2.5499999999999998,2.5499999999999998,2.5499999999999625,2.5499999999978504,2.5499999999085192,2.5499999971098952,2.5499999321697051,2.5499988152288022,2.549984557365073,2.5498492202439906,2.5488913471620775,2.5438153495489586,2.5235372606104014,2.4617413843724556,2.3152705659216948,2.0371377826375401
320,2.5499999999999998,2.5499999999999998,2.5499999999999998,2.5499999999999998,2.5499999999999998,2.5499999999999998,2.5499999999999998,2.5499999999999585,2.5499999999976808,2.549999999902437,2.5499999969498264,2.5499999290885169,2.5499987719008645,2.5499841127657357,2.549845895126853,2.5488732459277705,2.5437437174377462,2.5233313308893122,2.4613111607007663,2.3146183250828689,2.0364310350508288
321,2.5499999999999998,2.5499999999999998,2.5499999999999998,2.5499999999999998,2.5499999999999998,2.5499999999999998,2.5499999999999994,2.5499999999999545,2.5499999999974996,2.5499999998959906,2.5499999967819318,2.5499999258869837,2.5499987272583375,2.5499836580724984,2.5498425164002354,2.5488549532029428,2.5436716512290101,2.5231248739010215,2.4608809068194581,2.3139670182390848,2.0357256640264167
322,2.5499999999999998,2.5499999999999998,2.5499999999999998,2.5499999999999998,2.5499999999999998,2.5499999999999998,2.5499999999999989,2.549999999999951,2.5499999999973051,2.5499999998891605,2.5499999966058855,2.5499999225612267,2.549998681270186,2.5499831931239316,2.5498390835625702,2.548836468289704,2.5435991514848868,2.5229178929236631,2.4604506257009073,2.3133166425384908,2.0350216630181079
323,2.5499999999999998,2.5499999999999998,2.5499999999999998,2.5499999999999998,2.5499999999999998,2.5499999999999998,2.5499999999999989,2.549999999999947,2.5499999999970973,2.5499999998819272,2.5499999964213433,2.5499999191072478,2.5499986339048255,2.549982717757441,2.5498355961129251,2.5488177904977709,2.5435262187753045,2.5227103912199946,2.4600203202893662,2.3126671951396385,2.0343190255185299
324,2.5499999999999998,2.5499999999999998,2.5499999999999998,2.5499999999999998,2.5499999999999998,2.5499999999999998,2.5499999999999989,2.5499999999999416,2.5499999999968748,2.5499999998742706,2.5499999962279554,2.5499999155209756,2.5499985851302251,2.5499822318090501,2.5498320535497578,2.5487989191445481,2.543452853683533,2.5225023720379949,2.4595899934876515,2.3120186732128531,2.0336177450845847
325,2.5499999999999998,2.5499999999999998,2.5499999999999998,2.5499999999999998,2.5499999999999998,2.5499999999999998,2.5499999999999994,2.5499999999999368,2.5499999999966363,2.5499999998661678,2.549999996025357,2.5499999117982224,2.5499985349138181,2.5499817351136094,2.5498284553720385,2.5487798535549873,2.5433790568011396,2.5222938386104592,2.4591596481692495,2.3113710739390543,2.0329178153158969
326,2.5499999999999998,2.5499999999999998,2.5499999999999998,2.5499999999999998,2.5499999999999998,2.5499999999999998,2.5499999999999994,2.549999999999931,2.5499999999963809,2.5499999998575942,2.5499999958131698,2.5499999079347004,2.5499984832225326,2.5499812275047207,2.5498248010788549,2.548760593061651,2.543304828729775,2.5220847941551181,2.4587292871740329,2.3107243945101619,2.0322192298621276
327,2.5499999999999998,2.5499999999999998,2.5499999999999998,2.5499999999999998,2.5499999999999998,2.5499999999999998,2.5499999999999985,2.5499999999999252,2.5499999999961074,2.5499999998485272,2.5499999955910071,2.5499999039260306,2.5499984300228125,2.5499807088146831,2.5498210901691465,2.548741137004761,2.5432301700823734,2.5218752418746995,2.4582989133053732,2.3100786321293598,2.031521982427646
328,2.5499999999999998,2.5499999999999998,2.5499999999999998,2.5499999999999998,2.5499999999999998,2.5499999999999998,2.549999999999998,2.549999999999919,2.5499999999958152,2.5499999998389411,2.5499999953584633,2.5499998997677089,2.5499983752805524,2.5499801788746788,2.5498173221425691,2.5487214847319861,2.5431550814792567,2.5216651849568419,2.4578685293394362,2.3094337840103338,2.0308260667575997
329,2.5499999999999998,2.5499999999999998,2.5499999999999998,2.5499999999999998,2.5499999999999998,2.5499999999999998,2.549999999999998,2.5499999999999114,2.5499999999955043,2.549999999828811,2.5499999951151242,2.5499998954551404,2.5499983189611592,2.5499796375145882,2.5498134964986594,2.5487016355986647,2.5430795635518892,2.5214546265741364,2.4574381380162471,2.3087898473779718,2.0301314766508947
330,2.5499999999999998,2.5499999999999998,2.5499999999999998,2.5499999999999998,2.5499999999999998,2.5499999999999998,2.5499999999999985,2.549999999999903,2.5499999999951721,2.5499999998181089,2.5499999948605594,2.5499998909836168,2.5499982610295167,2.5499790845631045,2.549809612737314,2.548681588967654,2.5430036169407502,2.5212435698841533,2.4570077420447065,2.3081468194680328,2.0294382059530078
331,2.5499999999999998,2.5499999999999998,2.5499999999999998,2.5499999999999998,2.5499999999999998,2.5499999999999994,2.549999999999998,2.5499999999998946,2.5499999999948169,2.5499999998068059,2.5499999945943257,2.5499998863483211,2.5499982014499887,2.5499785198477181,2.5498056703587517,2.5486613442093558,2.5429272422954838,2.5210320180294099,2.4565773441022607,2.3075046975271278,2.0287462485564527
332,2.5499999999999998,2.5499999999999998,2.5499999999999998,2.5499999999999998,2.5499999999999998,2.5499999999999994,2.549999999999998,2.5499999999998857,2.5499999999944376,2.5499999997948737,2.5499999943159652,2.5499998815443257,2.5499981401864154,2.5499779431947251,2.5498016688635596,2.5486409007017095,2.5428504402746888,2.5208199741373574,2.4561469468354251,2.3068634788126658,2.0280555984000306
333,2.5499999999999998,2.5499999999999998,2.5499999999999998,2.5499999999999998,2.5499999999999998,2.5499999999999994,2.549999999999998,2.5499999999998764,2.5499999999940326,2.5499999997822802,2.5499999940250047,2.549999876566587,2.5499980772021118,2.5499773544292537,2.5497976077527369,2.5486202578301262,2.5427732115457533,2.5206074413204909,2.4557165528600793,2.3062231605929355,2.0273662494683711
334,2.5499999999999998,2.5499999999999998,2.5499999999999998,2.5499999999999998,2.5499999999999998,2.5499999999999994,2.5499999999999976,2.5499999999998662,2.5499999999936018,2.5499999997689931,2.5499999937209559,2.5499998714099488,2.5499980124598629,2.5499767533752551,2.5497934865277134,2.548599414987518,2.5426955567847558,2.5203944226762749,2.4552861647617608,2.3055837401470209,2.0266781957915421
335,2.5499999999999998,2.5499999999999998,2.5499999999999998,2.5499999999999998,2.5499999999999998,2.5499999999999998,2.5499999999999972,2.549999999999855,2.5499999999931426,2.549999999754978,2.5499999934033157,2.5499998660691379,2.5499979459219255,2.5499761398555116,2.5497893046903775,2.5485783715743002,2.5426174766763303,2.5201809212871247,2.4548557850959902,2.3049452147647616,2.0259914314445915
336,2.5499999999999998,2.5499999999999998,2.5499999999999998,2.5499999999999998,2.5499999999999998,2.5499999999999998,2.5499999999999972,2.5499999999998435,2.5499999999926537,2.549999999740201,2.5499999930715647,2.549999860538763,2.5499978775500254,2.5499755136916575,2.5497850617430946,2.5485571269983054,2.5425389719136033,2.5199669402205713,2.4544254163883408,2.3043075817468042,2.0253059505476134
337,2.5499999999999998,2.5499999999999998,2.5499999999999998,2.5499999999999998,2.5499999999999998,2.5499999999999998,2.5499999999999967,2.5499999999998306,2.5499999999921323,2.5499999997246254,2.5499999927251671,2.5499998548133149,2.5499978073053522,2.549974874704183,2.5497807571887718,2.5485356806748127,2.5424600431979014,2.5197524825291624,2.453995061135172,2.3036708384045324,2.0246217472645434
338,2.5499999999999998,2.5499999999999998,2.5499999999999998,2.5499999999999998,2.5499999999999998,2.5499999999999998,2.5499999999999967,2.5499999999998164,2.5499999999915777,2.5499999997082141,2.549999992363571,2.5499998488871607,2.5499977351485565,2.549974222712442,2.5497763905309045,2.5485140320265449,2.5423806912385398,2.5195375512504388,2.4535647218041361,2.3030349820600353,2.0239388158023828
339,2.5499999999999998,2.5499999999999998,2.5499999999999998,2.5499999999999998,2.5499999999999998,2.5499999999999998,2.5499999999999967,2.5499999999998009,2.549999999990987,2.5499999996909262,2.5499999919862075,2.5499998427545458,2.5499976610397548,2.5499735575346669,2.5497719612735499,2.5484921804835854,2.5423009167529456,2.5193221494071181,2.4531344008338203,2.3024000100460875,2.0232571504120993
340,2.5499999999999998,2.5499999999999998,2.5499999999999998,2.5499999999999998,2.5499999999999998,2.5499999999999998,2.5499999999999963,2.5499999999997844,2.5499999999903586,2.5499999996727212,2.5499999915924896,2.5499998364095915,2.5499975849385228,2.5499728789879765,2.5497674689214009,2.5484701254834037,2.5422207204663256,2.5191062800069992,2.45270410063456,2.3017659197061398,2.0225767453872172
341,2.5499999999999998,2.5499999999999998,2.5499999999999998,2.5499999999999998,2.5499999999999998,2.5499999999999998,2.5499999999999958,2.5499999999997671,2.5499999999896907,2.5499999996535561,2.5499999911818136,2.5499998298462923,2.5499975068038885,2.5499721868883816,2.5497629129798316,2.5484478664708501,2.5421401031114694,2.5188899460429504,2.4522738235889086,2.3011327083943032,2.0218975950630935
342,2.5499999999999998,2.5499999999999998,2.5499999999999998,2.5499999999999998,2.5499999999999998,2.5499999999999998,2.5499999999999954,2.549999999999748,2.5499999999889802,2.5499999996333869,2.5499999907535567,2.5499998230585157,2.5499974265943388,2.5499714810508065,2.549758292954893,2.5484254028980708,2.5420590654287643,2.5186731504930724,2.4518435720515406,2.3005003734752649,2.0212196938173239
343,2.5499999999999998,2.5499999999999998,2.5499999999999998,2.5499999999999998,2.5499999999999998,2.5499999999999998,2.5499999999999949,2.549999999999728,2.5499999999882252,2.5499999996121674,2.5499999903070778,2.5499998160399984,2.5499973442678128,2.5499707612890909,2.5497536083533641,2.5484027342245321,2.5419776081659626,2.5184558963206256,2.4514133483498233,2.2998689123243072,2.0205430360688279
344,2.5499999999999998,2.5499999999999998,2.5499999999999998,2.5499999999999998,2.5499999999999998,2.5500000000000003,2.5499999999999949,2.5499999999997067,2.5499999999874237,2.5499999995898501,2.5499999898417163,2.5499998087843472,2.5499972597816991,2.5499700274159984,2.5497488586827912,2.5483798599170102,2.5418957320780233,2.5182381864740293,2.4509831547841987,2.299238322327299,2.0198676162772982
345,2.5499999999999998,2.5499999999999998,2.5499999999999998,2.5499999999999998,2.5499999999999998,2.5500000000000007,2.5499999999999949,2.5499999999996832,2.5499999999865723,2.549999999566384,2.5499999893567935,2.5499998012850362,2.5499971730928395,2.5499692792432369,2.549744043451502,2.548356779449513,2.5418134379270345,2.5180200238870007,2.4505529936283001,2.2986086008806161,2.0191934289430882
346,2.5499999999999998,2.5499999999999998,2.5499999999999998,2.5499999999999998,2.5499999999999998,2.5500000000000003,2.5499999999999945,2.5499999999996588,2.5499999999856691,2.5499999995417175,2.5499999888516096,2.5499997935354051,2.5499970841575217,2.5499685165814632,2.5497391621686485,2.5483334923032945,2.5417307264820299,2.5178014114785068,2.450122867129414,2.2979797453911464,2.0185204686065834
347,2.5499999999999998,2.5499999999999998,2.5499999999999998,2.5499999999999998,2.5499999999999998,2.5499999999999998,2.5499999999999932,2.5499999999996326,2.5499999999847107,2.5499999995157965,2.5499999883254461,2.5499997855286574,2.5499969929314781,2.54996773924029,2.5497342143442423,2.5483099979668435,2.541647598518832,2.5175823521527656,2.4496927775088406,2.2973517532762671,2.0178487298477186
348,2.5499999999999998,2.5499999999999998,2.5499999999999998,2.5499999999999998,2.5499999999999998,2.5499999999999998,2.5499999999999918,2.5499999999996041,2.5499999999836946,2.5499999994885654,2.5499999877775616,2.5499997772578573,2.549996899369888,2.5499669470283064,2.5497291994891609,2.5482862959358075,2.5415640548200167,2.5173628487993862,2.4492627269619316,2.2967246219637962,2.0171782072859266
349,2.5499999999999998,2.5499999999999998,2.5499999999999998,2.5499999999999998,2.5499999999999998,2.5499999999999994,2.5499999999999909,2.5499999999995735,2.5499999999826168,2.5499999994599674,2.5499999872071961,2.549999768715931,2.5499968034273732,2.5499661397530842,2.5497241171151992,2.548262385713004,2.5414800961746935,2.5171429042933235,2.4488327176586213,2.2960983488919786,2.0165088955794088
350,2.5499999999999998,2.5499999999999998,2.5499999999999998,2.5499999999999998,2.5499999999999998,2.5499999999999994,2.5499999999999905,2.5499999999995402,2.5499999999814738,2.5499999994299425,2.5499999866135661,2.5499997598956625,2.5499967050579948,2.5499653172211838,2.5497189667351057,2.5482382668084052,2.5413957233783395,2.5169225214948834,2.4484027517438127,2.2954729315094622,2.0158407894246126
351,2.5499999999999998,2.5499999999999998,2.5499999999999998,2.5499999999999998,2.5499999999999998,2.5499999999999994,2.5499999999999901,2.5499999999995047,2.5499999999802623,2.5499999993984273,2.5499999859958664,2.5499997507896941,2.5499966042152575,2.5499644792381746,2.5497137478625742,2.5482139387390648,2.5413109372328275,2.5167017032498631,2.447972831337268,2.2948483672752333,2.0151738835564519
352,2.5499999999999998,2.5499999999999998,2.5499999999999998,2.5499999999999998,2.5499999999999998,2.5499999999999994,2.5499999999999896,2.5499999999994669,2.5499999999789789,2.5499999993653568,2.5499999853532693,2.5499997413905251,2.5499965008521039,2.5499636256086409,2.5497084600123032,2.5481894010291239,2.5412257385461778,2.5164804523895135,2.4475429585342021,2.2942246536586159,2.0145081727474454
353,2.5499999999999998,2.5499999999999998,2.5499999999999998,2.5499999999999998,2.5499999999999998,2.5499999999999994,2.5499999999999892,2.5499999999994269,2.5499999999776199,2.5499999993306641,2.5499999846849235,2.5499997316905065,2.5499963949209121,2.5499627561361917,2.5497031027000312,2.5481646532097972,2.5411401281323909,2.5162587717305489,2.4471131354056714,2.2936017881392563,2.0138436518071763
354,2.5499999999999998,2.5499999999999998,2.5499999999999998,2.5499999999999998,2.5499999999999998,2.5499999999999994,2.5499999999999883,2.5499999999993848,2.549999999976182,2.5499999992942795,2.5499999839899554,2.549999721681842,2.5499962863734988,2.5499618706234779,2.5496976754425256,2.5481396948192963,2.5410541068114862,2.5160366640752829,2.4466833639984493,2.2929797682070294,2.0131803155825478
355,2.5499999999999998,2.5499999999999998,2.5499999999999998,2.5499999999999998,2.5499999999999998,2.5499999999999994,2.5499999999999874,2.549999999999339,2.5499999999746596,2.5499999992561317,2.5499999832674694,2.5499997113565858,2.5499961751611169,2.5499609688721998,2.5496921777576382,2.5481145254028368,2.5409676754092652,2.5158141322115979,2.4462536463355846,2.2923585913620514,2.0125181589569809
356,2.5499999999999998,2.5499999999999998,2.5499999999999998,2.5499999999999998,2.5499999999999998,2.5499999999999989,2.5499999999999861,2.5499999999992893,2.5499999999730498,2.549999999216146,2.5499999825165429,2.5499997007066413,2.5499960612344492,2.5499600506831168,2.549686609164342,2.5480891445126175,2.540880834757151,2.5155911789129632,2.4458239844167635,2.2917382551146637,2.0118571768499214
357,2.5499999999999998,2.5499999999999998,2.5499999999999998,2.5499999999999998,2.5499999999999998,2.5499999999999989,2.5499999999999843,2.5499999999992364,2.5499999999713476,2.5499999991742444,2.5499999817362289,2.5499996897237605,2.5499959445436167,2.5499591158560637,2.5496809691827238,2.5480635517077523,2.5407935856922048,2.5153678069385577,2.4453943802182585,2.2911187569853451,2.0111973642169318
358,2.5499999999999998,2.5499999999999998,2.5499999999999998,2.5499999999999998,2.5499999999999998,2.5499999999999989,2.5499999999999829,2.54999999999918,2.5499999999695473,2.5499999991303475,2.5499999809255538,2.5499996783995402,2.5499958250381725,2.5499581641899582,2.5496752573340338,2.5480377465542685,2.5407059290569123,2.5151440190332526,2.4449648356934168,2.2905000945047149,2.0105387160490378
359,2.5499999999999998,2.5499999999999998,2.5499999999999998,2.5499999999999998,2.5499999999999998,2.5499999999999994,2.5499999999999812,2.549999999999121,2.5499999999676435,2.5499999990843718,2.5499999800835211,2.5499996667254212,2.5499957026670979,2.5499571954828131,2.5496694731407179,2.5480117286250854,2.5406178656990392,2.5149198179276371,2.4445353527729932,2.2898822652135058,2.0098812273722788
360,2.5499999999999998,2.5499999999999998,2.5499999999999998,2.5499999999999998,2.5499999999999998,2.5499999999999998,2.5499999999999798,2.549999999999057,2.5499999999656326,2.549999999036233,2.5499999792091055,2.5499996546926869,2.5499955773788048,2.5499562095317514,2.5496636161264274,2.5479854974999609,2.5405293964715785,2.5146952063381014,2.4441059333652539,2.289265266662512,2.0092248932475667
361,2.5499999999999998,2.5499999999999998,2.5499999999999998,2.5499999999999998,2.5499999999999998,2.5499999999999994,2.5499999999999781,2.5499999999989891,2.549999999963509,2.5499999989858391,2.5499999783012535,2.5499996422924367,2.5499954491209809,2.5499552061323483,2.5496576858141746,2.5479590527624274,2.5404405222309236,2.5144701869695396,2.4436765793612683,2.2886490964145714,2.0085697132388272
362,2.5499999999999998,2.5499999999999998,2.5499999999999998,2.5499999999999998,2.5499999999999998,2.5499999999999994,2.5499999999999763,2.5499999999989162,2.5499999999612664,2.5499999989331013,2.5499999773588939,2.5499996295156859,2.54999531784122,2.5499541850813499,2.5496516817339208,2.5479323940120389,2.540351243843586,2.5142447625041728,2.4432472926142967,2.2880337520369864,2.0079156816609403
363,2.5499999999999998,2.5499999999999998,2.5499999999999998,2.5499999999999998,2.5499999999999998,2.5499999999999998,2.5499999999999745,2.5499999999988385,2.5499999999588994,2.5499999988779249,2.5499999763809154,2.5499996163532046,2.5499951834860424,2.549953146172526,2.5496456034110748,2.5479055208457733,2.54026156217608,2.5140189356194513,2.4428180749723514,2.2874192311118713,2.0072627924059261
364,2.5499999999999998,2.5499999999999998,2.5499999999999998,2.5499999999999998,2.5499999999999998,2.5499999999999994,2.5499999999999723,2.5499999999987568,2.5499999999563996,2.5499999988202093,2.5499999753661857,2.5499996027956335,2.5499950460015901,2.5499520891995742,2.5496394503743693,2.5478784328703648,2.5401714781010183,2.5137927089754726,2.4423889282566544,2.2868055312298936,2.0066110401849788
365,2.5499999999999998,2.5499999999999998,2.5499999999999998,2.5499999999999998,2.5499999999999998,2.5499999999999994,2.5499999999999705,2.5499999999986693,2.5499999999537644,2.5499999987598536,2.5499999743135371,2.5499995888334337,2.5499949053333806,2.5499510139552966,2.5496332221540459,2.5478511296999442,2.5400809924960615,2.5135660852167492,2.441959854264975,2.2861926499927909,2.005960419979731
366,2.5499999999999998,2.5499999999999998,2.5499999999999998,2.5499999999999998,2.5500000000000003,2.5499999999999994,2.5499999999999683,2.5499999999985752,2.5499999999509853,2.5499999986967534,2.5499999732217797,2.5499995744569168,2.5499947614264236,2.5499499202317542,2.5496269182814513,2.5478236109543517,2.5399901062429251,2.5133390669760622,2.4415308547771666,2.2855805850105737,2.0053109268655582
367,2.5499999999999998,2.5499999999999998,2.5499999999999998,2.5499999999999998,2.5500000000000003,2.5499999999999989,2.5499999999999652,2.5499999999984757,2.5499999999480547,2.5499999986308004,2.5499999720896929,2.5499995596562273,2.5499946142251599,2.5499488078201971,2.5496205382892949,2.5477958762600168,2.5398988202277661,2.5131116568723977,2.441101931552466,2.2849693339031174,2.0046625559988946
368,2.5499999999999998,2.5499999999999998,2.5499999999999998,2.5499999999999998,2.5499999999999998,2.5499999999999989,2.5499999999999621,2.54999999999837,2.5499999999449656,2.5499999985618818,2.5499999709160237,2.5499995444213392,2.5499944636734595,2.5499476765110809,2.5496140817116837,2.547767925249957,2.5398071353410816,2.5128838575108881,2.4406730863295993,2.2843588943003135,2.0040153026039156
369,2.5499999999999998,2.5499999999999998,2.5499999999999998,2.5499999999999998,2.5499999999999998,2.5499999999999994,2.5499999999999585,2.5499999999982572,2.54999999994171,2.5499999984898811,2.5499999696994879,2.5499995287420316,2.5499943097145352,2.5499465260939704,2.5496075480843534,2.547739757564687,2.5397150524781988,2.5126556714808679,2.44024432082412,2.2837492638436614,2.0033691619640459
370,2.5499999999999998,2.5499999999999998,2.5499999999999998,2.5499999999999998,2.5499999999999994,2.5499999999999994,2.5499999999999559,2.5499999999981373,2.5499999999382803,2.5499999984146804,2.5499999684387724,2.5499995126079407,2.5499941522911183,2.5499453563577803,2.5496009369442429,2.5477113728501939,2.5396225725379344,2.5124271013601422,2.4398156367347474,2.2831404401832178,2.0027241294016744
371,2.5499999999999998,2.5499999999999998,2.5499999999999998,2.5499999999999998,2.5499999999999994,2.5499999999999994,2.5499999999999527,2.5499999999980103,2.549999999934669,2.5499999983361552,2.549999967132528,2.5499994960085051,2.5499939913453131,2.5499441670905942,2.5495942478299107,2.5476827707595686,2.5395296964234735,2.5121981497115211,2.4393870357386094,2.2825324209803681,2.0020802002799392
372,2.5499999999999998,2.5499999999999998,2.5499999999999998,2.5499999999999998,2.5499999999999998,2.5499999999999994,2.5499999999999488,2.5499999999978757,2.5499999999308676,2.549999998254179,2.5499999657793744,2.5499994789329929,2.5499938268186511,2.5499429580797379,2.5495874802813603,2.5476539509523701,2.5394364250420605,2.5119688190841631,2.4389585194930237,2.2819252039066309,2.0014373700087997
373,2.5499999999999998,2.5499999999999998,2.5499999999999998,2.5499999999999998,2.5499999999999994,2.5499999999999989,2.5499999999999452,2.5499999999977314,2.5499999999268654,2.549999998168619,2.5499999643778994,2.5499994613704926,2.5499936586520926,2.5499417291118207,2.5495806338401161,2.5476249130944875,2.5393427593046196,2.5117391120138008,2.4385300896363957,2.2813187866438152,2.0007956340258222
374,2.5499999999999998,2.5499999999999998,2.5499999999999998,2.5499999999999998,2.5499999999999994,2.5499999999999985,2.5499999999999412,2.5499999999975782,2.5499999999226537,2.5499999980793397,2.5499999629266554,2.5499994433099147,2.5499934867860312,2.5499404799727361,2.5495737080492149,2.5475956568581393,2.5392487001257793,2.5115090310227384,2.4381017477881572,2.2807131668836633,2.0001549878072149
375,2.5499999999999998,2.5499999999999998,2.5499999999999998,2.5499999999999998,2.5499999999999998,2.5499999999999989,2.5499999999999368,2.5499999999974166,2.5499999999182235,2.5499999979862009,2.5499999614241626,2.54999942473999,2.549993311160287,2.5499392104476555,2.5495667024532152,2.5475661819219106,2.5391542484238951,2.5112785786197813,2.4376734955486685,2.2801083423280137,1.9995154268637776
376,2.5499999999999998,2.5499999999999998,2.5499999999999998,2.5499999999999998,2.5499999999999998,2.5499999999999989,2.5499999999999319,2.5499999999972456,2.549999999913565,2.5499999978890582,2.5499999598689063,2.5499994056492672,2.5499931317141087,2.5499379203210717,2.5495596165982577,2.5475364879706253,2.5390594051207342,2.5110477573004233,2.4372453344999476,2.2795043106883264,1.9988769467391474
377,2.5499999999999998,2.5499999999999998,2.5499999999999998,2.5499999999999998,2.5500000000000003,2.5499999999999989,2.5499999999999265,2.5499999999970635,2.5499999999086671,2.5499999977877619,2.5499999582593316,2.549999386026105,2.5499929483861692,2.5499366093768088,2.5495524500321145,2.5475065746953742,2.5389641711413753,2.5108165695467566,2.4368172662057463,2.2789010696855847,1.9982395430080653
378,2.5499999999999998,2.5499999999999998,2.5499999999999998,2.5499999999999998,2.5500000000000007,2.5499999999999989,2.5499999999999208,2.5499999999968703,2.5499999999035188,2.5499999976821592,2.5499999565938536,2.5499993658586844,2.5499927611145718,2.5499352773979744,2.5495452023040697,2.5474764417935716,2.5388685474145944,2.5105850178274598,2.4363892922108796,2.2782986170507997,1.9976032112805324
379,2.5499999999999998,2.5499999999999998,2.5499999999999998,2.5499999999999998,2.5500000000000003,2.549999999999998,2.549999999999915,2.5499999999966638,2.5499999998981084,2.5499999975720922,2.5499999548708501,2.5499993451350029,2.549992569836848,2.5499339241669907,2.5495378729649838,2.5474460889688979,2.5387725348726309,2.5103531045978573,2.4359614140416848,2.2776969505247218,1.9969679471994879
380,2.5499999999999998,2.5499999999999998,2.5499999999999998,2.5499999999999998,2.5500000000000003,2.5499999999999976,2.5499999999999083,2.5499999999964462,2.5499999998924245,2.5499999974573964,2.5499999530886575,2.54999932384285,2.5499923744899511,2.5499325494657556,2.5495304615675978,2.5474155159309233,2.5386761344499296,2.510120832300391,2.4355336332086344,2.2770960678563177,1.9963337464286826
381,2.5499999999999998,2.5499999999999998,2.5499999999999998,2.5499999999999998,2.5499999999999998,2.5499999999999976,2.5499999999999012,2.5499999999962162,2.5499999998864551,2.5499999973379048,2.5499999512455833,2.5499993019698515,2.5499921750102668,2.549931153075343,2.5495229676659772,2.547384722395817,2.5385793470854563,2.5098882033637158,2.4351059512014888,2.2764959668055429,1.9957006046749717
382,2.5499999999999998,2.5499999999999998,2.5499999999999998,2.5499999999999998,2.5499999999999998,2.5499999999999976,2.5499999999998937,2.5499999999959733,2.5499999998801868,2.5499999972134435,2.5499999493398895,2.5499992795034276,2.5499919713336081,2.5499297347763101,2.5495153908160448,2.5473537080855739,2.5384821737203764,2.5096552202037414,2.4346783694942808,2.2758966451406772,1.9950685176677514
383,2.5499999999999998,2.5499999999999998,2.5499999999999998,2.5499999999999998,2.5499999999999998,2.5499999999999976,2.5499999999998857,2.5499999999957152,2.5499999998736076,2.549999997083833,2.5499999473697974,2.5499992564307963,2.5499917633952189,2.5499282943486534,2.5495077305754998,2.5473224727281214,2.5383846152983947,2.5094218852234969,2.4342508895445985,2.2752981006387292,1.9944374811622418
384,2.5499999999999998,2.5499999999999998,2.5499999999999998,2.5499999999999998,2.5499999999999998,2.5499999999999976,2.5499999999998773,2.5499999999954412,2.5499999998667033,2.5499999969488902,2.5499999453334987,2.5499992327390069,2.5499915511297671,2.549926831571582,2.5494999865034673,2.5472910160579381,2.538286672767406,2.5091882008122339,2.4338235127899019,2.2747003310871978,1.9938074909518197
385,2.5499999999999998,2.5499999999999998,2.5499999999999998,2.5499999999999998,2.5499999999999998,2.5499999999999976,2.5499999999998684,2.5499999999951513,2.5499999998594594,2.5499999968084257,2.5499999432291323,2.5499992084148833,2.5499913344713621,2.5499253462239602,2.5494921581611427,2.5472593378147907,2.5381883470763285,2.5089541693472999,2.4333962406547038,2.2741033342809538,1.9931785428482225
386,2.5499999999999998,2.5499999999999998,2.5499999999999998,2.5499999999999998,2.5499999999999998,2.5499999999999972,2.5499999999998586,2.5499999999948453,2.5499999998518605,2.5499999966622444,2.5499999410548067,2.5499991834450717,2.5499911133535349,2.5499238380838989,2.549484245111219,2.5472274377449291,2.5380896391779966,2.5087197931923448,2.4329690745439505,2.2735071080249476,1.9925506326975342
387,2.5499999999999998,2.5499999999999998,2.5499999999999998,2.5499999999999998,2.5499999999999998,2.5499999999999967,2.5499999999998484,2.5499999999945224,2.5499999998438914,2.549999996510147,2.5499999388085874,2.549999157816023,2.5499908877092494,2.5499223069289378,2.5494762469181333,2.5471953156005473,2.5379905500278905,2.5084850746981338,2.4325420158459425,2.2729116501330857,1.9919237563738352
388,2.5499999999999998,2.5499999999999998,2.5499999999999998,2.5499999999999998,2.5499999999999994,2.5499999999999963,2.5499999999998377,2.5499999999941809,2.5499999998355372,2.5499999963519255,2.5499999364884918,2.5499991315139652,2.5499906574709152,2.5499207525362397,2.5494681631483234,2.5471629711391963,2.5378910805828125,2.5082500162034362,2.4321150659354021,2.2723169584272247,1.9912979097738028
389,2.5499999999999998,2.5499999999999998,2.5499999999999998,2.5499999999999998,2.5499999999999994,2.5499999999999958,2.5499999999998266,2.549999999993819,2.5499999998267806,2.5499999961873687,2.5499999340925013,2.5499991045249448,2.5499904225703633,2.5499191746822722,2.5494599933698097,2.5471304041247471,2.5377912318030509,2.50801462003357,2.4316882261684585,2.2717230307388019,1.9906730888254349
390,2.5499999999999998,2.5499999999999998,2.5499999999999998,2.5499999999999998,2.5499999999999994,2.5499999999999958,2.5499999999998146,2.5499999999934366,2.5499999998176053,2.5499999960162567,2.5499999316185518,2.5499990768348004,2.549990182938866,2.5499175731430137,2.5494517371524594,2.5470976143267685,2.5376910046510086,2.507778888501337,2.4312614978858207,2.2711298649079392,1.9900492894827311
391,2.5499999999999998,2.5499999999999998,2.5499999999999998,2.5499999999999998,2.5499999999999994,2.5499999999999954,2.5499999999998013,2.549999999993033,2.549999999807993,2.5499999958383661,2.5499999290645365,2.5499990484291688,2.5499899385071294,2.5499159476939219,2.5494433940679442,2.547064601520622,2.5375904000914109,2.5075428239068827,2.4308348824122978,2.2705374587835618,1.9894265077264781
392,2.5499999999999998,2.5499999999999998,2.5499999999999998,2.5499999999999998,2.5499999999999998,2.5499999999999949,2.5499999999997871,2.5499999999926062,2.5499999997979255,2.5499999956534647,2.549999926428304,2.5499990192934789,2.5499896892052982,2.5499142981099587,2.5494349636897833,2.5470313654873871,2.5374894190911084,2.5073064285378148,2.4304083810572643,2.2699458102231098,1.9888047395633539
393,2.5499999999999998,2.5499999999999998,2.5499999999999998,2.5499999999999998,2.5500000000000003,2.5499999999999949,2.5499999999997716,2.5499999999921559,2.5499999997873837,2.5499999954613153,2.5499999237076576,2.5499989894129533,2.5499894349629559,2.5499126241656023,2.5494264455933391,2.5469979060138246,2.5373880626190668,2.5070697046692483,2.4299819951146677,2.2693549170928113,1.9881839810259792
394,2.5499999999999998,2.5499999999999998,2.5499999999999998,2.5499999999999998,2.5500000000000003,2.5499999999999945,2.5499999999997551,2.5499999999916807,2.5499999997763481,2.5499999952616736,2.5499999209003548,2.549998958772604,2.5499891757091291,2.5499109256348587,2.5494178393558387,2.5469642228923441,2.537286331646273,2.5068326545638593,2.4295557258632519,2.2687647772675419,1.9875642281725265
395,2.5499999999999998,2.5499999999999998,2.5499999999999998,2.5499999999999998,2.5499999999999998,2.549999999999994,2.5499999999997383,2.5499999999911793,2.5499999997647969,2.5499999950542884,2.549999918004108,2.5499989273572359,2.5499889113722802,2.5499092022912579,2.5494091445563742,2.5469303159210157,2.5371842271457217,2.5065952804718692,2.4291295745665926,2.2681753886306932,1.9869454770867299
396,2.5499999999999998,2.5499999999999998,2.5499999999999998,2.5499999999999998,2.5499999999999989,2.5499999999999932,2.54999999999972,2.5499999999906513,2.5499999997527101,2.5499999948389012,2.5499999150165817,2.5499988951514432,2.5499886418803182,2.5499074539078759,2.5494003607759126,2.5468961849034968,2.5370817500923506,2.5063575846311559,2.4287035424732482,2.2675867490743178,1.9863277238777457
397,2.5499999999999998,2.5499999999999998,2.5499999999999998,2.5499999999999998,2.5499999999999989,2.5499999999999927,2.549999999999701,2.5499999999900935,2.5499999997400664,2.5499999946152476,2.5499999119353931,2.5499988621396099,2.5499883671605943,2.5499056802573459,2.5493914875973087,2.5468618296490018,2.5369789014629571,2.5061195692672951,2.4282776308169565,2.2669988564990353,1.9857109646797839
398,2.5499999999999998,2.5499999999999998,2.5499999999999998,2.5499999999999998,2.5499999999999994,2.5499999999999923,2.549999999999681,2.5499999999895056,2.5499999997268428,2.5499999943830547,2.5499999087581116,2.5499988283059039,2.549988087139905,2.5499038811118777,2.5493825246053503,2.54682724997225,2.5368756822360159,2.5058812365936429,2.4278518408170391,2.2664117088138744,1.9850951956512106
399,2.5499999999999998,2.5499999999999998,2.5499999999999998,2.5499999999999998,2.5500000000000003,2.5499999999999918,2.5499999999996597,2.5499999999888856,2.5499999997130152,2.5499999941420426,2.5499999054822582,2.5499987936342801,2.5499878017444937,2.5499020562432566,2.5493734713867218,2.5467924456934568,2.5367720933917894,2.5056425888113512,2.4274261736781728,2.2658253039363814,1.984480412975457
400,2.5499999999999998,2.5499999999999998,2.5499999999999998,2.5499999999999998,2.5500000000000003,2.5499999999999914,2.5499999999996366,2.5499999999882323,2.5499999996985596,2.549999993891924,2.5499999021053039,2.5499987581084795,2.549987510900054,2.5499002054228588,2.5493643275300313,2.5467574166382896,2.5366681359122016,2.5054036281094354,2.4270006305906771,2.2652396397925427,1.983866612860403
401,2.5499999999999998,2.5499999999999998,2.5499999999999998,2.5499999999999998,2.5500000000000003,2.5499999999999905,2.5499999999996117,2.549999999987544,2.5499999996834504,2.549999993632404,2.5499998986246712,2.5499987217120248,2.5499872145317259,2.5498983284216705,2.5493550926258495,2.5467221626378183,2.5365638107806756,2.5051643566648436,2.4265752127308726,2.2646547143167264,1.9832537915374646
402,2.5499999999999998,2.5499999999999998,2.5499999999999998,2.5499999999999998,2.5499999999999998,2.5499999999999896,2.549999999999585,2.5499999999868188,2.5499999996676617,2.5499999933631803,2.5499998950377303,2.5499986844282208,2.5499869125641039,2.5498964250102931,2.5493457662666845,2.5466866835284834,2.5364591189821839,2.504924776642512,2.4261499212609912,2.2640705254516607,1.9826419452622244
403,2.5499999999999998,2.5499999999999998,2.5499999999999998,2.5499999999999998,2.5499999999999998,2.5499999999999887,2.5499999999995571,2.5499999999860554,2.5499999996511677,2.549999993083941,2.5499998913418014,2.5499986462401534,2.5499866049212363,2.5498944949589575,2.5493363480470062,2.5466509791520595,2.536354061503145,2.5046848901954175,2.4257247573294078,2.263487071148397,1.9820310703139465
404,2.5499999999999998,2.5499999999999998,2.5499999999999998,2.5499999999999998,2.5499999999999998,2.5499999999999878,2.5499999999995278,2.5499999999852521,2.5499999996339406,2.5499999927943673,2.5499998875341525,2.5499986071306884,2.5499862915266243,2.5498925380375335,2.5493268375632669,2.5466150493556299,2.5362486393313275,2.5044446994646177,2.4252997220708563,2.2629043493662864,1.9814211629951304
405,2.5499999999999998,2.5499999999999998,2.5499999999999998,2.5500000000000003,2.5499999999999998,2.5499999999999874,2.5499999999994962,2.549999999984407,2.5499999996159515,2.5499999924941323,2.5499998836119988,2.5499985670824703,2.5499859723032268,2.5498905540155472,2.5493172344138983,2.5465788939915286,2.5361428534558277,2.5042042065793404,2.4248748166065028,2.2623223580729457,1.9808122196315117
406,2.5499999999999998,2.5499999999999998,2.5499999999999998,2.5500000000000003,2.5499999999999994,2.5499999999999865,2.5499999999994634,2.5499999999835175,2.5499999995971696,2.5499999921829,2.549999879572503,2.5499985260779212,2.5499856471734614,2.5498885426621904,2.5493075381993244,2.5465425129173083,2.5360367048669898,2.5039634136570297,2.4244500420441284,2.2617410952442203,1.9802042365717705
407,2.5499999999999998,2.5499999999999998,2.5499999999999998,2.5500000000000003,2.5499999999999994,2.5499999999999856,2.5499999999994283,2.5499999999825822,2.5499999995775644,2.5499999918603256,2.5499998754127726,2.5499984840992389,2.5499853160592054,2.5498865037463299,2.5492977485219828,2.5465059059957178,2.5359301945563204,2.5037223228033834,2.4240253994783121,2.2611605588641335,1.9795972101873009
408,2.5499999999999998,2.5499999999999998,2.5499999999999998,2.5500000000000003,2.5499999999999989,2.5499999999999838,2.5499999999993914,2.5499999999815985,2.5499999995571043,2.5499999915260561,2.5499998711298626,2.5499984411283974,2.5499849788817994,2.5498844370365221,2.5492878649863151,2.5464690730946504,2.5358233235164769,2.5034809361124313,2.4236008899904808,2.2605807469248931,1.9789911368721029
409,2.5499999999999998,2.5499999999999998,2.5499999999999998,2.5499999999999998,2.5499999999999989,2.5499999999999825,2.5499999999993523,2.5499999999805643,2.5499999995357583,2.5499999911797291,2.5499998667207704,2.5499983971471436,2.5499846355620504,2.5498823423010233,2.5492778871987833,2.5464320140871117,2.5357160927411866,2.5032392556665868,2.4231765146490964,2.2600016574268418,1.978386013042519
410,2.5499999999999998,2.5499999999999998,2.5499999999999998,2.5499999999999998,2.5499999999999994,2.5499999999999816,2.5499999999993106,2.5499999999794771,2.5499999995134921,2.5499999908209725,2.5499998621824393,2.5499983521369973,2.5499842860202273,2.5498802193078047,2.5492678147678967,2.5463947288511801,2.5356085032251374,2.5029972835367014,2.4227522745098993,2.2594232883784016,1.9777818351368792
411,2.5499999999999998,2.5499999999999998,2.5499999999999998,2.5499999999999994,2.5500000000000003,2.5499999999999803,2.5499999999992662,2.5499999999783349,2.5499999994902707,2.5499999904494057,2.5499998575117564,2.5499983060792522,2.5499839301760705,2.5498780678245572,2.5492576473041906,2.5463572172699789,2.535500555964012,2.5027550217821162,2.4223281706158568,2.2588456377960626,1.9771785996156381
412,2.5499999999999998,2.5499999999999998,2.5499999999999998,2.5499999999999989,2.5500000000000003,2.549999999999979,2.5499999999992187,2.549999999977135,2.5499999994660567,2.5499999900646384,2.5499998527055503,2.5499982589549717,2.5499835679487917,2.5498758876187066,2.5492473844202483,2.5463194792316344,2.5353922519543963,2.5025124724507193,2.4219042039973711,2.2582687037043438,1.9765763029610539
413,2.5499999999999998,2.5499999999999998,2.5499999999999998,2.5499999999999989,2.5499999999999998,2.5499999999999776,2.5499999999991685,2.5499999999758742,2.5499999994408133,2.5499999896662704,2.5499998477605925,2.549998210744989,2.5499831992570718,2.5498736784574292,2.549237025730724,2.5462815146292335,2.5352835921936561,2.502269637579015,2.4214803756725507,2.2576924841357653,1.9759749416767238
414,2.5499999999999998,2.5499999999999998,2.5499999999999998,2.5499999999999998,2.5499999999999994,2.5499999999999754,2.5499999999991152,2.5499999999745508,2.5499999994145028,2.5499999892538923,2.5499998426735964,2.5499981614299068,2.5499828240190698,2.5498714401076561,2.5492265708523223,2.5462433233607968,2.5351745776799843,2.5020265191921629,2.4210566866471357,2.2571169771307917,1.9753745122878164
415,2.5499999999999998,2.5499999999999998,2.5499999999999998,2.5499999999999998,2.5499999999999989,2.5499999999999736,2.5499999999990592,2.5499999999731613,2.5499999993870857,2.549999988827083,2.5499998374412169,2.5499981109900953,2.5499824421524218,2.5498691723360856,2.5492160194038158,2.5462049053292417,2.5350652094123101,2.5017831193040401,2.4206331379147006,2.256542180737807,1.9747750113407438
416,2.5499999999999998,2.5499999999999998,2.5499999999999998,2.5499999999999998,2.5499999999999994,2.549999999999971,2.5499999999990011,2.5499999999717025,2.5499999993585218,2.5499999883854128,2.5499998320600477,2.5499980594056919,2.5499820535742397,2.5498668749091999,2.5492053710060718,2.546166260442337,2.534955488390191,2.5015394399173023,2.4202097304568984,2.255968093013101,1.9741764354027667
417,2.5499999999999998,2.5499999999999998,2.5499999999999998,2.5499999999999994,2.5500000000000003,2.5499999999999687,2.5499999999989398,2.5499999999701717,2.5499999993287688,2.549999987928441,2.5499998265266228,2.5499980066566001,2.5499816582011205,2.5498645475932729,2.5491946252820328,2.5461273886126747,2.5348454156138391,2.501295483023434,2.419786465243428,2.2553947120208102,1.9735787810620902
418,2.5499999999999998,2.5499999999999998,2.5499999999999998,2.5499999999999989,2.5500000000000003,2.5499999999999665,2.5499999999988745,2.5499999999685663,2.5499999992977824,2.549999987455716,2.5499998208374151,2.5499979527224887,2.5499812559491457,2.5498621901543794,2.5491837818567316,2.5460882897576331,2.5347349920840401,2.5010512506028078,2.4193633432322192,2.2548220358328939,1.9729820449275899
419,2.5499999999999998,2.5499999999999998,2.5499999999999998,2.5499999999999994,2.5499999999999998,2.5499999999999647,2.5499999999988048,2.5499999999668832,2.5499999992655185,2.5499999869667764,2.5499998149888352,2.5499978975827902,2.54998084673388,2.5498598023584118,2.5491728403573131,2.5460489637993362,2.5346242188020605,2.5008067446247382,2.4189403653696382,2.2542500625290964,1.9723862236285314
420,2.5499999999999998,2.5499999999999998,2.5499999999999998,2.5500000000000003,2.5499999999999989,2.5499999999999625,2.5499999999987297,2.5499999999651179,2.5499999992319302,2.5499999864611484,2.549999808977232,2.549997841216701,2.5499804304703786,2.5498573839710867,2.5491618004130241,2.5460094106646185,2.534513096769639,2.5005619670475414,2.4185175325905295,2.2536787901969184,1.9717913138144962
421,2.5499999999999998,2.5499999999999998,2.5499999999999998,2.5499999999999998,2.5499999999999989,2.5499999999999599,2.549999999998652,2.5499999999632674,2.5499999991969711,2.5499999859383462,2.5499998027988764,2.5499977836030938,2.5499800070728225,2.5498549347568451,2.5491506616529884,2.545969630282543,2.53440162698897,2.5003169198225375,2.418094845822834,2.2531082169320156,1.9711973151434317
422,2.5499999999999998,2.5499999999999998,2.5499999999999998,2.5499999999999998,2.5499999999999989,2.5499999999999572,2.5499999999985703,2.5499999999613276,2.5499999991605917,2.5499999853978763,2.5499997964500194,2.5499977247208592,2.5499795764559865,2.5498524544833208,2.5491394237151765,2.5459296225942145,2.5342898104625258,2.5000716048780918,2.4176723059694814,2.2525383408366402,1.9706042237660699
423,2.5499999999999998,2.5499999999999998,2.5499999999999998,2.5499999999999998,2.5499999999999985,2.5499999999999545,2.5499999999984837,2.549999999959295,2.5499999991227438,2.5499999848392321,2.5499997899268037,2.5499976645483877,2.5499791385330339,2.5498499429146757,2.5491280862330283,2.5458893875380464,2.5341776481931113,2.4998260241434482,2.4172499139357471,2.2519691600220515,1.9700120355396897
424,2.5499999999999998,2.5499999999999998,2.5499999999999998,2.5499999999999998,2.5499999999999989,2.5499999999999514,2.5499999999983918,2.5499999999571656,2.5499999990833708,2.5499999842618917,2.5499997832253194,2.5499976030639173,2.5499786932169797,2.5498473998159503,2.5491166488440786,2.5458489250592184,2.5340651411841915,2.4995801795344299,2.4168276706122502,2.2514006726055951,1.9694207468666856
425,2.5499999999999998,2.5499999999999998,2.5499999999999998,2.5499999999999998,2.5499999999999985,2.5499999999999474,2.5499999999982954,2.5499999999549345,2.5499999990424227,2.5499999836653267,2.5499997763415978,2.5499975402454593,2.5499782404203941,2.5498448249522228,2.5491051111882514,2.5458082351075286,2.5339522904388461,2.4993340729548725,2.4164055768780579,2.2508328767133858,1.9688303543176902
426,2.5499999999999998,2.5499999999999998,2.5499999999999998,2.5500000000000003,2.5499999999999985,2.5499999999999443,2.5499999999981933,2.5499999999525995,2.5499999989998439,2.5499999830489903,2.5499997692715857,2.5499974760707258,2.5499777800552308,2.5498422180883762,2.5490934729079382,2.5457673176381443,2.533839096960619,2.4990877062963155,2.4159836335995366,2.2502657704801532,1.9682408545552295
427,2.5499999999999998,2.5499999999999998,2.5499999999999998,2.5500000000000003,2.549999999999998,2.5499999999999408,2.5499999999980854,2.5499999999501544,2.5499999989555771,2.5499999824123281,2.5499997620111836,2.5499974105172596,2.5499773120330929,2.5498395789892294,2.5490817336470455,2.5457261726093705,2.5337255617531262,2.4988410814428206,2.4155618416355584,2.2496993520460022,1.9676522442681046
428,2.5499999999999998,2.5499999999999998,2.5499999999999998,2.5499999999999998,2.5499999999999976,2.5499999999999368,2.5499999999979721,2.5499999999475946,2.5499999989095641,2.5499999817547736,2.5499997545562252,2.5499973435623602,2.5499768362650932,2.5498369074195031,2.5490698930516138,2.5456847999839418,2.5336116858201105,2.4985942002679464,2.4151402018344452,2.2491336195586062,1.9670645201878689
429,2.5499999999999998,2.5499999999999998,2.5499999999999998,2.5499999999999994,2.5499999999999989,2.5499999999999323,2.5499999999978531,2.5499999999449172,2.549999998861745,2.5499999810757479,2.5499997469024716,2.5499972751830731,2.5499763526618362,2.5498342031438366,2.5490579507699329,2.5456431997291888,2.5334974701653681,2.4983470646342463,2.4147187150335547,2.2485685711736694,1.9664776790837755
430,2.5499999999999998,2.5499999999999998,2.5499999999999998,2.5499999999999998,2.5499999999999985,2.5499999999999283,2.549999999997727,2.5499999999421146,2.5499999988120572,2.5499999803746527,2.5499997390455995,2.5499972053561333,2.5499758611333125,2.5498314659267884,2.5490459064530104,2.5456013718179298,2.5333829157926857,2.4980996763910954,2.414297382057212,2.2480042050566515,1.9658917177611659
431,2.5499999999999998,2.5499999999999998,2.5499999999999998,2.5499999999999998,2.5499999999999985,2.549999999999923,2.5499999999975942,2.549999999939184,2.549999998760438,2.5499999796508832,2.5499997309812343,2.5499971340581147,2.5499753615892002,2.5498286955328919,2.5490337597533004,2.5455593162258223,2.5332680237057636,2.4978520373810049,2.4138762037230612,2.2474405193782565,1.9653066330366986
432,2.5499999999999998,2.5499999999999998,2.5499999999999998,2.5499999999999998,2.549999999999998,2.5499999999999172,2.5499999999974539,2.5499999999361185,2.5499999987068223,2.549999978903819,2.5499997227049258,2.549997061265306,2.5499748539386116,2.5498258917266039,2.5490215103257543,2.5455170329335743,2.5331527949083084,2.4976041494343661,2.4134551808367393,2.2468775123180991,1.9647224217638033
433,2.5499999999999998,2.5499999999999998,2.5499999999999998,2.5499999999999998,2.5499999999999976,2.5499999999999119,2.5499999999973069,2.5499999999329135,2.5499999986511419,2.5499999781328246,2.5499997142121478,2.5499969869537438,2.549974338090184,2.5498230542723701,2.5490091578275349,2.5454745219261214,2.5330372304037927,2.497356014371281,2.4130343141940118,2.2463151820637091,1.9641390808087034
434,2.5499999999999998,2.5499999999999998,2.5499999999999998,2.5499999999999998,2.5499999999999976,2.5499999999999066,2.5499999999971519,2.5499999999295628,2.5499999985933277,2.549999977337253,2.5499997054983048,2.5499969110992211,2.5499738139520773,2.5498201829345839,2.548996701917944,2.5454317831926767,2.5329213311956371,2.4971076340015492,2.4126136045805078,2.2457535268101885,1.9635566070668251
435,2.5499999999999998,2.5499999999999998,2.5499999999999998,2.5499999999999998,2.5499999999999972,2.5499999999999003,2.549999999996988,2.5499999999260616,2.5499999985333095,2.5499999765164403,2.5499996965587282,2.5499968336772851,2.5499732814319955,2.5498172774776555,2.5489841422584432,2.5453888167264829,2.5328050982869339,2.4968590101250832,2.4121930527724973,2.2451925447601169,1.9629749974467321
436,2.5499999999999998,2.5499999999999998,2.5499999999999998,2.5499999999999998,2.5499999999999972,2.5499999999998941,2.5499999999968157,2.5499999999224028,2.5499999984710131,2.5499999756697109,2.5499996873886768,2.5499967546632325,2.5499727404371653,2.5498143376659668,2.5489714785126756,2.5453456225250308,2.532688532680619,2.4966101445314921,2.4117726595362567,2.2446322341236247,1.962394248881685
437,2.5499999999999998,2.5499999999999998,2.5499999999999998,2.5499999999999998,2.5499999999999972,2.549999999999887,2.5499999999966345,2.5499999999185805,2.549999998406363,2.549999974796374,2.5499996779833385,2.5499966740321156,2.5499721908743633,2.5498113632639234,2.5489587103464229,2.5453022005897727,2.5325716353792718,2.4963610390006328,2.4113524256288685,2.2440725931179837,1.9618143583217076
438,2.5499999999999998,2.5499999999999998,2.5499999999999998,2.5499999999999998,2.5499999999999972,2.5499999999998795,2.549999999996444,2.5499999999145873,2.5499999983392825,2.5499999738957233,2.5499996683378243,2.5499965917587346,2.5499716326499002,2.5498083540359415,2.5489458374276643,2.5452585509263002,2.5324544073851722,2.4961116953022238,2.4109323517977623,2.2435136199678052,1.9612353227374677
439,2.5499999999999998,2.5499999999999998,2.5499999999999998,2.5500000000000003,2.5499999999999958,2.5499999999998724,2.5499999999962442,2.5499999999104173,2.5499999982696924,2.5499999729670364,2.5499996584471716,2.5499965078176419,2.5499710656696304,2.5498053097464601,2.5489328594265439,2.5452146735442223,2.5323368497002496,2.4958621151960974,2.4105124387810326,2.2429553129048441,1.9606571391183534
440,2.5499999999999998,2.5499999999999998,2.5499999999999998,2.5500000000000003,2.5499999999999954,2.5499999999998639,2.5499999999960337,2.5499999999060639,2.5499999981975097,2.5499999720095783,2.5499996483063363,2.5499964221831313,2.5499704898389655,2.5498022301600169,2.5489197760154441,2.5451705684570172,2.5322189633257888,2.4956123004323283,2.4100926873079391,2.2423976701676267,1.9600798044701659
441,2.5499999999999998,2.5499999999999998,2.5499999999999998,2.5500000000000003,2.5499999999999954,2.5499999999998555,2.5499999999958125,2.5499999999015195,2.5499999981226518,2.5499999710225971,2.549999637910207,2.5499963348292551,2.5499699050628433,2.5497991150410986,2.5489065868688705,2.5451262356823894,2.5321007492630101,2.495362252750823,2.4096730980977634,2.2418406900023506,1.959503315820281
442,2.5499999999999998,2.5499999999999998,2.5499999999999998,2.5499999999999998,2.5499999999999958,2.5499999999998457,2.5499999999955798,2.5499999998967771,2.549999998045033,2.5499999700053277,2.549999627253595,2.5499962457298158,2.5499693112457447,2.5497959641542209,2.5488932916635116,2.545081675242074,2.5319822085127579,2.4951119738815541,2.4092536718604363,2.2412843706623722,1.9589276702148841
443,2.5499999999999998,2.5499999999999998,2.5499999999999998,2.5499999999999994,2.5499999999999958,2.549999999999836,2.5499999999953351,2.5499999998918281,2.5499999979645636,2.5499999689569841,2.5499996163312226,2.5499961548583459,2.5499687082917557,2.5497927772641589,2.5488798900783376,2.5450368871611513,2.5318633420746433,2.4948614655455357,2.4088344092985845,2.2407287104068581,1.9583528647108583
444,2.5499999999999998,2.5499999999999998,2.5499999999999998,2.5499999999999994,2.5499999999999958,2.5499999999998257,2.549999999995078,2.5499999998866647,2.5499999978811534,2.5499999678767695,2.5499996051377463,2.5499960621881415,2.5499680961044624,2.5497895541355557,2.5488663817944306,2.5449918714692013,2.5317441509484966,2.4946107294531812,2.4084153111040711,2.2401737075030841,1.9577788963895231
445,2.5499999999999998,2.5499999999999998,2.5499999999999998,2.5499999999999998,2.5499999999999949,2.5499999999998151,2.549999999994808,2.5499999998812788,2.5499999977947096,2.54999996676387,2.5499995936677458,2.5499959676922455,2.5499674745870049,2.5497862945331207,2.5488527664950671,2.5449466281997299,2.5316246361336479,2.4943597673051214,2.4079963779597171,2.2396193602252938,1.9572057623498111
446,2.5499999999999998,2.5499999999999998,2.5499999999999998,2.5499999999999998,2.5499999999999945,2.549999999999804,2.5499999999945246,2.5499999998756624,2.5499999977051355,2.5499999656174497,2.5499995819157024,2.549995871343429,2.5499668436421676,2.5497829982219251,2.5488390438657853,2.5449011573891638,2.5315047986278243,2.4941085807937564,2.4075776105422153,2.2390656668530013,1.9566334596995389
447,2.5499999999999998,2.5499999999999998,2.5499999999999998,2.5499999999999998,2.5499999999999936,2.5499999999997915,2.5499999999942271,2.5499999998698062,2.5499999976123338,2.5499999644366609,2.5499995698760354,2.5499957731142251,2.5499662031722212,2.5497796649668851,2.5488252135942653,2.5448554590785757,2.5313846394290516,2.4938571716006002,2.4071590095171187,2.2385126256739265,1.9560619855705947
448,2.5499999999999998,2.5499999999999998,2.5499999999999998,2.5499999999999994,2.5499999999999932,2.5499999999997782,2.5499999999939149,2.5499999998637026,2.5499999975162027,2.5499999632206407,2.5499995575430838,2.5499956729769115,2.549965553079002,2.549776294533018,2.548811275370388,2.5448095333128351,2.5312641595347221,2.4936055413975895,2.4067405755413067,2.2379602349825563,1.9554913371115357
449,2.5499999999999998,2.5499999999999998,2.5500000000000003,2.5499999999999994,2.5499999999999927,2.5499999999997645,2.5499999999935872,2.5499999998573397,2.5499999974166392,2.5499999619685014,2.5499995449110862,2.5499955709034996,2.549964893264014,2.5497728866857381,2.5487972288862579,2.5447633801395542,2.5311433599405326,2.4933536918487569,2.4063223092659602,2.2374084930786449,1.9549215114811906
450,2.5499999999999998,2.5499999999999998,2.5500000000000003,2.5499999999999998,2.5499999999999923,2.5499999999997502,2.5499999999932439,2.5499999998507095,2.5499999973135372,2.5499999606793438,2.5499995319742159,2.5499954668657558,2.5499642236282494,2.5497694411903371,2.5487830738361565,2.5447169996109245,2.5310222416423422,2.4931016246073199,2.4059042113313676,2.2368573982698527,1.9543525058600535
451,2.5499999999999998,2.5499999999999998,2.5500000000000003,2.5500000000000003,2.5499999999999918,2.5499999999997351,2.5499999999928833,2.5499999998438008,2.5499999972067888,2.5499999593522511,2.5499995187265658,2.5499953608351902,2.5499635440722774,2.5497659578122356,2.548768809916564,2.5446703917828235,2.5309008056352731,2.4928493413170996,2.4054862823694503,2.236306948870471,1.9537843174448171
452,2.5499999999999998,2.5499999999999998,2.5500000000000003,2.5500000000000007,2.5499999999999914,2.5499999999997196,2.5499999999925054,2.5499999998366039,2.5499999970962808,2.5499999579862842,2.5499995051621296,2.5499952527830492,2.5499628544963264,2.5497624363172187,2.5487544368261621,2.5446235567139772,2.5307790529129051,2.4925968436138519,2.4050685230060669,2.2357571432004599,1.9532169434444397
453,2.5499999999999998,2.5499999999999998,2.5500000000000003,2.5500000000000007,2.5499999999999909,2.5499999999997023,2.5499999999921088,2.5499999998291094,2.5499999969818994,2.5499999565804887,2.5499994912748258,2.5499951426803271,2.5499621548001592,2.5497588764710817,2.548739954265828,2.5445764944672193,2.5306569844684899,2.4923441331232628,2.404650933857535,2.2352079795869222,1.9526503810862039
454,2.5499999999999998,2.5499999999999998,2.5499999999999998,2.5499999999999998,2.5499999999999896,2.5499999999996836,2.5499999999916927,2.5499999998213063,2.549999996863527,2.5499999551338917,2.5499994770584893,2.5499950304977617,2.549961444883134,2.5497552780398016,2.5487253619386365,2.5445292051088857,2.5305346012943684,2.4920912114619149,2.4042335155323089,2.2346594563634019,1.9520846276128414
455,2.5499999999999998,2.5499999999999998,2.5499999999999994,2.5499999999999994,2.5499999999999887,2.5499999999996645,2.5499999999912566,2.5499999998131821,2.5499999967410432,2.5499999536455,2.5499994625068707,2.5499949162058351,2.5499607246442024,2.5497516407895255,2.548710659549855,2.5444816887088617,2.5304119043820301,2.4918380802372071,2.4038162686308056,2.2341115718700859,1.9515196802828725
456,2.5499999999999998,2.5499999999999998,2.5499999999999994,2.5499999999999989,2.5499999999999878,2.5499999999996446,2.5499999999907996,2.5499999998047249,2.5499999966143245,2.5499999521143026,2.5499994476136316,2.5499947997747712,2.5499599939819149,2.5497479644865977,2.5486958468069512,2.5444339453404723,2.5302888947219904,2.4915847410475318,2.4033991937457579,2.2335643244534751,1.9509555363699342
457,2.5499999999999998,2.5499999999999998,2.5499999999999998,2.5499999999999998,2.5499999999999878,2.5499999999996241,2.5499999999903213,2.5499999997959222,2.549999996483244,2.5499999505392692,2.5499994323723496,2.5499946811745349,2.5499592527944226,2.549744248897551,2.5486809234195875,2.5443859750805133,2.5301655733038286,2.4913311954822248,2.4029822914621022,2.2330177124665229,1.9503921931630082
458,2.5499999999999998,2.5499999999999998,2.5499999999999998,2.5499999999999998,2.5499999999999874,2.5499999999996019,2.5499999999898204,2.5499999997867624,2.5499999963476729,2.5499999489193494,2.5499994167765117,2.5499945603748353,2.5499585009794909,2.5497404937891481,2.5486658890996146,2.544337778009115,2.5300419411160791,2.491077445121781,2.4025655623573088,2.2324717342685454,1.949829647965768
459,2.5499999999999998,2.5499999999999998,2.5500000000000003,2.5500000000000003,2.5499999999999865,2.5499999999995788,2.5499999999892959,2.5499999997772336,2.549999996207478,2.5499999472534731,2.5499994008195177,2.5499944373451213,2.5499577384344869,2.5497366989283474,2.5486507435610841,2.5442893542098575,2.5299179991463125,2.4908234915376704,2.402149007001126,2.2319263882252698,1.9492678980971385
460,2.5499999999999998,2.5499999999999998,2.5500000000000003,2.5499999999999998,2.5499999999999852,2.5499999999995535,2.5499999999887475,2.5499999997673219,2.5499999960625241,2.5499999455405509,2.5499993844946807,2.549994312054586,2.5499569650563902,2.5497328640823316,2.5486354865202387,2.5442407037696633,2.5297937483810506,2.4905693362925079,2.40173262595584,2.2313816727087565,1.9487069408907891
461,2.5499999999999998,2.5499999999999998,2.5500000000000003,2.5499999999999994,2.5499999999999838,2.5499999999995269,2.5499999999881733,2.5499999997570137,2.5499999959126711,2.5499999437794707,2.5499993677952237,2.5499941844721619,2.5499561807417934,2.5497289890185,2.548620117695505,2.5441918267788264,2.529669189805817,2.4903149809400182,2.4013164197761543,2.230837586097421,1.9481467736954592
462,2.5499999999999998,2.5499999999999998,2.5500000000000003,2.5499999999999994,2.5499999999999829,2.5499999999994993,2.549999999987572,2.5499999997462943,2.549999995757775,2.549999941969102,2.5499993507142804,2.5499940545665245,2.5499553853869106,2.5497250735045034,2.5486046368075059,2.5441427233308951,2.529544324404994,2.4900604270252056,2.4009003890095615,2.2302941267759322,1.9475873938741517
463,2.5499999999999998,2.5499999999999998,2.5500000000000003,2.5499999999999989,2.5499999999999821,2.5499999999994705,2.5499999999869418,2.5499999997351499,2.5499999955976898,2.5499999401082918,2.5499993332448936,2.549993922306089,2.5499545788875779,2.549721117308239,2.5485890435790535,2.5440933935226848,2.5294191531618506,2.4898056760843419,2.4004845341962846,2.2297512931352217,1.9470287988043247
464,2.5499999999999998,2.5499999999999998,2.5499999999999998,2.5499999999999985,2.5499999999999812,2.5499999999994398,2.5499999999862832,2.5499999997235658,2.5499999954322661,2.5499999381958682,2.549999315380016,2.5499937876590155,2.5499537611392538,2.5497171201978399,2.5485733377351343,2.5440438374543013,2.5292936770585968,2.4895507296449355,2.4000688558691623,2.229209083572488,1.9464709858782858
465,2.5499999999999998,2.5499999999999998,2.5499999999999998,2.5499999999999985,2.5499999999999803,2.5499999999994079,2.549999999985594,2.5499999997115261,2.5499999952613512,2.5499999362306367,2.5499992971125094,2.5499936505932026,2.5499529320370278,2.5497130819417109,2.5485575190029279,2.5439940552290281,2.5291678970762383,2.4892955892259003,2.3996533545540104,2.228667496491116,1.945913952502291
466,2.5499999999999998,2.5499999999999998,2.5499999999999994,2.5499999999999989,2.549999999999979,2.5499999999993745,2.5499999999848746,2.5499999996990157,2.549999995084788,2.5499999342113822,2.5499992784351417,2.5499935110762908,2.5499520914756211,2.5497090023085263,2.548541587111798,2.5439440469533348,2.5290418141946067,2.4890402563375469,2.3992380307695691,2.2281265303006714,1.9453576960967809
467,2.5499999999999998,2.5499999999999998,2.5499999999999989,2.5499999999999994,2.5499999999999776,2.5499999999993395,2.5499999999841219,2.5499999996860181,2.5499999949024152,2.5499999321368647,2.5499992593405896,2.5499933690756618,2.5499512393493946,2.549704881067234,2.5485255417932775,2.5438938127368416,2.5289154293923524,2.4887847324816446,2.3988228850275544,2.2275861834168875,1.944802214096377
468,2.5499999999999998,2.5499999999999998,2.5499999999999994,2.5499999999999994,2.5499999999999758,2.5499999999993022,2.5499999999833349,2.549999999672516,2.5499999947140686,2.5499999300058249,2.5499992398214366,2.5499932245584382,2.5499503755523456,2.5497007179870677,2.5485093827810861,2.5438433526922952,2.5287887436468903,2.4885290191514513,2.39840791783277,2.2270464542616177,1.9442475039495843
469,2.5499999999999998,2.5499999999999998,2.5499999999999998,2.5499999999999994,2.5499999999999736,2.5499999999992622,2.549999999982512,2.549999999658493,2.5499999945195793,2.5499999278169798,2.549999219870172,2.5499930774914832,2.5499494999781152,2.5496965128375528,2.5484931098111181,2.5437926669355355,2.5286617579343886,2.4882731178317723,2.39799312968317,2.2265073412628156,1.9436935631187511
470,2.5499999999999998,2.5499999999999998,2.5500000000000003,2.5499999999999994,2.5499999999999714,2.5499999999992204,2.5499999999816523,2.5499999996439309,2.549999994318775,2.5499999255690247,2.5499991994791906,2.5499929278414024,2.5499486125199944,2.5496922653885199,2.5484767226214324,2.5437417555854478,2.5285344732297461,2.4880170299990376,2.397578521069951,2.2259688428545092,1.9431403890798891
471,2.5499999999999998,2.5499999999999998,2.5500000000000007,2.5499999999999989,2.5499999999999696,2.5499999999991765,2.5499999999807539,2.5499999996288114,2.5499999941114795,2.5499999232606321,2.5499991786407925,2.5499927755745424,2.549947713070924,2.5496879754101061,2.5484602209522649,2.5436906187639572,2.5284068905065644,2.4877607571213058,2.3971640924775994,2.2254309574767732,1.9425879793226486
472,2.5499999999999998,2.5499999999999998,2.5500000000000003,2.5499999999999989,2.5499999999999692,2.5499999999991307,2.549999999979816,2.5499999996131164,2.549999993897512,2.5499999208904498,2.5499991573471825,2.5499926206569894,2.5499468015234994,2.5496836426727665,2.5484436045460206,2.5436392565959887,2.5282790107371258,2.4875043006583346,2.3967498443839781,2.2248936835756994,1.9420363313501576
473,2.5499999999999998,2.5499999999999998,2.5499999999999998,2.5499999999999985,2.5499999999999678,2.5499999999990823,2.5499999999788359,2.5499999995968254,2.5499999936766886,2.5499999184571029,2.5499991355904688,2.5499924630545721,2.5499458777699764,2.5496792669472779,2.5484268731472604,2.5435876692094426,2.528150834892398,2.4872476620616175,2.3963357772603477,2.2243570196033753,1.9414854426789776
474,2.5499999999999998,2.5499999999999998,2.5499999999999998,2.5499999999999985,2.5499999999999661,2.5499999999990317,2.5499999999778131,2.5499999995799194,2.5499999934488211,2.5499999159591922,2.5499991133626616,2.5499923027328593,2.5499449417022721,2.5496748480047526,2.5484100265027139,2.5435358567351551,2.5280223639419681,2.4869908427744458,2.3959218915715157,2.2238209640178512,1.9409353108388918
475,2.5499999999999998,2.5499999999999998,2.5499999999999994,2.5499999999999985,2.5499999999999625,2.5499999999989789,2.549999999976746,2.5499999995623779,2.5499999932137167,2.5499999133952942,2.5499990906556755,2.549992139657161,2.5499439932119707,2.5496703856166429,2.5483930643612696,2.5434838193068727,2.5278935988540425,2.486733844231952,2.3955081877758699,2.2232855152831159,1.9403859333728408
476,2.5499999999999998,2.5499999999999998,2.5499999999999989,2.5499999999999985,2.5499999999999594,2.5499999999989234,2.5499999999756318,2.5499999995441791,2.549999992971177,2.5499999107639626,2.5499990674613273,2.5499919737925301,2.5499430321903245,2.5496658795547407,2.5483759864739639,2.5434315570612505,2.5277645405954678,2.4864766678611137,2.3950946663253503,2.2227506718690631,1.9398373078370079
477,2.5499999999999998,2.5499999999999998,2.5499999999999989,2.5499999999999985,2.5499999999999567,2.5499999999988647,2.5499999999744687,2.5499999995253022,2.5499999927210006,2.5499999080637257,2.5499990437713356,2.54999180510376,2.5499420585282593,2.5496613295911974,2.5483587925939917,2.5433790701377834,2.5276351901316425,2.4862193150808625,2.3946813276656664,2.2222164322514733,1.9392894318004263
478,2.5499999999999998,2.5499999999999998,2.5499999999999998,2.5499999999999985,2.5499999999999554,2.5499999999988026,2.549999999973255,2.5499999995057245,2.5499999924629808,2.549999905293086,2.5499990195773194,2.5499916335553858,2.5499410721163795,2.5496567354985267,2.5483414824766966,2.5433263586787955,2.5275055484265279,2.4859617873021009,2.3942681722362948,2.221682794911982,1.938742302845009
479,2.5499999999999998,2.5499999999999998,2.5500000000000003,2.5499999999999985,2.5499999999999536,2.5499999999987368,2.5499999999719889,2.5499999994854239,2.5499999921969079,2.5499999024505224,2.5499989948707968,2.549991459111685,2.5499400728449699,2.5496520970496062,2.5483240558795646,2.5432734228294231,2.5273756164426482,2.4857040859277317,2.3938552004705009,2.2211497583380559,1.93819591856554
480,2.5499999999999998,2.5499999999999998,2.5499999999999998,2.5499999999999985,2.5499999999999496,2.5499999999986693,2.5499999999706686,2.5499999994643763,2.5499999919225651,2.5499998995344861,2.5499989696431853,2.5499912817366766,2.5499390606039998,2.5496474140176875,2.5483065125622231,2.54322026273758,2.5272453951410587,2.4854462123527163,2.3934424127954355,2.2206173210229649,1.9376502765695092
481,2.5499999999999998,2.5499999999999998,2.5499999999999998,2.549999999999998,2.5499999999999461,2.5499999999985983,2.5499999999692924,2.5499999994425577,2.5499999916397331,2.5499998965433996,2.5499989438857811,2.5499911013940029,2.5499380352827257,2.5496426861754027,2.5482888522846774,2.5431668785520154,2.5271148854806875,2.4851881679656844,2.3930298096350677,2.2200854814682645,1.9371053819836708
482,2.5499999999999998,2.5499999999999998,2.5499999999999998,2.549999999999998,2.5499999999999439,2.5499999999985228,2.5499999999678566,2.5499999994199429,2.5499999913481868,2.5499998934756749,2.5499989175898539,2.5499909180474076,2.5499369967713168,2.5496379132988256,2.548271074814406,2.5431132704299375,2.5269840884206931,2.4849299541424288,2.3926173913986504,2.2195542381740245,1.9365612310772471
483,2.5499999999999998,2.5499999999999998,2.5499999999999998,2.549999999999998,2.5499999999999399,2.5499999999984451,2.5499999999663596,2.549999999396507,2.5499999910476965,2.5499998903296786,2.5499988907464894,2.5499907316600083,2.5499359449583765,2.5496330951612891,2.548253179915593,2.5430594385255465,2.5268530049172861,2.4846715722563957,2.3922051584984034,2.2190235896528008,1.9360178193448909
484,2.5499999999999998,2.5499999999999998,2.5499999999999998,2.549999999999998,2.5499999999999363,2.5499999999983629,2.5499999999647995,2.5499999993722229,2.5499999907380273,2.5499998871037604,2.5499988633467048,2.5499905421947977,2.5499348797326711,2.5496282315376493,2.5482351673564136,2.5430053829975403,2.526721635925322,2.48441302367109,2.3917931113376394,2.2184935344209897,1.9354751436436437
485,2.5499999999999998,2.5499999999999998,2.5499999999999998,2.5499999999999976,2.5499999999999328,2.5499999999982763,2.5499999999631746,2.5499999993470652,2.5499999904189377,2.5499998837962399,2.5499988353814036,2.5499903496144962,2.5499338009826378,2.5496233222031774,2.5482170369072952,2.5429511040074528,2.526589982398078,2.4841543097418857,2.3913812503134921,2.2179640710009347,1.9349332012145
486,2.5499999999999998,2.5499999999999998,2.5499999999999998,2.5499999999999972,2.5499999999999283,2.5499999999981862,2.5499999999614809,2.5499999993210052,2.5499999900901846,2.5499998804054123,2.5499988068413999,2.5499901538815917,2.5499327085964487,2.5496183669334958,2.5481987883405099,2.5428966017191228,2.5264580452875061,2.4838954318175035,2.3909695758180818,2.2174351979199107,1.9343919894217172
487,2.5499999999999998,2.5499999999999998,2.5499999999999998,2.5499999999999976,2.5499999999999248,2.5499999999980907,2.5499999999597169,2.5499999992940139,2.5499999897515173,2.5499998769295438,2.5499987777174034,2.5499899549583174,2.5499316024619865,2.5496133655046478,2.5481804214304513,2.5428418762989899,2.5263258255439602,2.4836363912389827,2.3905580882377939,2.2169069137110076,1.9338515057334289
488,2.5499999999999998,2.5499999999999998,2.5499999999999998,2.5499999999999972,2.5499999999999199,2.5499999999979912,2.5499999999578784,2.5499999992660638,2.5499999894026799,2.5499998733668741,2.5499987480000081,2.5499897528066238,2.5499304824668205,2.5496083176931514,2.5481619359538241,2.5427869279162905,2.5261933241160301,2.4833771893390657,2.3901467879528653,2.2163792169138374,1.9333117476894444
489,2.5499999999999998,2.5499999999999998,2.5499999999999998,2.5499999999999976,2.5499999999999154,2.5499999999978868,2.5499999999559662,2.5499999992371243,2.5499999890434122,2.5499998697156152,2.5499987176797139,2.5499895473882299,2.5499293484982646,2.5496032232759194,2.5481433316892614,2.5427317567425809,2.5260605419508151,2.4831178274435661,2.3897356753384127,2.2158521060736684,1.9327727128698073
490,2.5499999999999998,2.5499999999999998,2.5499999999999994,2.5499999999999967,2.5499999999999101,2.5499999999977776,2.5499999999539735,2.5499999992071642,2.5499999886734459,2.5499998659739465,2.5499986867469095,2.5499893386645822,2.5499282004433383,2.5495980820303377,2.5481246084176243,2.542676362952077,2.5259274799936793,2.4828583068703409,2.3893247507637025,2.2153255797425366,1.9322343988899995
491,2.5499999999999998,2.5499999999999998,2.5499999999999994,2.5499999999999963,2.5499999999999048,2.5499999999976626,2.5499999999518996,2.5499999991761526,2.5499999882925111,2.5499998621400226,2.5499986551918772,2.5499891265968744,2.5499270381887889,2.5495928937342338,2.5481057659218584,2.5426207467214685,2.5257941391883438,2.4825986289298241,2.3889140145925598,2.2147996364789058,1.9316968033967052
492,2.5499999999999998,2.5499999999999998,2.5499999999999998,2.5499999999999963,2.5499999999998999,2.5499999999975436,2.5499999999497422,2.549999999144057,2.5499999879003306,2.5499998582119705,2.5499986230047917,2.5499889111460456,2.5499258616210931,2.5495876581658874,2.5480868039869962,2.5425649082298927,2.525660520476869,2.4823387949250555,2.38850346718342,2.2142742748478179,1.9311599240577058
493,2.5499999999999998,2.5499999999999998,2.5499999999999994,2.5499999999999963,2.5499999999998932,2.5499999999974188,2.5499999999474938,2.5499999991108444,2.5499999874966175,2.5499998541878837,2.5499985901757261,2.5499886922727835,2.5499246706264653,2.5495823751040381,2.5480677224001278,2.542508847658874,2.5255266247996522,2.4820788061518071,2.3880931088894553,2.2137494934207727,1.9306237585628803
494,2.5499999999999998,2.5499999999999998,2.5499999999999994,2.5499999999999954,2.549999999999887,2.5499999999972869,2.5499999999451561,2.5499999990764808,2.5499999870810859,2.5499998500658276,2.5499985566946437,2.5499884699375226,2.5499234650908607,2.5495770443278878,2.5480485209504202,2.5424525651923395,2.5253924530953964,2.4818186638985309,2.3876829400585495,2.213225290775545,1.9300883046238306
495,2.5499999999999998,2.5499999999999998,2.5499999999999994,2.5499999999999954,2.5499999999998804,2.5499999999971497,2.5499999999427234,2.5499999990409314,2.5499999866534391,2.5499998458438395,2.549998522551399,2.5499882441004424,2.5499222448999794,2.5495716656171243,2.5480291994291218,2.5423960610165648,2.5252580063010646,2.4815583694464189,2.3872729610334038,2.2127016654957701,1.9295535599680953
496,2.5499999999999998,2.5499999999999998,2.5499999999999994,2.5499999999999949,2.5499999999998737,2.5499999999970058,2.5499999999401939,2.5499999990041595,2.5499999862133782,2.5499998415199272,2.5499984877357402,2.5499880147214706,2.5499210099392582,2.5495662387518885,2.5480097576295462,2.5423393353202406,2.5251232853519614,2.4812979240693473,2.386863172151402,2.2121786161716352,1.9290195223464741
497,2.5499999999999998,2.5499999999999998,2.5499999999999998,2.5499999999999949,2.549999999999867,2.5499999999968548,2.5499999999375644,2.5499999989661291,2.5499999857605959,2.549999837092066,2.5499984522373067,2.5499877817602838,2.5499197600938874,2.5495607635128179,2.5479901953470736,2.5422823882943471,2.5249882911816233,2.481037329034034,2.3864535737448738,2.2116561413988522,1.9284861895225205
498,2.5499999999999998,2.5499999999999998,2.5499999999999998,2.5499999999999945,2.5499999999998595,2.5499999999966976,2.5499999999348288,2.5499999989268018,2.5499999852947766,2.5499998325582021,2.5499984160456282,2.5499875451763034,2.5499184952488121,2.5495552396810486,2.5479705123791518,2.5422252201321616,2.5248530247218226,2.4807765856000241,2.3860441661410738,2.2111342397787177,1.9279535592731789
499,2.5499999999999998,2.5499999999999998,2.5499999999999998,2.5499999999999945,2.5499999999998515,2.5499999999965324,2.5499999999319845,2.5499999988861393,2.5499999848156012,2.5499998279162504,2.5499983791501273,2.5499873049286994,2.5499172152887182,2.549549667038177,2.5479507085252937,2.5421678310293463,2.5247174869026496,2.4805156950195899,2.3856349496620068,2.2106129099188472,1.927421629397263
500,2.5499999999999998,2.5499999999999998,2.5499999999999994,2.5499999999999945,2.5499999999998435,2.5499999999963601,2.5499999999290281,2.5499999988441031,2.5499999843227448,2.549999823164093,2.5499983415401104,2.5499870609763926,2.5499159200980852,2.5495440453663591,2.5479307835870313,2.5421102211836053,2.5245816786522881,2.4802546585382443,2.3852259246251433,2.2100921504309419,1.9268903976955325
501,2.5499999999999998,2.5499999999999998,2.5499999999999994,2.549999999999994,2.5499999999998346,2.5499999999961807,2.5499999999259559,2.5499999988006516,2.5499999838158751,2.5499998182995829,2.5499983032047808,2.5499868132780477,2.5499146095611125,2.5495383744481845,2.5479107373679959,2.5420523907951629,2.5244456008972995,2.4799934773939896,2.3848170913424145,2.2095719599337094,1.9263598619944051
502,2.5499999999999998,2.5499999999999998,2.5499999999999994,2.5499999999999932,2.5499999999998257,2.5499999999959928,2.5499999999227629,2.5499999987557436,2.5499999832946529,2.5499998133205399,2.5499982641332242,2.5499865617920867,2.5499132835618186,2.5495326540668364,2.5478905696737861,2.541994340066112,2.5243092545622798,2.4797321528183889,2.3844084501215916,2.2090523370492985,1.9258300201232406
503,2.5499999999999998,2.5499999999999998,2.5499999999999998,2.5499999999999923,2.5499999999998155,2.5499999999957965,2.5499999999194456,2.5499999987093358,2.5499999827587327,2.5499998082247535,2.5499982243144208,2.5499863064766761,2.549911941983948,2.5495268840059446,2.5478702803121029,2.541936069201026,2.5241726405701614,2.4794706860355382,2.3840000012649836,2.2085332804064484,1.9253008699309639
504,2.5499999999999998,2.5499999999999998,2.5500000000000007,2.5499999999999914,2.5499999999998049,2.5499999999955909,2.549999999915999,2.5499999986613853,2.5499999822077624,2.5499998030099791,2.5499981837372352,2.5499860472897358,2.5499105847110486,2.549521064049701,2.5478498690926341,2.5418775784064622,2.5240357598419805,2.4792090782629055,2.3835917450704946,2.2080147886382062,1.9247724092762926
505,2.5499999999999998,2.5499999999999998,2.5500000000000003,2.5499999999999914,2.5499999999997942,2.5499999999953764,2.5499999999124188,2.5499999986118471,2.549999981641383,2.5499997976739381,2.5499981423904194,2.5499857841889368,2.5499092116264475,2.5495151939828218,2.5478293358270934,2.5418188678911253,2.5238986132969488,2.4789473307110552,2.3831836818312802,2.2074968603826179,1.92424463603035
506,2.5499999999999998,2.5499999999999998,2.5499999999999998,2.5499999999999918,2.5499999999997831,2.5499999999951517,2.5499999999087004,2.5499999985606752,2.5499999810592282,2.5499997922143218,2.5499981002626151,2.5499855171317019,2.5499078226132434,2.5495092735905427,2.5478086803292253,2.5417599378658911,2.5237612018524698,2.4786854445836068,2.3827758118356903,2.2069794942829937,1.9237175480772486
507,2.5499999999999998,2.5499999999999998,2.5499999999999994,2.5499999999999918,2.5499999999997711,2.5499999999949177,2.5499999999048395,2.5499999985078223,2.5499999804609246,2.5499997866287858,2.5499980573423464,2.5499852460752099,2.5499064175543564,2.5495033026586857,2.5477879024147341,2.5417007885435141,2.5236235264240028,2.4784234210777307,2.3823681353678983,2.2064626889869241,1.9231911433108699
508,2.5499999999999998,2.5499999999999998,2.5499999999999994,2.5499999999999909,2.5499999999997587,2.5499999999946725,2.5499999999008316,2.5499999984532411,2.5499999798460924,2.549999780914955,2.5499980136180316,2.5499849709763853,2.5499049963324345,2.5494972809735277,2.5477670019014247,2.5416414201392059,2.5234855879253257,2.4781612613831689,2.3819606527066646,2.2059464431478699,1.9226654196406945
509,2.5499999999999998,2.5499999999999998,2.5499999999999994,2.5499999999999896,2.5499999999997449,2.5499999999944172,2.5499999998966709,2.5499999983968813,2.5499999792143444,2.54999977507042,2.5499979690779702,2.5499846917919093,2.549903558829953,2.5494912083219385,2.5477459786090524,2.541581832870015,2.5233473872682555,2.4778989666832811,2.3815533641266557,2.2054307554236332,1.9221403749855377
510,2.5499999999999998,2.5499999999999998,2.5499999999999994,2.5499999999999887,2.5499999999997316,2.5499999999941507,2.5499999998923526,2.5499999983386932,2.5499999785652849,2.5499997690927323,2.5499979237103445,2.5499844084782257,2.5499021049292345,2.5494850844914065,2.5477248323592967,2.5415220269547207,2.5232089253625993,2.4776365381552239,2.3811462698986761,2.2049156244761945,1.9216160072723405
511,2.5499999999999998,2.5499999999999998,2.5499999999999998,2.5499999999999883,2.5499999999997174,2.5499999999938727,2.5499999998878708,2.5499999982786248,2.5499999778985134,2.5499997629794176,2.5499978775032308,2.5499841209915184,2.5499006345123059,2.5494789092698471,2.5477035629759683,2.5414620026146841,2.5230702031165393,2.4773739769685177,2.3807393702878508,2.2044010489734838,1.9210923144451664
512,2.5499999999999998,2.5499999999999998,2.5499999999999998,2.5499999999999878,2.5499999999997027,2.5499999999935836,2.5499999998832203,2.5499999982166237,2.5499999772136204,2.5499997567279618,2.5499978304445863,2.5499838292877346,2.5498991474610504,2.5494726824458049,2.5476821702847858,2.5414017600729446,2.5229312214362292,2.4771112842865706,2.3803326655555472,2.2038870275876024,1.9205692944560162
513,2.5499999999999998,2.5499999999999998,2.5499999999999998,2.5499999999999874,2.5499999999996872,2.5499999999932812,2.5499999998783958,2.5499999981526349,2.5499999765101866,2.5499997503358114,2.5499977825222442,2.5499835333225866,2.5498976436572183,2.5494664038084696,2.5476606541133542,2.5413412995541336,2.5227919812257591,2.4768484612668162,2.3799261559595468,2.2033735589947652,1.9200469452643603
514,2.5499999999999998,2.5499999999999998,2.5499999999999994,2.5499999999999865,2.5499999999996703,2.5499999999929654,2.5499999998733918,2.5499999980866037,2.5499999757877889,2.5499997438003872,2.5499977337239357,2.5499832330515262,2.5498961229822625,2.5494600731474577,2.5476390142914194,2.5412806212854848,2.5226524833875947,2.4765855090590216,2.3795198417519265,2.202860641876939,1.9195252648461434
515,2.5499999999999998,2.5499999999999998,2.5499999999999989,2.5499999999999861,2.5499999999996521,2.5499999999926364,2.5499999998682017,2.5499999980184729,2.5499999750459943,2.5499997371190699,2.5499976840372693,2.5499829284297717,2.5498945853175092,2.5494536902530323,2.5476172506506063,2.5412197254958122,2.5225127288221385,2.4763224288070065,2.3791137231811983,2.2023482749202814,1.9190042511851848
516,2.5499999999999998,2.5499999999999998,2.5499999999999985,2.5499999999999852,2.5499999999996334,2.5499999999922927,2.5499999998628193,2.5499999979481851,2.5499999742843609,2.549999730289199,2.5499976334497312,2.5499826194123099,2.5498930305441632,2.5494472549161142,2.5475953630244046,2.5411586124154648,2.5223727184277198,2.4760592216487205,2.3787078004923936,2.2018364568151774,1.9184839022733768
517,2.5499999999999998,2.5499999999999998,2.5499999999999985,2.5499999999999847,2.5499999999996144,2.5499999999919343,2.5499999998572385,2.5499999978756809,2.549999973502441,2.5499997233080873,2.5499975819487015,2.5499823059538671,2.5498914585431449,2.5494407669280714,2.5475733512484289,2.5410972822773039,2.522232453100989,2.4757958887145897,2.378302073925044,2.2013251862573937,1.9179642161170747
518,2.5499999999999998,2.5499999999999998,2.5499999999999985,2.5499999999999838,2.5499999999995948,2.5499999999915608,2.5499999998514524,2.5499999978008998,2.5499999726997782,2.5499997161730077,2.5499975295214385,2.5499819880089389,2.5498898691952494,2.5494342260809195,2.5475512151601647,2.541035735315758,2.5220919337365388,2.4755324311291185,2.3778965437151256,2.2008144619470187,1.9174451907311916
519,2.5499999999999998,2.5499999999999998,2.5499999999999989,2.5499999999999829,2.5499999999995739,2.5499999999911718,2.549999999845455,2.5499999977237784,2.5499999718759052,2.5499997088811908,2.5499974761550774,2.54998166553179,2.5498882623811596,2.5494276321673373,2.5475289545989424,2.5409739717667486,2.5219511612268843,2.4752688500110178,2.377491210095199,2.2003042825884664,1.9169268241391513
520,2.5499999999999998,2.5499999999999998,2.5499999999999994,2.5499999999999816,2.5499999999995513,2.5499999999907668,2.5499999998392395,2.5499999976442531,2.54999997103035,2.5499997014298361,2.5499974218366428,2.5499813384764338,2.5498866379813245,2.5494209849805167,2.547506569406143,2.5409119918684109,2.5218101364627326,2.4750051464719798,2.3770860732929586,2.1997946468910863,1.9164091143764308
521,2.5499999999999998,2.5499999999999998,2.5499999999999994,2.5499999999999798,2.5499999999995273,2.5499999999903449,2.5499999998327989,2.5499999975622587,2.5499999701626299,2.5499996938161047,2.5499973665530375,2.5499810067966511,2.5498849958760537,2.5494142843142793,2.5474840594250354,2.5408497958605274,2.5216688603327722,2.4747413216176377,2.3766811335323603,2.1992855535687039,1.9158920594878399
522,2.5499999999999998,2.5499999999999998,2.5499999999999998,2.5499999999999785,2.5499999999995024,2.5499999999899052,2.5499999998261251,2.5499999974777299,2.5499999692722546,2.5499996860371201,2.5499973102910474,2.5499806704459838,2.5498833359454971,2.5494075299630472,2.547461424500812,2.5407873839846711,2.5215273337237361,2.4744773765473345,2.37627639103333,2.1987770013397743,1.9153756575282985
523,2.5499999999999998,2.5499999999999998,2.5499999999999994,2.5499999999999776,2.5499999999994771,2.5499999999894465,2.5499999998192115,2.5499999973905987,2.5499999683587258,2.549999678089967,2.549997253037338,2.5499803293777377,2.5498816580696544,2.5494007217218608,2.5474386644805755,2.5407247564841184,2.5213855575203508,2.4742133123542538,2.3758718460119606,2.1982689889272233,1.914859906562193
524,2.5499999999999998,2.5499999999999998,2.5499999999999989,2.5499999999999767,2.5499999999994509,2.5499999999889682,2.5499999998120497,2.5499999973007959,2.5499999674215346,2.5499996699716925,2.5499971947784554,2.5499799835449837,2.5498799621283776,2.549393859386377,2.5474157792133298,2.5406619136038588,2.5212435326053555,2.4739491301254199,2.3754674986804698,2.1977615150585255,1.9143448046636002
525,2.5499999999999998,2.5499999999999998,2.5499999999999985,2.5499999999999754,2.5499999999994234,2.5499999999884713,2.5499999998046325,2.5499999972082494,2.549999966460164,2.5499996616793039,2.5499971355008273,2.5499796329005613,2.5498782480013835,2.5493869427528799,2.5473927685499613,2.5405988555905221,2.5211012598594791,2.473684830941814,2.3750633492473292,2.1972545784656345,1.9138303499159346
526,2.5499999999999998,2.5499999999999998,2.5499999999999985,2.5499999999999741,2.5499999999993941,2.5499999999879535,2.5499999997969511,2.5499999971128862,2.5499999654740879,2.5499996532097717,2.5499970751907592,2.5499792773970724,2.5498765155682377,2.5493799716182703,2.5473696323432655,2.540535582692458,2.5209587401614564,2.4734204158782402,2.3746593979171435,2.1967481778850408,1.9133165404122789
527,2.5499999999999998,2.5499999999999998,2.5499999999999989,2.5499999999999714,2.5499999999993626,2.5499999999874152,2.5499999997889971,2.5499999970146328,2.5499999644627711,2.549999644560025,2.5499970138344383,2.5499789169868872,2.5498747647083713,2.5493729457800804,2.5473463704479169,2.5404720951596524,2.5208159743880101,2.4731558860034712,2.3742556448907837,2.1962423120577057,1.9128033742550634
528,2.5499999999999998,2.5499999999999998,2.5499999999999989,2.5499999999999696,2.5499999999993306,2.5499999999868552,2.5499999997807627,2.5499999969134128,2.5499999634256696,2.5499996357269548,2.5499969514179295,2.5499785516221443,2.5498729953010777,2.5493658650364668,2.5473229827204698,2.5404083932437476,2.5206729634138618,2.4728912423802138,2.3738520903653408,2.1957369797290669,1.912290849556221
529,2.5499999999999998,2.5499999999999998,2.5499999999999989,2.5499999999999678,2.5499999999992968,2.5499999999862721,2.5499999997722393,2.5499999968091487,2.5499999623622291,2.5499996267074123,2.5499968879271777,2.5499781812547506,2.549871207225527,2.5493587291862316,2.5472994690193458,2.5403444771979551,2.5205297081116886,2.4726264860652543,2.3734487345343238,2.195232179649,1.9117789644366139
530,2.5499999999999998,2.5499999999999998,2.5499999999999985,2.549999999999967,2.5499999999992617,2.5499999999856651,2.5499999997634175,2.5499999967017613,2.5499999612718875,2.5499996174982078,2.5499968233480068,2.5499778058363822,2.5498694003607576,2.5493515380288105,2.5472758292048332,2.5402803472770983,2.5203862093521514,2.4723616181093924,2.3730455775875505,2.1947279105718236,1.9112677170264301
531,2.5499999999999998,2.5499999999999998,2.5499999999999985,2.5499999999999652,2.5499999999992253,2.549999999985034,2.5499999997542884,2.5499999965911697,2.5499999601540706,2.5499996080961131,2.5499967576661193,2.5499774253184864,2.549867574585682,2.549344291364275,2.5472520631390849,2.5402160037376009,2.5202424680038957,2.4720966395574644,2.3726426197111627,2.1942241712562911,1.9107571054652011
532,2.5499999999999998,2.5499999999999998,2.5499999999999985,2.5499999999999634,2.5499999999991871,2.5499999999843772,2.5499999997448421,2.549999996477291,2.5499999590081965,2.5499995984978581,2.5499966908670961,2.5499770396522798,2.5498657297790968,2.5493369889933502,2.5472281706861,2.5401514468374078,2.5200984849335093,2.4718315514484677,2.3722398610878037,2.1937209604655483,1.9102471279011881
533,2.5499999999999998,2.5499999999999998,2.5499999999999989,2.5499999999999612,2.5499999999991472,2.5499999999836933,2.5499999997350691,2.5499999963600408,2.5499999578336734,2.5499995887001328,2.549996622936396,2.5499766487887534,2.5498638658196811,2.5493296307174069,2.547204151711723,2.5400866768360109,2.5199542610055468,2.4715663548155264,2.371837301896544,2.1932182769671384,1.9097377824917485
534,2.5499999999999998,2.5499999999999998,2.5499999999999989,2.549999999999959,2.549999999999105,2.5499999999829832,2.5499999997249589,2.5499999962393329,2.5499999566298985,2.5499995786995844,2.549996553859355,2.5499762526786718,2.5498619825860027,2.5493222163384699,2.5471800060836332,2.5400216939944178,2.5198097970825226,2.4713010506859461,2.3714349423129391,2.192716119532979,1.9092290674032166
535,2.5499999999999998,2.5500000000000003,2.5499999999999985,2.5499999999999567,2.5499999999990606,2.5499999999822447,2.5499999997145015,2.5499999961150785,2.54999995539626,2.5499995684928201,2.5499964836211868,2.5499758512725723,2.5498600799565181,2.5493147456592178,2.547155733671346,2.5399564985751346,2.5196650940248921,2.4710356400812379,2.3710327825090789,2.1922144869393509,1.9087209808106826
536,2.5499999999999998,2.5500000000000003,2.5499999999999976,2.5499999999999545,2.5499999999990135,2.5499999999814777,2.5499999997036862,2.5499999959871884,2.5499999541321356,2.5499995580764057,2.5499964122069829,2.5499754445207672,2.5498581578095787,2.5493072184829906,2.5471313343461981,2.5398910908421408,2.519520152691058,2.470770124017168,2.3706308226536144,2.1917133779668778,1.908213520898028
537,2.5499999999999998,2.5500000000000003,2.5499999999999972,2.5499999999999519,2.5499999999989651,2.5499999999806802,2.5499999996925027,2.5499999958555697,2.5499999528368922,2.5499995474468631,2.5499963396017113,2.5499750323733466,2.5498562160234379,2.5492996346137913,2.5471068079813364,2.5398254710608668,2.5193749739373632,2.4705045035038005,2.3702290629118044,2.191212791400508,1.9077066858578124
538,2.5499999999999998,2.5500000000000003,2.5499999999999972,2.5499999999999496,2.5499999999989154,2.5499999999798511,2.5499999996809395,2.5499999957201287,2.5499999515098875,2.5499995366006734,2.5499962657902171,2.549974614780175,2.5498542544762466,2.5492919938562881,2.5470821544517244,2.5397596394981874,2.5192295586180822,2.4702387795454985,2.3698275034455314,2.1907127260295089,1.9072004738912454
539,2.5499999999999998,2.5499999999999994,2.5499999999999985,2.5499999999999474,2.5499999999988643,2.5499999999789891,2.5499999996689864,2.5499999955807695,2.5499999501504673,2.5499995255342753,2.5499961907572217,2.5499741916908967,2.5498522730460644,2.5492842960158208,2.5470573736341255,2.5396935964223935,2.5190839075854208,2.4699729531409838,2.36942614441335,2.1902131806474427,1.9066948832080866
540,2.5499999999999998,2.5499999999999989,2.5499999999999976,2.5499999999999439,2.5499999999988097,2.5499999999780947,2.5499999996566292,2.5499999954373953,2.549999948757967,2.5499995142440639,2.5499961144873224,2.5499737630549344,2.5498502716108611,2.5492765408983975,2.5470324654070975,2.5396273421031781,2.5189380216895185,2.4697070252833599,2.3690249859705044,2.1897141540521465,1.9061899120266044
541,2.5499999999999998,2.5499999999999998,2.5499999999999972,2.5499999999999408,2.5499999999987506,2.5499999999771652,2.5499999996438585,2.549999995289904,2.5499999473317083,2.5499995027263664,2.5499960369648877,2.5499733288211393,2.549848250047607,2.549268728309007,2.5470074296489864,2.5395608768109788,2.5187919017808258,2.4694409969646918,2.3686240282718987,2.1892156450443054,1.9056855570614415
542,2.5499999999999998,2.5499999999999998,2.5499999999999967,2.5499999999999376,2.5499999999986915,2.5499999999761993,2.5499999996306602,2.549999995138196,2.5499999458710128,2.5499994909775388,2.5499959581744651,2.5499728889391631,2.5498462082358406,2.5492608580583016,2.5469822662458665,2.5394942008196875,2.5186455487010089,2.4691748691583428,2.3682232714604465,2.1887176524324636,1.9051818168311936
543,2.5499999999999998,2.5499999999999998,2.5499999999999972,2.5499999999999341,2.5499999999986289,2.549999999975197,2.5499999996170222,2.5499999949821652,2.5499999443751795,2.5499994789938247,2.5499958781001992,2.5499724433575057,2.5498441460525862,2.5492529299529871,2.5469569750798979,2.5394273144020438,2.5184989632948831,2.4689086428435081,2.367822715684254,2.1882201750278494,1.9046786900090751
544,2.5499999999999998,2.5499999999999998,2.5499999999999967,2.5499999999999314,2.5499999999985636,2.5499999999741552,2.5499999996029334,2.5499999948217082,2.5499999428435003,2.5499994667714403,2.5499957967261651,2.5499719920246311,2.5498420633752867,2.5492449438014968,2.5469315560365802,2.5393602178335737,2.5183521464054852,2.4686423189925284,2.3674223610858682,2.1877232116435814,1.9041761749982857
545,2.5499999999999998,2.5499999999999998,2.5499999999999967,2.549999999999927,2.5499999999984957,2.5499999999730738,2.5499999995883784,2.5499999946567131,2.5499999412752565,2.5499994543065649,2.5499957140363465,2.5499715348888929,2.5498399600815311,2.5492368994132337,2.5469060090032474,2.539292911390592,2.5182050988725537,2.4683758985711033,2.3670222078046614,2.1872267610985343,1.9036742701578691
546,2.5499999999999998,2.5499999999999998,2.5499999999999963,2.5499999999999234,2.5499999999984251,2.5499999999719525,2.5499999995733442,2.5499999944870715,2.5499999396697177,2.5499994415953324,2.5499956300146018,2.5499710718984283,2.5498378360488569,2.5492287965983542,2.5468803338690904,2.5392253953507251,2.5180578215335032,2.468109382539093,2.3666222559767163,2.1867308222161341,1.9031729738143393
547,2.5499999999999998,2.5499999999999998,2.5499999999999958,2.5499999999999194,2.5499999999983505,2.5499999999707881,2.5499999995578166,2.5499999943126701,2.5499999380261378,2.5499994286338148,2.5499955446446148,2.5499706030010683,2.5498356911546711,2.5492206351678881,2.5468545305256147,2.539157669993394,2.5179103152231606,2.4678427718493676,2.3662225057340076,2.1862353938250303,1.9026722842851274
548,2.5499999999999998,2.5499999999999998,2.5499999999999954,2.549999999999915,2.5499999999982736,2.5499999999695788,2.5499999995417815,2.549999994133394,2.5499999363437675,2.5499994154180716,2.5499954579100339,2.5499701281445879,2.5498335252763682,2.5492124149330642,2.5468285988648076,2.5390897355983637,2.5177625807757655,2.4675760674533107,2.365822957207667,2.1857404747549949,1.9021721998900405
549,2.5499999999999998,2.5499999999999998,2.5499999999999954,2.5499999999999106,2.5499999999981928,2.5499999999683252,2.5499999995252245,2.5499999939491245,2.5499999346218369,2.5499994019440799,2.5499953697942801,2.5499696472763742,2.549831338291225,2.54920413570636,2.5468025387817876,2.5390215924476718,2.5176146190218027,2.4673092702926867,2.3654236105233415,2.1852460638430413,1.9016727189504576
550,2.5499999999999998,2.5499999999999994,2.5499999999999958,2.5499999999999057,2.5499999999981084,2.5499999999670244,2.5499999995081311,2.549999993759744,2.5499999328595755,2.5499993882078185,2.5499952802807773,2.5499691603438226,2.5498291300765303,2.5491957973002455,2.5467763501716192,2.5389532408232864,2.5174664307917722,2.4670423813094051,2.365024465806794,2.1847521599260489,1.9011738397892179
551,2.5499999999999998,2.5499999999999989,2.5499999999999954,2.5499999999999012,2.5499999999980214,2.5499999999656748,2.5499999994904861,2.5499999935651303,2.5499999310561927,2.5499993742051905,2.5499951893527437,2.549968667293979,2.5498269005094727,2.5491873995283418,2.5467500329322168,2.5388846810092232,2.5173180169127272,2.4667754014366206,2.3646255231788214,2.184258761847452,1.9006755607323729
552,2.5499999999999998,2.5499999999999989,2.5499999999999949,2.5499999999998963,2.5499999999979299,2.5499999999642746,2.5499999994722726,2.5499999933651578,2.5499999292108839,2.5499993599320376,2.5499950969932303,2.5499681680736197,2.549824649467185,2.5491789422051974,2.5467235869637284,2.5388159132910308,2.5171693782089375,2.466508331600632,2.3642267827563956,2.1837658684557426,1.9001778801138987
553,2.5499999999999998,2.5499999999999994,2.5499999999999945,2.549999999999891,2.5499999999978344,2.549999999962822,2.5499999994534752,2.5499999931596995,2.5499999273228382,2.5499993453841805,2.5499950031852348,2.5499676626294314,2.5498223768267807,2.5491704251456695,2.54669701216703,2.5387469379547549,2.5170205155037633,2.4662411727255154,2.3638282446552599,2.1832734786010741,1.8996807962706832
554,2.5499999999999998,2.5499999999999998,2.549999999999994,2.5499999999998852,2.5499999999977354,2.5499999999613165,2.5499999994340778,2.5499999929486274,2.5499999253912291,2.5499993305573905,2.5499949079116124,2.5499671509078681,2.5498200824653288,2.5491618481654177,2.5466703084448921,2.5386777552877238,2.5168714296181882,2.4659739257295579,2.3634299089879498,2.1827815911379052,1.8991843075475436
555,2.5499999999999998,2.5499999999999998,2.5499999999999945,2.549999999999879,2.5499999999976315,2.549999999959756,2.5499999994140632,2.5499999927318098,2.5499999234152186,2.5499993154473843,2.5499948111550776,2.54996663285515,2.5498177662598325,2.5491532110808794,2.5466434757020302,2.5386083655786638,2.5167221213708402,2.4657065915250502,2.363031775863595,2.1822902049251454,1.8986884122913954
556,2.5499999999999998,2.5499999999999998,2.5499999999999945,2.5499999999998724,2.549999999997524,2.5499999999581382,2.5499999993934139,2.5499999925091106,2.5499999213939546,2.5499993000498309,2.5499947128982168,2.5499661084173013,2.549815428087296,2.5491445137092357,2.5466165138447519,2.538538769117237,2.5165725915782144,2.4654391710195322,2.3626338453888449,2.1817993188254392,1.8981931088628556
557,2.5499999999999998,2.5499999999999998,2.5499999999999936,2.5499999999998662,2.5499999999974117,2.5499999999564618,2.5499999993721123,2.5499999922803931,2.5499999193265737,2.5499992843603527,2.5499946131234923,2.5499655775401342,2.5498130678246516,2.5491357558683552,2.5465894227811248,2.5384689661944111,2.5164228410547111,2.4651716651150815,2.362236117667202,2.1813089317053831,1.8976983956233444
558,2.5499999999999998,2.5499999999999998,2.5499999999999932,2.5499999999998595,2.5499999999972953,2.5499999999547236,2.5499999993501401,2.5499999920455179,2.5499999172121979,2.549999268374525,2.5499945118132388,2.5499650401692624,2.5498106853488154,2.5491269373768284,2.5465622024208345,2.5383989571021677,2.5162728706126236,2.4649040747088908,2.3618385927995509,2.1808190424354272,1.8972042709427697
559,2.5499999999999998,2.5499999999999998,2.5499999999999927,2.5499999999998524,2.5499999999971736,2.5499999999529228,2.5499999993274796,2.5499999918043428,2.5499999150499386,2.5499992520878734,2.549994408949666,2.5499644962501131,2.5498082805367033,2.5491180580539621,2.5465348526751206,2.538328742133416,2.5161226810621811,2.4646364006934944,2.3614412708843204,2.1803296498898206,1.8967107331999606
560,2.5499999999999998,2.5499999999999994,2.5499999999999927,2.5499999999998453,2.5499999999970462,2.5499999999510568,2.5499999993041116,2.5499999915567231,2.5499999128388935,2.5499992354958767,2.5499943045148532,2.549963945727888,2.5498058532651577,2.5491091177197887,2.5465073734570649,2.5382583215824193,2.515972273211406,2.4643686439557295,2.3610441520166772,2.1798407529468427,1.8962177807778453
561,2.5499999999999998,2.5499999999999994,2.5499999999999923,2.5499999999998373,2.5499999999969134,2.5499999999491241,2.5499999992800158,2.54999999130251,2.5499999105781432,2.5499992185939653,2.5499941984907606,2.5499633885476261,2.5498034034110653,2.5491001161950519,2.5464797646811328,2.5381876957441141,2.5158216478663333,2.4641008053783779,2.3606472362898034,2.1793523504885708,1.8957254120674378
562,2.5499999999999998,2.5499999999999998,2.5499999999999918,2.5499999999998293,2.5499999999967757,2.5499999999471221,2.5499999992551734,2.5499999910415534,2.5499999082667593,2.549999201377521,2.5499940908592174,2.5499628246541435,2.5498009308512448,2.5490910533012174,2.5464520262635997,2.5381168649147496,2.5156708058308141,2.4638328858386394,2.3602505237937068,2.1788644414010134,1.8952336254661908
563,2.5499999999999998,2.5499999999999998,2.5499999999999909,2.5499999999998204,2.5499999999966323,2.5499999999450487,2.5499999992295632,2.5499999907736997,2.5499999059037988,2.5499991838418765,2.5499939816019253,2.5499622539920686,2.5497984354625194,2.549081928860482,2.5464241581223113,2.5380458293914976,2.5155197479065956,2.4635648862090083,2.359854014615927,2.1783770245740843,1.8947424193783293
564,2.5499999999999998,2.5499999999999998,2.5499999999999905,2.5499999999998115,2.5499999999964831,2.5499999999429011,2.5499999992031648,2.5499999904987929,2.5499999034883052,2.5499991659823134,2.549993870700459,2.549961676505843,2.5497959171217204,2.5490727426957802,2.5463961601766778,2.5379745894724275,2.5153684748933074,2.4632968073572976,2.3594577088415765,2.1778900989016243,1.8942517922147335
565,2.5499999999999998,2.5499999999999994,2.5499999999999905,2.5499999999998022,2.5499999999963285,2.5499999999406775,2.5499999991759568,2.5499999902166741,2.5499999010193086,2.5499991477940673,2.5499937581362677,2.5499610921397013,2.5497933757056321,2.5490634946307504,2.5463680323478091,2.5379031454567893,2.51521698758848,2.4630286501461178,2.3590616065528538,2.1774036632813361,1.8937617423932001
566,2.5499999999999998,2.5499999999999989,2.5499999999999901,2.5499999999997924,2.5499999999961673,2.5499999999383753,2.5499999991479174,2.5499999899271799,2.5499998984958223,2.549999129272317,2.549993643890669,2.5499605008377015,2.5497908110911012,2.5490541844898225,2.5463397745583176,2.5378314976445244,2.5150652867874381,2.4627604154336757,2.3586657078298385,2.1769177166147617,1.8932722683384962
567,2.5499999999999998,2.5499999999999989,2.5499999999999892,2.5499999999997822,2.5499999999959995,2.5499999999359919,2.549999999119025,2.549999989630146,2.5499998959168493,2.5499991104121977,2.5499935279448569,2.5499599025436939,2.5497882231549047,2.5490448120981024,2.5463113867325196,2.5377596463368191,2.5149133732834654,2.4624921040729348,2.3582700127496219,2.1764322578074013,1.8927833684819415
568,2.5499999999999998,2.5499999999999989,2.5499999999999883,2.5499999999997716,2.5499999999958249,2.549999999933525,2.5499999990892559,2.5499999893254044,2.5499998932813779,2.549999091208794,2.5499934102798982,2.5499592972013359,2.5497856117738253,2.5490353772814376,2.5462828687963266,2.5376875918357968,2.5147612478677064,2.4622237169120682,2.3578745213867829,2.1759472857686317,1.8922950412616939
569,2.5499999999999998,2.5499999999999985,2.5499999999999878,2.5499999999997605,2.5499999999956438,2.5499999999309719,2.5499999990585871,2.5499999890127829,2.5499998905883778,2.5499990716571324,2.5499932908767251,2.5499586847541234,2.549782976824734,2.549025879866476,2.5462542206770786,2.5376153344441437,2.5146089113291192,2.4619552547951149,2.3574792338140012,2.1754627994114095,1.8918072851229752
570,2.5499999999999998,2.5499999999999985,2.5499999999999874,2.5499999999997489,2.549999999995455,2.54999999992833,2.549999999026995,2.5499999886921088,2.5499998878368086,2.5499990517521969,2.5499931697161489,2.5499580651453324,2.5497803181844163,2.5490163196805402,2.5462254423038782,2.5375428744658799,2.5144563644545932,2.4616867185606628,2.3570841501008069,2.1749787976528308,1.8913200985175742
571,2.5499999999999998,2.5499999999999985,2.5499999999999874,2.5499999999997369,2.5499999999952587,2.5499999999255967,2.5499999989944548,2.5499999883632043,2.549999885025616,2.5499990314889196,2.5499930467788503,2.5499574383180552,2.5497776357296771,2.5490066965517033,2.5461965336073886,2.5374702122058936,2.5143036080288774,2.4614181090426435,2.3566892703143361,2.1744952794137884,1.8908334799041455
572,2.5499999999999998,2.5499999999999989,2.5499999999999869,2.5499999999997245,2.5499999999950549,2.5499999999227692,2.5499999989609416,2.5499999880258875,2.5499998821537266,2.5499990108621717,2.549992922045381,2.5499568042152325,2.5497749293374312,2.5489970103088324,2.5461674945196098,2.5373973479695136,2.5141506428345828,2.4611494270711551,2.3562945945200502,2.1740122436185736,1.8903474277476733
573,2.5499999999999998,2.5499999999999989,2.5499999999999861,2.5499999999997107,2.5499999999948426,2.5499999999198439,2.5499999989264301,2.5499999876799748,2.5499998792200556,2.5499989898667832,2.5499927954961659,2.5499561627795821,2.5497721988845079,2.5489872607814852,2.546138324974343,2.537324282063425,2.5139974696522045,2.4608806734707347,2.3559001227802043,2.173529689195703,1.8898619405203276
574,2.5499999999999998,2.5499999999999994,2.5499999999999847,2.5499999999996965,2.5499999999946219,2.5499999999168188,2.549999998890895,2.549999987325279,2.5499998762235037,2.5499989684975293,2.5499926671115016,2.5499555139536429,2.5497694442477687,2.5489774477999734,2.5461090249069125,2.5372510147951188,2.5138440892601062,2.4606118490613968,2.3555058551547665,2.1730476150774187,1.8893770167009416
575,2.5499999999999998,2.5499999999999994,2.5499999999999834,2.5499999999996819,2.5499999999943928,2.5499999999136898,2.5499999988543087,2.5499999869616095,2.5499998731629518,2.5499989467491271,2.5499925368715579,2.549954857679809,2.5497666653041926,2.5489675711953956,2.5460795942539463,2.5371775464724893,2.5136905024345433,2.4603429546594184,2.3551117917020985,2.172566020199258,1.8888926547740081
576,2.5499999999999998,2.5499999999999994,2.5499999999999825,2.5499999999996663,2.5499999999941552,2.5499999999104541,2.5499999988166451,2.549999986588773,2.5499998700372704,2.549998924616248,2.5499924047563756,2.5499541939002537,2.5497638619306846,2.5489576307995563,2.5460500329538576,2.5371038774047316,2.51353670994963,2.4600739910756007,2.3547179324774432,2.1720849035009855,1.8884088532316374
577,2.5499999999999998,2.5499999999999989,2.5499999999999821,2.5499999999996503,2.5499999999939083,2.5499999999071088,2.5499999987778756,2.5499999862065721,2.5499998668453143,2.5499989020935105,2.549992270745868,2.5499535225569741,2.5497610340041907,2.5489476264450137,2.5460203409465541,2.5370300079018047,2.5133827125773593,2.45980495911631,2.3543242775338316,2.1716042639260338,1.887925610572375
578,2.5499999999999998,2.5499999999999985,2.5499999999999812,2.5499999999996339,2.5499999999936511,2.5499999999036502,2.549999998737972,2.5499999858148055,2.549999863585918,2.5499988791754746,2.5499921348198189,2.5499528435918224,2.549758181401764,2.548937557965107,2.5459905181732765,2.5369559382741289,2.513228511087616,2.4595358595840633,2.3539308269225869,2.171124100421121,1.8874429253003826
579,2.5499999999999998,2.549999999999998,2.5499999999999803,2.549999999999617,2.5499999999933847,2.5499999999000758,2.5499999986969044,2.5499999854132693,2.5499998602579055,2.5499988558566518,2.5499919969578859,2.5499521569464454,2.5497553040004295,2.5489274251939018,2.5459605645769301,2.5368816688332014,2.5130741062481503,2.4592666932763341,2.3535375806922905,2.1706444119369972,1.886960795927032
580,2.5499999999999998,2.5499999999999985,2.549999999999979,2.5499999999995993,2.5499999999931071,2.5499999998963814,2.549999998654644,2.5499999850017558,2.5499998568600821,2.5499988321314988,2.5499918571395979,2.5499514625623219,2.5497524016772686,2.5489172279662236,2.5459304801018856,2.5368071998912241,2.5129194988245942,2.4589974609862768,2.3531445388894112,2.170165197427989,1.8864792209699355
581,2.5499999999999998,2.5499999999999985,2.5499999999999776,2.5499999999995806,2.5499999999928198,2.5499999998925631,2.5499999986111601,2.5499999845800527,2.5499998533912387,2.5499988079944189,2.5499917153443552,2.5499507603807543,2.5497494743093987,2.5489069661176522,2.5459002646940179,2.5367325317611833,2.5127646895804561,2.4587281635025606,2.3527517015581663,2.1696864558520601,1.8859981989532006
582,2.5499999999999998,2.5499999999999985,2.5499999999999767,2.5499999999995611,2.5499999999925214,2.5499999998886174,2.5499999985664226,2.549999984147945,2.5499998498501504,2.5499987834397606,2.5499915715514319,2.5499500503428734,2.5497465217739879,2.5488966394845236,2.545869918300677,2.53665766475679,2.5126096792771269,2.4584588016095017,2.3523590687406255,2.1692081861707968,1.8855177284072031
583,2.5499999999999998,2.5499999999999989,2.5499999999999754,2.5499999999995402,2.5499999999922123,2.5499999998845397,2.5499999985203998,2.5499999837052134,2.5499998462355746,2.5499987584618191,2.5499914257399721,2.5499493323896369,2.549743543948249,2.5488862479039311,2.5458394408706981,2.5365825991924988,2.5124544686738752,2.4581893760870135,2.3519666404766761,2.168730387349397,1.8850378078686834
584,2.5499999999999998,2.5499999999999989,2.5499999999999741,2.5499999999995184,2.5499999999918912,2.5499999998803276,2.549999998473059,2.5499999832516367,2.5499998425462529,2.5499987330548342,2.5499912778889935,2.54994860646184,2.5497405407094571,2.5488757912137254,2.5458088323543611,2.5365073353834426,2.5122990585278608,2.4579198877107435,2.3515744168041359,2.1682530583565844,1.884558435880574
585,2.5499999999999998,2.5499999999999989,2.5499999999999727,2.5499999999994962,2.5499999999915577,2.5499999998759768,2.5499999984243678,2.5499999827869879,2.5499998387809102,2.5499987072129913,2.5499911279773846,2.5499478725001024,2.5497375119349335,2.5488652692525164,2.5457780927034301,2.5364318736454941,2.5121434495941179,2.4576503372519456,2.351182397758647,2.1677761981646961,1.8840796109921516
586,2.5499999999999998,2.549999999999998,2.5499999999999714,2.5499999999994736,2.5499999999912109,2.5499999998714835,2.5499999983742918,2.5499999823110371,2.5499998349382542,2.5499986809304209,2.5499909759839059,2.5499471304448784,2.5497344575020606,2.5488546818596745,2.545747221871117,2.5363562142952056,2.5119876426255661,2.4573807254775994,2.3507905833737781,2.1672998057496007,1.8836013317588893
587,2.5499999999999998,2.5499999999999976,2.5499999999999701,2.5499999999994496,2.5499999999908511,2.5499999998668432,2.5499999983227974,2.5499999818235501,2.5499998310169776,2.549998654201199,2.5499908218871923,2.5499463802364533,2.549731377288273,2.5488440288753282,2.5457162198120913,2.5362803576498378,2.5118316383730175,2.4571110531503617,2.3503989736809761,2.1668238800907429,1.8831235967424633
588,2.5499999999999998,2.5499999999999972,2.5499999999999683,2.5499999999994243,2.5499999999904781,2.5499999998620511,2.5499999982698487,2.5499999813242882,2.5499998270157551,2.5499986270193462,2.5499906656657481,2.5499456218149508,2.5497282711710758,2.54883331014037,2.5456850864824538,2.5362043040272937,2.5116754375851649,2.4568413210286848,2.3500075687096782,2.1663484201710448,1.8826464045106854
589,2.5499999999999998,2.549999999999998,2.5499999999999665,2.5499999999993976,2.5499999999900917,2.5499999998571026,2.5499999982154096,2.5499999808130096,2.5499998229332435,2.5499985993788261,2.5499905072979514,2.5499448551203296,2.5497251390280384,2.5488225254964547,2.5456538218397391,2.5361280537461361,2.5115190410085901,2.4565715298667876,2.3496163684872795,2.1658734249769376,1.8821697536374895
590,2.5499999999999998,2.549999999999998,2.5499999999999647,2.5499999999993701,2.5499999999896912,2.5499999998519938,2.549999998159445,2.5499999802894684,2.5499998187680832,2.549998571273548,2.5499903467620535,2.5499440800923847,2.5497219807367917,2.5488116747859935,2.5456224258429208,2.5360516071256023,2.511362449387772,2.4563016804146329,2.3492253730391131,2.1653988934983777,1.8816936427029132
591,2.5499999999999998,2.549999999999998,2.549999999999963,2.5499999999993421,2.5499999999892755,2.5499999998467207,2.5499999981019159,2.549999979753415,2.5499998145188982,2.5499985426973648,2.5499901840361772,2.5499432966707509,2.5497187961750432,2.5488007578521663,2.5455908984523834,2.535974964485542,2.5112056634650748,2.4560317734180406,2.3488345823885517,2.1649248247287645,1.8812180702930326
592,2.5499999999999994,2.5499999999999976,2.5499999999999616,2.5499999999993128,2.5499999999888439,2.5499999998412779,2.5499999980427859,2.5499999792045949,2.5499998101842931,2.5499985136440726,2.5499900190983178,2.549942504794902,2.5497155852205715,2.5487897745389168,2.5455592396299269,2.5358981261464328,2.5110486839807571,2.4557618096186604,2.348443996556981,2.1644512176649631,1.8807430349999459
593,2.5499999999999994,2.5499999999999972,2.5499999999999599,2.5499999999992822,2.5499999999883971,2.5499999998356606,2.5499999979820154,2.5499999786427492,2.5499998057628566,2.5499984841074115,2.5499898519263429,2.5499417044041546,2.5497123477512322,2.5487787246909495,2.5455274493387532,2.5358210924293645,2.5108915116729782,2.4554917897540069,2.3480536155638254,2.1639780713072665,1.8802685354217274
594,2.5499999999999994,2.5499999999999972,2.5499999999999576,2.5499999999992498,2.5499999999879339,2.5499999998298635,2.5499999979195644,2.5499999780676159,2.5499998012531586,2.5499984540810643,2.5499896824979928,2.549940895437667,2.5497090836449599,2.5487676081537374,2.5454955275434656,2.5357438636560254,2.5107341472777898,2.4552217145574775,2.3476634394265714,2.1635053846594032,1.8797945701624084
595,2.5499999999999998,2.5499999999999976,2.549999999999955,2.5499999999992156,2.5499999999874543,2.5499999998238816,2.5499999978553931,2.5499999774789281,2.549999796653752,2.5499984235586575,2.5499895107908812,2.549940077834441,2.5497057927797693,2.5487564247735186,2.5454634742100577,2.5356664401486935,2.510576591529142,2.454951584758382,2.3472734681607874,2.1630331567285062,1.8793211378319334
596,2.5500000000000003,2.5499999999999976,2.5499999999999527,2.5499999999991805,2.5499999999869569,2.5499999998177096,2.5499999977894596,2.5499999768764141,2.5499997919631698,2.5499983925337606,2.549989336782494,2.5499392515333259,2.5497024750337611,2.5487451743972951,2.5454312893058999,2.5355888222302143,2.5104188451588905,2.4546814010819795,2.3468837017801527,2.1625613865250837,1.8788482370461175
597,2.5500000000000003,2.5499999999999976,2.5499999999999505,2.5499999999991441,2.5499999999864418,2.5499999998113427,2.5499999977217227,2.5499999762597985,2.5499997871799294,2.5499983609998869,2.5499891604501905,2.5499384164730161,2.5496991302851231,2.5487338568728388,2.5453989727997435,2.5355110102240017,2.51026090889679,2.4544111642494779,2.3464941402964632,2.1620900730630273,1.8783758664266277
598,2.5499999999999998,2.5499999999999972,2.5499999999999488,2.5499999999991063,2.5499999999859071,2.5499999998047747,2.5499999976521392,2.549999975628801,2.5499997823025282,2.5499983289504908,2.5499889817712034,2.5499375725920546,2.5496957584121311,2.5487224720486878,2.5453665246617052,2.5354330044540179,2.510102783470499,2.4541408749780738,2.3461047837196602,2.1616192153595808,1.87790402460094
599,2.5499999999999994,2.5499999999999967,2.5499999999999465,2.5499999999990672,2.5499999999853533,2.549999999798001,2.5499999975806644,2.549999974983137,2.5499997773294454,2.5499982963789676,2.5499888007226379,2.5499367198288332,2.5496923592931569,2.548711019774148,2.5453339448632621,2.5353548052447668,2.5099444696055864,2.4538705339809677,2.3457156320578418,2.1611488124353317,1.8774327102023105
600,2.5499999999999994,2.5499999999999967,2.5499999999999434,2.549999999999025,2.5499999999847809,2.5499999997910163,2.5499999975072543,2.5499999743225188,2.5499997722591403,2.5499982632786549,2.5499886172814725,2.5499358581215947,2.5496889328066663,2.5486994998992931,2.5453012333772449,2.5352764129212804,2.5097859680255299,2.453600141967395,2.3453266853172892,2.1606788633141898,1.8769619218697375
601,2.5499999999999994,2.5499999999999963,2.5499999999999412,2.5499999999989824,2.5499999999841876,2.5499999997838119,2.5499999974318635,2.5499999736466505,2.5499997670900547,2.549998229642823,2.5499884314245085,2.5499349874082737,2.549685478830797,2.5486879122740778,2.5452683901763824,2.5351978278073686,2.5096272794504522,2.4533296996428269,2.3449379435046938,2.1602093670272526,1.8764916371022644
602,2.5499999999999994,2.5499999999999963,2.5499999999999381,2.549999999998938,2.5499999999835725,2.5499999997763845,2.5499999973544449,2.5499999729552347,2.5499997618206152,2.5499981954647173,2.5499882431285732,2.5499341076271449,2.5496819972450688,2.5486762567518984,2.5452354152390937,2.5351190502325602,2.5094684046021429,2.4530592077081832,2.3445494066183041,2.1597403225973544,1.8760218583171557
603,2.5499999999999994,2.5499999999999963,2.5499999999999341,2.5499999999988918,2.5499999999829361,2.5499999997687266,2.5499999972749521,2.5499999722479694,2.5499997564492234,2.5499981607374904,2.5499880523702139,2.5499332187158421,2.5496784879278045,2.5486645331842235,2.54520230854077,2.5350400805217017,2.5093093441966419,2.4527886668611956,2.344161074661272,2.1592717290620653,1.8755525903298096
604,2.5499999999999994,2.5499999999999954,2.5499999999999314,2.5499999999988439,2.5499999999822776,2.5499999997608329,2.5499999971933356,2.5499999715245449,2.5499997509742638,2.5499981254542443,2.5499878591259026,2.5499323206120295,2.5496749507578893,2.5486527414242257,2.5451690700595981,2.5349609190018123,2.5091500989490036,2.4525180777953368,2.3437729476327522,2.1588035854585588,1.8750838339818141
605,2.5499999999999994,2.5499999999999954,2.5499999999999279,2.5499999999987946,2.549999999981595,2.5499999997526954,2.5499999971095462,2.5499999707846506,2.549999745394103,2.5499980896080268,2.5499876633719909,2.5499314132532245,2.5496713856142974,2.5486408813258077,2.5451356997750492,2.534881566000406,2.5089906695723303,2.4522474412003819,2.3433850255302193,2.1583358908270656,1.874615589224921
606,2.5499999999999994,2.5499999999999949,2.5499999999999257,2.5499999999987422,2.5499999999808893,2.5499999997443092,2.5499999970235345,2.5499999700279679,2.5499997397070859,2.549998053191826,2.5499874650846985,2.5499304965768039,2.5496677923761197,2.5486289527436488,2.5451021976679069,2.5348020218454557,2.5088310567776224,2.4519767577622438,2.342997308349422,2.1578686442109549,1.8741478555808857
607,2.5499999999999994,2.5499999999999945,2.5499999999999208,2.549999999998688,2.5499999999801579,2.5499999997356668,2.5499999969352496,2.5499999692541753,2.5499997339115406,2.5499980161985674,2.549987264240122,2.5499295705200065,2.549664170922556,2.5486169555332072,2.5450685637202732,2.5347222868653967,2.5086712612737876,2.451706028162977,2.3426097960844015,2.1574018446564294,1.8736806323475574
608,2.5499999999999994,2.5499999999999949,2.5499999999999177,2.5499999999986316,2.5499999999794012,2.5499999997267597,2.5499999968446398,2.5499999684629442,2.5499997280057722,2.54999797862112,2.5499870608142308,2.5499286350199255,2.549660521132926,2.548604889550715,2.5450347979155579,2.534642361389106,2.5085112837676409,2.4514352530808061,2.3422224887275029,2.1569354912119847,1.8732139186916763
609,2.5499999999999994,2.549999999999994,2.5499999999999137,2.5499999999985743,2.5499999999786187,2.5499999997175853,2.5499999967516485,2.5499999676539438,2.5499997219880686,2.5499979404522892,2.5499868547828681,2.5499276900135217,2.5496568428866651,2.5485927546531699,2.5450009002384499,2.5345622457458972,2.5083511249639434,2.4511644331902103,2.3418353862694197,2.1564695829276115,1.8727477136989443
610,2.5499999999999994,2.549999999999994,2.5499999999999092,2.549999999998513,2.5499999999778096,2.549999999708132,2.5499999966562248,2.5499999668268352,2.5499997158566958,2.5499979016848253,2.5499866461217535,2.5499267354376207,2.5496531360633292,2.5485805506983397,2.5449668706749109,2.5344819402654957,2.5081907855654002,2.4508935691619391,2.3414484886992173,2.1560041188540651,1.8722820163917653
611,2.5499999999999994,2.549999999999994,2.5499999999999043,2.5499999999984495,2.5499999999769711,2.5499999996983922,2.5499999965583142,2.5499999659812769,2.5499997096099003,2.5499978623114159,2.5499864348064825,2.5499257712289132,2.5496494005425969,2.5485682775447582,2.5449327092121803,2.5344014452780468,2.5080302662726508,2.4506226616630045,2.341061796004329,2.1555390980427345,1.8718168257386487
612,2.5499999999999985,2.5499999999999936,2.5499999999998999,2.5499999999983842,2.5499999999761047,2.5499999996883607,2.5499999964578572,2.5499999651169212,2.5499997032459087,2.5499978223246873,2.5499862208125239,2.5499247973239552,2.5496456362042719,2.5485559350517288,2.5448984158387646,2.5343207611140937,2.5078695677842737,2.4503517113567117,2.3406753081705762,2.1550745195453089,1.8713521406811935
613,2.5499999999999985,2.5499999999999932,2.5499999999998963,2.5499999999983163,2.5499999999752094,2.5499999996780285,2.5499999963547975,2.5499999642334141,2.5499996967629279,2.5499977817172068,2.549986004115222,2.5499238136591726,2.5496418429282839,2.5485435230793274,2.5448639905444321,2.5342398881045773,2.5077086907967896,2.4500807189026723,2.3402890251821828,2.1546103824140479,1.8708879601285577
614,2.5499999999999994,2.5499999999999932,2.549999999999891,2.5499999999982452,2.5499999999742822,2.549999999667389,2.5499999962490785,2.5499999633303982,2.5499996901591429,2.5499977404814813,2.5499857846897966,2.5499228201708606,2.5496380205946929,2.548531041488403,2.5448294333202037,2.5341588265808221,2.5075476360046611,2.4498096849568287,2.3399029470217978,2.154146685701654,1.8704242829786404
615,2.5499999999999989,2.5499999999999927,2.5499999999998861,2.5499999999981715,2.5499999999733238,2.5499999996564329,2.549999996140639,2.5499999624075107,2.5499996834327177,2.5499976986099573,2.5499855625113446,2.5499218167951851,2.5496341690836934,2.5485184901405664,2.5447947441583416,2.5340775768745161,2.507386404100302,2.4495386101714876,2.3395170736705118,2.153683428461878,1.8699611081167131
616,2.5499999999999989,2.5499999999999918,2.5499999999998808,2.5499999999980951,2.5499999999723331,2.5499999996451517,2.5499999960294186,2.5499999614643807,2.549999676581796,2.5499976560950186,2.5499853375548365,2.5499208034681864,2.5496302882756137,2.5485058688982027,2.544759923052351,2.5339961393177157,2.5072249957740755,2.4492674951953268,2.3391314051078691,2.1532206097498325,1.8694984344137848
617,2.5499999999999985,2.5499999999999909,2.549999999999875,2.5499999999980165,2.5499999999713094,2.5499999996335365,2.5499999959153548,2.5499999605006347,2.5499996696045004,2.5499976129289865,2.5499851097951205,2.5499197801257769,2.5496263780509181,2.5484931776244659,2.544724969996965,2.5339145142428285,2.5070634117143018,2.4489963406734261,2.338745941311887,2.152758228622353,1.869036260732954
618,2.549999999999998,2.5499999999999905,2.5499999999998693,2.5499999999979344,2.5499999999702503,2.5499999996215803,2.5499999957983865,2.5499999595158922,2.5499996624989336,2.549997569104125,2.5499848792069213,2.5499187467037441,2.5496224382902115,2.5484804161832777,2.5446898849881383,2.5338327019826004,2.5069016526072594,2.4487251472472908,2.3383606822590712,2.1522962841385027,1.8685745859305145
619,2.549999999999998,2.5499999999999909,2.5499999999998635,2.5499999999978487,2.5499999999691552,2.5499999996092733,2.5499999956784491,2.5499999585097686,2.5499996552631754,2.5499975246126336,2.5499846457648387,2.5499177031377496,2.5496184688742356,2.5484675844393303,2.5446546680230564,2.5337507028701318,2.5067397191371814,2.4484539155548224,2.3379756279243971,2.151834775358918,1.8681134088535984
620,2.549999999999998,2.5499999999999905,2.5499999999998577,2.5499999999977598,2.5499999999680236,2.5499999995966061,2.5499999955554777,2.5499999574818712,2.5499996478952838,2.5499974794466516,2.5499844094433506,2.5499166493633396,2.5496144696838825,2.5484546822580834,2.5446193191000956,2.5336685172388198,2.5065776119862697,2.4481826462304337,2.3375907782813892,2.1513737013477736,1.8676527283518765
621,2.5499999999999985,2.5499999999999896,2.5499999999998511,2.5499999999976675,2.5499999999668552,2.5499999995835689,2.5499999954294048,2.5499999564318037,2.5499996403932963,2.5499974335982563,2.5499841702168098,2.5499155853159317,2.5496104406001829,2.5484417095057661,2.5445838382188626,2.5335861454224133,2.5064153318346833,2.4479113399049419,2.3372061333020442,2.1509130611708946,1.8671925432651966
622,2.5499999999999985,2.5499999999999896,2.5499999999998439,2.549999999997572,2.5499999999656473,2.5499999995701539,2.5499999953001633,2.549999955359163,2.5499996327552297,2.5499973870594608,2.549983928059449,2.5499145109308308,2.5496063815043235,2.5484286660493738,2.5445482253801299,2.5335035877549283,2.5062528793605661,2.4476399972057479,2.3368216929569519,2.1504528538983867,1.8667328524405329
623,2.549999999999998,2.5499999999999896,2.549999999999836,2.5499999999974738,2.5499999999643999,2.5499999995563507,2.5499999951676839,2.5499999542635412,2.549999624979078,2.5499973398222182,2.5499836829453768,2.5499134261432173,2.5496022922776334,2.5484155517566704,2.5445124805858921,2.5334208445707187,2.5060902552400197,2.4473686187566792,2.3364374572151889,2.1499930786023183,1.866273654716706
624,2.5499999999999976,2.5499999999999892,2.5499999999998288,2.5499999999973713,2.5499999999631107,2.5499999995421487,2.549999995031897,2.5499999531445239,2.5499996170628116,2.5499972918784186,2.5499834348485799,2.5499123308881608,2.5495981728016028,2.5484023664961883,2.5444766038392892,2.5333379162043808,2.5059274601471375,2.4470972051781956,2.3360534260444425,2.1495337343591499,1.8658149489385851
625,2.549999999999998,2.5499999999999883,2.5499999999998217,2.5499999999972642,2.5499999999617788,2.5499999995275378,2.5499999948927314,2.5499999520016909,2.5499996090043804,2.5499972432198903,2.5499831837429219,2.54991122510061,2.549594022957868,2.5483891101372267,2.5444405951446725,2.5332548029908342,2.505764494753977,2.4468257570872201,2.3356695994109131,2.1490748202478116,1.8653567339466943
626,2.549999999999998,2.5499999999999874,2.5499999999998142,2.5499999999971532,2.5499999999604035,2.5499999995125084,2.549999994750114,2.5499999508346147,2.5499996008017116,2.5499971938383976,2.549982929602145,2.5499101087154084,2.5495898426282317,2.5483757825498494,2.5444044545075313,2.5331715052652286,2.5056013597305928,2.446554275097343,2.335285977279419,2.1486163353513925,1.8648990085852362
627,2.5499999999999976,2.5499999999999865,2.5499999999998058,2.5499999999970377,2.5499999999589833,2.5499999994970493,2.5499999946039709,2.5499999496428627,2.5499995924527101,2.5499971437256423,2.54998267239987,2.5499089816672798,2.5495856316946499,2.5483623836048874,2.544368181934535,2.5330880233630007,2.5054380557450173,2.4462827598186934,2.3349025596133308,2.1481582787560134,1.8644417716976929
628,2.5499999999999976,2.5499999999999856,2.5499999999997973,2.5499999999969183,2.5499999999575169,2.54999999948115,2.5499999944542266,2.5499999484259974,2.5499995839552581,2.5499970928732627,2.5499824121095984,2.5499078438908436,2.5495813900392492,2.5483489131739367,2.5443317774334728,2.533004357619796,2.5052745834632919,2.4460112118581079,2.334519346374647,2.1477006495517066,1.8639850221307228
629,2.5499999999999976,2.5499999999999856,2.549999999999788,2.5499999999967953,2.549999999956003,2.5499999994647995,2.5499999943008054,2.5499999471835739,2.5499995753072162,2.5499970412728361,2.5499821487047059,2.5499066953205958,2.5495771175442967,2.5483353711293621,2.544295241013363,2.5329205083716069,2.5051109435494094,2.4457396318188374,2.3341363375238697,2.1472434468314212,1.8635287587285829
630,2.5499999999999972,2.5499999999999856,2.5499999999997782,2.5499999999966678,2.5499999999544403,2.5499999994479863,2.549999994143628,2.5499999459151406,2.5499995665064206,2.5499969889158747,2.549981882158451,2.5499055358909364,2.549572814092246,2.5483217573442882,2.5442585726842903,2.5328364759545652,2.5049471366653977,2.4454680203009929,2.3337535330201944,2.1467866696921845,1.8630729803412929
631,2.5499999999999972,2.5499999999999847,2.549999999999768,2.5499999999965355,2.5499999999528269,2.5499999994306988,2.5499999939826163,2.5499999446202404,2.5499995575506849,2.5499969357938266,2.5499816124439709,2.5499043655361597,2.5495684795657181,2.5483080716926052,2.5442217724574796,2.5327522607050397,2.5047831634712816,2.4451963779013388,2.3333709328214223,2.1463303172346091,1.8626176858208758
632,2.5499999999999967,2.5499999999999838,2.5499999999997578,2.5499999999963978,2.5499999999511611,2.549999999412925,2.54999999381769,2.5499999432984097,2.549999548437802,2.5499968818980792,2.5499813395342796,2.549903184190434,2.5495641138474752,2.5482943140489724,2.5441848403453755,2.5326678629597326,2.5046190246250437,2.4449247052130771,2.3329885368838648,2.1458743885624312,1.8621628740173766
633,2.5499999999999963,2.5499999999999825,2.5499999999997471,2.5499999999962553,2.549999999949442,2.5499999993946529,2.5499999936487656,2.5499999419491783,2.5499995391655372,2.5499968272199531,2.5499810634022761,2.5499019917878534,2.549559716820494,2.5482804842888021,2.5441477763614002,2.5325832830553754,2.5044547207827481,2.4446530028265192,2.3326063451626453,2.1454188827834866,1.8617085437897647
634,2.5499999999999963,2.5499999999999816,2.5499999999997356,2.5499999999961078,2.5499999999476679,2.5499999993758711,2.54999999347576,2.5499999405720697,2.5499995297316351,2.5499967717507062,2.5499807840207365,2.5499007882623892,2.5495552883678965,2.5482665822882753,2.5441105805201838,2.5324985213290208,2.504290252598421,2.4443812713284419,2.3322243576114077,2.1449637990089672,1.8612546939961065
635,2.5499999999999963,2.5499999999999807,2.5499999999997236,2.5499999999959551,2.5499999999458369,2.549999999356567,2.549999993298588,2.5499999391666015,2.5499995201338175,2.5499967154815342,2.5499805013623149,2.5498995735479024,2.5495508283729684,2.5482526079243386,2.5440732528375056,2.5324135781179673,2.5041256207240816,2.4441095113022531,2.3318425741823914,2.1445091363535811,1.8608013234959468
636,2.5499999999999963,2.5499999999999798,2.5499999999997116,2.5499999999957965,2.5499999999439478,2.5499999993367268,2.5499999931171633,2.5499999377322826,2.5499995103697795,2.5499966584035643,2.5499802153995548,2.5498983475781922,2.549546336719227,2.5482385610746863,2.5440357933300661,2.5323284537594772,2.5039608258098625,2.4438377233286204,2.3314609948267351,2.144054893935448,1.8603484311569147
637,2.5499999999999963,2.549999999999979,2.5499999999996992,2.5499999999956322,2.5499999999419996,2.5499999993163374,2.5499999929313986,2.5499999362686174,2.5499995004371949,2.5499966005078636,2.5499799261048706,2.5498971102869183,2.5495418132903116,2.5482244416177871,2.5439982020158505,2.5322431485912267,2.5037958685038162,2.4435659079844694,2.3310796194939893,2.143601070876429,1.8598960158448512
638,2.5499999999999958,2.5499999999999781,2.5499999999996859,2.5499999999954617,2.54999999993999,2.5499999992953861,2.549999992741204,2.5499999347751028,2.5499994903337146,2.549996541785434,2.5499796334505627,2.5498958616076539,2.5495372579700586,2.5482102494328673,2.5439604789138794,2.5321576629509983,2.5036307494520496,2.4432940658436677,2.3306984481324564,2.143147666301775,1.8594440764300586
639,2.5499999999999958,2.5499999999999772,2.5499999999996725,2.5499999999952854,2.5499999999379175,2.5499999992738593,2.5499999925464887,2.5499999332512275,2.5499994800569614,2.5499964822272103,2.5499793374088178,2.5498946014738997,2.549532670642523,2.5481959843998983,2.5439226240441406,2.5320719971765975,2.5034654692987623,2.4430221974772173,2.3303174806893101,2.1426946793396748,1.8589926117876592
640,2.5499999999999954,2.5499999999999758,2.5499999999996588,2.5499999999951029,2.5499999999357792,2.5499999992517424,2.5499999923471606,2.5499999316964761,2.5499994696045376,2.5499964218240656,2.549979037951696,2.5498933298190285,2.5495280511918952,2.5481816463996276,2.5438846374278592,2.5319861516061826,2.5033000286860969,2.4427503034525082,2.3299367171101726,2.1422421091223947,1.8585416207937737
641,2.5499999999999949,2.5499999999999745,2.5499999999996441,2.5499999999949141,2.5499999999335743,2.5499999992290219,2.5499999921431247,2.5499999301103244,2.5499994589740207,2.5499963605668068,2.5499787350511451,2.5498920465763346,2.549523399502577,2.5481672353135534,2.5438465190872499,2.5319001265779657,2.5031344282542776,2.4424783843339979,2.3295561573395127,2.1417899547851911,1.8580911023287359
642,2.5499999999999949,2.5499999999999732,2.549999999999629,2.5499999999947183,2.5499999999313006,2.5499999992056832,2.5499999919342855,2.549999928492241,2.5499994481629598,2.549996298446175,2.5499784286789957,2.549890751679035,2.5495187154591772,2.5481527510239212,2.5438082690455226,2.5318139224302221,2.5029686686416035,2.44220644068319,2.3291758013206438,2.1413382154663072,1.8576410552768232
643,2.5499999999999945,2.5499999999999718,2.5499999999996126,2.5499999999945162,2.5499999999289567,2.5499999991817122,2.5499999917205458,2.5499999268416889,2.5499994371688843,2.5499962354528485,2.5499781188069566,2.5498894450602241,2.5495139989464524,2.548138193413751,2.5437698873270942,2.5317275395015364,2.502802750484336,2.4419344730580708,2.3287956489953552,2.1408868903080158,1.8571914785242822
644,2.5499999999999945,2.549999999999971,2.5499999999995957,2.5499999999943066,2.5499999999265399,2.5499999991570927,2.5499999915018061,2.5499999251581231,2.5499994259892973,2.5499961715774391,2.5499778054066229,2.5498881266529239,2.5495092498493763,2.5481235623668068,2.5437313739573439,2.5316409781305191,2.5026366744168329,2.4416624820137591,2.3284157003043493,2.1404359784554381,1.8567423709615696
645,2.5499999999999945,2.5499999999999696,2.5499999999995784,2.5499999999940899,2.5499999999240486,2.5499999991318094,2.5499999912779674,2.5499999234409905,2.5499994146216749,2.549996106810493,2.5499774884494788,2.5498867963900862,2.5495044680531405,2.5481088577675983,2.5436927289626166,2.5315542386558083,2.5024704410715488,2.4413904681025018,2.3280359551872452,2.1399854790565596,1.8562937314833174
646,2.549999999999994,2.5499999999999678,2.5499999999995606,2.5499999999938656,2.54999999992148,2.5499999991058462,2.5499999910489271,2.5499999216897331,2.5499994030634716,2.5499960411424931,2.5499771679068819,2.5498854542045386,2.5494996534430832,2.5480940795014093,2.5436539523704624,2.5314673214163492,2.5023040510788968,2.4411184318730315,2.3276564135821185,2.1395353912633568,1.8558455589861991
647,2.549999999999994,2.5499999999999661,2.5499999999995424,2.5499999999936334,2.5499999999188327,2.5499999990791875,2.5499999908145812,2.5499999199037835,2.5499993913121148,2.5499959745638545,2.5499768437500796,2.5498841000290446,2.5494948059047675,2.5480792274542639,2.5436150442093659,2.5313802267510819,2.5021375050674037,2.4408463738712896,2.327277075426029,2.1390857142305393,1.8553978523712085
648,2.5499999999999936,2.5499999999999647,2.5499999999995233,2.5499999999933927,2.5499999999161052,2.5499999990518174,2.5499999905748236,2.549999918082567,2.5499993793650058,2.5499959070649267,2.549976515950207,2.5498827337962999,2.5494899253239804,2.5480643015129285,2.5435760045087501,2.5312929549989476,2.5019708036637125,2.4405742946404092,2.3268979406550181,2.1386364471155805,1.8549506105435303
649,2.5499999999999932,2.5499999999999634,2.5499999999995029,2.549999999993144,2.5499999999132945,2.5499999990237194,2.5499999903295474,2.5499999162255027,2.5499993672195229,2.5499958386359953,2.5499761844782762,2.5498813554388819,2.5494850115866621,2.5480493015649417,2.5435368332992323,2.5312055064991763,2.5018039474924274,2.4403021947200472,2.3265190092035888,2.1381875890798683,1.8545038324107381
650,2.5499999999999927,2.5499999999999621,2.5499999999994816,2.5499999999928864,2.5499999999103991,2.5499999989948763,2.5499999900786432,2.5499999143320009,2.5499993548730178,2.5499957692672788,2.5499758493051892,2.5498799648893056,2.5494800645789812,2.5480342274985799,2.543497530612342,2.5311178815909723,2.5016369371762837,2.4400300746471193,2.3261402810052858,2.1377391392874276,1.8540575168845854
651,2.5499999999999923,2.5499999999999603,2.5499999999994603,2.5499999999926199,2.5499999999074157,2.5499999989652706,2.549999989822,2.5499999124014652,2.5499993423228133,2.5499956989489294,2.5499755104017381,2.5498785620800239,2.549475084187335,2.5480190792028563,2.5434580964805305,2.5310300806135233,2.501469773336142,2.4397579349557779,2.3257617559926822,2.137291096904963,1.8536116628808106
652,2.5499999999999918,2.5499999999999585,2.549999999999438,2.5499999999923451,2.5499999999043412,2.5499999989348843,2.5499999895595056,2.549999910433292,2.5499993295662113,2.5499956276710352,2.5499751677385918,2.5498771469433743,2.54947007029828,2.5480038565675569,2.5434185309374198,2.5309421039062769,2.5013024565908375,2.4394857761767623,2.3253834340968473,2.1368434611029929,1.8531662693180846
653,2.5499999999999918,2.5499999999999563,2.5499999999994158,2.5499999999920608,2.5499999999011749,2.549999998903699,2.5499999892910448,2.5499999084268694,2.5499993166004855,2.5499955554236173,2.5499748212863094,2.5498757194116348,2.5494650227986044,2.5479885594832021,2.5433788340175392,2.5308539518086515,2.5011349875573416,2.4392135988380819,2.3250053152479113,2.1363962310546549,1.852721335118994
654,2.5499999999999914,2.5499999999999541,2.5499999999993919,2.5499999999917669,2.549999999897913,2.5499999988716975,2.5499999890165026,2.5499999063815761,2.5499993034228829,2.549995482196628,2.5499744710153411,2.5498742794170246,2.5494599415753298,2.5479731878410452,2.5433390057563199,2.5307656246600252,2.5009673668507664,2.438941403465035,2.3246273993750881,2.1359494059356656,1.8522768592099363
655,2.5499999999999909,2.5499999999999523,2.5499999999993666,2.5499999999914631,2.5499999998945539,2.5499999988388602,2.5499999887357601,2.5499999042967856,2.5499992900306259,2.5499954079799561,2.5499741168960184,2.5498728268916646,2.549454826515658,2.5479577415331023,2.5432990461902834,2.5306771227999501,2.5007995950842452,2.4386691905797115,2.3242496864062483,2.1355029849251999,1.8518328405207403
656,2.5499999999999905,2.5499999999999501,2.5499999999993395,2.5499999999911482,2.5499999998910958,2.5499999988051689,2.5499999884486977,2.5499999021718622,2.5499992764209094,2.5499953327634235,2.5499737588985614,2.5498713617676096,2.5494496775070146,2.5479422204521276,2.5432589553568876,2.5305884465679807,2.5006316728690301,2.4383969607013993,2.3238721762682686,2.135056967205188,1.8513892779849244
657,2.5499999999999896,2.5499999999999479,2.5499999999993119,2.5499999999908232,2.5499999998875342,2.5499999987706028,2.5499999881551929,2.5499999000061622,2.5499992625909012,2.5499952565367865,2.5499733969930785,2.549869883976843,2.5494444944370387,2.5479266244916174,2.5432187332945611,2.5304995963037138,2.5004636008144723,2.4381247143464848,2.3234948688869537,2.1346113519604972,1.8509461705395711
658,2.5499999999999892,2.5499999999999452,2.5499999999992835,2.549999999990487,2.5499999998838669,2.5499999987351427,2.5499999878551218,2.5499998977990339,2.5499992485377438,2.5499951792897337,2.5499730311495665,2.5498683934512769,2.5494392771935876,2.5479109535458107,2.5431783800426859,2.5304105723467658,2.5002953795280307,2.4378524520285105,2.3231177641870704,2.1341661383787982,1.8505035171255362
659,2.5499999999999887,2.5499999999999425,2.5499999999992551,2.5499999999901388,2.5499999998800913,2.5499999986987678,2.5499999875483588,2.5499998955498175,2.5499992342585522,2.5499951010118869,2.5499726613379101,2.5498668901227552,2.5494340256647376,2.5478952075096863,2.5431378956415971,2.5303213750367739,2.5001270096152717,2.4375801742581653,2.3227408620923531,2.1337213256506153,1.8500613166872921
660,2.5499999999999878,2.5499999999999399,2.5499999999992249,2.54999999998978,2.5499999998762055,2.549999998661459,2.5499999872347758,2.5499998932578452,2.5499992197504158,2.5499950216928009,2.5499722875278836,2.5498653739230561,2.5494287397387905,2.5478793862789564,2.5430972801325606,2.5302320047133708,2.49995849167989,2.4373078815433544,2.3223641625255573,2.1332769129692317,1.8496195681729561
661,2.5499999999999878,2.5499999999999376,2.5499999999991934,2.5499999999894096,2.5499999998722056,2.549999998623194,2.5499999869142433,2.5499998909224395,2.5499992050103808,2.549994941321915,2.5499719096889994,2.54986384478351,2.5494234193034999,2.5478634897488894,2.543056533556491,2.5301424617154873,2.4997898263241671,2.4370355743907477,2.3219876654103779,2.1328328995323393,1.8491782766027591
662,2.5499999999999874,2.549999999999935,2.5499999999991609,2.5499999999890259,2.549999999868088,2.5499999985839512,2.5499999865866299,2.5499998885429194,2.5499991900355092,2.549994859888749,2.5499715277911146,2.5498623026365297,2.5494180642491524,2.54784751781906,2.5430156559591275,2.5300527463841984,2.4996210141470501,2.4367632532993673,2.3216113706636348,2.1323892845357038,1.8487374398341967
663,2.5499999999999869,2.5499999999999319,2.5499999999991272,2.5499999999886303,2.5499999998638501,2.5499999985437096,2.5499999862518012,2.5499998861185893,2.5499991748227928,2.5499947773826075,2.5499711418035185,2.5498607474133133,2.5494126744639507,2.5478314703862184,2.5429746473832684,2.5299628590584375,2.4994520557470299,2.4364909187702284,2.321235278207018,2.1319460671826347,1.8482970550878965
664,2.5499999999999856,2.5499999999999288,2.5499999999990921,2.5499999999882208,2.54999999985949,2.5499999985024462,2.5499999859096212,2.5499998836487485,2.5499991593692122,2.5499946937927773,2.5499707516955419,2.5498591790453662,2.5494072498370581,2.5478153473489789,2.5429335078738928,2.5298728000779183,2.4992829517204713,2.4362185713002131,2.3208593879593256,2.1315032466772843,1.8478571206724084
665,2.5499999999999847,2.5499999999999261,2.5499999999990552,2.5499999999877985,2.5499999998550029,2.5499999984601391,2.5499999855599511,2.5499998811326874,2.5499991436717173,2.5499946091084769,2.5499703574364063,2.5498575974641553,2.5494017902579391,2.5477991486068166,2.5428922374769787,2.5297825697821965,2.4991137026614307,2.4359462113829489,2.3204836998383307,2.1310608222271292,1.8474176352077769
666,2.5499999999999847,2.5499999999999221,2.5499999999990179,2.5499999999873624,2.5499999998503862,2.5499999984167645,2.5499999852026529,2.5499998785696874,2.5499991277272334,2.5499945233188592,2.5499699589952298,2.5498560026010821,2.5493962956162384,2.5477828740598381,2.5428508362393289,2.5296921685108793,2.4989443091624177,2.4356738395097062,2.3201082137609452,2.1306187930419473,1.8469785974153956
667,2.5499999999999838,2.5499999999999186,2.5499999999989789,2.5499999999869121,2.549999999845638,2.5499999983722992,2.5499999848375818,2.5499998759590201,2.5499991115326575,2.5499944364130154,2.5499695563410256,2.5498543943874847,2.5493907658018236,2.5477665236088565,2.5428093042086184,2.5296015966035492,2.4987747718141544,2.4354014561691226,2.3197329296431843,2.1301771583342153,1.8465400060821062
668,2.5499999999999829,2.5499999999999154,2.549999999998938,2.5499999999864467,2.5499999998407517,2.5499999983267183,2.5499999844645953,2.549999873299952,2.5499990950848601,2.5499943483799634,2.5499691494426946,2.5498527727546478,2.5493852007048066,2.5477500971554488,2.5427676414334637,2.5295108543997498,2.4986050912054192,2.4351290618469976,2.3193578474001026,2.1297359173194517,1.8461018600474906
669,2.5499999999999825,2.549999999999911,2.5499999999988967,2.5499999999859662,2.5499999998357255,2.5499999982799983,2.5499999840835459,2.5499998705917362,2.5499990783806741,2.5499942592086424,2.5499687382690066,2.5498511376337869,2.5493796002155782,2.5477335946020623,2.5427258479635388,2.5294199422389712,2.4984352679227788,2.4348566570259051,2.3189829669456818,2.1292950692168757,1.8456641581872322
670,2.5499999999999807,2.5499999999999075,2.5499999999988527,2.5499999999854706,2.5499999998305576,2.5499999982321149,2.5499999836942839,2.5499998678336206,2.5499990614169179,2.5499941688879475,2.5499683227886667,2.5498494889560832,2.5493739642246851,2.5477170158516134,2.5426839238490961,2.529328860460673,2.4982653025516051,2.4345842421866868,2.318608288193325,2.1288546132478214,1.8452268993892402
671,2.5499999999999798,2.5499999999999035,2.5499999999988074,2.5499999999849585,2.5499999998252418,2.5499999981830417,2.5499999832966589,2.5499998650248394,2.5499990441903662,2.5499940774066712,2.5499679029702143,2.5498478266526363,2.549368292623031,2.5477003608081246,2.542641869141721,2.5292376094042375,2.4980951956744768,2.4343118178061278,2.3182338110550971,2.1284145486386787,1.8447900825680923
672,2.5499999999999794,2.5499999999998995,2.5499999999987608,2.5499999999844292,2.5499999998197751,2.549999998132753,2.549999982890518,2.5499998621646269,2.5499990266977908,2.5499939847536037,2.5499674787821855,2.5498461506545462,2.5493625853015311,2.5476836293756433,2.5425996838930311,2.5291461894090381,2.4979249478739018,2.434039384360922,2.3178595354430387,2.1279748746159926,1.8443537066367768
673,2.549999999999979,2.549999999999895,2.5499999999987124,2.5499999999838843,2.5499999998141534,2.5499999980812236,2.5499999824757058,2.5499998592522011,2.5499990089359144,2.5499938909174169,2.5499670501929348,2.5498444608928206,2.5493568421515129,2.5476668214594747,2.5425573681561593,2.5290546008143528,2.4977545597292048,2.4337669423231545,2.317485461267677,2.1275355904120845,1.8439177705357359
674,2.5499999999999776,2.5499999999998901,2.5499999999986622,2.5499999999833221,2.5499999998083736,2.5499999980284258,2.5499999820520629,2.5499998562867701,2.5499989909014289,2.5499937958867065,2.5499666171706923,2.5498427572984141,2.5493510630645804,2.5476499369657439,2.542514921985215,2.5289628439593739,2.4975840318176354,2.4334944921619384,2.31711158843859,2.1270966952629968,1.8434822732148961
675,2.5499999999999763,2.5499999999998852,2.5499999999986103,2.5499999999827416,2.5499999998024321,2.5499999979743326,2.5499999816194303,2.5499998532675368,2.5499989725910095,2.5499936996500296,2.5499661796836319,2.5498410398022537,2.5493452479324725,2.5476329758009801,2.542472345434784,2.5288709191832508,2.4974133647154244,2.4332220343449338,2.3167379168648936,2.1266581884064455,1.843047213628499
676,2.5499999999999754,2.5499999999998804,2.5499999999985561,2.5499999999821426,2.5499999997963241,2.5499999979189161,2.549999981177645,2.5499998501936938,2.5499989540012979,2.5499936021958685,2.5499657376998126,2.5498393083352142,2.5493393966471993,2.5476159378725072,2.5424296385603937,2.5287788268250444,2.4972425589967933,2.4329495693369276,2.3163644464547897,2.1262200690835624,1.842612590739743
677,2.5499999999999745,2.5499999999998759,2.5499999999985006,2.5499999999815235,2.5499999997900455,2.5499999978621481,2.5499999807265423,2.5499998470644232,2.5499989351289059,2.5499935035126322,2.5499652911871773,2.5498375628281176,2.549333509101031,2.5475988230884323,2.5423868014185054,2.5286865672237413,2.4970716152339798,2.4326770975998611,2.3159911771155661,2.1257823365389221,1.8421784035241564
678,2.5499999999999732,2.5499999999998706,2.5499999999984428,2.5499999999808858,2.5499999997835916,2.5499999978039996,2.5499999802659539,2.5499998438788976,2.5499989159704128,2.5499934035886596,2.5499648401135646,2.5498358032117472,2.5493275851865009,2.5475816313575965,2.5423438340664157,2.5285941407182042,2.4969005339973749,2.4324046195930946,2.3156181087537364,2.1253449900194856,1.8417446509572046
679,2.5499999999999714,2.5499999999998648,2.5499999999983833,2.5499999999802276,2.5499999997769582,2.5499999977444414,2.54999997979571,2.5499998406362807,2.5499988965223723,2.549993302412223,2.5499643844467093,2.5498340294168345,2.5493216247963715,2.5475643625895432,2.5423007365622747,2.5285015476472461,2.4967293158555863,2.4321321357734025,2.3152452412749644,2.1249080287756565,1.8413113320286609
680,2.5499999999999701,2.5499999999998586,2.5499999999983212,2.5499999999795491,2.5499999997701419,2.5499999976834444,2.549999979315638,2.5499998373357253,2.549998876781308,2.5499931999715275,2.5499639241542496,2.5498322413740828,2.5493156278236619,2.5475470166945051,2.5422575089649881,2.5284087883495259,2.4965579613754958,2.4318596465952114,2.3148725745842573,2.1244714520592383,1.8408784457253526
681,2.5499999999999692,2.5499999999998528,2.5499999999982572,2.5499999999788492,2.5499999997631382,2.549999997620978,2.5499999788255638,2.5499998339763765,2.5499988567437137,2.5499930962547093,2.5499634592037124,2.5498304390141393,2.5493095941616382,2.5475295935834672,2.5422141513343757,2.5283158631636513,2.4963864711220749,2.4315871525101707,2.3145001085857051,2.1240352591258462,1.8404459910470348
682,2.5499999999999678,2.5499999999998471,2.5499999999981906,2.5499999999781275,2.5499999997559413,2.5499999975570109,2.5499999783253089,2.5499998305573683,2.5499988364060528,2.5499929912498391,2.5499629895625344,2.5498286222676287,2.5493035237038164,2.5475120931680646,2.5421706637309551,2.5282227724280673,2.4962148456586681,2.4313146539677355,2.3141278431828085,2.1235994492321701,1.8400139669933377
683,2.5499999999999665,2.5499999999998404,2.5499999999981218,2.5499999999773837,2.5499999997485472,2.5499999974915126,2.5499999778146938,2.5499998270778264,2.5499988157647606,2.5499928849449183,2.5499625151980423,2.5498267910651253,2.5492974163439608,2.5474945153606781,2.5421270462161352,2.5281295164811484,2.4960430855467322,2.4310421514146512,2.3137557782781943,2.123164021638241,1.8395823725723486
684,2.5499999999999647,2.5499999999998342,2.5499999999980507,2.5499999999766172,2.549999999740951,2.5499999974244503,2.5499999772935351,2.5499998235368646,2.5499987948162413,2.5499927773278812,2.5499620360774671,2.5498249453371749,2.5492912719760925,2.5474768600743745,2.5420832988520798,2.5280360956611152,2.4958711913460014,2.4307696452953103,2.3133839137738366,2.1227289756058507,1.8391512067956819
685,2.5499999999999634,2.5499999999998271,2.549999999997977,2.5499999999758263,2.5499999997331479,2.5499999973557923,2.5499999767616495,2.5499998199335896,2.549998773556871,2.5499926683865946,2.5499615521679386,2.5498230850142853,2.5492850904944824,2.5474591272229259,2.5420394217017628,2.5279425103060782,2.4956991636144306,2.4304971360516139,2.3130122495709564,2.1222943103991923,1.8387204686802396
686,2.5499999999999621,2.5499999999998195,2.5499999999979011,2.5499999999750105,2.549999999725133,2.549999997285505,2.5499999762188477,2.5499998162670954,2.5499987519829936,2.5499925581088561,2.5499610634364864,2.5498212100269324,2.5492788717936645,2.5474413167208132,2.5419954148289423,2.527848760754003,2.4955270029081928,2.430224624123015,2.3126407855700846,2.121860025284696,1.838290157247267
687,2.5499999999999603,2.549999999999812,2.549999999997822,2.5499999999741703,2.5499999997169005,2.5499999972135541,2.5499999756649387,2.5499998125364667,2.5499987300909237,2.5499924464823946,2.54996056985004,2.5498193203055601,2.5492726157684307,2.5474234284832198,2.5419512782981633,2.5277548473427176,2.4953547097816942,2.429952109946528,2.3122695216710523,2.1214261195309576,1.8378602715225081
688,2.5499999999999585,2.549999999999804,2.5499999999977403,2.5499999999733038,2.5499999997084455,2.5499999971399059,2.5499999750997309,2.5499998087407785,2.5499987078769477,2.5499923334948735,2.5499600713754278,2.5498174157805678,2.5492663223138128,2.5474054624260338,2.5419070121747986,2.5276607704099647,2.4951822847875613,2.4296795939566374,2.3118984577728896,2.1209925924091171,1.8374308105377888
689,2.5499999999999563,2.5499999999997955,2.5499999999976559,2.5499999999724108,2.5499999996997631,2.5499999970645253,2.5499999745230273,2.5499998048790959,2.549998685337318,2.5499922191338849,2.5499595679793812,2.5498154963823394,2.5492599913251226,2.5473874184658372,2.5418626165249414,2.527566530293277,2.4950097284766839,2.4294070765855369,2.3115275937740742,2.1205594431920898,1.8370017733271808
690,2.5499999999999545,2.5499999999997871,2.5499999999975684,2.5499999999714911,2.5499999996908476,2.5499999969873772,2.5499999739346291,2.5499998009504732,2.5499986624682562,2.5499921033869528,2.5499590596285344,2.5498135620412303,2.5492536226979348,2.5473692965199137,2.5418180914154571,2.5274721273300349,2.4948370413981911,2.4291345582630144,2.3111569295724119,2.1201266711549218,1.8365731589288181
691,2.5499999999999519,2.5499999999997787,2.5499999999974778,2.5499999999705434,2.5499999996816931,2.5499999969084262,2.5499999733343355,2.5499997969539541,2.549998639265957,2.5499919862415341,2.549958546289417,2.5498116126875465,2.5492472163280611,2.5473510965062571,2.5417734369140605,2.5273775618575516,2.4946642240994108,2.4288620394162712,2.31078646506487,2.1196942755752728,1.8361449663874803
692,2.5499999999999496,2.5499999999997698,2.5499999999973846,2.5499999999695673,2.5499999996722948,2.5499999968276348,2.5499999727219418,2.5499997928885727,2.5499986157265808,2.5499918676850184,2.5499580279284686,2.5498096482515908,2.5492407721115984,2.5473328183435373,2.541728653089133,2.5272828342128912,2.4944912771259893,2.4285895204703536,2.3104162001479533,2.1192622557324001,1.8357171947494642
693,2.5499999999999474,2.5499999999997605,2.5499999999972882,2.5499999999685614,2.5499999996626461,2.5499999967449658,2.5499999720972415,2.5499997887533516,2.5499985918462582,2.5499917477047243,2.5499575045120326,2.5498076686636395,2.5492342899449101,2.5473144619511161,2.5416837400098045,2.5271879447329493,2.4943182010218345,2.4283170018479567,2.3100461347175383,2.1188306109076018,1.8352898430647542
694,2.5499999999999456,2.5499999999997502,2.5499999999971887,2.5499999999675249,2.5499999996527416,2.5499999966603819,2.5499999714600246,2.5499997845473041,2.5499985676210897,2.5499916262879041,2.5499569760063459,2.5498056738539217,2.5492277697246006,2.5472960272490761,2.5416386977460648,2.5270928937545496,2.494144996329029,2.4280444839691619,2.3096762686686567,2.1183993403847454,1.8348629103895306
695,2.5499999999999434,2.5499999999997396,2.5499999999970862,2.5499999999664569,2.5499999996425751,2.549999996573844,2.5499999708100787,2.5499997802694314,2.5499985430471441,2.5499915034217415,2.5499564423775594,2.5498036637526669,2.5492212113475627,2.5472775141581612,2.5415935263685379,2.5269976816142514,2.493971663588014,2.4277719672519775,2.3093066018959205,2.1179684434493438,1.834436395781929
696,2.5499999999999412,2.5499999999997289,2.5499999999969791,2.5499999999653578,2.5499999996321403,2.5499999964853131,2.5499999701471867,2.5499997759187245,2.5499985181204572,2.5499913790933517,2.5499559035917283,2.5498016382900848,2.5492146147109587,2.5472589225997999,2.5415482259485795,2.5269023086484323,2.4937982033375081,2.4274994521121065,2.3089371342933434,2.1175379193889223,1.8340102983036961
697,2.5499999999999381,2.5499999999997187,2.5499999999968685,2.5499999999642258,2.5499999996214315,2.5499999963947491,2.5499999694711311,2.5499997714941647,2.5499984928370365,2.5499912532897815,2.5499553596148039,2.5497995973963392,2.5492079797121954,2.5472402524961426,2.5415027965583885,2.5268067751933794,2.4936246161144111,2.4272269389626691,2.3085678657541338,2.1171077674933838,1.8335846170217698
698,2.549999999999935,2.5499999999997081,2.5499999999967535,2.5499999999630596,2.5499999996104421,2.5499999963021112,2.5499999687816897,2.5499997669947208,2.5499984671928564,2.5499911259980093,2.5499548104126517,2.5497975410015981,2.5492013062489693,2.5472215037699923,2.5414572382707892,2.5267110815851099,2.4934509024539935,2.4269544282147399,2.3081987961710828,2.1166779870544445,1.8331593510056825
699,2.5499999999999319,2.5499999999996961,2.5499999999966358,2.5499999999618592,2.5499999995991649,2.549999996207359,2.5499999680786378,2.5499997624193509,2.5499984411838579,2.5499909972049455,2.549954255951044,2.5497954690360127,2.5491945942192484,2.5472026763448343,2.5414115511593205,2.5266152281594474,2.4932770628898187,2.4266819202771259,2.3078299254364056,2.1162485773658437,1.8327344993285604
700,2.5499999999999292,2.5499999999996836,2.5499999999965146,2.5499999999606233,2.5499999995875942,2.5499999961104503,2.5499999673617477,2.5499997577670035,2.549998414805954,2.5499908668974327,2.5499536961956499,2.5497933814296934,2.5491878435212509,2.5471837701448683,2.5413657352983434,2.526519215252105,2.4931030979536484,2.4264094155561065,2.3074612534415633,2.1158195377235107,1.8323100610680303
701,2.5499999999999261,2.5499999999996708,2.5499999999963898,2.549999999959351,2.5499999995757228,2.5499999960113424,2.5499999666307893,2.5499997530366145,2.5499983880550232,2.5499907350622446,2.549953131112054,2.5497912781127572,2.5491810540534865,2.5471647850949446,2.5413197907628322,2.5264230431985202,2.4929290081756221,2.4261369144559368,2.3070927800775998,2.1153908674252979,1.8318860353045263
702,2.549999999999923,2.5499999999996574,2.5499999999962606,2.5499999999580409,2.5499999995635436,2.5499999959099915,2.5499999658855286,2.5499997482271093,2.5499983609269123,2.5499906016860852,2.5499525606657487,2.5497891590153063,2.5491742257147387,2.5471457211205903,2.5412737176284628,2.526326712333923,2.492754794084183,2.4258644173786381,2.3067245052350005,2.1149625657710835,1.8314624211219848
703,2.5499999999999199,2.5499999999996437,2.5499999999961265,2.5499999999566927,2.5499999995510501,2.5499999958063539,2.5499999651257292,2.549999743337402,2.5499983334174385,2.549990466755593,2.5499519848221257,2.5497870240674083,2.5491673584040462,2.5471265781480414,2.541227515971713,2.5262302229934188,2.4925804562059928,2.4255919247237534,2.3063564288035403,2.114534632062854,1.831039217608603
704,2.5499999999999168,2.5499999999996295,2.5499999999959875,2.5499999999553049,2.5499999995382345,2.5499999957003845,2.5499999643511506,2.5499997383663957,2.5499983055223838,2.5499903302573359,2.5499514035464927,2.5497848731991395,2.5491604520207396,2.5471073561041795,2.5411811858696627,2.5261335755118268,2.4924059950661013,2.425319436888834,2.3059885506725837,2.1141070656045233,1.8306164238553129
705,2.5499999999999132,2.5499999999996148,2.5499999999958445,2.5499999999538767,2.5499999995250899,2.5499999955920392,2.549999963561548,2.5499997333129816,2.5499982772374992,2.5499901921778161,2.5499508168040688,2.5497827063405669,2.5491535064644273,2.5470880549165593,2.5411347274000762,2.5260367702237478,2.4922314111878747,2.4250469542692294,2.3056208707309569,2.1136798657020135,1.8301940389564308
706,2.5499999999999092,2.5499999999995997,2.5499999999956962,2.5499999999524068,2.5499999995116087,2.5499999954812713,2.5499999627566758,2.5499997281760405,2.5499982485585049,2.5499900525034649,2.5499502245599706,2.5497805234217239,2.549146521634976,2.5470686745134383,2.5410881406415053,2.5259398074636437,2.4920567050929114,2.4247744772578552,2.3052533888668072,2.11325303166335,1.8297720620104192
707,2.5499999999999052,2.5499999999995837,2.5499999999955434,2.5499999999508947,2.5499999994977833,2.5499999953680335,2.5499999619362841,2.5499997229544404,2.5499982194810866,2.549989911220647,2.549949626779235,2.5497783243726579,2.5491394974325465,2.5470492148237147,2.5410414256730847,2.5258426875656781,2.4918818773012119,2.4245020062456684,2.3048861049678822,2.112826562798451,1.8293504921184272
708,2.5499999999999012,2.5499999999995673,2.5499999999953857,2.5499999999493386,2.5499999994836062,2.5499999952522781,2.5499999611001214,2.5499997176470379,2.5499981900008968,2.5499897683156587,2.5499490234268092,2.5497761091234095,2.5491324337575807,2.5470296757769533,2.540994582574621,2.5257454108637849,2.4917069283311082,2.4242295416214668,2.304519018921412,2.1124004584192217,1.8289293283848986
709,2.5499999999998972,2.5499999999995504,2.5499999999952228,2.5499999999477381,2.5499999994690685,2.5499999951339567,2.5499999602479306,2.5499997122526792,2.5499981601135575,2.549989623774727,2.5499484144675422,2.54977387760399,2.5491253305107802,2.5470100573034182,2.5409476114266911,2.5256479776917464,2.4915318586991742,2.4239570837716458,2.3041521306139736,2.1119747178396682,1.8285085699182502
710,2.5499999999998932,2.5499999999995326,2.5499999999950544,2.5499999999460914,2.5499999994541636,2.5499999950130197,2.549999959379452,2.5499997067701976,2.5499981298146572,2.5499894775840124,2.549947799866203,2.5497716297444275,2.549118187593145,2.5469903593340093,2.5409005123104413,2.5255503883830381,2.4913566689204045,2.4236846330806805,2.3037854399317563,2.1115493403756713,1.8280882158296208
711,2.5499999999998884,2.5499999999995149,2.5499999999948808,2.5499999999443976,2.549999999438882,2.5499999948894176,2.5499999584944217,2.5499997011984132,2.5499980990997515,2.5499893297296059,2.5499471795874733,2.5497693654747486,2.5491110049059564,2.546970581800287,2.5408532853076742,2.5254526432708939,2.4911813595081389,2.4234121899309229,2.3034189467604471,2.1111243253450853,1.8276682652333831
712,2.5499999999998835,2.5499999999994962,2.5499999999947023,2.5499999999426541,2.5499999994232168,2.5499999947630987,2.5499999575925734,2.5499996955361377,2.5499980679643635,2.5499891801975303,2.5499465535959382,2.5497670847249521,2.5491037823507612,2.5469507246345064,2.5408059305009454,2.5253547426883816,2.4910059309739712,2.4231397547023614,2.3030526509851095,2.1106996720678408,1.8272487172476903
713,2.5499999999998781,2.5499999999994767,2.5499999999945175,2.5499999999408614,2.549999999407158,2.5499999946340117,2.5499999566736378,2.5499996897821688,2.5499980364039825,2.5499890289737421,2.5499459218561022,2.5497647874250546,2.5490965198294018,2.5469307877695564,2.5407584479733818,2.5252566869682642,2.4908303838279156,2.4228673277730639,2.3026865524904099,2.1102753798657554,1.8268295709935141
714,2.5499999999998728,2.5499999999994567,2.549999999994327,2.5499999999390179,2.5499999993906979,2.5499999945021052,2.5499999557373414,2.5499996839352916,2.5499980044140642,2.5499888760441287,2.5499452843323862,2.5497624735050768,2.5490892172440089,2.5469107711389753,2.5407108378087302,2.5251584764430395,2.4906547185783618,2.4225949095190566,2.3023206511605547,2.1098514480625883,1.8264108255949123
715,2.5499999999998675,2.5499999999994354,2.5499999999941299,2.549999999937123,2.5499999993738265,2.5499999943673251,2.549999954783408,2.5499996779942808,2.5499979719900319,2.5499887213945098,2.5499446409891187,2.5497601428950261,2.5490818744969865,2.5468906746769804,2.5406631000914426,2.5250601114449993,2.4904789357319981,2.4223225003141211,2.3019549468791891,2.1094278759841187,1.8259924801794265
716,2.5499999999998622,2.5499999999994136,2.5499999999939265,2.5499999999351748,2.549999999356535,2.549999994229617,2.5499999538115574,2.5499996719578979,2.5499979391272753,2.5499885650106369,2.5499439917905447,2.5497577955249158,2.5490744914910275,2.5468704983184365,2.540615234906586,2.5249615923061666,2.4903030357938962,2.4220501005300115,2.3015894395295025,2.1090046629580605,1.8255745338776705
717,2.5499999999998568,2.549999999999391,2.5499999999937164,2.5499999999331715,2.5499999993388149,2.5499999940889264,2.5499999528215045,2.5499996658248918,2.5499979058211522,2.5499884068781915,2.549943336700824,2.5497554313247628,2.549067068129109,2.5468502419988619,2.5405672423398618,2.5248629193583061,2.4901270192674918,2.4217777105364089,2.3012241289942064,2.1085818083140815,1.8251569858234156
718,2.5499999999998511,2.5499999999993674,2.5499999999935006,2.5499999999311118,2.549999999320657,2.5499999939451969,2.5499999518129624,2.549999659594,2.5499978720669843,2.5499882469827901,2.5499426756840315,2.5497530502245875,2.5490596043144973,2.5468299056544268,2.5405191224775923,2.5247640929329189,2.4899508866545941,2.4215053307009473,2.3008590151555519,2.10815931138379,1.8247398351535198
719,2.5499999999998448,2.5499999999993435,2.5499999999932776,2.5499999999289935,2.5499999993020515,2.5499999937983717,2.5499999507856401,2.5499996532639471,2.5499978378600621,2.5499880853099803,2.5499420087041593,2.5497506521544167,2.5490520999507447,2.5468094892219488,2.5404708754067209,2.5246651133612383,2.4897746384553887,2.4212329613892227,2.3004940978953274,2.1077371715007294,1.8243230810079385
720,2.5499999999998377,2.5499999999993181,2.549999999993048,2.549999999926817,2.5499999992829885,2.5499999936483944,2.5499999497392434,2.5499996468334469,2.5499978031956396,2.5499879218452435,2.5499413357251166,2.549748237044283,2.5490445549416938,2.5467889926388874,2.5404225012147919,2.5245659809742227,2.4895982751684538,2.4209606029648283,2.300129377094875,2.1073153880003579,1.8239067225296564
721,2.549999999999832,2.5499999999992919,2.5499999999928109,2.5499999999245802,2.5499999992634579,2.5499999934952053,2.549999948673471,2.5499996403011918,2.5499977680689194,2.5499877565739251,2.5499406567105525,2.5497458048238268,2.5490369691907313,2.5467684158422657,2.540373999988804,2.5244666961018321,2.4894217972909467,2.4206882557905329,2.2997648526369301,2.106893960222084,1.8234907664724789
722,2.5499999999998253,2.5499999999992657,2.5499999999925658,2.5499999999222807,2.5499999992434494,2.5499999933387447,2.5499999475880251,2.5499996336658795,2.5499977324751297,2.5499875894815016,2.549939971624565,2.5497433554239066,2.5490293426037742,2.5467477587730221,2.5403253718198595,2.524367259075913,2.4892452053177752,2.420415920223427,2.2994005243982234,2.1064728875012304,1.8230752106190333
723,2.5499999999998177,2.5499999999992382,2.549999999992314,2.5499999999199177,2.5499999992229534,2.5499999931789539,2.5499999464825978,2.5499996269261791,2.5499976964094024,2.5499874205531832,2.5499392804306344,2.5497408887741724,2.5490216750847838,2.5467270213694646,2.5402766167961786,2.5242676702258957,2.4890684997428925,2.420143596622264,2.2990363922605836,2.1060521691810212,1.8226600519278033
724,2.5499999999998102,2.5499999999992093,2.5499999999920537,2.5499999999174889,2.5499999992019595,2.5499999930157711,2.5499999453568774,2.549999620080754,2.5499976598668588,2.5499872497741767,2.5499385830923393,2.5497384048046858,2.5490139665387446,2.5467062035716141,2.5402277350077331,2.5241679298816724,2.4888916810585107,2.4198712853426705,2.2986724561035596,2.1056318046045037,1.8222452887422846
725,2.5499999999998026,2.5499999999991796,2.5499999999917859,2.5499999999149945,2.5499999991804563,2.5499999928491328,2.5499999442105539,2.5499996131282501,2.5499976228425822,2.5499870771296238,2.5499378795731773,2.5497359034455371,2.5490062168709811,2.5466853053201937,2.5401787265451108,2.5240680383727483,2.4887147497550028,2.4195989867380567,2.2983087158062574,2.1052117931169283,1.8218309197839189
726,2.5499999999997947,2.5499999999991489,2.5499999999915093,2.5499999999124308,2.5499999991584335,2.5499999926789778,2.549999943043308,2.5499996060673058,2.5499975853316261,2.5499869026046018,2.54993716983657,2.5497333846268182,2.5489984259870644,2.5466643265564879,2.5401295914994408,2.5239679960284249,2.4885377063213951,2.4193267011601343,2.2979451712473824,2.1047921340651916,1.8214169438976133
727,2.5499999999997867,2.5499999999991174,2.5499999999912242,2.5499999999097969,2.5499999991358795,2.5499999925052412,2.5499999418548183,2.5499995988965449,2.5499975473290069,2.5499867261841151,2.5499364538458575,2.5497308482786352,2.5489905937928636,2.5466432672224335,2.5400803299624517,2.5238678031777004,2.4883605512450764,2.4190544289585949,2.297581822305204,2.1043728267982922,1.8210033600197542
728,2.5499999999997778,2.549999999999085,2.5499999999909311,2.5499999999070915,2.5499999991127837,2.5499999923278578,2.5499999406447609,2.5499995916145735,2.5499975088297067,2.5499865478531052,2.5499357315642954,2.549728294331111,2.5489827201945574,2.5466221272606258,2.5400309420264713,2.5237674601492661,2.4881832850117873,2.4187821704811192,2.2972186688575595,2.103953870667516,1.8205901671458913
729,2.5499999999997689,2.5499999999990508,2.5499999999906282,2.5499999999043119,2.5499999990891342,2.5499999921467613,2.5499999394128041,2.549999584219989,2.5499974698286678,2.5499863675964298,2.5499350029550509,2.5497257227143857,2.5489748050986649,2.5466009066143913,2.5399814277844883,2.5236669672714638,2.48800590810544,2.418509926073146,2.2968557107818097,2.1035352650269803,1.8201773643122436
730,2.54999999999976,2.5499999999990153,2.5499999999903156,2.5499999999014573,2.5499999990649189,2.5499999919618852,2.5499999381586171,2.549999576711377,2.5499974303208086,2.5499861853989052,2.549934267981238,2.5497231333586128,2.548966848411899,2.5465796052274707,2.5399317873298681,2.5235663248724371,2.4878284210089072,2.4182376960788519,2.2964929479550453,2.1031170092326175,1.8197649505685276
731,2.5499999999997502,2.5499999999989789,2.5499999999899936,2.5499999998985254,2.5499999990401272,2.5499999917731611,2.5499999368818629,2.5499995690873098,2.5499973903010136,2.5499860012452791,2.5499335266058947,2.5497205261939615,2.5489588500412652,2.5465582230442312,2.5398820207565391,2.5234655332800298,2.4876508242034947,2.4179654808405036,2.2961303802539526,2.1026991026430206,1.8193529249886677
732,2.5499999999997405,2.5499999999989411,2.5499999999896628,2.5499999998955145,2.5499999990147457,2.5499999915805214,2.5499999355821998,2.5499995613463438,2.5499973497641255,2.5499858151202202,2.5499327787919652,2.5497179011506272,2.5489508098941265,2.5465367600097899,2.5398321281591034,2.5233645928217179,2.4874731181686349,2.4176932806980935,2.2957680075547366,2.1022815446201242,1.8189412866692711
733,2.5499999999997298,2.5499999999989025,2.5499999999893217,2.5499999998924228,2.5499999989887634,2.5499999913838947,2.549999934259283,2.5499995534870212,2.5499973087049472,2.5499856270083217,2.5499320245023087,2.5497152581588258,2.5489427278781749,2.5465152160699605,2.5397821096327835,2.5232635038246336,2.4872953033820142,2.4174210959894955,2.295405829733161,2.101864334529048,1.8185300347208564
734,2.5499999999997196,2.5499999999988625,2.54999999998897,2.549999999889248,2.5499999989621669,2.5499999911832103,2.5499999329127627,2.5499995455078728,2.549997267118258,2.5499854368941284,2.5499312636997291,2.5497125971487886,2.548934603901317,2.5464935911710032,2.5397319652731918,2.5231622666156817,2.4871173803202065,2.4171489270512514,2.2950438466647132,2.1014474717367935,1.8181191682603985
735,2.5499999999997081,2.5499999999988208,2.5499999999886076,2.5499999998859875,2.5499999989349433,2.5499999909783959,2.5499999315422848,2.5499995374074169,2.549997224998799,2.5499852447621132,2.5499304963469491,2.5497099180507705,2.5489264378717817,2.5464718852598534,2.5396816951765411,2.5230608815214293,2.4869393494580931,2.416876774217855,2.2946820582244563,2.1010309556133455,1.8177086864186927
736,2.5499999999996961,2.5499999999987777,2.5499999999882337,2.5499999998826399,2.5499999989070803,2.5499999907693787,2.5499999301474929,2.5499995291841557,2.549997182341273,2.5499850505966766,2.5499297224066098,2.5497072207950526,2.5489182296981165,2.5464500982841072,2.5396312994396228,2.5229593488681008,2.4867612112689015,2.4166046378218193,2.2943204642870469,2.1006147855312638,1.8172985883345467
737,2.5499999999996845,2.5499999999987333,2.5499999999878491,2.5499999998792044,2.5499999988785649,2.5499999905560848,2.5499999287280262,2.5499995208365793,2.5499971391403466,2.5499848543821519,2.5499289418412778,2.5497045053119405,2.5489099792891721,2.5464282301919852,2.5395807781597752,2.5228576689816009,2.4865829662243,2.4163325181937858,2.2939590647267583,2.1001989608656579,1.8168888731547954
738,2.5499999999996721,2.5499999999986875,2.549999999987453,2.5499999998756775,2.5499999988493829,2.549999990338438,2.5499999272835168,2.5499995123631627,2.5499970953906539,2.5499846561028083,2.5499281546134478,2.5497017715317645,2.548901686554089,2.5464062809323038,2.5395301314348502,2.5227558421875154,2.4864046147944596,2.4160604156626118,2.2935978594175048,2.0997834809936187,1.8164795400325517
739,2.5499999999996592,2.54999999999864,2.5499999999870457,2.5499999998720573,2.5499999988195201,2.5499999901163624,2.549999925813593,2.5499995037623662,2.5499970510867915,2.549984455742845,2.5499273606855404,2.5496990193848812,2.5488933514023122,2.5463842504545027,2.5394793593632361,2.5226538688111022,2.486226157447998,2.4157883305552992,2.2932368482328278,2.0993683452944909,1.8160705881266086
740,2.5499999999996459,2.5499999999985912,2.5499999999866261,2.5499999998683407,2.5499999987889632,2.5499999898897805,2.5499999243178815,2.5499994950326386,2.5499970062233221,2.5499842532863988,2.5499265600199044,2.5496962488016748,2.548884973743581,2.5463621387086173,2.5394284620438352,2.5225517491772953,2.486047594652034,2.4155162631970772,2.2928760310459184,2.0989535531493968,1.8156620166020432
741,2.5499999999996321,2.5499999999985405,2.549999999986194,2.5499999998645269,2.5499999987576984,2.5499999896586139,2.5499999227960024,2.5499994861724136,2.5499969607947728,2.54998404871754,2.5499257525788153,2.5496934597125582,2.5488765534879327,2.5463399456452898,2.5393774395760693,2.5224494836107016,2.4858689268721723,2.4152442139113752,2.2925154077296104,2.0985391039413925,1.8152538246289196
742,2.5499999999996183,2.5499999999984877,2.549999999985749,2.5499999998606127,2.549999998725712,2.5499999894227821,2.549999921247573,2.5499994771801116,2.5499969147956354,2.5499838420202718,2.5499249383244793,2.5496906520479747,2.5488680905457071,2.5463176712157694,2.5393262920598696,2.5223470724355916,2.4856901545724965,2.4149721830198301,2.2921549781563915,2.0981249970552689,1.8148460113828957
743,2.5499999999996037,2.549999999998434,2.5499999999852903,2.5499999998565972,2.549999998692988,2.5499999891822043,2.5499999196722052,2.5499994680541374,2.5499968682203664,2.5499836331785315,2.5499241172190312,2.5496878257383968,2.5488595848275422,2.5462953153719048,2.5392750195956788,2.5222445159759057,2.4855112782155846,2.4147001708422993,2.2917947421984004,2.0977112318775815,1.8144385760446693
744,2.5499999999995882,2.5499999999983789,2.5499999999848186,2.5499999998524765,2.5499999986595121,2.5499999889367988,2.5499999180695059,2.5499994587928834,2.549996821063385,2.5499834221761901,2.549923289224536,2.5496849807143342,2.5488510362443866,2.5462728780661501,2.5392236222844344,2.5221418145552237,2.4853322982625015,2.4144281776968848,2.2914346997274677,2.097297807796358,1.8140315177982631
745,2.5499999999995722,2.5499999999983212,2.5499999999843328,2.5499999998482483,2.5499999986252688,2.5499999886864821,2.5499999164390794,2.5499994493947264,2.549996773319076,2.5499832089970527,2.5499224543029868,2.5496821169063226,2.548842444707482,2.5462503592515624,2.5391721002275971,2.5220389684968092,2.485153215172796,2.4141562038998785,2.2910748506150518,2.0968847242016269,1.8136248358340459
746,2.5499999999995553,2.5499999999982612,2.5499999999838336,2.54999999984391,2.5499999985902426,2.5499999884311704,2.5499999147805239,2.5499994398580301,2.549996724981789,2.5499829936248579,2.5499216124163047,2.549679234244925,2.5488338101283698,2.5462277588818059,2.5391204535271443,2.5219359781235968,2.4849740294045044,2.4138842497657795,2.2907151947322584,2.0964719804852696,1.8132185293478864
747,2.5499999999995384,2.5499999999981999,2.5499999999833194,2.5499999998394598,2.5499999985544175,2.5499999881707773,2.549999913093433,2.5499994301811428,2.5499966760458355,2.5499827760432794,2.5499207635263477,2.5496763326607574,2.54882513241891,2.5462050769111233,2.5390686822854867,2.5218328437581232,2.4847947414142042,2.4136123156074647,2.2903557319499712,2.0960595760399752,1.8128125975351044
748,2.5499999999995207,2.549999999998136,2.54999999998279,2.5499999998348941,2.5499999985177788,2.5499999879052164,2.5499999113773955,2.5499994203623988,2.5499966265054916,2.5499825562359244,2.5499199075949002,2.5496734120844575,2.5488164114912548,2.5461823132943726,2.5390167866055786,2.5217295657226169,2.4846153516569363,2.4133404017359581,2.289996462138677,2.0956475102605934,1.8124070395984357
749,2.5499999999995029,2.5499999999980703,2.5499999999822447,2.5499999998302112,2.5499999984803097,2.5499999876343993,2.5499999096319965,2.5499994104001185,2.5499965763549999,2.5499823341863337,2.5499190445836746,2.5496704724466919,2.548807647257858,2.5461594679870152,2.5389647665908885,2.5216261443389731,2.4844358605862271,2.4130685084604924,2.2896373851685135,2.0952357825437762,1.8120018547458894
750,2.5499999999994842,2.5499999999980023,2.5499999999816838,2.5499999998254079,2.5499999984419937,2.5499999873582371,2.5499999078568161,2.549999400292605,2.5499965255885626,2.5499821098779831,2.5499181744543287,2.5496675136781901,2.5487988396314907,2.5461365409450649,2.5389126223452663,2.5215225799286718,2.4842562686542125,2.4127966360888,2.2892785009094645,2.0948243922867742,1.8115970421839058
751,2.5499999999994651,2.5499999999979326,2.5499999999811074,2.5499999998204816,2.5499999984028139,2.5499999870766397,2.5499999060514296,2.5499993900381495,2.5499964742003489,2.5499818832942833,2.5499172971684438,2.5496645357097019,2.5487899885252205,2.5461135321251556,2.5388603539731132,2.5214188728128799,2.4840765763114745,2.4125247849267399,2.2889198092311109,2.0944133388889163,1.8111926011257296
752,2.5499999999994447,2.5499999999978611,2.5499999999805145,2.5499999998154306,2.5499999983627535,2.5499999867895147,2.549999904215408,2.549999379635028,2.5499964221844915,2.5499816544185774,2.5499164126875318,2.5496615384720092,2.5487810938524169,2.5460904414845253,2.538807961579336,2.5213150233124262,2.4838967840070851,2.4122529552783973,2.2885613100026978,2.0940026217512311,1.8107885307892559
753,2.5499999999994238,2.5499999999977869,2.5499999999799043,2.5499999998102507,2.5499999983217947,2.5499999864967688,2.5499999023483171,2.5499993690815006,2.5499963695350836,2.5499814232341467,2.5499155209730509,2.5496585218959584,2.5487721555267657,2.5460672689809463,2.5387554452692025,2.5212110317477192,2.4837168921887649,2.4119811474464168,2.2882030030933453,2.0935922402755964,1.8103848303922432
754,2.5499999999994021,2.5499999999977101,2.5499999999792768,2.549999999804939,2.5499999982799202,2.5499999861983085,2.5499999004497171,2.5499993583758132,2.5499963162461845,2.5499811897242064,2.5499146219863857,2.5496554859124223,2.5487631734622518,2.5460440145728107,2.5387028051485183,2.5211068984388447,2.4835369013026849,2.4117093617315914,2.2878448883717875,2.0931821938657005,1.8099814991577434
755,2.549999999999379,2.5499999999976306,2.5499999999786311,2.5499999997994931,2.5499999982371122,2.5499999858940372,2.5499998985191654,2.5499993475161977,2.5499962623118169,2.5499809538719038,2.5499137156888518,2.5496524304523072,2.5487541475731637,2.546020678219107,2.5386500413235842,2.521002623705543,2.4833568117935187,2.4114375984329666,2.2874869657064423,2.092772481926807,1.8095785363127781
756,2.5499999999993554,2.5499999999975489,2.5499999999779672,2.54999999979391,2.5499999981933525,2.5499999855838587,2.5499998965562121,2.5499993365008682,2.5499962077259668,2.5499807156603254,2.5499128020417152,2.5496493554465873,2.5487450777741048,2.5459972598793552,2.5385971539010539,2.5208982078671327,2.4831766241045981,2.4111658578481596,2.2871292349656014,2.0923631038654293,1.8091759410857193
757,2.5499999999993315,2.5499999999974645,2.5499999999772847,2.5499999997881857,2.5499999981486225,2.5499999852676747,2.5499998945604037,2.549999325328026,2.549996152482584,2.5499804750724895,2.5499118810061674,2.5496462608262647,2.5487359639799791,2.5459737595136862,2.5385441429881044,2.5207936512426006,2.4829963386777227,2.4108941402729758,2.2867716960171998,2.0919540590896433,1.8087737127091637
758,2.549999999999307,2.549999999997377,2.5499999999765826,2.5499999997823175,2.5499999981029036,2.5499999849453849,2.5499998925312815,2.549999313995857,2.5499960965755819,2.5499802320913498,2.549910952543335,2.5496431465223792,2.5487268061059969,2.5459501770828217,2.5384910086923917,2.5206889541505797,2.4828159559532117,2.4106224460015055,2.2864143487288744,2.0915453470090219,1.8083718504192485
759,2.5499999999992813,2.5499999999972873,2.5499999999758605,2.5499999997763028,2.5499999980561761,2.5499999846168886,2.5499998904683823,2.5499993025025303,2.5499960399988342,2.5499799866997988,2.5499100166142923,2.549640012466039,2.5487176040676824,2.5459265125480139,2.5384377511219216,2.52058411690928,2.4826354763700444,2.4103507753264219,2.286057192968129,2.0911369670346036,1.8079703534538742
760,2.5499999999992551,2.5499999999971945,2.5499999999751184,2.5499999997701375,2.5499999980084205,2.549999984282084,2.5499998883712363,2.5499992908462024,2.54999598274618,2.5499797388806607,2.5499090731800442,2.5496368585883831,2.5487083577808627,2.5459027658711162,2.5383843703852058,2.5204791398365693,2.4824549003656879,2.4100791285386207,2.285700228602138,2.090728918578892,1.8075692210547973
761,2.5499999999992276,2.5499999999970986,2.549999999974355,2.5499999997638185,2.5499999979596168,2.5499999839408671,2.5499998862393705,2.5499992790250126,2.5499959248114221,2.5499794886166955,2.549908122201531,2.5496336848205927,2.5486990671616709,2.5458789370145696,2.5383308665912252,2.5203740232499579,2.4822742283761401,2.4098075059273105,2.2853434554977938,2.0903212010558656,1.8071684524671052
762,2.5499999999991991,2.549999999997,2.5499999999735703,2.5499999997573424,2.5499999979097456,2.5499999835931328,2.5499998840723053,2.5499992670370846,2.5499958661883255,2.5499792358906026,2.5499071636396438,2.5496304910939207,2.5486897321265558,2.5458550259413362,2.5382772398492977,2.5202687674665252,2.4820934608360719,2.4095359077803038,2.2849868735218521,2.0899138138809841,1.8067680469375285
763,2.5499999999991698,2.5499999999968983,2.5499999999727638,2.5499999997507063,2.5499999978587864,2.549999983238775,2.5499998818695571,2.5499992548805266,2.5499958068706188,2.5499789806850139,2.5499061974552046,2.5496272773396527,2.5486803525922701,2.5458310326149767,2.538223490269238,2.5201633728030055,2.4819125981786536,2.4092643343836633,2.2846304825407597,2.08950675647118,1.8063680037165106
764,2.5499999999991396,2.5499999999967931,2.5499999999719352,2.549999999743906,2.5499999978067196,2.5499999828776856,2.5499998796306369,2.549999242553433,2.5499957468519936,2.5499787229824982,2.5499052236089721,2.5496240434891191,2.5486709284758731,2.5458069569996322,2.5381696179613149,2.5200578395757658,2.4817316408356014,2.4089927860217939,2.284274282420697,2.0891000282448604,1.8059683220576737
765,2.5499999999991085,2.5499999999966851,2.5499999999710838,2.5499999997369382,2.5499999977535222,2.5499999825097546,2.5499998773550501,2.5499992300538801,2.5499956861261026,2.5499784627655604,2.5499042420616584,2.5496207894737237,2.5486614596947401,2.54578279905996,2.5381156230361253,2.5199521681007395,2.4815505892373189,2.4087212629777297,2.2839182730277061,2.0886936286218809,1.8055690012162906
766,2.5499999999990761,2.5499999999965732,2.5499999999702085,2.5499999997297995,2.5499999976991736,2.5499999821348713,2.5499998750422965,2.5499992173799289,2.5499956246865634,2.5499782000166413,2.5499032527739094,2.5496175152249068,2.5486519461665513,2.5457585587612095,2.5380615056047477,2.5198463586935076,2.4813694438127212,2.4084497655327821,2.2835624542275372,2.0882875570235853,1.8051700404511213
767,2.5499999999990424,2.5499999999964587,2.5499999999693088,2.5499999997224858,2.5499999976436518,2.549999981752924,2.5499998726918713,2.5499992045296267,2.5499955625269548,2.5499779347181173,2.5499022557063067,2.5496142206741563,2.5486423878092945,2.5457342360692046,2.5380072657787069,2.5197404116692761,2.4811882049892815,2.4081782939666301,2.2832068258856886,2.087881812872793,1.8047714390239453
768,2.5499999999990077,2.5499999999963401,2.5499999999683842,2.5499999997149936,2.5499999975869345,2.5499999813637984,2.5499998703032642,2.5499991915010027,2.5499954996408203,2.5499776668523038,2.5499012508193895,2.5496109057530352,2.5486327845412728,2.5457098309502797,2.5379529036698414,2.5196343273428172,2.481006873193174,2.4079068485576069,2.2828513878675158,2.0874763955937774,1.8043731961983696
769,2.5499999999989718,2.5499999999962184,2.5499999999674343,2.5499999997073184,2.5499999975290004,2.5499999809673795,2.5499998678759588,2.5499991782920706,2.5499954360216646,2.5499773964014505,2.5499002380736298,2.5496075703931473,2.5486231362810963,2.545685343371356,2.537898419390463,2.5195281060285408,2.4808254488490977,2.4076354295823514,2.2824961400381008,2.0870713046122904,1.8039753112412278
770,2.5499999999989345,2.5499999999960923,2.5499999999664587,2.5499999996994567,2.549999997469826,2.5499999805635505,2.5499998654094345,2.5499991649008296,2.549995371662956,2.5499771233477433,2.5498992174294388,2.5496042145261448,2.5486134429476834,2.5456607732999235,2.5378438130533136,2.5194217480404788,2.4806439323803233,2.4073640373158947,2.2821410822622838,2.0866665393555563,1.8035777834222304
771,2.5499999999988963,2.5499999999959631,2.5499999999654563,2.5499999996914045,2.5499999974093881,2.5499999801521938,2.5499998629031646,2.5499991513252609,2.5499953065581242,2.5499768476733076,2.5498981888471839,2.549600838083756,2.5486037044602665,2.5456361207039824,2.5377890847714575,2.5193152536922292,2.4804623242088186,2.4070926720319119,2.2817862144047516,2.0862620992522811,1.8031806120131453
772,2.5499999999988567,2.5499999999958289,2.5499999999644265,2.5499999996831573,2.5499999973476628,2.549999979733188,2.5499998603566172,2.5499991375633293,2.5499952407005613,2.5499765693602052,2.5498971522871718,2.5495974409977586,2.5485939207383885,2.5456113855521001,2.5377342346583891,2.5192086232970095,2.4802806247551246,2.4068213340024784,2.2814315363299533,2.0858579837326383,1.802783796288578
773,2.5499999999988159,2.5499999999956908,2.5499999999633682,2.5499999996747107,2.5499999972846266,2.5499999793064121,2.549999857769254,2.5499991236129858,2.5499951740836226,2.5499762883904333,2.5498961077096527,2.5495940231999863,2.5485840917019011,2.5455865678133991,2.5376792628280072,2.5191018571676449,2.4800988344383819,2.4065500234981214,2.2810770479021185,2.085454192228275,1.802387335525802
774,2.5499999999987741,2.5499999999955483,2.5499999999622815,2.5499999996660616,2.5499999972202549,2.5499999788717438,2.5499998551405318,2.5499991094721635,2.5499951067006261,2.5499760047459277,2.5498950550748232,2.5495905846223317,2.5485742172709669,2.5455616674575432,2.5376241693945931,2.5189949556165603,2.4799169536763581,2.4062787407878736,2.2807227489852679,2.0850507241723122,1.8019912290046487
775,2.5499999999987302,2.5499999999954017,2.5499999999611656,2.5499999996572047,2.5499999971545235,2.5499999784290583,2.5499998524699024,2.5499990951387792,2.5499950385448518,2.5499757184085601,2.5498939943428276,2.5495871251967479,2.5485642973660605,2.5455366844547407,2.5375689544728122,2.5188879189557758,2.4797349828854469,2.4060074861392704,2.2803686394432217,2.0846475789993457,1.8015954760074575
776,2.5499999999986853,2.5499999999952512,2.5499999999600194,2.5499999996481364,2.5499999970874074,2.5499999779782292,2.5499998497568104,2.5499990806107347,2.5499949696095427,2.5499754293601407,2.5498929254737557,2.5495836448552507,2.5485543319079667,2.5455116187757403,2.53751361817771,2.5187807474969088,2.4795529224806709,2.4057362598183563,2.2800147191395981,2.084244756145448,1.8012000758190736
777,2.5499999999986387,2.5499999999950962,2.5499999999588421,2.5499999996388514,2.5499999970188809,2.5499999775191293,2.5499998470006959,2.5499990658859129,2.5499948998879027,2.5499751375824182,2.549891848427646,2.5495801435299188,2.5485443208177831,2.5454864703918263,2.5374581606247029,2.5186734415511678,2.4793707728756966,2.4054650620897098,2.2796609879378176,2.0838422550481499,1.8008050277268079
778,2.5499999999985903,2.5499999999949363,2.5499999999576337,2.5499999996293456,2.5499999969489178,2.5499999770516295,2.5499998442009941,2.5499990509621817,2.549994829373099,2.5499748430570786,2.5498907631644854,2.5495766211528941,2.5485342640169191,2.5454612392748235,2.5374025819295825,2.5185660014293543,2.4791885344828253,2.4051938932164281,2.2793074457011024,2.0834400751464597,1.8004103310204536
779,2.5499999999985405,2.5499999999947716,2.5499999999563925,2.5499999996196134,2.5499999968774922,2.5499999765755987,2.5499998413571325,2.5499990358373914,2.5499947580582605,2.5499745457657461,2.5498896696442084,2.5495730776563814,2.5485241614270953,2.5454359253970913,2.537346882208511,2.5184584274418627,2.4790062077129997,2.4049227534601436,2.2789540922924787,2.0830382158808614,1.8000159849922492
780,2.5499999999984899,2.5499999999946015,2.5499999999551197,2.5499999996096516,2.5499999968045777,2.5499999760909025,2.549999838468533,2.549999020509377,2.5499946859364786,2.5499742456899814,2.5498885678266991,2.5495695129726488,2.5485140129703421,2.5454105287315221,2.5372910615780149,2.5183507198986788,2.4788237929758088,2.4046516430810314,2.2786009275747796,2.0826366766932964,1.7996219889368761
781,2.5499999999984375,2.5499999999944265,2.5499999999538114,2.5499999995994536,2.549999996730147,2.5499999755974083,2.5499998355346118,2.5499990049759513,2.5499946130007878,2.5499739428112314,2.5498874576716486,2.5495659270337057,2.5485038185683839,2.5453850492505605,2.5372351201537393,2.5182428791082114,2.4786412906789645,2.404380562338448,2.2782479514126477,2.08223545703017,1.7992283635187258
782,2.5499999999983829,2.5499999999942466,2.549999999952469,2.5499999995890166,2.5499999966541731,2.5499999750949791,2.5499998325547821,2.5499989892349242,2.5499945392442411,2.5499736371110449,2.5498863391391295,2.5495623197726065,2.5484935781451239,2.5453594869301335,2.5371790580554374,2.5181349053819377,2.4784587012303771,2.4041095114883508,2.2778951636645202,2.0818345563303433,1.7988351042191071
783,2.5499999999983265,2.5499999999940615,2.5499999999510905,2.5499999995783345,2.549999996576628,2.5499999745834772,2.5499998295284469,2.5499989732840755,2.5499944646597958,2.5499733285707409,2.5498852121887268,2.5495586911214811,2.5484832916228939,2.5453338417437346,2.5371228753994783,2.5180267990274818,2.4782760250351346,2.4038384907872694,2.2775425641946563,2.0814339740430805,1.7984422041214385
784,2.5499999999982683,2.5499999999938705,2.5499999999496765,2.549999999567401,2.5499999964974829,2.5499999740627648,2.5499998264550072,2.5499989571211721,2.5499943892403913,2.549973017171637,2.5498840767801298,2.549555041012872,2.5484729589249895,2.5453081136663869,2.5370665723038202,2.5179185603531402,2.4780932624973859,2.403567500489558,2.2771901528651384,2.0810337096162406,1.7980496603332203
785,2.5499999999982079,2.5499999999936742,2.5499999999482243,2.5499999995562135,2.5499999964167097,2.5499999735326973,2.5499998233338532,2.5499989407439627,2.5499943129789306,2.5499727028949897,2.5498829328729768,2.549551369379381,2.5484625799749936,2.5452823026736127,2.53701014888677,2.5178101896668426,2.4779104140200534,2.4032965408482485,2.2768379295378636,2.0806337624990321,1.7976574708557149
786,2.5499999999981462,2.5499999999934717,2.5499999999467344,2.549999999544764,2.5499999963342783,2.5499999729931351,2.5499998201643739,2.5499989241501826,2.5499942358682768,2.5499723857219911,2.5498817804268579,2.5495476761536788,2.548452154696808,2.5452564087414666,2.5369536052669823,2.51770168727609,2.4777274800046918,2.4030256121149169,2.2764858940745443,2.0802341321422704,1.7972656341442002
787,2.5499999999980827,2.549999999993263,2.5499999999452054,2.5499999995330493,2.5499999962501612,2.5499999724439322,2.5499998169459497,2.5499989073375455,2.5499941579012546,2.5499720656337765,2.5498806194013164,2.5495439612685056,2.5484416830146488,2.5452304318465244,2.5368969415634552,2.5175930534879596,2.4775444608515356,2.4027547145397441,2.2761340463367179,2.0798348179985804,1.7968741488843905
788,2.5499999999980165,2.5499999999930489,2.5499999999436369,2.549999999521062,2.5499999961643254,2.5499999718849411,2.5499998136779545,2.5499988903037516,2.5499940790706499,2.5499717426114166,2.5498794497558492,2.5495402246566781,2.548431164853048,2.545204371965887,2.5368401578955337,2.517484288609106,2.4773613569594786,2.4024838483714919,2.2757823861857407,2.0794358195229141,1.7964830139000121
789,2.5499999999979472,2.5499999999928287,2.5499999999420275,2.549999999508799,2.5499999960767425,2.5499999713160144,2.549999810359759,2.54999887304648,2.5499939993692142,2.5499714166359242,2.5498782714499066,2.5495364662510767,2.5484206001368479,2.5451782290771678,2.5367832543828901,2.5173753929457616,2.4771781687261072,2.4022130138575375,2.2754309134827966,2.079037136173175,1.7960922281085046
790,2.5499999999978775,2.5499999999926013,2.5499999999403751,2.5499999994962521,2.549999995987382,2.5499999707370025,2.5499998069907237,2.5499988555633988,2.5499939187896556,2.5499710876882489,2.5498770844428935,2.5495326859846617,2.5484099887912013,2.5451520031584938,2.5367262311455328,2.5172663668037374,2.4769948965477062,2.4019422112438904,2.2750796280889003,2.0786387674109146,1.7957017904972692
791,2.5499999999978047,2.5499999999923673,2.5499999999386813,2.5499999994834166,2.5499999958962096,2.5499999701477516,2.5499998035702056,2.5499988378521508,2.5499938373246462,2.5499707557492841,2.5498758886941721,2.5495288837904622,2.548399330741574,2.5451256941885023,2.5366690883037943,2.5171572104884206,2.4768115408192513,2.4016714407751807,2.2747285298648956,2.0782407127015845,1.795311700113799
792,2.5499999999977305,2.549999999992127,2.5499999999369432,2.5499999994702867,2.5499999958031965,2.5499999695481095,2.5499998000975546,2.5499988199103663,2.5499937549668208,2.5499704207998599,2.5498746841630577,2.5495250596015806,2.5483886259137436,2.5450993021463426,2.5366118259783366,2.5170479243047712,2.4766281019344114,2.4014007026946724,2.2743776186714579,2.0778429715147726,1.7949219560415288
793,2.5499999999976546,2.5499999999918801,2.5499999999351588,2.5499999994568565,2.5499999957083102,2.5499999689379198,2.5499997965721142,2.5499988017356574,2.5499936717087746,2.5499700828207477,2.5498734708088229,2.5495212133511944,2.5483778742338004,2.545072827011674,2.536554444290144,2.516938508557323,2.4764445802855555,2.4011299972442663,2.274026894369098,2.0774455433239818,1.7945325574077828
794,2.5499999999975747,2.5499999999916247,2.5499999999333305,2.5499999994431199,2.549999995611516,2.5499999683170254,2.5499997929932228,2.549998783325619,2.5499935875430655,2.5499697417926619,2.5498722485906957,2.5495173449725597,2.5483670756281507,2.5450462687646631,2.5364969433605178,2.5168289635501799,2.47626097626376,2.4008593246645087,2.2736763568181653,2.0770484276068153,1.7941435033541089
795,2.5499999999974925,2.5499999999913632,2.5499999999314547,2.5499999994290703,2.5499999955127812,2.5499999676852658,2.5499997893602098,2.5499987646778259,2.549993502462212,2.5499693976962514,2.5498710174678645,2.5495134543990057,2.5483562300235074,2.5450196273859773,2.5364393233110754,2.516719289587015,2.4760772902588113,2.4005886851946094,2.2733260058788476,2.0766516238442803,1.7937547930450455
796,2.5499999999974081,2.5499999999910941,2.5499999999295304,2.5499999994147018,2.5499999954120725,2.54999996704248,2.549999785672401,2.5499987457898379,2.5499934164586944,2.54996905051211,2.5498697773994747,2.5495095415639386,2.5483453373468996,2.5449929028567917,2.5363815842637485,2.5166094869710727,2.4758935226592045,2.400318079072433,2.2729758414111751,2.0762551315207372,1.7933664256671269
797,2.5499999999973211,2.5499999999908174,2.5499999999275573,2.5499999994000073,2.5499999953093559,2.5499999663885058,2.5499997819291127,2.5499987266591959,2.5499933295249542,2.5499687002207727,2.5498685283446294,2.5495056064008423,2.5483343975256676,2.5449660951587805,2.5363237263407759,2.5164995560051655,2.4757096738521556,2.4000475065345164,2.2726258632750245,2.0758589501232363,1.7929784004210469
798,2.5499999999972314,2.5499999999905323,2.5499999999255336,2.5499999993849816,2.5499999952045966,2.5499999657231762,2.5499997781296582,2.5499987072834234,2.5499932416533957,2.549968346802713,2.5498672702623897,2.5495016488432816,2.5483234104874639,2.5449392042741126,2.5362657496646985,2.5163894969916694,2.4755257442236069,2.3997769678160812,2.2722760713301224,2.0754630791409965,1.7925907165214299
799,2.5499999999971377,2.5499999999902383,2.5499999999234593,2.5499999993696183,2.5499999950977594,2.5499999650463248,2.5499997742733425,2.5499986876600262,2.5499931528363828,2.5499679902383483,2.5498660031117764,2.5494976688248969,2.5483123761602546,2.5449122301854632,2.536207654358372,2.5162793102325312,2.4753417341582136,2.3995064631510088,2.27192646543604,2.0750675180665188,1.7922033732015155
800,2.5499999999970422,2.5499999999899368,2.5499999999213316,2.5499999993539091,2.5499999949888084,2.5499999643577813,2.5499997703594635,2.549998667786491,2.5499930630662431,2.5499676305080339,2.5498647268517742,2.5494936662794108,2.5483012944723176,2.5448851728759929,2.536149440544937,2.5161689960292568,2.4751576440393745,2.3992359927719016,2.2715770454522186,2.0746722663928714,1.7918163696969316
801,2.5499999999969449,2.5499999999896268,2.5499999999191512,2.5499999993378473,2.5499999948777066,2.5499999636573758,2.5499997663873128,2.5499986476602867,2.5499929723352635,2.549967267592069,2.5498634414413233,2.5494896411406236,2.5482901653522423,2.5448580323293668,2.536091108347847,2.5160585546829219,2.4749734742492042,2.3989655569100234,2.2712278112379427,2.0742773236163985,1.7914297052630919
802,2.5499999999968441,2.5499999999893084,2.5499999999169147,2.5499999993214262,2.5499999947644176,2.5499999629449346,2.5499997623561761,2.5499986272788653,2.5499928806356937,2.5499669014706949,2.5498621468393292,2.5494855933424208,2.5482789887289301,2.54483080852973,2.5360326578908312,2.5159479864941594,2.4747892251685775,2.3986951557953797,2.270878762652385,2.0738826892332263,1.7910433791532447
803,2.5499999999967389,2.5499999999889806,2.5499999999146219,2.5499999993046392,2.5499999946489038,2.5499999622202818,2.5499997582653324,2.5499986066396603,2.549992787959745,2.5499665321240941,2.5498608430046552,2.5494815228187657,2.5482677645315954,2.5448035014617281,2.5359740892979277,2.5158372917631691,2.4746048971770866,2.3984247896566493,2.2705298995545671,2.0734883627423533,1.7906573906378995
804,2.5499999999966314,2.5499999999886436,2.5499999999122718,2.5499999992874791,2.5499999945311278,2.5499999614832412,2.5499997541140522,2.5499985857400862,2.5499926942995881,2.5499661595323895,2.5498595298961306,2.5494774295037081,2.5482564926897648,2.5447761111104819,2.5359154026934423,2.5157264707897027,2.4744204906530931,2.3981544587212702,2.2701812218034219,2.073094343642488,1.7902717389872067
805,2.5499999999965204,2.5499999999882967,2.5499999999098635,2.5499999992699389,2.5499999944110514,2.5499999607336323,2.5499997499016018,2.5499985645775407,2.5499925996473571,2.5499657836756477,2.5498582074725444,2.5494733133313776,2.5482451731332767,2.54474863746161,2.5358565982019829,2.5156155238730791,2.4742360059736868,2.3978841632153642,2.2698327292577356,2.0727006314345622,1.7898864234838519
806,2.5499999999964058,2.5499999999879401,2.5499999999073952,2.5499999992520097,2.549999994288636,2.5499999599712742,2.5499997456272387,2.5499985431494014,2.5499925039951465,2.5499654045338782,2.5498568756926523,2.5494691742359925,2.5482338057922815,2.5447210805012044,2.5357976759484213,2.5155044513121725,2.4740514435147349,2.3976139033638262,2.2694844217762293,2.0723072256195034,1.7895014434130698
807,2.5499999999962886,2.5499999999875742,2.5499999999048653,2.5499999992336848,2.5499999941638416,2.5499999591959828,2.5499997412902142,2.5499985214530279,2.5499924073350133,2.5499650220870325,2.5498555345151717,2.5494650121518507,2.5482223905972416,2.5446934402158474,2.5357386360579204,2.5153932534054171,2.4738668036508433,2.3973436793902558,2.2691362992174944,2.0719141256997888,1.7891167980687466
808,2.5499999999961669,2.5499999999871981,2.5499999999022727,2.5499999992149562,2.5499999940366274,2.5499999584075721,2.5499997368897729,2.549998499485763,2.5499923096589732,2.5499646363150057,2.5498541838987867,2.5494608270133425,2.5482109274789289,2.5446657165925854,2.5356794786558958,2.515281930450795,2.4736820867554079,2.3970734915170477,2.2687883614400928,2.0715213311780403,1.7887324867473755
809,2.5499999999960417,2.5499999999868113,2.5499999998996157,2.5499999991958164,2.5499999939069538,2.5499999576058543,2.5499997324251518,2.5499984772449293,2.5499922109590063,2.5499642471976331,2.5498528238021412,2.549456618754935,2.5481994163684303,2.5446379096189693,2.5356202038680729,2.5151704827458583,2.4734972932005421,2.3968033399652651,2.2684406083024062,2.0711288415586049,1.7883485087557023
810,2.5499999999959129,2.5499999999864142,2.549999999896893,2.5499999991762579,2.5499999937747782,2.5499999567906393,2.5499997278955822,2.5499984547278323,2.5499921112270525,2.5499638547146968,2.5498514541838482,2.5494523873111876,2.5481878571971426,2.5446100192830094,2.5355608118204223,2.5150589105877059,2.4733124233571604,2.3965332249547817,2.2680930396628081,2.0707366563460283,1.7879648634023544
811,2.5499999999957801,2.5499999999860057,2.5499999998941032,2.5499999991562716,2.5499999936400606,2.5499999559617352,2.5499997233002873,2.549998431931757,2.5499920104550116,2.5499634588459195,2.5498500750024906,2.54944813261675,2.5481762498967737,2.5445820455731814,2.5355013026391666,2.514947214272985,2.473127477594971,2.3962631467042677,2.2677456553796427,2.0703447750452479,1.7875815499987409
812,2.5499999999956438,2.549999999985586,2.549999999891245,2.5499999991358502,2.549999993502758,2.5499999551189476,2.549999718638484,2.5499984088539716,2.5499919086347469,2.5499630595709668,2.5498486862166074,2.5494438546063489,2.5481645943993438,2.544553988478464,2.5354416764508407,2.5148353940979113,2.472942456282393,2.3959931054310553,2.2673984553110684,2.0699531971627936,1.7871985678668061
813,2.5499999999955034,2.5499999999851544,2.5499999998883163,2.5499999991149851,2.5499999933628277,2.5499999542620797,2.5499997139093815,2.5499983854917252,2.5499918057580815,2.5499626568694511,2.5498472877847145,2.5494395532148122,2.5481528906371835,2.5445258479882757,2.5353819333821863,2.5147234503582383,2.4727573597866979,2.3957231013513702,2.2670514393153258,2.069561922205073,1.7868159163267276
814,2.5499999999953586,2.5499999999847116,2.549999999885316,2.549999999093667,2.5499999932202257,2.5499999533909321,2.5499997091121815,2.5499983618422464,2.5499917018168001,2.5499622507209265,2.5498458796652934,2.5494352283770527,2.5481411385429347,2.544497624092513,2.53532207356022,2.5146113833492763,2.4725721884739196,2.3954531346801842,2.2667046072505688,2.0691709496793229,1.7864335947043042
815,2.5499999999952094,2.5499999999842564,2.5499999998822429,2.5499999990718876,2.5499999930749087,2.5499999525053041,2.5499997042460789,2.5499983379027475,2.549991596802649,2.5499618411048894,2.5498444618167868,2.5494308800280656,2.5481293380495513,2.5444693167815609,2.5352620971122461,2.5144991933658938,2.4723869427088356,2.3951832056311844,2.2663579589748299,2.0687802790937972,1.7860516023325035
816,2.5499999999950558,2.5499999999837888,2.5499999998790952,2.5499999990496387,2.5499999929268307,2.5499999516049918,2.5499996993102618,2.5499983136704198,2.5499914907073351,2.5499614280007861,2.5498430341976186,2.5494265081029539,2.5481174890902945,2.5444409260462222,2.5352020041657486,2.5143868807024905,2.4722016228551156,2.3949133144170132,2.2660114943462735,2.068389909957018,1.7856699385422852
817,2.5499999999948977,2.5499999999833083,2.5499999998758711,2.5499999990269107,2.5499999927759469,2.5499999506897901,2.5499996943039118,2.5499982891424366,2.549991383522527,2.5499610113880031,2.5498415967661723,2.5494221125368974,2.5481055915987394,2.5444124518778031,2.535141794848522,2.5142744456530308,2.4720162292751411,2.3946434612489802,2.2656652132228992,2.0679998417783945,1.7852886026725467
818,2.5499999999947347,2.5499999999828145,2.5499999998725689,2.549999999003695,2.5499999926222117,2.5499999497594907,2.5499996892262029,2.5499982643159527,2.5499912752398544,2.54996059124587,2.5498401494808003,2.5494176932651689,2.5480936455087715,2.5443838942680692,2.5350814692886026,2.5141618885110271,2.4718307623301019,2.3943736463372134,2.2653191154626926,2.067610074067999,1.7849075940653163
819,2.5499999999945668,2.5499999999823078,2.5499999998691871,2.5499999989799824,2.5499999924655778,2.5499999488138831,2.5499996840762984,2.5499982391881031,2.5499911658509071,2.5499601675536669,2.5498386922998368,2.5494132502231466,2.5480816507545834,2.5443552532092055,2.5350210276142087,2.5140492095695244,2.4716452223800731,2.3941038698907873,2.2649732009237247,2.0672206063367833,1.7845269120632441
820,2.5499999999943941,2.5499999999817868,2.5499999998657232,2.5499999989557636,2.5499999923059993,2.5499999478527555,2.5499996788533585,2.5499982137560044,2.5499910553472374,2.5499597402906131,2.549837225181574,2.5494087833462866,2.5480696072706817,2.5443265286939032,2.5349604699538721,2.5139364091211318,2.4714596097838402,2.3938341321174388,2.2646274694639255,2.0668314380961914,1.7841465560154983
821,2.5499999999942169,2.5499999999812522,2.5499999998621758,2.5499999989310287,2.5499999921434271,2.549999946875892,2.5499996735565338,2.5499981880167537,2.5499909437203581,2.5499593094358755,2.5498357480842797,2.5494042925701441,2.5480575149918807,2.5442977207152886,2.5348997964363327,2.5138234874579983,2.4712739248990401,2.3935644332237955,2.2642819209412535,2.0664425688585371,1.7837665252732946
822,2.5499999999940344,2.5499999999807037,2.5499999998585441,2.549999998905768,2.5499999919778134,2.5499999458830751,2.5499996681849684,2.549998161967427,2.5499908309617423,2.5499588749685693,2.5498342609662012,2.549399777830379,2.5480453738533035,2.544268829266918,2.5348390071905298,2.5137104448718084,2.4710881680821788,2.3932947734154015,2.2639365552137001,2.0660539981370958,1.7833868191897433
823,2.5499999999938465,2.5499999999801402,2.5499999998548257,2.5499999988799718,2.5499999918091087,2.5499999448740853,2.549999662737799,2.5499981356050845,2.5499907170628262,2.5499584368677493,2.5498327637855458,2.5493952390627284,2.5480331837903862,2.5442398543428451,2.5347781023457006,2.5135972816538095,2.4709023396884873,2.3930251528964881,2.2635913721391629,2.0656657254455646,1.783007437123391
824,2.5499999999936529,2.5499999999795615,2.549999999851019,2.5499999988536297,2.5499999916372631,2.5499999438487002,2.5499996572141539,2.549998108926764,2.5499906020150052,2.5499579951124201,2.5498312565004988,2.5493906762030343,2.5480209447388726,2.5442107959375533,2.5347170820312823,2.5134839980947841,2.4707164400720631,2.3927555718702025,2.2632463715755629,2.0652777502985926,1.7826283784346946
825,2.5499999999934539,2.5499999999789673,2.5499999998471217,2.5499999988267321,2.5499999914622267,2.5499999428066955,2.5499996516131538,2.549998081929485,2.5499904858096372,2.5499575496815328,2.5498297390692262,2.5493860891872426,2.5480086566348121,2.5441816540459445,2.5346559463768927,2.513370594485048,2.4705304695858934,2.3924860305386435,2.2629015533808468,2.0648900722118393,1.7822496424855685
826,2.5499999999932492,2.5499999999783571,2.5499999998431311,2.5499999987992692,2.5499999912839479,2.5499999417478434,2.5499996459339132,2.5499980546102483,2.5499903684380407,2.5499571005539812,2.5498282114498556,2.5493814779513797,2.5479963194145689,2.5441524286634194,2.5345946955124536,2.513257071114479,2.4703444285816882,2.3922165291025919,2.2625569174128919,2.0645026907014121,1.7818712286433238
827,2.5499999999930383,2.549999999977731,2.5499999998390463,2.5499999987712303,2.5499999911023759,2.5499999406719152,2.5499996401755376,2.5499980269660352,2.5499902498914953,2.5499566477086071,2.5498266736004931,2.5493768424315779,2.5479839330148133,2.5441231197857994,2.5345333295680703,2.5131434282724885,2.4701583174100432,2.3919470677617736,2.2622124635295919,2.0641156052844147,1.7814931362768951
828,2.5499999999928216,2.5499999999770879,2.5499999998348652,2.5499999987426039,2.5499999909174562,2.5499999395786777,2.5499996343371252,2.5499979989938057,2.5499901301612415,2.549956191124203,2.5498251254792317,2.5493721825640767,2.5479714973725214,2.5440937274093174,2.5344718486740203,2.5130296662480185,2.4699721364204574,2.3916776467148897,2.2618681915888526,2.0637288154790037,1.781115364756559
829,2.5499999999925982,2.5499999999764285,2.549999999830586,2.5499999987133797,2.5499999907291366,2.5499999384678973,2.5499996284177668,2.5499979706905034,2.5499900092384808,2.5499557307795011,2.5498235670441223,2.5493674982851973,2.5479590124249833,2.5440642515307017,2.5344102529608779,2.5129157853295712,2.4697858859611603,2.391408266159337,2.2615241014485381,2.0633423208038177,1.7807379134575545
830,2.549999999992369,2.5499999999757517,2.549999999826206,2.5499999986835467,2.5499999905373629,2.5499999373393365,2.5499996224165451,2.5499979420530501,2.5499898871143758,2.5499552666531851,2.5498219982531993,2.5493627895313677,2.5479464781097945,2.5440346921470947,2.534348542559393,2.5128017858051801,2.4695995663792796,2.3911389262914762,2.261180192966517,2.0629561207785359,1.7803607817567402
831,2.5499999999921332,2.5499999999750567,2.5499999998217233,2.5499999986530937,2.5499999903420809,2.549999936192755,2.549999616332534,2.5499979130783452,2.5499897637800513,2.5499547987238866,2.5498204190644818,2.5493580562391243,2.5479338943648533,2.5440050492560449,2.5342867176004829,2.5126876679624091,2.4694131780208579,2.3908696273066612,2.2608364660006539,2.0625702149239369,1.7799839690325183
832,2.5499999999918908,2.5499999999743435,2.5499999998171363,2.5499999986220088,2.5499999901432355,2.5499999350279112,2.5499996101648015,2.5499978837632726,2.5499896392265913,2.5499543269701808,2.5498188294359516,2.5493532983450882,2.5479212611283746,2.5439753228555908,2.5342247782153486,2.5125734320883795,2.4692267212306804,2.3906003693989617,2.2604929204087965,2.0621846027613127,1.7796074746675306
833,2.5499999999916412,2.5499999999736116,2.5499999998124423,2.5499999985902813,2.5499999899407708,2.5499999338445596,2.5499996039124064,2.5499978541046948,2.5499895134450434,2.549953851370593,2.5498172293255745,2.5493485157859888,2.5479085783388755,2.5439455129441786,2.5341627245353622,2.5124590784697425,2.4690401963524424,2.390331152761429,2.2601495560487828,2.0617992838130341,1.7792312980461804
834,2.5499999999913849,2.5499999999728611,2.5499999998076386,2.5499999985578996,2.549999989734629,2.5499999326424536,2.5499995975743999,2.5499978240994552,2.5499893864264136,2.5499533719035981,2.5498156186913032,2.5493437084986663,2.5478958459351793,2.5439156195206585,2.5341005566920551,2.5123446073926781,2.4688536037287596,2.3900619775861198,2.2598063727784332,2.0614142576025993,1.7788554385545923
835,2.5499999999911207,2.5499999999720906,2.5499999998027238,2.5499999985248523,2.5499999895247525,2.5499999314213433,2.5499995911498257,2.5499977937443772,2.5499892581616712,2.5499528885476144,2.5498139974910545,2.5493388764200464,2.5478830638564212,2.5438856425843612,2.5340382748172332,2.5122300191429221,2.4686669437010083,2.3897928440638312,2.2594633704555687,2.0610295236540739,1.778479895582564
836,2.5499999999908494,2.5499999999713006,2.5499999997976954,2.5499999984911268,2.5499999893110838,2.5499999301809755,2.5499995846377197,2.5499977630362629,2.5499891286417453,2.5499524012810104,2.5498123656827296,2.5493340194871648,2.5478702320420394,2.5438555821350222,2.5339758790428668,2.512115314005738,2.4684802166094815,2.3895237523843575,2.2591205489379886,2.0606450814926203,1.7781046685217277
837,2.5499999999905705,2.5499999999704897,2.5499999997925507,2.5499999984567108,2.5499999890935636,2.5499999289210944,2.5499995780371072,2.5499977319718945,2.5499889978575268,2.5499519100821075,2.5498107232242195,2.549329137637169,2.5478573504317739,2.5438254381727732,2.5339133695010769,2.5120004922659196,2.4682934227934061,2.3892547027365163,2.2587779080834673,2.0602609306445339,1.7777297567654551
838,2.549999999990284,2.5499999999696574,2.5499999997872869,2.5499999984215913,2.5499999888721332,2.5499999276414425,2.5499995713470081,2.5499977005480359,2.5499888657998673,2.5499514149291684,2.5498090700733789,2.5493242308072936,2.5478444189656795,2.5437952106982231,2.5338507463242528,2.5118855542078102,2.4681065625907799,2.3889856953078836,2.2584354477497857,2.0598770706367509,1.7773551597104968
839,2.5499999999899896,2.5499999999688034,2.5499999997819023,2.549999998385756,2.5499999886467313,2.5499999263417585,2.5499995645664333,2.5499976687614301,2.5499887324595796,2.549950915800407,2.549807406188048,2.5493192989348832,2.5478314375841138,2.5437648997123885,2.5337880096449519,2.5117705001152872,2.4679196363385101,2.3887167302850196,2.2580931677947023,2.0594935009972617,1.7769808767555901
840,2.5499999999896867,2.549999999967929,2.5499999997763942,2.5499999983491932,2.5499999884172961,2.5499999250217789,2.5499995576943868,2.5499976366087989,2.5499885978274386,2.54995041267399,2.5498057315260563,2.5493143419573965,2.5478184062277389,2.5437345052166793,2.5337251595958827,2.5116553302717555,2.4677326443724432,2.3884478078535158,2.2577510680759447,2.0591102212551831,1.7766069073011737
841,2.549999999989375,2.5499999999670311,2.5499999997707619,2.5499999983118888,2.5499999881837652,2.5499999236812374,2.5499995507298601,2.5499976040868346,2.5499884618941504,2.549949905527952,2.5498040460450255,2.5493093598120065,2.5478053248368497,2.5437040272119553,2.5336621963088057,2.5115400449592031,2.4675455870270113,2.3881789281986574,2.2574091484531342,2.0587272309432922,1.7762332323778567
842,2.5499999999890552,2.54999999996611,2.5499999997649998,2.5499999982738291,2.5499999879460762,2.5499999223198655,2.5499995436718428,2.5499975711922396,2.54998832465047,2.5499493943405147,2.5498023497031208,2.5493043524371535,2.547792193354069,2.5436734657024402,2.533599119919089,2.5114246444619877,2.4673584646363458,2.3879100915023206,2.2570674087801597,2.0583445295871283,1.7758598546788131
843,2.5499999999887266,2.5499999999651664,2.5499999997591067,2.5499999982350028,2.5499999877041661,2.5499999209373909,2.5499995365193135,2.5499975379216631,2.549988186087023,2.5499488790896074,2.5498006424579187,2.549299319770205,2.5477790117202863,2.5436428206898256,2.5335359305588927,2.5113091290612255,2.4671712775327221,2.3876412979477242,2.2567258489165898,2.0579621167213111,1.7754867789450872
844,2.5499999999883882,2.5499999999641978,2.54999999975308,2.5499999981953949,2.5499999874579702,2.5499999195335405,2.5499995292712381,2.5499975042717491,2.5499880461944304,2.5499483597531958,2.5497989242671779,2.5492942617490519,2.5477657798773996,2.5436120921772134,2.5334726283616527,2.5111934990384164,2.4669840260474611,2.3873725477161898,2.2563844687200927,2.0575799918788982,1.7751140064839648
845,2.5499999999880418,2.5499999999632048,2.549999999746916,2.5499999981549912,2.5499999872074217,2.5499999181080342,2.5499995219265821,2.549997470239119,2.5499879049632725,2.5499478363091934,2.5497971950886389,2.5492891783116733,2.5477524977675841,2.5435812801680902,2.5334092134609905,2.5110777546746577,2.4667967105108981,2.387103840988102,2.2560432680483027,2.0571981545938165,1.7747415378288247
846,2.5499999999876843,2.5499999999621874,2.5499999997406144,2.5499999981137789,2.5499999869524563,2.5499999166605924,2.5499995144842944,2.5499974358203708,2.5499877623840908,2.5499473087354629,2.5497954548800221,2.5492840693961618,2.5477391653333301,2.5435503846663674,2.5333456859907044,2.5109618962505631,2.4666093312522333,2.3868351779427819,2.2557022467588319,2.0568166044009475,1.774369373129085
847,2.5499999999873189,2.5499999999611442,2.5499999997341689,2.5499999980717427,2.5499999866930065,2.5499999151909334,2.5499995069433243,2.5499974010120865,2.5499876184473886,2.5499467770098185,2.5497937035990379,2.5492789349407157,2.5477257825174253,2.5435194056763564,2.5332820460847576,2.5108459240462837,2.4664218885995948,2.3865665587585521,2.2553614047092667,2.0564353408358738,1.7739975123408698
848,2.5499999999869414,2.5499999999600731,2.5499999997275804,2.549999998028869,2.5499999864290044,2.549999913698771,2.5499994993026025,2.5499973658108255,2.5499874731436276,2.5499462411100233,2.5497919412033796,2.5492737748836469,2.5477123492629694,2.5434883432027844,2.5332182938772845,2.5107298383414927,2.4662343828800006,2.3862979836127001,2.2550207417571748,2.0560543634345203,1.7736259552976454
849,2.5499999999865555,2.5499999999589771,2.5499999997208431,2.5499999979851431,2.549999986160381,2.5499999121838139,2.5499994915610604,2.5499973302131269,2.5499873264632349,2.549945701013796,2.5497901676507237,2.5492685891633737,2.547698865513361,2.5434571972507825,2.5331544295025821,2.5106136394153964,2.4660468144193834,2.3860294526815111,2.254680257760096,2.0556736717325768,1.7732547017620102
850,2.549999999986158,2.5499999999578518,2.5499999997139553,2.5499999979405494,2.5499999858870672,2.5499999106457727,2.549999483717615,2.5499972942155065,2.5499871783965959,2.5499451566987998,2.5497883828987389,2.5492633777184266,2.5476853312123051,2.5434259678258773,2.5330904530951135,2.5104973275467368,2.4658591835426136,2.3857609661402779,2.2543399525755441,2.0552932652649432,1.772883751440246
851,2.5499999999857494,2.5499999999566985,2.5499999997069134,2.5499999978950729,2.5499999856089932,2.5499999090843519,2.5499994757711772,2.5499972578144638,2.5499870289340589,2.5499446081426544,2.5497865869050749,2.5492581404874435,2.5476717463038017,2.543394654934001,2.5330263647894955,2.5103809030137874,2.4656714905734831,2.3854925241633005,2.2539998260610106,2.0549131435653196,1.7725131039972428
852,2.5499999999853307,2.5499999999555181,2.5499999996997151,2.5499999978486994,2.5499999853260866,2.5499999074992532,2.549999467720649,2.5499972210064761,2.5499868780659307,2.5499440553229307,2.54978477962737,2.5492528774091738,2.5476581107321548,2.5433632585814845,2.5329621647205052,2.5102643660943547,2.4654837358347126,2.3852241269238887,2.2536598780739592,2.0545333061663285,1.7721427590568746
853,2.5499999999849003,2.5499999999543075,2.5499999996923579,2.5499999978014132,2.549999985038276,2.5499999058901768,2.5499994595649227,2.5499971837879976,2.5499867257824849,2.5499434982171496,2.5497829610232561,2.5492475884224808,2.5476444244419727,2.5433317787750478,2.5328978530230764,2.5101477170657729,2.4652959196479558,2.384955774594371,2.2533201084718275,2.0541537525993223,1.7717727162271706
854,2.5499999999844585,2.5499999999530667,2.5499999996848368,2.5499999977531975,2.5499999847454879,2.549999904256818,2.5499994513028827,2.5499971461554636,2.5499865720739514,2.5499429368027853,2.5497811310503469,2.5492422734663371,2.5476306873781622,2.5433002155218136,2.5328334298322943,2.5100309562049095,2.4651080423338003,2.3846874673460925,2.252980517112027,2.0537744823946946,1.7714029750891254
855,2.5499999999840051,2.5499999999517939,2.5499999996771496,2.5499999977040368,2.5499999844476511,2.5499999025988678,2.5499994429334039,2.549997108105289,2.5499864169305226,2.5499423710572646,2.5497792896662435,2.5492369324798267,2.5476168994859312,2.5432685688292995,2.5327688952833962,2.5099140837881606,2.4649201042117741,2.3844192053494253,2.2526411038519405,2.0533954950818694,1.7710335352154327
856,2.5499999999835392,2.5499999999504901,2.5499999996692928,2.5499999976539152,2.5499999841446868,2.5499999009160197,2.5499994344553532,2.5499970696338679,2.5499862603423549,2.5499418009579653,2.5497774368285442,2.5492315654021502,2.5476030607107893,2.543236838705409,2.5327042495117671,2.509797100091455,2.4647321056003464,2.3841509887737797,2.2523018685489258,2.0530167901899978,1.7706643961680764
857,2.5499999999830605,2.5499999999491547,2.5499999996612632,2.549999997602816,2.5499999838365208,2.5499998992079607,2.5499994258675898,2.5499970307375723,2.549986102299564,2.5499412264822188,2.549775572494831,2.5492261721726179,2.5475891709985454,2.5432050251584384,2.532639492652939,2.5096800053902486,2.4645440468169313,2.3838828177875944,2.2519628110603125,2.0526383672477411,1.770295557494785
858,2.5499999999825689,2.5499999999477869,2.5499999996530582,2.549999997550723,2.5499999835230787,2.5499998974743741,2.5499994171689617,2.549996991412752,2.5499859427922251,2.549940647607313,2.5497736966226769,2.5492207527306561,2.5475752302953065,2.5431731281970715,2.5325746248425847,2.5095627999595278,2.4643559281778979,2.383614692558357,2.2516239312434005,2.0522602257840785,1.7699270187372398
859,2.5499999999820639,2.5499999999463854,2.5499999996446729,2.5499999974976184,2.5499999832042803,2.5499998957149401,2.5499994083583082,2.5499969516557388,2.5499857818103795,2.549940064310483,2.5497718091696489,2.5492153070158041,2.5475612385474804,2.5431411478303763,2.5325096462165173,2.5094454840738099,2.4641677499985732,2.3833466132526113,2.2512852289554557,2.0518823653288849,1.7695587794313952
860,2.5499999999815466,2.5499999999449487,2.5499999996361042,2.5499999974434857,2.5499999828800486,2.5499998939293347,2.5499993994344607,2.5499969114628414,2.5499856193440271,2.5499394765689209,2.5497699100933002,2.5492098349677144,2.547547195701775,2.5431090840678134,2.5324445569106997,2.5093280580071422,2.4639795125932236,2.3830785800359267,2.2509467040537197,2.0515047854111681,1.769190839100153
861,2.549999999981015,2.5499999999434775,2.549999999627349,2.5499999973883072,2.5499999825503035,2.5499998921172353,2.5499993903962421,2.5499968708303475,2.5499854553831294,2.549938884359773,2.5497679993511815,2.5492043365261576,2.5475331017051945,2.5430769369192139,2.5323793570612181,2.5092105220330985,2.4637912162750966,2.3828105930729624,2.2506083563953911,2.0511274855623824,1.768823197270645
862,2.5499999999804697,2.5499999999419707,2.5499999996184037,2.5499999973320664,2.5499999822149646,2.549999890278313,2.5499993812424644,2.5499968297545248,2.5499852899176103,2.5499382876601375,2.5497660769008292,2.5491988116310158,2.5475189565050442,2.5430447063948023,2.5323140468043093,2.5090928764247851,2.4636028613563816,2.3825426525274076,2.2502701858376426,2.050750465313385,1.7684558534573098
863,2.5499999999799101,2.5499999999404266,2.5499999996092644,2.5499999972747442,2.5499999818739503,2.549999888412235,2.549999371971932,2.5499967882316188,2.5499851229373545,2.5499376864470675,2.5497641426997784,2.5491932602222911,2.5475047600489247,2.5430123925051751,2.5322486262763304,2.5089751214548341,2.4634144481482529,2.3822747585620427,2.2499321922375981,2.0503737241972262,1.7680888071775531
864,2.5499999999793355,2.5499999999388447,2.5499999995999274,2.5499999972163221,2.5499999815271792,2.5499998865186657,2.5499993625834394,2.5499967462578548,2.5499849544322091,2.5499370806975716,2.549762196705553,2.5491876822400994,2.5474905122847349,2.542979995261311,2.532183095613775,2.5088572573954093,2.4632259769608469,2.3820069113387077,2.2495943754523449,2.0499972617478006,1.7677220579442199
865,2.5499999999787457,2.5499999999372247,2.5499999995903888,2.5499999971567817,2.5499999811745684,2.549999884597268,2.5499993530757719,2.5499967038294358,2.5499847843919827,2.5499364703886114,2.5497602388756726,2.5491820776246743,2.5474762131606719,2.5429475146745619,2.5321174549532648,2.5087392845182017,2.4630374481032757,2.3817391110183204,2.2492567353389199,2.049621077500265,1.7673556052672534
866,2.5499999999781413,2.549999999935566,2.5499999995806455,2.5499999970961054,2.549999980816033,2.5499998826477004,2.5499993434477073,2.5499966609425417,2.5499846128064445,2.5499358554971034,2.5497582691676524,2.5491764463163662,2.5474618626252261,2.5429149507566517,2.5320517044315443,2.5086212030944299,2.4628488618836353,2.3814713577608928,2.2489192717543047,2.0492451709916319,1.7669894486571025
867,2.5499999999775209,2.5499999999338678,2.549999999570693,2.5499999970342739,2.5499999804514881,2.5499998806696182,2.5499993336980116,2.549996617593334,2.5499844396653257,2.5499352359999201,2.5497562875389987,2.5491707882556418,2.547447460627188,2.5428823035196837,2.5319858441854897,2.5085030133948423,2.4626602186089896,2.3812036517255031,2.2485819845554373,2.0488695417598257,1.7666235876198793
868,2.5499999999768841,2.5499999999321283,2.5499999995605269,2.5499999969712679,2.5499999800808468,2.5499998786626721,2.5499993238254435,2.549996573777952,2.5499842649583213,2.5499346118738893,2.5497542939472169,2.5491651033830891,2.5474330071156426,2.5428495729761229,2.5319198743520874,2.5083847156897146,2.462471518585406,2.3809359930703464,2.2482448735991762,2.0484941893448481,1.7662580216627228
869,2.5499999999762299,2.5499999999303467,2.5499999995501428,2.5499999969070681,2.5499999797040216,2.5499998766265102,2.5499993138287511,2.549996529492514,2.5499840886750862,2.5499339830957943,2.5497522883498047,2.5491593916394106,2.5474185020399709,2.5428167591388111,2.5318537950684554,2.5082663102488523,2.4622827621179222,2.3806683819526908,2.2479079387423351,2.0481191132878034,1.7658927502899018
870,2.5499999999755589,2.5499999999285223,2.5499999995395375,2.5499999968416538,2.5499999793209258,2.549999874560779,2.5499993037066728,2.5499964847331142,2.5499839108052376,2.5499333496423753,2.5497502707042607,2.5491536529654337,2.5474039453498438,2.5427838620209409,2.5317876064718114,2.5081477973415875,2.4620939495106007,2.3804008185289458,2.2475711798416165,2.0477443131318167,1.7655277730072674
871,2.549999999974871,2.5499999999266549,2.549999999528707,2.5499999967750058,2.5499999789314693,2.5499998724651198,2.5499992934579399,2.5499964394958283,2.549983731338354,2.5499327114903254,2.5497482409680723,2.5491478873020976,2.5473893369952356,2.5427508816360995,2.5317213086995194,2.5080291772367826,2.4619050810664427,2.3801333029545551,2.2472345967537204,2.0473697884210109,1.7651630893161472
872,2.5499999999741658,2.5499999999247431,2.5499999995176466,2.5499999967071032,2.549999978535562,2.5499998703391711,2.5499992830812714,2.5499963937767092,2.5499835502639763,2.549932068616295,2.5497461990987267,2.5491420945904628,2.5473746769264114,2.5427178179982262,2.5316549018890462,2.5079104502028264,2.461716157087471,2.3798658353840993,2.2468981893352451,2.0469955387013381,1.7647986987190005
873,2.549999999973442,2.5499999999227856,2.549999999506352,2.5499999966379261,2.5499999781331124,2.5499998681825677,2.5499992725753793,2.5499963475717875,2.549983367571607,2.5499314209968937,2.5497441450537162,2.5491362747717163,2.5473599650939249,2.5426846711215969,2.5315883861779369,2.5077916165076339,2.4615271778747592,2.379598415971345,2.2465619574426485,2.0466215635207949,1.7644346007217409
874,2.5499999999726999,2.5499999999207814,2.5499999994948186,2.5499999965674531,2.5499999777240272,2.5499998659949417,2.5499992619389649,2.5499963008770745,2.5499831832507103,2.5499307686086827,2.5497420787905183,2.5491304277871554,2.5473452014486333,2.5426514410208942,2.5315217617039036,2.5076726764186512,2.4613381437282977,2.3793310448690543,2.246225900932409,2.0462478624283209,1.7640707948239784
875,2.5499999999719392,2.5499999999187297,2.5499999994830422,2.5499999964956639,2.549999977308214,2.5499998637759203,2.5499992511707203,2.5499962536885574,2.5499829972907126,2.5499301114281829,2.5497400002666142,2.5491245535782014,2.5473303859416818,2.5426181277111395,2.5314550286047433,2.5075536302028514,2.4611490549471209,2.3790637222291608,2.2458900196608811,2.0458744349747309,1.7637072805278728
876,2.5499999999711584,2.5499999999166296,2.5499999994710185,2.5499999964225357,2.5499999768855779,2.5499998615251291,2.5499992402693272,2.5499962060022017,2.5499828096810035,2.5499294494318767,2.5497379094394925,2.5491186520864062,2.5473155185245013,2.542584731207679,2.5313881870183184,2.507434478126735,2.4609599118293404,2.3787964482028134,2.2455543134842673,2.0455012807127395,1.7633440573396713
877,2.5499999999703573,2.5499999999144807,2.5499999994587426,2.5499999963480477,2.5499999764560237,2.5499998592421895,2.549999229233459,2.5499961578139523,2.5499826204109333,2.5499287825961963,2.5497358062666273,2.5491127232534283,2.5473005991488269,2.5425512515262692,2.5313212370826599,2.5073152204563307,2.4607707146719755,2.3785292229401511,2.2452187822587826,2.0451283991962907,1.7629811247599239
878,2.5499999999695362,2.5499999999122811,2.5499999994462104,2.5499999962721778,2.5499999760194543,2.5499998569267186,2.549999218061779,2.5499961091197325,2.5499824294698143,2.5499281108975342,2.5497336907054975,2.5491067670210548,2.5472856277666813,2.5425176886829979,2.5312541789358756,2.5071958574571962,2.4605814637711063,2.3782620465905042,2.2448834258405159,2.0447557899810316,1.7626184822918167
879,2.5499999999686942,2.54999999991003,2.5499999994334157,2.5499999961949036,2.5499999755757714,2.54999985457833,2.5499992067529389,2.5499960599154421,2.549982236846922,2.5499274343122447,2.5497315627135917,2.5491007833312027,2.5472706043303694,2.5424840426942734,2.5311870127161336,2.5070763893944137,2.4603921594219007,2.3779949193024295,2.2445482440854261,2.0443834526241207,1.7622561294414996
880,2.5499999999678309,2.5499999999077261,2.549999999420355,2.5499999961162025,2.5499999751248765,2.5499998521966347,2.5499991953055834,2.5499960101969608,2.549982042531493,2.5499267528166341,2.5497294222483839,2.5490947721258985,2.5472555287925016,2.5424503135769068,2.5311197385617628,2.5069568165325964,2.4602028019184456,2.3777278412234906,2.2442132368494412,2.0440113866844225,1.7618940657118076
881,2.5499999999669463,2.549999999905368,2.5499999994070226,2.5499999960360515,2.5499999746666688,2.5499998497812397,2.5499991837183464,2.5499959599601461,2.549981846512726,2.5499260663869685,2.5497272692673563,2.5490887333472969,2.5472404011059724,2.5424165013480371,2.531052356611164,2.5068371391358846,2.4600133915538969,2.3774608125004537,2.2438784039883819,2.0436395917222425,1.7615322906074968
882,2.5499999999660394,2.5499999999029557,2.5499999993934135,2.5499999959544271,2.5499999742010484,2.5499998473317476,2.5499991719898514,2.5499959092008324,2.5499816487797839,2.5499253749994795,2.5497251037279995,2.5490826669376827,2.5472252212239579,2.5423826060251202,2.5309848670027941,2.506717357467946,2.4598239286205033,2.3771938332793141,2.2435437453579694,2.0432680672990959,1.7611708036352061
883,2.5499999999651095,2.5499999999004874,2.5499999993795233,2.5499999958713055,2.5499999737279126,2.5499998448477581,2.5499991601187126,2.5499958579148334,2.5499814493217898,2.5499246786303473,2.5497229255877936,2.549076572839454,2.5472099890999385,2.5423486276260068,2.5309172698752627,2.5065974717919759,2.4596344134094479,2.3769269037050988,2.2432092608138507,2.042896812978483,1.7608096043001507
884,2.549999999964156,2.5499999998979619,2.5499999993653462,2.5499999957866635,2.5499999732471581,2.5499998423288677,2.5499991481035349,2.5499958060979409,2.5499812481278297,2.5499239772557165,2.5497207348042266,2.5490704509951354,2.5471947046876759,2.5423145661688733,2.5308495653672467,2.5064774823706992,2.4594448462109928,2.3766600239220437,2.2428749502115872,2.0425258283251706,1.7604486921089686
885,2.5499999999631786,2.5499999998953782,2.5499999993508773,2.549999995700476,2.5499999727586795,2.549999839774669,2.5499991359429113,2.5499957537459226,2.5499810451869522,2.5499232708516932,2.5497185313347965,2.5490643013473839,2.5471793679412151,2.5422804216722081,2.5307817536174757,2.5063573894663684,2.4592552273144981,2.3763931940736231,2.242540813406674,2.042155112905029,1.7600880665698995
886,2.5499999999621772,2.5499999998927345,2.5499999993361109,2.5499999956127191,2.5499999722623707,2.5499998371847501,2.5499991236354274,2.549995700854526,2.5499808404881681,2.5499225593943375,2.5497163151369935,2.5490581238389693,2.5471639788148996,2.5422461941548891,2.5307138347648235,2.5062371933407643,2.4590655570082713,2.3761264143023588,2.2422068502544961,2.0417846662859227,1.7597277271904643
887,2.5499999999611509,2.54999999989003,2.549999999321042,2.5499999955233679,2.5499999717581256,2.5499998345586974,2.5499991111796572,2.5499956474194767,2.5499806340204501,2.5499218428596708,2.5497140861683145,2.549051918412792,2.5471485372633587,2.5422118836361136,2.530645808948226,2.5061168942551948,2.4588758355797071,2.3758596847499924,2.2418730606103754,2.0414144880369172,1.7593676734795514
888,2.5499999999600989,2.5499999998872638,2.549999999305665,2.5499999954323966,2.5499999712458359,2.5499998318960899,2.5499990985741641,2.5499955934364769,2.5499804257727354,2.5499211212236794,2.5497118443862705,2.5490456850118841,2.5471330432414989,2.5421774901353871,2.5305776763066676,2.5059964924704974,2.4586860633153091,2.375593005557513,2.2415394443295926,2.0410445777281709,1.7590079049477367
889,2.5499999999590206,2.549999999884434,2.5499999992899745,2.5499999953397805,2.5499999707253913,2.5499998291965063,2.5499990858175039,2.5499955389012077,2.549980215733922,2.549920394462303,2.549709589748363,2.5490394235793925,2.5471174967045283,2.5421430136725993,2.53050943697927,2.5058759882470363,2.4584962405005371,2.3753263768649724,2.2412060012672987,2.0406749349317344,1.7586484211050872
890,2.5499999999579162,2.5499999998815399,2.549999999273965,2.5499999952454933,2.5499999701966818,2.5499998264595201,2.5499990729082196,2.5499954838093277,2.5499800038928706,2.5499196625514435,2.5497073222121047,2.5490331340585937,2.5471018976079347,2.5421084542679551,2.5304410911052115,2.5057553818447049,2.4583063674199481,2.3750597988116522,2.2408727312786003,2.0403055592208328,1.7582892214631007
891,2.5499999999567842,2.5499999998785792,2.5499999992576301,2.5499999951495091,2.5499999696595963,2.5499998236847006,2.5499990598448457,2.5499954281564721,2.5499797902384063,2.5499189254669687,2.5497050417350211,2.5490268163928973,2.5470862459074821,2.5420738119419619,2.5303726388237133,2.5056346735229282,2.4581164443572181,2.3747932715360935,2.2405396342185853,2.0399364501697561,1.7579303055349367
892,2.5499999999556247,2.5499999998755514,2.5499999992409648,2.5499999950518011,2.5499999691140212,2.5499998208716139,2.549999046625905,2.5499953719382558,2.5499795747593139,2.5499181831847011,2.5497027482746311,2.549020470525829,2.5470705415592358,2.5420390867155072,2.5303040802741283,2.5055138635406551,2.4579264715949898,2.3745267951759121,2.2402067099422012,2.0395676073546123,1.7575716728335526
893,2.5499999999544367,2.5499999998724547,2.5499999992239624,2.5499999949523424,2.5499999685598427,2.5499998180198222,2.5499990332499118,2.5499953151502699,2.5499793574443439,2.5499174356804248,2.5497004417884659,2.5490140964010455,2.5470547845195397,2.5420042786097881,2.5302354155958606,2.5053929521563654,2.4577364494150102,2.3742603698679634,2.2398739583043685,2.0391990303526448,1.7572133228733051
894,2.5499999999532195,2.5499999998692879,2.5499999992066171,2.5499999948511052,2.5499999679969445,2.5499998151288841,2.5499990197153695,2.5499952577880838,2.5499791382822079,2.5499166829298923,2.5496981222340702,2.5490076939623383,2.5470389747450146,2.541969387646299,2.5301666449283542,2.5052719396280709,2.4575463780981561,2.3739939957483713,2.2395413791600078,2.0388307187421142,1.7568552551700445
895,2.549999999951972,2.5499999998660505,2.5499999991889228,2.5499999947480627,2.5499999674252098,2.549999812198354,2.5499990060207702,2.549995199847245,2.5499789172615808,2.5499159249088081,2.5496957895689842,2.5490012631536141,2.5470231121925782,2.54193441384691,2.5300977684111761,2.5051508262133089,2.4573562579242805,2.3737276729523478,2.2392089723638953,2.0384626721030514,1.7564974692398256
896,2.5499999999506939,2.5499999998627398,2.5499999991708728,2.5499999946431871,2.549999966844521,2.5499998092277831,2.549998992164598,2.5499951413232775,2.5499786943710996,2.5499151615928435,2.5496934437507606,2.5489948039189128,2.5470071968194268,2.5418993572337976,2.5300287861839434,2.5050296121691451,2.4571660891723464,2.3734614016143518,2.2388767377707928,2.0380948900165978,1.7561399645999856
897,2.5499999999493852,2.5499999998593545,2.5499999991524618,2.5499999945364489,2.5499999662547586,2.5499998062167166,2.5499989781453238,2.5499950822116837,2.5499784695993664,2.5499143929576347,2.5496910847369669,2.5489883162024078,2.5469912285830314,2.5418642178294348,2.5299596983863077,2.5049082977521788,2.4569758721204527,2.3731951818681152,2.2385446752354747,2.0377273720648885,1.7557827407692026
898,2.5499999999480454,2.5499999998558933,2.549999999133683,2.5499999944278198,2.5499999656558017,2.5499998031646971,2.5499989639614098,2.5499950225079435,2.549978242934944,2.5499136189787759,2.5496887124851724,2.5489817999483946,2.5469752074411556,2.5418289956566467,2.5298905051580221,2.5047868832185345,2.4567856070457155,2.3729290138465062,2.2382127846126059,2.0373601178316236,1.7554257972668312
899,2.5499999999466731,2.5499999998523535,2.5499999991145303,2.5499999943172713,2.5499999650475287,2.5499998000712627,2.5499989496113069,2.5499949622075135,2.5499780143663595,2.5499128396318245,2.5496863269529566,2.5489752551012983,2.5469591333518418,2.5417936907385692,2.5298212066388919,2.504665368823868,2.4565952942243552,2.372662897681634,2.2378810657568335,2.0369931269016401,1.755069133613395
900,2.5499999999452672,2.5499999998487364,2.5499999990949958,2.5499999942047733,2.5499999644298166,2.5499997969359489,2.5499989350934569,2.5499949013058298,2.5499777838821029,2.5499120548923004,2.5496839280979064,2.5489686816056731,2.5469430062734149,2.5417583030986628,2.5297518029687929,2.5045437548233678,2.4564049339316671,2.3723968335048098,2.2375495185227652,2.0366263988610673,1.7547127493303558
901,2.549999999943827,2.5499999998450384,2.5499999990750744,2.5499999940902964,2.5499999638025406,2.5499997937582863,2.5499989204062876,2.5499948397982966,2.549977551470604,2.5499112647356221,2.5496815158774608,2.5489620794058609,2.5469268261638547,2.5417228327597265,2.5296822942864257,2.5044220414706024,2.4562145264415269,2.3721308214472128,2.2372181427669897,2.0362599333002307,1.7543566116925073
902,2.549999999942353,2.5499999998412575,2.5499999990547582,2.5499999939738101,2.5499999631655745,2.5499997905378016,2.5499989055482235,2.5499947776803178,2.5499773171203262,2.5499104691373704,2.5496790902495547,2.548955448447364,2.5469105929832998,2.5416872797477854,2.529612680734223,2.5043002290221215,2.4560240720285096,2.3718648616373819,2.2368869383400662,2.0358937298014257,1.7540007259785964
903,2.549999999940844,2.5499999998373934,2.549999999034041,2.5499999938552831,2.5499999625187919,2.5499997872740159,2.5499988905176703,2.5499947149472533,2.5499770808196249,2.5499096680728903,2.5496766511716453,2.5489487886747799,2.5468943066902807,2.5416516440862535,2.5295429624509809,2.504178317730533,2.4558335709646664,2.3715989542049596,2.2365559050985682,2.0355277879574274,1.753645101101784
904,2.5499999999392977,2.5499999998334437,2.5499999990129152,2.5499999937346867,2.5499999618620643,2.5499997839664483,2.5499988753130274,2.5499946515944476,2.5499768425568443,2.5499088615175549,2.5496741986013678,2.548942100033186,2.5468779672442503,2.541615925799849,2.5294731395768077,2.5040563078491567,2.4556430235216977,2.3713330992781754,2.2362250428969954,2.0351621073590569,1.7532897399181324
905,2.5499999999377145,2.5499999998294065,2.5499999989913738,2.5499999936119879,2.5499999611952604,2.549999780614614,2.5499988599326824,2.5499945876172232,2.5499766023202892,2.549908049446707,2.5496717324963636,2.5489353824677847,2.5468615746049252,2.5415801249135876,2.5294032122518471,2.5039341996308355,2.4554524299704137,2.3710672969845246,2.2358943515898577,2.0347966875983006,1.7529346439070101
906,2.5499999999360949,2.5499999998252805,2.5499999989694095,2.5499999934871549,2.54999996051825,2.5499997772180198,2.5499988443750139,2.5499945230108785,2.549976360098233,2.5499072318356482,2.549669252814291,2.5489286359239109,2.5468451287323068,2.5415442414527964,2.5293331806162977,2.5038119933279392,2.4552617905807259,2.370801547450724,2.2355638310316457,2.0344315282681653,1.7525798138885937
907,2.5499999999344363,2.5499999998210638,2.5499999989470168,2.5499999933601547,2.5499999598309016,2.5499997737761753,2.5499988286383859,2.5499944577706919,2.5499761158789056,2.5499064086596457,2.5496667595128177,2.5489218603470327,2.5468286295866784,2.5415082754431118,2.5292630448104108,2.5036896891923703,2.4550711056216459,2.3705358508027374,2.2352334810768442,2.0340666289623259,1.7522252503362978
908,2.5499999999327372,2.5499999998167548,2.5499999989241848,2.5499999932309563,2.5499999591330789,2.5499997702885793,2.5499988127211561,2.5499943918919152,2.5499758696505062,2.5499055798939327,2.5496642525496247,2.5489150556827469,2.5468120771285951,2.5414722269104759,2.5291928049744796,2.5035672874755588,2.4548803753613031,2.3702702071657682,2.2349033015799291,2.033701989274368,1.7518709535291268
909,2.5499999999310003,2.5499999998123517,2.5499999989009079,2.5499999930995259,2.5499999584246473,2.5499997667547296,2.5499987966216686,2.5499943253697794,2.5499756214011948,2.5499047455137069,2.5496617318824066,2.5489082218767831,2.5467954713188941,2.5414360958811342,2.5291224612488499,2.5034447884284692,2.4546896000669407,2.3700046166642776,2.2345732923953765,2.0333376087967654,1.7515169236007371
910,2.5499999999292196,2.5499999998078522,2.5499999988771811,2.5499999929658301,2.5499999577054706,2.5499997631741222,2.5499987803382571,2.5499942581994945,2.5499753711190936,2.5499039054941326,2.5496591974688738,2.5489013588750016,2.5467788121186827,2.5413998823816337,2.5290520137739079,2.5033221923015989,2.4544987800049269,2.3697390794219819,2.2342434533776658,2.0329734871200942,1.7511631605742399
911,2.5499999999273988,2.5499999998032541,2.5499999988529916,2.5499999928298358,2.5499999569754088,2.5499997595462425,2.5499987638692452,2.5499941903762453,2.5499751187922937,2.5499030598103372,2.5496566492667476,2.5488944666233948,2.546762099489349,2.5413635864388215,2.5289814626900848,2.5031994993449773,2.4543079154407503,2.3694735955618516,2.2339137843812726,2.0326096238324416,1.7508096643962123
912,2.5499999999255345,2.5499999997985565,2.5499999988283344,2.5499999926915073,2.5499999562343243,2.549999755870576,2.5499987472129448,2.5499941218951938,2.549974864408846,2.5499022084374157,2.5496540872337659,2.548887545068089,2.5467453333925536,2.5413272080798457,2.5289108081378529,2.5030767098081674,2.4541170066390223,2.3692081652061159,2.2335842852606844,2.0322460185190629,1.750456434959264
913,2.5499999999236262,2.5499999997937577,2.5499999988032012,2.5499999925508106,2.5499999554820749,2.5499997521466038,2.5499987303676575,2.5499940527514808,2.549974607956766,2.5499013513504289,2.5496515113276814,2.5488805941553418,2.5467285137902342,2.5412907473321513,2.5288400502577235,2.5029538239402642,2.4539260538634817,2.3689427884762697,2.233254955870398,2.0318826707624598,1.7501034721089139
914,2.549999999921674,2.5499999997888545,2.549999998777583,2.5499999924077121,2.5499999547185173,2.5499997483738013,2.5499987133316728,2.5499939829402227,2.5499743494240343,2.5499004885244019,2.5496489215062614,2.5488736138315424,2.5467116406446002,2.541254204223482,2.5287691891902502,2.502830841989895,2.4537350573770014,2.3686774654930773,2.2329257960649218,2.0315195801424553,1.7497507756614221
915,2.5499999999196761,2.5499999997838456,2.5499999987514728,2.5499999922621743,2.5499999539435088,2.5499997445516405,2.5499986961032715,2.5499939124565141,2.5499740887985927,2.54989961993433,2.5496463177272917,2.5488666040432131,2.5466947139181371,2.5412175787818723,2.5286982250760204,2.5027077642052213,2.4535440174415855,2.368412196376569,2.2325968056987793,2.0311567462369355,1.7493983454017894
916,2.5499999999176315,2.5499999997787293,2.5499999987248616,2.5499999921141612,2.5499999531569029,2.5499997406795885,2.5499986786807196,2.5499938412954268,2.5499738260683507,2.5498987455551725,2.5496436999485694,2.5488595647370129,2.5466777335736017,2.5411808710356509,2.5286271580556559,2.5025845908339397,2.4533529343183758,2.3681469812460523,2.2322679846265121,2.0307941686223336,1.7490461810901747
917,2.5499999999155394,2.5499999997735032,2.5499999986977415,2.5499999919636362,2.549999952358553,2.5499997367571079,2.5499986610622751,2.5499937694520094,2.5499735612211798,2.5498978653618569,2.5496410681279125,2.5488524958597307,2.5466606995740246,2.5411440810134405,2.5285559882698139,2.5024613221232794,2.4531618082676512,2.3678818202201075,2.2319393327026775,2.0304318468735412,1.7486942824625213
918,2.5499999999133989,2.5499999997681644,2.5499999986701032,2.5499999918105649,2.5499999515483105,2.5499997327836579,2.5499986432461847,2.5499936969212866,2.5499732942449183,2.5498969793292772,2.5496384222231545,2.5488453973582894,2.5466436118827089,2.5411072087441542,2.528484715859185,2.5023379583200032,2.4529706395488353,2.3676167134165977,2.2316108497818559,2.0300697805649324,1.748342649240022
919,2.5499999999112091,2.5499999997627114,2.5499999986419386,2.5499999916549081,2.5499999507260251,2.5499997287586913,2.5499986252306823,2.5499936236982617,2.5499730251273642,2.5498960874322951,2.5496357621921475,2.548838269179746,2.5466264704632278,2.541070254256991,2.5284133409644896,2.5022144996704103,2.4527794284204969,2.3673516609526701,2.2312825357186465,2.02970796927108,1.7479912811330154
920,2.5499999999089686,2.5499999997571421,2.5499999986132389,2.5499999914966276,2.5499999498915451,2.5499997246816584,2.5499986070139911,2.5499935497779136,2.5499727538562817,2.5498951896457394,2.5496330879927598,2.5488311112712916,2.5466092752794274,2.5410332175814401,2.528341863726479,2.5020909464203336,2.4525881751403493,2.3670866629447538,2.230954390367669,2.0293464125658707,1.7476401778340478
921,2.5499999999066763,2.5499999997514537,2.5499999985839938,2.5499999913356852,2.5499999490447176,2.549999720552004,2.5499985885943248,2.5499934751551994,2.5499724804194019,2.5498942859444087,2.549630399582878,2.5488239235802541,2.5465920262954227,2.5409960987472737,2.5282702842859273,2.5019672988151416,2.4523968799652631,2.3668217195085739,2.2306264135835612,2.0289851100248639,1.74728933903265
922,2.5499999999043315,2.5499999997456451,2.5499999985541955,2.5499999911720428,2.5499999481853877,2.5499997163691686,2.5499985699698842,2.5499933998250515,2.5499722048044182,2.5498933763030691,2.5496276969204077,2.5488167060540925,2.5465747234756004,2.5409588977845523,2.5281986027836401,2.5018435570997388,2.4522055431512562,2.3665568307591438,2.2302986052209786,2.028624061223522,1.7469387644038106
923,2.5499999999019334,2.5499999997397125,2.5499999985238344,2.5499999910056612,2.5499999473133999,2.5499997121325881,2.5499985511388581,2.549993323782382,2.549971926998988,2.5498924606964541,2.5496249799632746,2.5488094586404002,2.5465573667846151,2.5409216147236138,2.5281268193604474,2.5017197215185645,2.4520141649535057,2.3662919968107783,2.2299709651345845,2.0282632657390862,1.746588453617542
924,2.5499999998994807,2.5499999997336551,2.5499999984929014,2.5499999908365005,2.5499999464285961,2.5499997078416934,2.5499985320994254,2.5499932470220776,2.5499716469907345,2.549891539099268,2.5496222486694236,2.5488021812869093,2.5465399561873898,2.540884249595079,2.528054934157197,2.5015957923155958,2.4518227456263548,2.3660272177770945,2.2296434931790445,2.0279027231502136,1.746238406337266
925,2.549999999896972,2.5499999997274703,2.549999998461387,2.5499999906645212,2.5499999455308169,2.5499997034959128,2.5499985128497533,2.549993169539003,2.549971364767246,2.5498906114861821,2.5496195029968174,2.5487948739414836,2.5465224916491183,2.5408468024298521,2.5279829473147664,2.5014717697343456,2.4516312854232969,2.365762493771002,2.2293161892090421,2.0275424330362846,1.7458886222167587
926,2.5499999998944056,2.5499999997211558,2.5499999984292812,2.5499999904896824,2.5499999446199006,2.5499996990946672,2.5499984933879967,2.549993091328,2.549971080316074,2.5498896778318376,2.5496167429034404,2.548787536552124,2.5465049731352609,2.5408092732591139,2.5279108589740509,2.501347654017863,2.4514397845969929,2.3654978249047209,2.2289890530792502,2.0271823949784675,1.7455391009054544
927,2.5499999998917806,2.549999999714708,2.5499999983965744,2.5499999903119424,2.5499999436956857,2.5499996946373744,2.5499984737123005,2.5499930123838861,2.5499707936247362,2.549888738110845,2.5496139683472983,2.548780169066966,2.5464874006115434,2.5407716621143188,2.5278386692759609,2.5012234454087356,2.4512482433992813,2.3652332112897896,2.2286620846443199,2.0268226085602996,1.7451898420511471
928,2.5499999998890956,2.549999999708124,2.5499999983632575,2.5499999901312598,2.5499999427580069,2.5499996901234474,2.5499984538207978,2.5499929327014557,2.5499705046807142,2.5498877922977843,2.5496111792864147,2.5487727714342809,2.5464697740439637,2.5407339690272068,2.5277663783614357,2.5010991441490864,2.4510566620811485,2.3649686530370344,2.2283352837589261,2.0264630733657887,1.7448408452905717
929,2.5499999998863507,2.5499999997014022,2.5499999983293193,2.5499999899475934,2.5499999418066999,2.5499996855522942,2.5499984337116093,2.5499928522754827,2.5499702134714548,2.5498868403672073,2.5496083756788397,2.5487653436024762,2.5464520933987784,2.5406961940297763,2.5276939863714136,2.5009747504805797,2.4508650408927872,2.3647041502566353,2.2280086502776544,2.026103788982585,1.7444921102667406
930,2.5499999998835445,2.5499999996945406,2.5499999982947497,2.5499999897609005,2.5499999408415968,2.5499996809233187,2.5499984133828453,2.5499927711007149,2.5499699199843704,2.5498858822936326,2.5496055574826393,2.5487578855200939,2.5464343586425171,2.5406583371543165,2.5276214934468673,2.5008502646444146,2.4506733800835292,2.3644397030580495,2.2276821840551406,2.0257447549986622,1.744143636609927
931,2.5499999998806753,2.549999999687536,2.5499999982595383,2.5499999895711367,2.5499999398625288,2.5499996762359194,2.5499983928326029,2.5499926891718787,2.5499696242068377,2.5498849180515522,2.5496027246559052,2.5487503971358154,2.5464165697419681,2.54062039843337,2.5275488997287661,2.5007256868813319,2.4504816799019165,2.3641753115500928,2.2273558849459176,2.0253859710049604,1.7437954239543647
932,2.5499999998777407,2.5499999996803862,2.549999998223675,2.549999989378259,2.5499999388693242,2.5499996714894908,2.5499983720589694,2.5499926064836766,2.5499693261261998,2.5498839476154278,2.5495998771567514,2.5487428783984565,2.5463987266641874,2.54058237789976,2.5274762053581017,2.5006010174316091,2.450289940595654,2.3639109758408861,2.2270297528045191,2.0250274365940286,1.7434474719287887
933,2.54999999987474,2.549999999673088,2.54999999818715,2.5499999891822234,2.549999937861811,2.5499996666834215,2.5499983510600193,2.5499925230307867,2.549969025729764,2.549882970959692,2.5495970149433123,2.5487353292569694,2.546380829376496,2.5405442755865772,2.5274034104758738,2.5004762565350638,2.4500981624116323,2.3636466960378808,2.2267037874854285,2.0246691513603055,1.7430997801596204
934,2.5499999998716727,2.5499999996656388,2.5499999981499517,2.5499999889829859,2.5499999368398152,2.5499996618170968,2.5499983298338162,2.5499924388078661,2.5499687230048029,2.5498819880587487,2.5495941379737501,2.5487277496604452,2.5463628778464753,2.5405060915271713,2.5273305152230869,2.5003514044310564,2.4499063455959429,2.3633824722478765,2.2263779888430477,2.0243111149003301,1.7427523482730292
935,2.5499999998685379,2.5499999996580351,2.54999999811207,2.5499999887805016,2.5499999358031604,2.5499996568898959,2.5499983083784121,2.5499923538095461,2.5499684179385547,2.5498809988869722,2.5495912462062456,2.5487201395581089,2.5463448720419741,2.5404678257551709,2.5272575197407638,2.5002264613584821,2.4497144903938439,2.3631183045769801,2.2260523567317736,2.0239533268124594,1.7424051758908836
936,2.5499999998653329,2.5499999996502751,2.5499999980734929,2.5499999885747231,2.5499999347516704,2.5499996519011936,2.5499982866918454,2.5499922680304388,2.5499681105182241,2.5498800034187123,2.5495883395990093,2.5487124988993255,2.5463268119310918,2.5404294783044437,2.5271844241699131,2.500101427555784,2.4495225970498269,2.3628541931306861,2.2257268910058765,2.0235957866968293,1.7420582626370182
937,2.5499999998620564,2.5499999996423561,2.5499999980342087,2.549999988365605,2.5499999336851658,2.5499996468503596,2.5499982647721446,2.5499921814651296,2.5499678007309803,2.5498790016282857,2.54958541811027,2.5487048276335948,2.5463086974822042,2.540391049209151,2.5271112286515756,2.4999763032609374,2.4493306658075236,2.3625901380137666,2.2254015915196517,2.023238494155712,1.7417116081293285
938,2.5499999998587071,2.5499999996342742,2.549999997994207,2.5499999881531008,2.5499999326034661,2.549999641736759,2.5499982426173262,2.5499920941081826,2.5499674885639574,2.5498779934899827,2.5495824816982808,2.5486971257105542,2.5462905286639441,2.5403525385037087,2.5270379333267914,2.4998510887114627,2.4491386969097766,2.3623261393303521,2.2250764581273121,2.0228814487931897,1.7413652119855361
939,2.549999999855284,2.549999999626027,2.549999997953476,2.5499999879371629,2.5499999315063873,2.5499996365597521,2.5499982202253939,2.5499920059541354,2.5499671740042578,2.5498769789780695,2.5495795303213304,2.5486893930799823,2.5462723054451941,2.5403139462227609,2.5269645383365735,2.4997257841444283,2.4489466905986834,2.362062197183989,2.2247514906829475,2.022524650214867,1.7410190738268541
940,2.5499999998517855,2.549999999617611,2.5499999979120043,2.5499999877177433,2.5499999303937453,2.5499996313186943,2.5499981975943418,2.5499919169975058,2.549966857038946,2.5498759580667798,2.5495765639377193,2.5486816296917909,2.5462540277951136,2.5402752724012529,2.5268910438219776,2.4996003897964338,2.448754647115464,2.361798311677477,2.2244266890406683,2.0221680980286512,1.7406731932671999
941,2.5499999998482097,2.5499999996090237,2.5499999978697794,2.5499999874947945,2.5499999292653546,2.5499996260129363,2.5499981747221496,2.5499918272327871,2.5499665376550551,2.5498749307303203,2.5495735825057784,2.5486738354960301,2.5462356956831158,2.5402365170743777,2.5268174499240481,2.4994749059036248,2.4485625667005659,2.3615344829129965,2.2241020530544997,2.0218117918441214,1.7403275699214991
942,2.5499999998445557,2.5499999996002618,2.5499999978267902,2.5499999872682668,2.5499999281210264,2.5499996206418221,2.5499981516067858,2.5499917366544489,2.5499662158395848,2.5498738969428785,2.5495705859838735,2.5486660104428931,2.5462173090788593,2.5401976802775459,2.5267437567837949,2.4993493327016996,2.4483704495937131,2.36127071099216,2.2237775825783692,2.021455731272102,1.7399822034087056
943,2.5499999998408214,2.5499999995913223,2.5499999977830239,2.5499999870381109,2.549999926960572,2.5499996152046926,2.5499981282462065,2.5499916452569384,2.5499658915794985,2.549872856678606,2.5495675743303838,2.5486581544827054,2.5461988679522798,2.5401587620464716,2.5266699645422714,2.4992236704258861,2.4481782960337455,2.3610069960158353,2.2234532774661853,2.0210999159258969,1.7396370933410874
944,2.5499999998370049,2.5499999995822016,2.5499999977384693,2.5499999868042771,2.5499999257837995,2.5499996097008837,2.5499981046383575,2.5499915530346793,2.5499655648617265,2.5498718099116302,2.5495645475037194,2.5486502675659315,2.5461803722735667,2.5401197624171088,2.5265960733405142,2.4990979193109606,2.4479861062587438,2.3607433380842799,2.2231291375717874,2.0207443454203098,1.7392922393322603
945,2.5499999998331058,2.549999999572897,2.5499999976931127,2.5499999865667142,2.5499999245905154,2.5499996041297246,2.5499980807811711,2.5499914599820706,2.5499652356731657,2.5498707566160594,2.5495615054623268,2.5486423496431807,2.5461618220131497,2.5400806814256272,2.5265220833195232,2.4989720795912533,2.4477938805060684,2.3604797372971924,2.2228051627489749,2.0203890193710956,1.7389476409987494
946,2.5499999998291218,2.5499999995634046,2.5499999976469412,2.5499999863253713,2.5499999233805255,2.5499995984905408,2.5499980566725675,2.5499913660934896,2.5499649040006784,2.5498696967659678,2.5495584481646674,2.5486344006651929,2.5461432171417364,2.5400415191084935,2.5264479946203351,2.4988461515006248,2.4476016190122096,2.360216193753538,2.2224813528514669,2.0200339373966343,1.7386032979525281
947,2.5499999998250518,2.5499999995537221,2.5499999975999428,2.5499999860801972,2.5499999221536327,2.5499995927826529,2.549998032310457,2.54999127136329,2.5499645698310931,2.5498686303354057,2.5495553755692337,2.5486264205828499,2.546124557630284,2.540002275502411,2.5263738073839677,2.4987201352724853,2.4474093220129038,2.3599527075516797,2.2221577077329422,2.01967909911663,1.738259209806571
948,2.5499999998208933,2.5499999995438443,2.5499999975521042,2.5499999858311377,2.5499999209096367,2.5499995870053742,2.549998007692734,2.5499911757858,2.5499642331512087,2.5498675572984029,2.5495522876345564,2.5486184093471755,2.5461058434499928,2.5399629506442958,2.5262995217513988,2.4985940311398007,2.4472169897431715,2.359689278789423,2.2218342272470988,2.0193245041515664,1.7379153761756687
949,2.5499999998166443,2.5499999995337683,2.549999997503412,2.549999985578141,2.5499999196483372,2.5499995811580161,2.5499979828172838,2.5499910793553271,2.5499638939477856,2.5498664776289566,2.5495491843191824,2.5486103669093279,2.5460870745723359,2.5399235445713564,2.5262251378636393,2.4984678393350688,2.4470246224371759,2.3594259075638551,2.2215109112475049,2.0189701521245391,1.7375717966718369
950,2.5499999998123029,2.5499999995234912,2.5499999974538534,2.5499999853211528,2.5499999183695317,2.5499995752398825,2.5499979576819785,2.5499909820661544,2.549963552207553,2.5498653913010423,2.5495460655816906,2.5486022932206049,2.5460682509690344,2.5398840573210326,2.5261506558616769,2.4983415600903376,2.4468322203283304,2.359162593971468,2.2211877595877185,2.0186160426598518,1.7372284709077765
951,2.5499999998078686,2.5499999995130089,2.5499999974034142,2.5499999850601203,2.5499999170730163,2.5499995692502724,2.5499979322846777,2.5499908839125411,2.549963207917207,2.5498642982886164,2.5495429313806972,2.5485941882324479,2.5460493726120514,2.5398444889309766,2.5260760758864569,2.498215193637213,2.4466397836493394,2.3588993381081975,2.2208647721213621,2.0182621753825387,1.7368853984976671
952,2.5499999998033398,2.5499999995023179,2.5499999973520815,2.5499999847949879,2.5499999157585855,2.5499995631884804,2.5499979066232292,2.5499907848887244,2.5499628610634093,2.5498631985656024,2.5495397816748366,2.5485860518964314,2.5460304394736206,2.5398048394391259,2.5260013980789533,2.4980887402068341,2.4464473126320585,2.3586361400692759,2.2205419487019018,2.0179085499201026,1.7365425790536966
953,2.5499999997987142,2.5499999994914151,2.5499999972998411,2.5499999845257006,2.5499999144260306,2.5499995570537961,2.5499978806954688,2.5499906849889173,2.549962511632788,2.5498620921059012,2.5495366164227775,2.5485778841642728,2.5460114515262231,2.539765108883647,2.525926622580112,2.4979622000298916,2.4462548075076014,2.3583729999493466,2.2202192891828205,2.0175551659011903,1.7362000121887136
954,2.5499999997939891,2.5499999994802964,2.5499999972466791,2.5499999842522021,2.5499999130751401,2.5499995508455013,2.5499978544992188,2.5499905842073081,2.5499621596119413,2.5498609788833968,2.5495334355832262,2.5485696849878314,2.5459924087425776,2.539725297302911,2.5258517495308372,2.4978355733366331,2.4460622685063811,2.3581099178425031,2.219896793417695,2.0172020229551797,1.7358576975170783
955,2.5499999997891631,2.5499999994689579,2.5499999971925811,2.5499999839744358,2.5499999117057022,2.5499995445628754,2.5499978280322906,2.5499904825380639,2.5499618049874311,2.5498598588719412,2.5495302391149099,2.5485614543191026,2.545973311095675,2.5396854047355748,2.5257767790720536,2.497708860356842,2.4458696958579678,2.3578468938421455,2.2195744612599397,2.0168491207137396,1.7355156346514846
956,2.5499999997842342,2.5499999994573956,2.5499999971375322,2.5499999836923446,2.5499999103175033,2.5499995382051912,2.5499978012924829,2.5499903799753274,2.5499614477457873,2.5498587320453647,2.5495270269765875,2.548553192110222,2.5459541585587497,2.5396454312205168,2.5257017113446572,2.4975820613198549,2.4456770897911984,2.3575839280410897,2.2192522925630085,2.0164964588096361,1.7351738232053777
957,2.5499999997792004,2.549999999445606,2.5499999970815184,2.5499999834058698,2.549999908910328,2.5499995317717166,2.5499977742775806,2.549990276513217,2.5499610878735091,2.5498575983774803,2.5495237991270594,2.5485448983134673,2.5459349511052731,2.539605376796819,2.5256265464894962,2.4974551764545709,2.4454844505342157,2.3573210205316109,2.2189302871804717,2.0161440368763586,1.7348322627936568
958,2.5499999997740597,2.5499999994335845,2.549999997024524,2.5499999831149531,2.5499999074839583,2.5499995252617143,2.5499977469853579,2.5499901721458289,2.5499607253570602,2.5498564578420702,2.5495205555251452,2.548536572881253,2.5459156887089858,2.5395652415038423,2.5255512846474377,2.4973282059894215,2.4452917783143286,2.3570581714052974,2.2186084449657431,2.0157918545495357,1.7344909530299339
959,2.5499999997688105,2.5499999994213267,2.5499999969665348,2.5499999828195357,2.5499999060381748,2.5499995186744413,2.5499977194135761,2.5499900668672355,2.5499603601828715,2.5498553104128954,2.5495172961296997,2.5485282157661353,2.5458963713438729,2.5395250253811708,2.5254759259593182,2.4972011501523936,2.4450990733581124,2.3567953807531561,2.218286765772278,2.0154399114659114,1.7341498935285069
960,2.5499999997634504,2.5499999994088296,2.5499999969075353,2.5499999825195578,2.5499999045727537,2.549999512009149,2.5499976915599838,2.549989960671486,2.5499599923373433,2.5498541560636983,2.5495140208996148,2.5485198269208116,2.5458769989841592,2.5394847284686013,2.5254004705659359,2.4970740091710293,2.4449063358914329,2.3565326486656359,2.2179652494536244,2.0150882072631284,1.733809083904668
961,2.5499999997579779,2.5499999993960887,2.5499999968475109,2.5499999822149588,2.5499999030874712,2.5499995052650828,2.5499976634223134,2.549989853552594,2.5499596218068104,2.5498529947681132,2.5495107297936204,2.5485114062977345,2.5458575716036567,2.5394443508051969,2.5253249186069233,2.4969467832714316,2.4447135661390473,2.3562699752332987,2.2176438958652787,2.0147367415829125,1.7334685515075976
962,2.5499999997523903,2.5499999993830991,2.5499999967864446,2.5499999819056782,2.5499999015821033,2.5499994984414842,2.5499976349982965,2.5499897455045839,2.549959248577673,2.5498518265000079,2.549507422771061,2.5485029538506545,2.5458380891784209,2.5394038924331612,2.5252492702253377,2.4968194726822435,2.4445207643260405,2.356007360543952,2.2173227048568975,2.0143855140599753,1.7331282909860586
963,2.5499999997466851,2.5499999993698581,2.5499999967243223,2.549999981591653,2.5499999000564202,2.5499994915375885,2.5499976062856393,2.5499896365214232,2.5499588726362021,2.5498506512329691,2.5495040997907275,2.5484944695322969,2.5458185516827467,2.5393633533919999,2.5251735255607404,2.4966920776286421,2.44432793067566,2.3557448046869749,2.2170016762840477,2.014034524338705,1.7327882938931027
964,2.5499999997408604,2.5499999993563591,2.5499999966611262,2.5499999812728218,2.5499998985101917,2.5499994845526248,2.5499975772820407,2.5499895265970665,2.5499584939686653,2.5498494689406499,2.549500760811644,2.5484859532959265,2.5457989590918615,2.5393227337224493,2.5250976847538524,2.4965645983363873,2.4441350654107894,2.3554823077504223,2.2166808100003283,2.0136837720617637,1.7324485569888444
965,2.5499999997349136,2.549999999342599,2.5499999965968407,2.5499999809491203,2.5499998969431878,2.5499994774858177,2.5499975479851864,2.5499894157254466,2.5499581125613031,2.5498482795966844,2.549497405792867,2.5484774050949399,2.5457793113812239,2.5392820334654416,2.5250217479453458,2.4964370350307896,2.4439421687535892,2.355219869821787,2.2163601058594069,2.0133332568730147,1.7321090782074902
966,2.5499999997288429,2.5499999993285734,2.5499999965314499,2.5499999806204854,2.5499998953551728,2.5499994703363855,2.5499975183927508,2.5499893039004697,2.549957728400321,2.5498470831746816,2.5494940346934873,2.5484688248828764,2.5457596085265379,2.5392412526621433,2.5249457152758676,2.4963093879367086,2.4437492409254835,2.3549574909879754,2.2160395637149968,2.0129829784176048,1.7317698560508954
967,2.5499999997226475,2.5499999993142777,2.5499999964649365,2.5499999802868532,2.5499998937459103,2.5499994631035423,2.5499974885023931,2.5499891911160231,2.5499573414718939,2.5498458796482315,2.5494906474726284,2.5484602126134162,2.5457398505037561,2.5392003913539405,2.5248695868860334,2.4961816572785578,2.4435562821471595,2.3546951713353108,2.2157191834208541,2.0126329363422353,1.7314308893238601
968,2.5499999997163219,2.5499999992997076,2.5499999963972848,2.5499999799481565,2.5499998921151614,2.549999455786494,2.5499974583117617,2.5499890773659648,2.5499569517621614,2.5498446689909051,2.5494872440894527,2.5484515682403819,2.545720037289072,2.5391594495824439,2.5247933629164274,2.4960538432803014,2.443363292638574,2.3544329109495341,2.2153989648307966,2.0122831302957298,1.731092177010553
969,2.5499999997098657,2.5499999992848559,2.5499999963284758,2.5499999796043316,2.5499998904626882,2.5499994483844435,2.5499974278184911,2.5499889626441359,2.5499565592572386,2.5498434511762502,2.5494838245031546,2.5484428917177366,2.5457001688589269,2.5391184273894813,2.5247170435075996,2.4959259461654622,2.4431702726189601,2.3541707099158149,2.2150789077986959,2.0119335599298149,1.7307537182113566
970,2.5499999997032763,2.5499999992697209,2.5499999962584941,2.5499999792553112,2.5499998887882462,2.5499994408965869,2.5499973970202046,2.5499888469443484,2.5499561639432029,2.5498422261777955,2.5494803886729658,2.5484341829995842,2.5456802451899989,2.5390773248170984,2.5246406288000691,2.4957979661571197,2.4429772223068316,2.3539085683187544,2.2147590121784875,2.0115842249000284,1.7304155121164406
971,2.549999999696551,2.5499999992542977,2.5499999961873221,2.549999978901027,2.5499998870915896,2.5499994333221148,2.549997365914511,2.5499887302603925,2.5499557658060992,2.5498409939690516,2.5494769365581544,2.5484254420401697,2.5456602662592087,2.5390361419075571,2.5245641189343209,2.4956699034779124,2.4427841419199829,2.3536464862423832,2.2144392778241726,2.0112351248658258,1.7300775579942487
972,2.5499999996896867,2.5499999992385787,2.54999999611494,2.5499999785414107,2.5499998853724741,2.549999425660213,2.5499973344990066,2.5499886125860378,2.5499553648319462,2.549839754523509,2.5494734681180224,2.5484166687938776,2.5456402320437195,2.538994878703337,2.5244875140507999,2.4955417583500323,2.4425910316754886,2.3533844637701598,2.2141197045898227,2.010886259491115,1.7297398551607814
973,2.5499999996826825,2.5499999992225617,2.5499999960413327,2.5499999781763965,2.5499998836306492,2.5499994179100582,2.5499973027712763,2.5499884939150266,2.5499549610067285,2.5498385078146351,2.5494699833119103,2.5484078632152358,2.5456201425209373,2.5389535352471317,2.5244108142899178,2.495413530995231,2.4423978917897062,2.353122500984985,2.2138002923295841,2.0105376284441929,1.7294024029677173
974,2.5499999996755345,2.5499999992062405,2.5499999959664801,2.5499999778059119,2.549999881865864,2.5499994100708254,2.5499972707288903,2.5499883742410794,2.5499545543163986,2.5498372538158831,2.5494664820991946,2.548399025258913,2.5455999976685035,2.5389121115818472,2.5243340197920485,2.4952852216348194,2.4422047224782819,2.3528605979691926,2.2134810408976806,2.0101892313974217,1.7290652008003717
975,2.5499999996682394,2.5499999991896098,2.5499999958903636,2.5499999774298865,2.5499998800778649,2.5499994021416832,2.5499972383694067,2.5499882535578924,2.5499541447468799,2.5498359925006868,2.5494629644392894,2.5483901548797192,2.5455797974643009,2.5388706077506025,2.5242571306975266,2.4951568304896643,2.4420115239561482,2.352598754804557,2.2131619501484168,2.0098410680270584,1.728728248069594
976,2.5499999996607965,2.5499999991726643,2.5499999958129669,2.5499999770482518,2.5499998782663962,2.5499993941217918,2.5499972056903708,2.54998813185914,2.5499537322840622,2.5498347238424586,2.549459430291646,2.548381252032605,2.5455595418864512,2.538829023796727,2.5241801471466463,2.4950283577801931,2.4418182964375328,2.352336971572297,2.2128430199361833,2.0094931380125014,1.7283915442076245
977,2.5499999996532021,2.549999999155399,2.5499999957342689,2.549999976660934,2.5499998764312011,2.5499993860103083,2.5499971726893151,2.5499880091384721,2.5499533169138067,2.5498334478145943,2.5494558796157545,2.5483723166726642,2.545539230913314,2.5387873597637585,2.5241030692796604,2.4948998037263954,2.4416250401359543,2.3520752483530756,2.2125242501154649,2.0091454410357779,1.7280550886658923
978,2.5499999996454532,2.5499999991378086,2.5499999956542512,2.5499999762678618,2.5499998745720189,2.5499993778063819,2.5499971393637595,2.5499878853895162,2.5499528986219415,2.5498321643904704,2.549452312371141,2.5483633487551298,2.5455188645234879,2.5387456156954453,2.5240258972367822,2.4947711685478184,2.4414317552642251,2.3518135852270006,2.2122056405408319,2.0087979767821666,1.7277188809176347
979,2.5499999996375475,2.5499999991198878,2.5499999955728945,2.5499999758689613,2.5499998726885864,2.5499993695091585,2.5499971057112085,2.5499877606058727,2.5499524773942666,2.5498308735434478,2.5494487285173721,2.548354348235379,2.5454984426958069,2.5387037916357404,2.523948631158182,2.4946424524635695,2.4412384420344595,2.351551982273635,2.2118871910669586,2.008450744938211,1.7273829204436724
980,2.549999999629482,2.5499999991016309,2.5499999954901789,2.549999975464158,2.5499998707806397,2.5499993611177763,2.5499970717291562,2.5499876347811226,2.5499520532165496,2.5498295752468683,2.5494451280140518,2.548345315068929,2.5454779654093418,2.5386618876288054,2.5238712711839866,2.4945136556923191,2.4410451006580685,2.3512904395719896,2.2115689015486191,2.0081037451928951,1.7270472067422782
981,2.5499999996212535,2.5499999990830324,2.5499999954060861,2.5499999750533791,2.5499998688479133,2.5499993526313678,2.5499970374150824,2.5499875079088223,2.549951626074527,2.5498282694740562,2.5494415108208228,2.5483362492114372,2.5454574326433979,2.5386199037190043,2.5237938174542753,2.4943847784523001,2.4408517313457674,2.3510289572005307,2.2112507718407008,2.0077569772360753,1.7267117393173128
982,2.5499999996128584,2.5499999990640867,2.5499999953205945,2.5499999746365476,2.549999866890138,2.54999934404906,2.5499970027664545,2.5499873799825044,2.5499511959539056,2.5498269561983182,2.5494378768973678,2.548327150618706,2.5454368443775186,2.5385778399509045,2.5237162701090838,2.4942558209613073,2.4406583343075763,2.3507675352371842,2.2109328017982084,2.0074104407588558,1.7263765176838837
983,2.549999999604295,2.5499999990447884,2.549999995233684,2.5499999742135877,2.5499998649070399,2.5499993353699733,2.5499969677807264,2.5499872509956774,2.549950762840361,2.5498256353929447,2.5494342262034095,2.5483180192466786,2.5454162005914807,2.5385356963692778,2.5236386292884032,2.4941267834366978,2.4404649097528197,2.350506173759332,2.2106149912762612,2.0070641354534309,1.7260415413654082
984,2.5499999995955602,2.5499999990251303,2.5499999951453338,2.5499999737844217,2.5499998628983471,2.5499993265932224,2.5499969324553389,2.5499871209418274,2.5499503267195407,2.5498243070312103,2.5494305586987105,2.5483088550514377,2.5453955012652929,2.5384934730190936,2.5235608951321731,2.4939976660953938,2.4402714578901366,2.3502448728438274,2.2102973401301322,2.0067180610121174,1.7257068098914428
985,2.5499999995866505,2.5499999990051068,2.5499999950555248,2.5499999733489722,2.5499998608637853,2.5499993177179152,2.5499968967877193,2.5499869898144176,2.5499498875770592,2.5498229710863711,2.5494268743430717,2.5482996579892103,2.5453747463791991,2.538451169945525,2.5234830677802886,2.4938684691538788,2.4400779789274711,2.3499836325669783,2.2099798482152084,2.0063722171285088,1.7253723228010449
986,2.5499999995775626,2.5499999989847129,2.5499999949642338,2.5499999729071603,2.5499998588030732,2.5499993087431569,2.5499968607752823,2.5499868576068856,2.5499494453985028,2.5498216275316694,2.5494231730963373,2.5482904280163647,2.5453539359136736,2.5384087871939358,2.5234051473725891,2.4937391928282069,2.4398844730720941,2.3497224530045751,2.2096625153870777,2.006026603495596,1.7250380796357512
987,2.549999999568294,2.5499999989639428,2.5499999948714414,2.5499999724589064,2.5499998567159312,2.5499992996680434,2.5499968244154294,2.5499867243126473,2.5499490001694269,2.5498202763403293,2.5494194549183891,2.5482811650894104,2.5453330698494288,2.5383663248098989,2.5233271340488725,2.4936098373339899,2.4396909405305705,2.3494613342318567,2.2093453415014053,2.005681219808118,1.7247040799489246
988,2.5499999995588412,2.5499999989427895,2.5499999947771248,2.5499999720041306,2.5499998546020768,2.549999290491666,2.5499967877055476,2.5499865899250946,2.5499485518753575,2.5498189174855601,2.5494157197691525,2.5482718691649993,2.5453121481674019,2.5383237828391754,2.52324902794888,2.4934804028864099,2.4394973815087999,2.3492002763235504,2.2090283264140864,2.0053360657600776,1.7243703232947669
989,2.5499999995492004,2.5499999989212467,2.5499999946812628,2.5499999715427517,2.549999852461224,2.549999281213108,2.5499967506430132,2.549986454437597,2.5499481005017901,2.5498175509405567,2.5494119676085929,2.5482625401999246,2.5452911708487642,2.538281161327721,2.5231708292123005,2.4933508897002161,2.4393037962119983,2.3489392793538588,2.2087114699811838,2.0049911410456818,1.7240368092326703
990,2.5499999995393692,2.5499999988993083,2.5499999945838332,2.549999971074687,2.5499998502930854,2.549999271831449,2.5499967132251871,2.5499863178434996,2.5499476460341906,2.5498161766784961,2.5494081983967165,2.5482531781511222,2.5452701378749203,2.5382384603216965,2.5230925379787785,2.4932212979897193,2.4391101848446883,2.3486783433964402,2.2083947720588766,2.004646445360148,1.7237035373311556
991,2.549999999529343,2.5499999988769679,2.5499999944848133,2.5499999705998548,2.5499998480973711,2.5499992623457608,2.5499966754494165,2.5499861801361239,2.5499471884579958,2.5498147946725429,2.5494044120935739,2.5482437829756703,2.545249049227496,2.5381956798674348,2.5230141543878868,2.4930916279688056,2.4389165476107526,2.3484174685244752,2.2080782325036821,2.0043019783971525,1.7233705071539644
992,2.5499999995191192,2.5499999988542186,2.5499999943841809,2.5499999701181713,2.5499998458737889,2.5499992527551107,2.5499966373130372,2.5499860413087676,2.5499467277586128,2.5498134048958434,2.5494006086592549,2.5482343546307882,2.5452279048883564,2.5381528200114816,2.5229356785791626,2.4929618798509208,2.4387228847133606,2.3481566548105817,2.2077618511721631,2.0039577398518804,1.7230377182774248
993,2.5499999995086942,2.5499999988310544,2.549999994281912,2.5499999696295523,2.549999843622043,2.5499992430585579,2.5499965988133697,2.5499859013547064,2.5499462639214183,2.5498120073215325,2.549396788053893,2.5482248930738374,2.5452067048395888,2.5381098808005604,2.5228571106920765,2.4928320538490842,2.4385291963550335,2.3478959023268904,2.2074456279211785,2.0036137294188507,1.7227051702770344
994,2.5499999994980644,2.5499999988074675,2.5499999941779854,2.5499999691339115,2.5499998413418354,2.5499992332551571,2.549996559947723,2.5499857602671918,2.5499457969317625,2.5498106019227316,2.549392950237666,2.5482153982623212,2.5451854490635077,2.5380668622815841,2.522778450866042,2.4927021501758864,2.4383354827376267,2.3476352111450236,2.2071295626078165,2.0032699467924746,1.7223728627310397
995,2.5499999994872264,2.5499999987834516,2.5499999940723774,2.5499999686311625,2.5499998390328669,2.549999223343955,2.5499965207133917,2.5499856180394529,2.5499453267749628,2.5498091886725445,2.5493890951707918,2.5482058701538848,2.5451641375426615,2.5380237645016637,2.5226996992404245,2.4925721690434801,2.438141744062305,2.3473745813360671,2.2068136550893036,2.0029263916675575,1.7220407952241765
996,2.5499999994761766,2.5499999987590005,2.5499999939650628,2.5499999681212193,2.5499998366948349,2.5499992133239942,2.549996481107657,2.5499854746646937,2.5499448534363101,2.5498077675440642,2.5493852228135343,2.5481963087063173,2.5451427702598139,2.5379805875080779,2.5226208559545165,2.4924421106635992,2.437947980529604,2.3471140129706431,2.2064979052232179,2.0025830637386988,1.7217089673403496
997,2.5499999994649114,2.5499999987341071,2.5499999938560181,2.5499999676039935,2.5499998343274353,2.5499992031943099,2.5499964411277869,2.5499853301360975,2.5499443769010641,2.5498063385103675,2.549381333126199,2.5481867138775471,2.5451213471979668,2.5379373313483118,2.5225419211475666,2.4923119752475387,2.4377541923393617,2.3468535061188263,2.2061823128672531,2.0022399627006044,1.7213773786697701
998,2.5499999994534268,2.5499999987087638,2.5499999937452196,2.5499999670793971,2.5499998319303603,2.5499991929539307,2.5499964007710347,2.5499851844468213,2.5499438971544572,2.5498049015445199,2.5493774260691353,2.5481770856256469,2.5450998683403387,2.5378939960700211,2.5224628949587529,2.4921817630061698,2.4375603796907788,2.3465930608502195,2.2058668778794059,2.0018970882480782,1.7210460288035316
999,2.5499999994417184,2.5499999986829636,2.5499999936326425,2.5499999665473401,2.5499998295033,2.5499991826018791,2.5499963600346423,2.5499850375899995,2.5499434141816937,2.5498034566195744,2.549373501602739,2.5481674239088297,2.5450783336703755,2.5378505817210444,2.5223837775271916,2.4920514741499367,2.4373665427823976,2.3463326772339275,2.2055516001179152,2.0015544400759913,1.7207149173353129
1000,2.5499999994297831,2.5499999986566992,2.5499999935182616,2.5499999660077317,2.5499998270459416,2.5499991721371718,2.5499963189158357,2.5499848895587438,2.5499429279679471,2.549802003708566,2.5493695596874457,2.5481577286854518,2.5450567431717532,2.5378070883494193,2.522304568991951,2.4919211088888482,2.4371726818120742,2.3460723553385221,2.2052364794411941,2.001212017879149,1.7203840438634739
1001,2.5499999994176168,2.5499999986299628,2.5499999934020527,2.549999965460481,2.5499998245579714,2.5499991615588189,2.5499962774118292,2.5499847403461433,2.5499424384983631,2.5498005427845225,2.5493656002837395,2.5481479999140109,2.5450350968283639,2.537763516003348,2.5222252694920244,2.4917906674324954,2.436978796977042,2.3458120952321213,2.2049215157079587,2.0008698213525915,1.7200534079866256
1002,2.5499999994052156,2.5499999986027477,2.5499999932839894,2.5499999649054947,2.5499998220390703,2.5499991508658235,2.5499962355198238,2.5499845899452631,2.5499419457580599,2.5497990738204592,2.5493616233521488,2.5481382375531472,2.5450133946243221,2.5377198647312107,2.5221458791663398,2.4916601499900435,2.4367848884738841,2.345551896982355,2.2046067087771779,2.0005278501914718,1.7197230093054157
1003,2.549999999392575,2.5499999985750459,2.5499999931640462,2.5499999643426805,2.54999981948892,2.5499991400571833,2.5499961932370061,2.5499844383491448,2.5499414497321258,2.5497975967893733,2.5493576288532442,2.5481284415616416,2.5449916365439749,2.5376761345815884,2.5220663981537776,2.4915295567702218,2.436590956498494,2.3452917606563166,2.2042920585080048,2.0001861040908504,1.7193928474253208
1004,2.549999999379692,2.5499999985468498,2.549999993042197,2.5499999637719437,2.5499998169071962,2.5499991291318884,2.5499961505605486,2.5499842855508073,2.5499409504056212,2.5497961116642558,2.549353616747644,2.5481186118984192,2.5449698225718818,2.5376323256032189,2.5219868265931371,2.4913988879813425,2.4363970012461555,2.3450316863206626,2.2039775647598874,1.9998445827461329,1.7190629219515425
1005,2.5499999993665612,2.5499999985181514,2.5499999929184161,2.5499999631931898,2.5499998142935754,2.5499991180889237,2.5499961074876101,2.549984131543245,2.5499404477635794,2.5497946184180846,2.5493495869960152,2.5481087485225453,2.5449479526928211,2.5375884378450126,2.5219071646231517,2.4912681438312974,2.4362030229115099,2.3447716740415729,2.2036632273925263,1.9995032858528918,1.7187332324909621
1006,2.549999999353179,2.5499999984889428,2.5499999927926771,2.5499999626063223,2.5499998116477287,2.5499991069272667,2.5499960640153363,2.5499839763194303,2.5499399417910036,2.5497931170238219,2.549345539559063,2.5480988513932288,2.544926026891805,2.5375444713560813,2.5218274123825042,2.4911373245275406,2.4360090216885117,2.344511723884692,2.2033490462658332,1.9991622131065887,1.7184037786548194
1007,2.5499999993395415,2.5499999984592159,2.5499999926649526,2.5499999620112455,2.5499998089693268,2.5499990956458896,2.5499960201408598,2.5499838198723119,2.549939432472871,2.5497916074544245,2.5493414743975444,2.5480889204698194,2.5449040451540537,2.5375004261856886,2.5217475700097949,2.4910064302771144,2.4358149977705139,2.34425183591524,2.2030350212399816,1.9988213642031543,1.7180745600543348
1008,2.5499999993256433,2.5499999984289632,2.5499999925352146,2.5499999614078597,2.5499998062580356,2.5499990842437565,2.5499959758612993,2.5499836621948151,2.5499389197941307,2.5497900896828378,2.5493373914722648,2.5480789557118082,2.5448820074650054,2.5374563023832701,2.5216676376435543,2.4908754612866399,2.4356209513502316,2.3439920101979701,2.2027211521753904,1.998480738838756,1.7177455763023095
1009,2.5499999993114804,2.5499999983981758,2.5499999924034356,2.5499999607960668,2.5499998035135194,2.5499990727198263,2.5499959311737594,2.5499835032798424,2.5499384037397026,2.5497885636819917,2.5493332907440687,2.5480689570788297,2.5448599138103298,2.5374120999984555,2.5215876154222614,2.4907444177623033,2.4354268826197027,2.3437322467971069,2.2024074389327217,1.9981403367094375,1.7174168270150176
1010,2.5499999992970488,2.5499999983668458,2.5499999922695884,2.5499999601757675,2.5499998007354403,2.5499990610730503,2.5499958860753305,2.5499833431202719,2.5499378842944802,2.5497870294248082,2.5493291721738536,2.5480589245306597,2.5448377641759037,2.5373678190810249,2.5215075034843095,2.4906132999098807,2.4352327917703636,2.3434725457764576,2.2020938813728606,1.9978001575118092,1.7170883118091966
1011,2.5499999992823437,2.5499999983349646,2.5499999921336451,2.5499999595468603,2.5499997979234572,2.5499990493023739,2.5499958405630894,2.5499831817089618,2.5499373614433294,2.5497854868842,2.5493250357225641,2.548048858027216,2.5448155585478203,2.5373234596809273,2.5214273019680209,2.4904821079347275,2.4350386789930227,2.3432129071993706,2.2017804793569282,1.9974602009427793,1.7167600303031336
1012,2.5499999992673601,2.5499999983025234,2.5499999919955769,2.5499999589092446,2.5499997950772264,2.5499990374067356,2.5499957946340994,2.5499830190387431,2.5499368351710872,2.5497839360330667,2.549320881351187,2.5480387575285586,2.5447932969124021,2.5372790218483012,2.5213470110116623,2.4903508420417677,2.4348445444778148,2.3429533311286757,2.2014672327463081,1.997120466699166,1.7164319821178937
1013,2.5499999992520936,2.5499999982695143,2.5499999918553553,2.5499999582628163,2.5499997921964015,2.5499990253850675,2.5499957482854105,2.5499828551024266,2.5499363054625648,2.5497823768442998,2.5493167090207618,2.548028622994889,2.5447709792561755,2.5372345056334353,2.5212666307534142,2.4902195024355156,2.4346503884142834,2.3426938176267953,2.201154141402581,1.9967809544783945,1.7161041668752348
1014,2.5499999992365399,2.5499999982359274,2.5499999917129497,2.5499999576074734,2.5499997892806339,2.5499990132362953,2.5499957015140584,2.5499826898927975,2.5499357723025464,2.5497808092907825,2.5493125186923762,2.5480184543865501,2.5447486055658834,2.5371899110867808,2.5211861613313831,2.4900880893200683,2.434456210991347,2.3424343667557022,2.2008412051875506,1.9964416639782319,1.7157765841983823
1015,2.5499999992206939,2.5499999982017543,2.5499999915683311,2.5499999569431107,2.5499997863295714,2.5499990009593376,2.5499956543170641,2.5499825234026194,2.5499352356757869,2.5497792333453844,2.5493083103271612,2.5480082516640277,2.5447261758284951,2.5371452382589776,2.5211056028836181,2.4899566028990914,2.4342620123972587,2.3421749785768569,2.2005284239632918,1.9961025948964295,1.7154492337129992
1016,2.5499999992045503,2.5499999981669856,2.5499999914214699,2.5499999562696227,2.5499997833428596,2.549998988553106,2.5499956066914367,2.5499823556246324,2.5499346955670168,2.5497776489809691,2.5493040838863004,2.5479980147879484,2.5447036900311835,2.5371004872008105,2.521024955548079,2.4898250433758435,2.4340677928196821,2.3419156531513212,2.2002157975920551,1.9957637469313516,1.7151221150454437
1017,2.5499999991881044,2.549999998131613,2.5499999912723363,2.5499999555869022,2.5499997803201402,2.5499989760165058,2.5499955586341692,2.5499821865515551,2.5499341519609393,2.549776056170391,2.549299839331026,2.5479877437190805,2.5446811481613336,2.5370556579632244,2.5209442194626508,2.4896934109531674,2.4338735524456645,2.3416563905397152,2.1999033259363037,1.9954251197817374,1.7147952278234326
1018,2.5499999991713502,2.5499999980956272,2.5499999911209006,2.5499999548948415,2.5499997772610539,2.5499989633484361,2.5499955101422427,2.54998201617608,2.5499336048422285,2.5497744548864927,2.5492955766226153,2.5479774384183349,2.5446585502065577,2.53701075059735,2.5208633947651573,2.4895617058334758,2.4336792914615928,2.3413971908021569,2.1995910088587727,1.9950867131463925,1.7144685716769315
1019,2.5499999991542839,2.5499999980590182,2.5499999909671311,2.5499999541933325,2.5499997741652378,2.5499989505477885,2.5499954612126237,2.5499818444908793,2.5499330541955332,2.5497728451021096,2.5492912957223961,2.5479670988467631,2.5446358961546722,2.5369657651544681,2.5207824815933386,2.4894299282187733,2.4334850100532566,2.3411380539983515,2.199278846222382,1.9947485267246321,1.7141421462368747
1020,2.5499999991369018,2.5499999980217765,2.5499999908109952,2.5499999534822653,2.5499997710323261,2.5499989376134478,2.5499954118422639,2.5499816714886001,2.5499325000054758,2.5497712267900723,2.5492869965917482,2.5479567249655588,2.5446131859937005,2.5369207016860078,2.5207014800848482,2.4892980783106538,2.4332907084058508,2.340878980187596,2.1989668378902278,1.9944105602162965,1.713815951135119
1021,2.5499999991191951,2.549999997983893,2.5499999906524629,2.5499999527615298,2.5499997678619502,2.5499989245442913,2.5499953620280946,2.5499814971618515,2.5499319422566078,2.5497695999230934,2.5492826791918741,2.5479463167356378,2.5445904197111973,2.5368755602426214,2.520620390376211,2.4891661563094387,2.4330963867037236,2.3406199694295111,2.198654983727482,1.9940728133241856,1.713490010731058
1022,2.5499999991011606,2.5499999979453576,2.5499999904915018,2.5499999520310137,2.5499997646537391,2.5499989113391921,2.5499953117670553,2.5499813215032674,2.5499313809335895,2.5497679644741984,2.5492783434847066,2.5479358741193225,2.5445675972969894,2.5368303408779616,2.5205392126070629,2.4890341624176076,2.4329020451312746,2.3403610217809416,2.1983432835939385,1.99373528574347,1.7131643202289282
1023,2.5499999990827931,2.5499999979061592,2.5499999903280792,2.5499999512906038,2.5499997614073191,2.549998897997015,2.549995261056047,2.5499811445054119,2.5499308160209169,2.549766320416083,2.5492739894315402,2.5479253970777993,2.5445447187390364,2.5367850436429755,2.5204579469137407,2.488902096834626,2.4327076838716155,2.3401021373006534,2.1980317373552283,1.9933979771777828,1.7128388720813665
1024,2.5499999990640854,2.5499999978662906,2.5499999901621648,2.5499999505401876,2.5499997581223113,2.5499988845166164,2.5499952098919678,2.549980966160839,2.5499302475031089,2.5497646677215449,2.549269616993957,2.5479148855728377,2.5445217840262226,2.5367396685897492,2.5203765934336073,2.4887699597604356,2.4325133031074757,2.3398433160461756,2.1977203448752465,1.9930608873284317,1.7125136633767246
1025,2.5499999990450344,2.5499999978257391,2.5499999899937231,2.5499999497796484,2.5499997547983382,2.549998870896848,2.5499951582717006,2.5499807864620836,2.5499296753646559,2.5497630063633738,2.5492652261335849,2.5479043395663346,2.5444987931476208,2.536694215770499,2.5202951523039294,2.4886377513945668,2.4323189030210015,2.3395845580746442,2.1974091060181045,1.9927240158971973,1.7121886922482892
1026,2.5499999990256321,2.5499999977844952,2.5499999898227212,2.5499999490088725,2.5499997514350157,2.5499988571365524,2.5499951061921111,2.5499806054016556,2.549929099590023,2.5497613363143503,2.5492608168121018,2.5478937590203334,2.5444757460925183,2.5366486852376067,2.5202136236618875,2.4885054719361244,2.4321244837937166,2.3393258634427578,2.1970980206481063,1.992387362586411,1.7118639573458747
1027,2.5499999990058742,2.5499999977425496,2.5499999896491254,2.5499999482277409,2.5499997480319574,2.5499988432345684,2.549995053650056,2.5499804229720424,2.5499285201636499,2.5497596575472516,2.5492563889912385,2.547883143897014,2.54445264285041,2.5366030770435981,2.5201320076445879,2.4883731215838103,2.4319300456065505,2.3390672322068045,2.1967870886297396,1.9920509270991862,1.7115394575843652
1028,2.5499999989857547,2.5499999976998904,2.5499999894729033,2.5499999474361368,2.5499997445887761,2.5499988291897258,2.5499950006423755,2.5499802391657078,2.549927937069949,2.5497579700348449,2.5492519426327744,2.5478724941587059,2.5444294834109988,2.5365573912411601,2.5200503043890481,2.4882407005359055,2.4317355886398211,2.3388086644226425,2.1964763098276774,1.9917147091399534,1.7112151920411192
1029,2.549999998965268,2.5499999976565064,2.5499999892940184,2.5499999466339407,2.5499997411050792,2.549998815000845,2.549994947165894,2.5499800539750934,2.5499273502933097,2.5497562737498942,2.5492474776985437,2.5478618097678742,2.5444062677641983,2.5365116278831268,2.5199685140322052,2.4881082089902873,2.4315411130732492,2.3385501601457248,2.1961656841067758,1.9913787084151535,1.7108911598981575
1030,2.549999998944406,2.5499999976123884,2.5499999891124361,2.5499999458210323,2.5499997375804728,2.5499988006667453,2.5499948932174235,2.5499798673926168,2.549926759818093,2.549754568665155,2.5492429941504318,2.5478510906871268,2.5443829959001203,2.536465787022482,2.5198866367109116,2.4879756471444203,2.4313466190859701,2.3382917194310893,2.1958552113320629,1.9910429246339807,1.7105673604183191
1031,2.5499999989231652,2.5499999975675256,2.5499999889281222,2.5499999449972894,2.5499997340145604,2.5499987861862348,2.5499948387937637,2.5499796794106766,2.5499261656286376,2.5497528547533768,2.549238491950371,2.5478403368792124,2.5443596678090854,2.5364198687123589,2.5198046725619352,2.4878430151953612,2.4311521068565156,2.338033342333373,2.1955448913687445,1.9907073575087666,1.7102437929297407
1032,2.5499999989015389,2.5499999975219048,2.5499999887410407,2.5499999441625909,2.5499997304069399,2.5499987715581156,2.5499947838916968,2.5499794900216428,2.5499255677092543,2.5497511319873056,2.5492339710603513,2.5478295483070195,2.5443362834816203,2.5363738730060374,2.5197226217219599,2.4877103133397611,2.4309575765628315,2.3377750289068011,2.1952347240821988,1.9903720067552229,1.7099204568032678
1033,2.5499999988795206,2.5499999974755152,2.5499999885511553,2.5499999433168132,2.5499997267572092,2.5499987567811822,2.5499947285079911,2.5499792992178665,2.5499249660442298,2.5497494003396795,2.5492294314424129,2.547818724933578,2.5443128429084543,2.5363277999569456,2.5196404843275833,2.4875775417738617,2.4307630283822719,2.3375167792051954,2.1949247093379745,1.9900368720922865,1.7095973514565617
1034,2.5499999988571047,2.5499999974283472,2.549999988358429,2.5499999424598299,2.5499997230649609,2.5499987418542212,2.5499946726394045,2.5499791069916777,2.5499243606178235,2.5497476597832325,2.5492248730586478,2.5478078667220614,2.5442893460805194,2.5362816496186587,2.5195582605153168,2.4874447006934988,2.4305684624915993,2.3372585932819807,2.1946148470017843,1.9897019532423377,1.7092744763246197
1035,2.549999998834283,2.5499999973803882,2.5499999881628268,2.5499999415915169,2.5499997193297865,2.5499987267760158,2.5499946162826754,2.5499789133353774,2.5499237514142745,2.5497459102906928,2.5492202958712014,2.5477969736357799,2.5442657929889543,2.5362354220448942,2.5194759504215845,2.4873117902940982,2.430373879066992,2.3370004711901817,2.1943051369395099,1.9893672499305701,1.7089518308672946
1036,2.5499999988110496,2.5499999973316272,2.5499999879643109,2.5499999407117464,2.5499997155512735,2.5499987115453386,2.5499945594345315,2.549978718241249,2.5499231384177947,2.5497441518347839,2.5492156998422715,2.5477860456381873,2.5442421836250957,2.5361891172895152,2.5193935541827224,2.4871788107706823,2.4301792782840441,2.336742412982427,2.1939955790171939,1.9890327618847723,1.7086294145672278
1037,2.5499999987873996,2.5499999972820508,2.5499999877628428,2.5499999398203896,2.5499997117290052,2.5499986961609569,2.5499945020916859,2.5499785217015525,2.5499225216125714,2.5497423843882263,2.5492110849341105,2.5477750826928758,2.5442185179804828,2.5361427354065276,2.5193110719349781,2.4870457623178672,2.4299846603177691,2.3364844187109526,2.1936861731010402,1.9886984888348114,1.7083072269229338
1038,2.5499999987633255,2.5499999972316485,2.5499999875583854,2.5499999389173196,2.5499997078625651,2.5499986806216288,2.549994444250836,2.5499783237085243,2.5499219009827643,2.5497406079237348,2.549206451109022,2.547764084763581,2.5441947960468583,2.5360962764500785,2.5192285038145115,2.4869126451298671,2.4297900253425975,2.3362264884276076,2.1933769190574117,1.9883644305122388,1.7079852674484903
1039,2.5499999987388202,2.5499999971804077,2.5499999873509003,2.5499999380024043,2.549999703951531,2.5499986649261062,2.5499943859086671,2.5499781242543786,2.5499212765125128,2.5497388224140196,2.5492017983293644,2.5477530518141767,2.5441710178161636,2.5360497404744575,2.5191458499573929,2.4867794594004899,2.4295953735323805,2.3359686221838469,2.1930678167528348,1.9880305866506811,1.7076635356744527
1040,2.5499999987138757,2.5499999971283156,2.5499999871403483,2.549999937075512,2.5499996999954773,2.5499986490731357,2.5499943270618477,2.5499779233313058,2.5499206481859313,2.5497370278317866,2.5491971265575488,2.5477419838086792,2.5441471832805407,2.5360031275340917,2.5190631104996006,2.4866462053231393,2.4294007050603943,2.3357108200307417,2.1927588660539934,1.9876969569843079,1.7073420311380567
1041,2.5499999986884863,2.5499999970753606,2.5499999869266907,2.5499999361365102,2.5499996959939764,2.5499986330614548,2.5499942677070333,2.5499777209314742,2.5499200159871087,2.5497352241497393,2.5491924357560416,2.5477308807112431,2.5441232924323316,2.5359564376835499,2.5189802855770251,2.4865128830908181,2.4292060200993375,2.3354530820189776,2.1924500668277327,1.9873635412489004,1.7070207533910773
1042,2.5499999986626456,2.5499999970215304,2.5499999867098873,2.5499999351852654,2.5499996919465975,2.549998616889793,2.5499942078408657,2.5499775170470329,2.5499193799001105,2.5497334113405756,2.5491877258873621,2.5477197424861644,2.5440993452640757,2.5359096709775399,2.5188973753254631,2.486379492896126,2.4290113188213383,2.3351954081988633,2.1921414189410582,1.987030339180254,1.7066997019887253
1043,2.5499999986363466,2.5499999969668115,2.5499999864898979,2.549999934221642,2.5499996878529072,2.5499986005568736,2.5499941474599712,2.5499773116701037,2.5499187399089771,2.5497315893769925,2.5491829969140847,2.5477085690978782,2.5440753417685116,2.5358628274709045,2.518814379880622,2.4862460349312623,2.4288166013979526,2.3349377986203255,2.1918329222611428,1.9866973505151726,1.7063788764977956
1044,2.5499999986095809,2.5499999969111906,2.5499999862666831,2.5499999332455032,2.5499996837124685,2.5499985840614134,2.5499940865609614,2.5499771047927866,2.5499180959977257,2.5497297582316829,2.5491782487988384,2.5476973605109623,2.5440512819385748,2.535815907218621,2.518731299378115,2.4861125093880232,2.4286218680001701,2.3346802533329161,2.1915245766553233,1.986364574990384,1.7060582764893244
1045,2.5499999985823414,2.5499999968546554,2.5499999860402021,2.549999932256712,2.5499996795248419,2.5499985674021204,2.5499940251404349,2.549976896407161,2.549917448150349,2.5497279178773362,2.5491734815043063,2.5476861166901323,2.5440271657673978,2.535768910275805,2.5186481339534623,2.4859789164578059,2.4284271187984099,2.3344227723858118,2.1912163819911106,1.9860320123430575,1.7057379015425789
1046,2.5499999985546209,2.5499999967971925,2.5499999858104125,2.5499999312551296,2.5499996752895817,2.5499985505776963,2.549993963194976,2.5499766865052842,2.5499167963508169,2.5497260682866396,2.5491686949932268,2.547674837600244,2.5440029932483093,2.5357218366977059,2.5185648837420898,2.4858452563316087,2.4282323539625259,2.3341653558278144,2.1909083381361865,1.9856996623103569,1.7054177512423188
1047,2.5499999985264115,2.5499999967387885,2.5499999855772733,2.5499999302406162,2.5499996710062423,2.5499985335868343,2.549993900721153,2.5499764750791889,2.5499161405830764,2.5497242094322785,2.5491638892283937,2.5476635232062943,2.5439787643748319,2.5356746865397013,2.5184815488793282,2.485711529200032,2.4280375736618174,2.333908003707367,2.1906004449584344,1.9853675246292259,1.7050978251774687
1048,2.549999998497706,2.5499999966794298,2.549999985340742,2.5499999292130306,2.5499996666743736,2.5499985164282211,2.5499938377155211,2.5499762621208864,2.54991548083105,2.5497223412869348,2.5491590641726547,2.5476521734734185,2.5439544791406874,2.5356274598573085,2.5183981295004174,2.4855777352532744,2.4278427780650116,2.3336507160725319,2.1902927023258969,1.9850355990370241,1.704778122944556
1049,2.5499999984684965,2.5499999966191029,2.5499999851007757,2.5499999281722312,2.5499996622935224,2.5499984991005369,2.5499937741746215,2.5499760476223661,2.549914817078637,2.5497204638232875,2.5491542197889139,2.5476407883668921,2.543930137539792,2.5355801567061773,2.5183146257405022,2.485443874681136,2.4276479673402691,2.3333934929709996,2.1899851101067953,1.9847038852712491,1.7044586441460736
1050,2.5499999984387753,2.5499999965577937,2.5499999848573318,2.5499999271180722,2.5499996578632333,2.5499984816024521,2.5499937100949794,2.5499758315755936,2.5499141493097133,2.5497185770140174,2.5491493560401333,2.5476293678521307,2.5439057395662488,2.535532777142075,2.5182310377346244,2.4853099476730272,2.4274531416552225,2.3331363344501268,2.1896776681696069,1.9843723830681501,1.7041393883821419
1051,2.5499999984085342,2.5499999964954889,2.5499999846103667,2.5499999260504103,2.549999653383046,2.5499984639326323,2.5499936454731058,2.5499756139725136,2.5499134775081305,2.5497166808317986,2.5491444728893269,2.5476179118946898,2.5438812852143649,2.5354853212209161,2.5181473656177387,2.4851759544179517,2.4272583011769107,2.3328792405568692,2.1893703763829246,1.9840410921651361,1.7038203552653932
1052,2.5499999983777655,2.5499999964321738,2.5499999843598364,2.5499999249690979,2.5499996488524985,2.5499984460897336,2.5499935803054981,2.5499753948050476,2.5499128016577193,2.5497147752493072,2.5491395702995669,2.547606420460264,2.5438567744786336,2.5354377889987347,2.5180636095246984,2.4850418951045219,2.4270634460718381,2.3326222113378425,2.1890632346155883,1.9837100122987945,1.7035015444078649
1053,2.5499999983464612,2.5499999963678328,2.5499999841056962,2.549999923873989,2.5499996442711241,2.5499984280724055,2.549993514588639,2.5499751740650956,2.5499121217422869,2.5497128602392176,2.5491346482339816,2.5475948935146859,2.5438322073537387,2.5353901805316865,2.5179797695902564,2.4849077699209601,2.4268685765059685,2.3323652468393181,2.1887562427366714,1.9833791432051728,1.7031829554226543
1054,2.5499999983146124,2.5499999963024522,2.5499999838479015,2.5499999227649344,2.5499996396384539,2.5499984098792896,2.5499934483189972,2.5499749517445345,2.5499114377456156,2.5497109357742014,2.5491297066557537,2.5475833310239295,2.5438075838345644,2.5353424958760704,2.517895845949075,2.4847735790550831,2.4266736926446839,2.3321083471071766,2.1884494006153843,1.9830484846208132,1.702864587932047
1055,2.5499999982822117,2.5499999962360178,2.5499999835864071,2.5499999216417844,2.5499996349540144,2.5499983915090207,2.5499933814930253,2.5499747278352198,2.549910749651469,2.5497090018269319,2.5491247455281272,2.5475717329541063,2.5437829039161741,2.5352947350882924,2.5178118387357098,2.4846393226943246,2.4264787946528537,2.3318515121869856,2.1881427081212341,1.9827180362815631,1.7025464415557123
1056,2.5499999982492501,2.5499999961685145,2.5499999833211677,2.5499999205043871,2.5499996302173304,2.5499983729602254,2.5499933141071631,2.5499745023289839,2.5499100574435851,2.5497070583700809,2.5491197648143991,2.5475600992714669,2.543758167593829,2.5352468982248957,2.5177277480846221,2.484505001025719,2.4262838826947788,2.3315947421239347,2.1878361651238949,1.9823877979232327,1.7022285159192412
1057,2.5499999982157191,2.5499999960999271,2.5499999830521363,2.5499999193525906,2.5499996254279225,2.5499983542315237,2.5499932461578347,2.5499742752176369,2.5499093611056804,2.5497051053763187,2.5491147644779231,2.5475484299424016,2.543733374862982,2.5351989853425492,2.5176435741301755,2.4843706142359059,2.4260889569342101,2.3313380369628596,2.1875297714932533,1.9820577692814814,1.7019108106515433
1058,2.5499999981816091,2.5499999960302402,2.5499999827792661,2.5499999181862405,2.5499996205853073,2.5499983353215261,2.5499931776414502,2.5499740464929688,2.5499086606214494,2.5497031428183172,2.5491097444821134,2.5475367249334391,2.5437085257192642,2.5351509964980292,2.5175593170066248,2.484236162511142,2.4258940175343882,2.3310813967482829,2.1872235270994684,1.9817279500919169,1.7015933253813242
1059,2.5499999981469124,2.5499999959594382,2.5499999825025093,2.5499999170051812,2.5499996156889995,2.5499983162288378,2.5499931085544048,2.5499738161467453,2.5499079559745632,2.549701170668746,2.5491047047904378,2.5475249842112482,2.5436836201585087,2.535102931748253,2.5174749768481348,2.4841016460372813,2.4256990646579744,2.3308248215243386,2.1869174318128648,1.9813983400898063,1.7012760597430261
1060,2.5499999981116193,2.5499999958875059,2.5499999822218191,2.549999915809257,2.5499996107385088,2.5499982969520549,2.5499930388930796,2.5499735841707114,2.5499072471486719,2.5496991889002776,2.5490996453664239,2.5475132077426346,2.5436586581767284,2.5350547911502481,2.5173905537887618,2.4839670649997947,2.4255040984671132,2.3305683113348437,2.1866114855040144,1.9810689390104905,1.7009590133718733
1061,2.5499999980757213,2.549999995814427,2.5499999819371473,2.5499999145983097,2.5499996057333436,2.5499982774897658,2.5499929686538403,2.5499733505565882,2.5499065341274045,2.5496971974855831,2.5490945661736579,2.5475013954945434,2.543633639770122,2.5350065747611601,2.5173060479624607,2.4838324195837642,2.4253091191234204,2.330311866223278,2.1863056880437188,1.9807397465892758,1.7006421859051049
1062,2.5499999980392092,2.5499999957401855,2.5499999816484453,2.5499999133721802,2.5499996006730079,2.5499982578405529,2.5499928978330395,2.5499731152960763,2.5499058168943649,2.5496951963973338,2.5490894671757807,2.5474895474340582,2.5436085649350852,2.5349582826382684,2.5172214595030917,2.4836977099738711,2.4251141267879421,2.3300554862327472,2.1860000393029773,1.980410762561081,1.7003255769842547
1063,2.5499999980020736,2.5499999956647654,2.549999981355664,2.5499999121307075,2.5499995955570012,2.5499982380029884,2.549992826427014,2.5499728783808537,2.5499050954331381,2.5496931856082026,2.5490843483364931,2.5474776635284009,2.5435834336681911,2.5349099148389591,2.517136788544406,2.4835629363544176,2.4249191216212176,2.3297991714060475,2.1856945391530229,1.9800819866610302,1.7000091862513245
1064,2.5499999979643055,2.5499999955881507,2.549999981058753,2.5499999108737303,2.5499995903848207,2.5499982179756389,2.5499927544320862,2.5499726398025775,2.5499043697272881,2.5496911650908656,2.5490792096195554,2.54746574374493,2.5435582459661967,2.5348614714207325,2.5170520352200474,2.4834280989093216,2.4247241037832636,2.3295429217856474,2.1853891874653102,1.9797534186242858,1.6996930133498729
1065,2.5499999979258945,2.5499999955103236,2.5499999807576628,2.5499999096010852,2.5499995851559598,2.5499981977570618,2.549992681844564,2.5499723995528809,2.5499036397603536,2.5496891348179953,2.5490740509887817,2.5474537880511448,2.5435330018260554,2.5348129524412237,2.5169671996635699,2.4832931978220976,2.4245290734335274,2.3292867374136401,2.1850839841115102,1.9794250581856165,1.6993770579277714
1066,2.549999997886832,2.5499999954312687,2.5499999804523421,2.549999908312607,2.5499995798699091,2.5499981773458082,2.549992608660741,2.5499721576233769,2.5499029055158555,2.5496870947622687,2.549068872408049,2.5474417964146809,2.5435077012448959,2.5347643579581689,2.5168822820084116,2.4831582332758857,2.4243340307309604,2.3290306183318203,2.1847789289635036,1.9790969050800951,1.6990613196330071
1067,2.5499999978471073,2.5499999953509684,2.5499999801427404,2.5499999070081305,2.5499995745261548,2.5499981567404206,2.5499925348768948,2.5499719140056567,2.5499021669772928,2.5496850448963659,2.5490636738412937,2.5474297688033123,2.5434823442200272,2.5347156880294137,2.5167972823879055,2.4830232054534416,2.4241389758339977,2.3287745645816624,2.1844740218933847,1.9787689590428998,1.6987457981148704
1068,2.5499999978067112,2.5499999952694057,2.5499999798288053,2.5499999056874878,2.5499995691241804,2.5499981359394339,2.5499924604892898,2.5499716686912888,2.5499014241281408,2.5496829851929639,2.5490584552525068,2.5474177051849516,2.5434569307489552,2.5346669427129398,2.5167122009352898,2.482888114537122,2.4239439089005077,2.3285185762042677,2.1841692627734801,1.9784412198088399,1.6984304930265386
1069,2.5499999977656329,2.5499999951865631,2.5499999795104848,2.5499999043505106,2.5499995636634654,2.5499981149413751,2.5499923854941762,2.5499714216718199,2.5499006769518564,2.5496809156247462,2.5490532166057416,2.5474056055276475,2.5434314608293569,2.5346181220668256,2.5166270377836892,2.4827529607089094,2.4237488300878685,2.3282626532404458,2.1838646514763025,1.9781136871131109,1.6981154040214554
1070,2.5499999977238628,2.5499999951024224,2.5499999791877266,2.5499999029970279,2.5499995581434849,2.5499980937447631,2.5499923098877866,2.5499711729387746,2.549899925431875,2.5496788361643983,2.5490479578651115,2.5473934697995859,2.5434059344590905,2.5345692261492583,2.5165417930661209,2.4826177441504047,2.4235537395529474,2.3280067957306909,2.1835601878745634,1.9777863606910822,1.697800530754352
1071,2.5499999976813901,2.5499999950169658,2.5499999788604777,2.5499999016268693,2.5499995525637122,2.5499980723481102,2.5499922336663428,2.5499709224836562,2.5498991695516104,2.5496767467846055,2.5490426789947849,2.5473812979690917,2.5433803516362072,2.5345202550185557,2.5164564669155043,2.4824824650428119,2.4233586374520528,2.3277510037151323,2.1832558718412205,1.9774592402777917,1.6974858728831186
1072,2.5499999976382042,2.5499999949301762,2.5499999785286835,2.549999900239861,2.5499995469236167,2.5499980507499194,2.5499921568260491,2.5499706702979461,2.5498984092944563,2.5496746474580565,2.5490373799589938,2.5473690900046275,2.54335471235893,2.534471208733132,2.5163710594646447,2.4823471235669614,2.423163523941005,2.3274952772336119,2.1829517032493935,1.977132325608725,1.6971714300662217
1073,2.5499999975942957,2.5499999948420347,2.54999997819229,2.5499998988358281,2.5499995412226628,2.5499980289486861,2.5499920793630957,2.5499704163731054,2.5498976446437869,2.5496725381574454,2.5490320607220287,2.5473568458747904,2.543329016625659,2.5344220873515053,2.5162855708462373,2.4822117199033062,2.4229683991751201,2.3272396163256621,2.1826476819723841,1.976805616419594,1.6968572019634318
1074,2.5499999975496537,2.5499999947525231,2.5499999778512423,2.5499998974145952,2.5499995354603131,2.5499980069428982,2.5499920012736594,2.5499701607005725,2.5498968755829536,2.5496704188554649,2.549026721248238,2.5473445655483182,2.5433032644349871,2.5343728909323233,2.5162000011928805,2.4820762542319015,2.4227732633091592,2.3269840210304555,2.1823438078837505,1.9764791124458458,1.6965431882371087
1075,2.5499999975042678,2.5499999946616225,2.5499999775054851,2.5499998959759855,2.5499995296360254,2.5499979847310361,2.5499919225539007,2.549969903271764,2.5498961020952886,2.5496682895248144,2.5490213615020325,2.5473322489940831,2.5432774557856761,2.5343236195343271,2.5161143506370558,2.4819407267324332,2.4225781164974038,2.3267284913868838,2.18204008085719,1.9761528134234032,1.6962293885503354
1076,2.5499999974581256,2.5499999945693141,2.5499999771549628,2.5499998945198192,2.5499995237492548,2.5499979623115712,2.5499918431999653,2.5499696440780748,2.5498953241641056,2.5496661501381972,2.5490159814478845,2.5473198961810928,2.5432515906766628,2.5342742732163615,2.5160286193111356,2.4818051375842094,2.4223829588936323,2.3264730274335328,2.1817365007665721,1.9758267190884531,1.6959158025674452
1077,2.5499999974112169,2.5499999944755793,2.5499999767996182,2.5499998930459173,2.5499995177994519,2.5499979396829677,2.5499917632079852,2.5499693831108781,2.5498945417726944,2.549664000668316,2.5490105810503216,2.5473075070784952,2.543225669107076,2.5342248520373953,2.5159428073473911,2.4816694869661444,2.4221877906510763,2.326217629208637,2.1814330674860187,1.975500829177004,1.6956024299550658
1078,2.5499999973635297,2.549999994380399,2.5499999764393952,2.5499998915540973,2.5499995117860643,2.5499979168436817,2.5499916825740776,2.5499691203615265,2.5498937549043275,2.5496618410878806,2.5490051602739361,2.5472950816555735,2.543199691076214,2.5341753560564921,2.5158569148779781,2.4815337750567825,2.4219926119224868,2.3259622967501481,2.1811297808897874,1.9751751434255025,1.6952892703806517
1079,2.5499999973150533,2.5499999942837532,2.5499999760742358,2.5499998900441763,2.5499995057085365,2.5499978937921615,2.549991601294344,2.5499688558213505,2.5498929635422574,2.5496596713696049,2.5489997190833802,2.5472826198817464,2.5431736565835474,2.5341257853328147,2.5157709420349397,2.4813980020342941,2.4217974228601218,2.3257070300957237,2.1808266408522905,1.9748496615707212,1.6949763235127444
1080,2.5499999972657759,2.5499999941856224,2.5499999757040817,2.5499998885159689,2.5499994995663076,2.5499978705268478,2.5499915193648719,2.5499685894816579,2.5498921676697148,2.5496574914862049,2.5489942574433653,2.5472701217265703,2.5431475656287343,2.5340761399256451,2.5156848889502159,2.4812621680764599,2.4216022236157055,2.3254518292826836,2.1805236472481697,1.9745243833494082,1.6946635890218349
1081,2.5499999972156862,2.5499999940859852,2.5499999753288733,2.5499998869692888,2.5499994933588135,2.5499978470461686,2.5499914367817254,2.5499683213337172,2.5498913672698569,2.5496553014102772,2.5489887753184139,2.5472575871592906,2.5431214182109105,2.5340264198934506,2.515598755754668,2.4811262733599677,2.4214070143403776,2.3251966943488753,2.1802207999539522,1.9741993085012333,1.6943510231960854
1082,2.5499999971647722,2.5499999939848244,2.5499999749485531,2.5499998854039503,2.5499994870854867,2.5499978233485541,2.5499913535409799,2.5499680513688361,2.5498905623259889,2.5496531011148003,2.5489832726738642,2.5472450161506264,2.5430952143314545,2.5339766252975169,2.5155125425819391,2.4809903180633053,2.4212117951850987,2.3249416253294219,2.1799180988410445,1.9738744367586571,1.6940386334556738
1083,2.5499999971130216,2.5499999938821163,2.5499999745630606,2.5499998838197624,2.5499994807457584,2.5499977994324174,2.5499912696386686,2.5499677795782403,2.5498897528212292,2.5496508905723783,2.5489777494743588,2.5472324086700944,2.5430689539898514,2.5339267561965197,2.5154262495626605,2.4808543023623963,2.4210165662999983,2.3246866222615612,2.1796155437863369,1.9735497678617935,1.6937264320969123
1084,2.5499999970604228,2.5499999937778415,2.5499999741723354,2.5499998822165355,2.5499994743390517,2.5499977752961653,2.5499911850708203,2.5499675059531532,2.5498889387387313,2.5496486697557494,2.5489722056848576,2.547219764687795,2.5430426371864558,2.533876812650139,2.5153398768283273,2.4807182264335257,2.4208213278348238,2.3244316851814251,2.1793131346650951,1.9732253015485552,1.6934144232895383
1085,2.5499999970069629,2.5499999936719804,2.5499999737763157,2.5499998805940765,2.5499994678647893,2.5499977509381995,2.549991099833449,2.5499672304847762,2.5498881200616301,2.5496464386376512,2.5489666412703764,2.5472070841739622,2.5430162639217895,2.5338267947181579,2.5152534245103175,2.4805820904526037,2.4206260799388293,2.3241768141248538,2.1790108713527476,1.9729010375571252,1.6931026093202388
1086,2.5499999969526317,2.5499999935645103,2.5499999733749403,2.549999878952192,2.5499994613223889,2.5499977263569109,2.5499910139225519,2.5499669531642906,2.5498872967730444,2.5496441971908341,2.5489610561959948,2.5471943670989661,2.5429898341965487,2.5337767024604547,2.5151668927398974,2.4804458945951651,2.4204308227607765,2.3239220091273891,2.1787087537248788,1.9725769756258258,1.692790991606226
1087,2.5499999968974132,2.5499999934554105,2.549999972968148,2.5499998772906869,2.5499994547112639,2.5499977015506827,2.5499909273341128,2.5499666739828579,2.5498864688560667,2.5496419453880468,2.5489554504268588,2.5471816134333136,2.5429633480116056,2.5337265359370096,2.5150802816482165,2.4803096390363657,2.4202355564489304,2.3236672702242798,2.1784067816572228,1.972253115492711,1.6924795711079734
1088,2.5499999968412967,2.5499999933446582,2.5499999725558751,2.5499998756093643,2.5499994480308237,2.5499976765178904,2.5499908400641011,2.5499663929316148,2.5498856362937783,2.5496396832020491,2.5489498239281678,2.5471688231476466,2.542936805367999,2.5336762952078988,2.5149935913663155,2.4801733239509929,2.4200402811510671,2.3234125974504849,2.1781049550256637,1.9719294568946002,1.6921683485157497
1089,2.5499999967842695,2.5499999932322339,2.5499999721380582,2.5499998739080252,2.5499994412804763,2.5499976512569011,2.5499907521084721,2.5499661100016833,2.5498847990692375,2.5496374106056034,2.5489441766651897,2.5471559962127381,2.5429102062669449,2.5336259803332939,2.5149068220251176,2.4800369495134631,2.4198449970144824,2.3231579908406736,2.1778032737062332,1.9716059995659725,1.6918573243108299
1090,2.5499999967263176,2.5499999931181145,2.5499999717146338,2.5499998721864716,2.5499994344596244,2.5499976257660739,2.5499906634631633,2.5499658251841559,2.5498839571654872,2.5496351275714804,2.5489385086032534,2.5471431325995022,2.5428835507098211,2.5335755913734639,2.5148199737554338,2.4799005158978189,2.4196497041859795,2.3229034504292265,2.1775017375751005,1.9712827432379136,1.6915464988318936
1091,2.5499999966674283,2.5499999930022756,2.5499999712855375,2.5499998704444984,2.5499994275676645,2.5499976000437607,2.5499905741240978,2.5499655384701092,2.5498831105655482,2.5496328340724546,2.5489328197077481,2.5471302322789851,2.542856838698182,2.5335251283887752,2.5147330466879567,2.4797640232777347,2.4194544028118807,2.3226489762502402,2.1772003465085792,1.9709596876371942,1.6912358723212555
1092,2.5499999966075895,2.5499999928846986,2.5499999708507035,2.5499998686819056,2.5499994206039935,2.5499975740883025,2.5499904840871888,2.5499652498505991,2.5498822592524242,2.5496305300813087,2.5489271099441275,2.5471172952223635,2.5428300702337516,2.5334745914396826,2.51464604095327,2.4796274718265132,2.419259093038026,2.3223945683375256,2.1768991003831228,1.9706368324858308,1.6909254449478337
1093,2.5499999965467857,2.5499999927653567,2.5499999704100658,2.5499998668984873,2.5499994135680022,2.5499975478980352,2.5499903933483288,2.5499649593166609,2.5498814032091026,2.5496282155708334,2.5489213792779064,2.5471043214009561,2.5428032453184168,2.5334239805867407,2.5145589566818356,2.4794908617170881,2.4190637750097714,2.3221402267246112,2.1765979990753159,1.9703141775011521,1.6906152168193935
1094,2.549999996485004,2.5499999926442292,2.5499999699635585,2.5499998650940374,2.5499994064590776,2.5499975214712829,2.5499903019033967,2.5499646668593052,2.54988054241855,2.5496258905138234,2.5489156276746638,2.5470913107862105,2.5427763639542396,2.5333732958905921,2.5144717940040029,2.479354193122024,2.4188684488719985,2.3218859514447434,2.1762970424618788,1.9699917223963224,1.6903051879956801
1095,2.5499999964222297,2.5499999925212919,2.5499999695111146,2.5499998632683476,2.549999399276603,2.5499974948063651,2.5499902097482576,2.5499643724695233,2.549879676863716,2.5496235548830812,2.5489098551000406,2.5470782633497109,2.5427494261434451,2.533322537411975,2.5143845530500042,2.4792174662135174,2.4186731147691094,2.3216317425308901,2.1759962304196616,1.9696694668804406,1.6899953584886289
1096,2.5499999963584514,2.5499999923965215,2.5499999690526671,2.5499998614212078,2.5499993920199571,2.549997467901592,2.5499901168787646,2.5499640761382882,2.5498788065275337,2.5496212086514185,2.5489040615197416,2.5470651790631735,2.5427224318884281,2.5332717052117166,2.5142972339499559,2.4790806811633979,2.4184777728450282,2.321377600015742,2.1756955628256418,1.9693474106593929,1.6896857282805113
1097,2.5499999962936517,2.5499999922698939,2.5499999685881463,2.5499998595524076,2.5499993846885163,2.5499974407552624,2.54999002329075,2.5499637778565494,2.5498779313929165,2.5496188517916507,2.5488982468995327,2.5470520578984508,2.5426953811917485,2.5332207993507359,2.5142098368338566,2.4789438381431292,2.418282423243209,2.3211235239317092,2.1753950395569226,1.9690255534367282,1.6893762973307647
1098,2.5499999962278173,2.5499999921413856,2.5499999681174832,2.5499998576617346,2.5499993772816518,2.54999741336567,2.5499899289800338,2.5499634776152371,2.5498770514427611,2.5496164842766036,2.5488924112052445,2.5470388998275286,2.5426682740561328,2.5331698198900416,2.5141223618315873,2.478806937323808,2.4180870661066298,2.3208695143109299,2.1750946604907297,1.9687038949135658,1.6890670655703963
1099,2.5499999961609356,2.5499999920109713,2.5499999676406091,2.549999855748974,2.5499993697987318,2.5499973857311011,2.5499898339424223,2.5499631754052601,2.5498761666599461,2.5496141060791109,2.5488865544027721,2.5470257048225249,2.5426411104844728,2.5331187668907313,2.5140348090729114,2.478669978876165,2.4178917015778003,2.3206155711852707,2.1747944255044032,1.9683824347899084,1.6887580329158414
1100,2.5499999960929909,2.5499999918786269,2.5499999671574543,2.5499998538139086,2.5499993622391193,2.5499973578498301,2.5499897381737067,2.5499628712175064,2.5498752770273336,2.549611717172013,2.5488806764580718,2.547012472855692,2.5426138904798248,2.5330676404139876,2.5139471786874763,2.4785329629705664,2.417696329798761,2.3203616945863224,2.1744943344753924,1.9680611727651576,1.6884491992655766
1101,2.549999996023967,2.5499999917443277,2.5499999666679467,2.5499998518563216,2.5499993546021735,2.5499973297201253,2.5499896416696619,2.5499625650428439,2.5498743825277672,2.5496093175281591,2.5488747773371645,2.546999203899416,2.5425866140454088,2.5330164405210844,2.5138594708048085,2.478395889777016,2.417500950911085,2.3201078845454068,2.1741943872812501,1.9677401085384212,1.6881405645034175
1102,2.5499999959538493,2.5499999916080478,2.5499999661720154,2.5499998498759933,2.5499993468872502,2.5499973013402468,2.5499895444260479,2.549962256872119,2.5498734831440739,2.5496069071204053,2.5488688570061364,2.5469858979262154,2.5425592811846109,2.5329651672733817,2.5137716855543166,2.4782587594651524,2.417305565055877,2.3198541410935754,2.1738945837996355,1.9674192418082246,1.6878321284971221
1103,2.5499999958826232,2.5499999914697624,2.5499999656695884,2.5499998478727028,2.5499993390937017,2.5499972727084455,2.549989446438611,2.5499619466961589,2.5498725788590644,2.5496044859216185,2.5488629154311346,2.5469725549087414,2.5425318919009783,2.532913820732325,2.5136838230652905,2.4781215722042513,2.4171101723737811,2.3196004642616135,2.173594923908285,1.9670985722740049,1.6875238911058685
1104,2.5499999958102735,2.5499999913294453,2.5499999651605925,2.5499998458462261,2.5499993312208766,2.549997243822963,2.5499893477030824,2.5499616345057685,2.549871669655531,2.5496020539046724,2.548856952578372,2.5469591748197797,2.5425044461982211,2.532862400959444,2.5135958834668997,2.477984328163227,2.4169147730049758,2.3193468540800373,2.1732954074850279,1.966778099635397,1.6872158521763923
1105,2.5499999957367847,2.5499999911870708,2.5499999646449538,2.5499998437963391,2.5499993232681173,2.5499972146820338,2.5499892482151783,2.5499613202917333,2.5498707555162499,2.5495996110424506,2.5488509684141247,2.5469457576322467,2.5424769440802111,2.5328109080163546,2.5135078668881947,2.4778470275106326,2.4167193670891796,2.3190933105790994,2.172996034407749,1.9664578235933539,1.6869080115487798
1106,2.54999999566214,2.5499999910426125,2.5499999641225988,2.5499998417228169,2.5499993152347629,2.5499971852838841,2.5499891479705985,2.5499610040448184,2.5498698364239809,2.5495971573078449,2.5488449629047345,2.5469323033191924,2.5424493855509844,2.5327593419647552,2.5134197734581076,2.4777096704146597,2.4165239547656516,2.3188398337887879,2.1726968045544024,1.9661377438498733,1.6866003690549691
1107,2.5499999955863242,2.5499999908960431,2.5499999635934523,2.5499998396254302,2.549999307120149,2.5499971556267309,2.5499890469650297,2.5499606857557682,2.5498689123614673,2.549594692673756,2.5488389360166059,2.5469188118537995,2.5424217706147347,2.5327077028664275,2.5133316033054474,2.4775722570431404,2.4163285361731934,2.3185864237388287,2.1723977178029767,1.9658178601083014,1.6862929245201799
1108,2.5499999955093204,2.5499999907473367,2.5499999630574393,2.549999837503949,2.5499992989236078,2.5499971257087832,2.5499889451941438,2.5499603654153082,2.5498679833114353,2.5495922171130965,2.548832887716209,2.5469052832093824,2.5423940992758176,2.5326559907832347,2.5132433565589047,2.4774347875635465,2.4161331114501521,2.3183330804586872,2.1720987740315025,1.9654981720735303,1.6859856777639524
1109,2.5499999954311137,2.5499999905964663,2.5499999625144825,2.5499998353581428,2.5499992906444664,2.5499970955282403,2.549988842653597,2.5499600430141416,2.5498670492565947,2.5495897305987856,2.5488268179700775,2.5468917173593875,2.5423663715387477,2.5326042057771225,2.5131550333470476,2.4772972621429932,2.4159376807344182,2.3180798039775667,2.1717999731180262,1.9651786794518404,1.6856786285996599
1110,2.5499999953516865,2.5499999904434039,2.5499999619645055,2.5499998331877776,2.5499992822820476,2.5499970650832942,2.5499887393390299,2.5499597185429508,2.5498661101796389,2.5495872331037539,2.5488207267448106,2.5468781142773915,2.5423385874081981,2.5325523479101175,2.5130666337983221,2.4771596809482359,2.415742244163428,2.317826594324413,2.1715013149406088,1.9648593819512132,1.68537177683586
1111,2.5499999952710222,2.5499999902881219,2.5499999614074307,2.5499998309926188,2.5499992738356716,2.5499970343721281,2.5499886352460694,2.5499593919924002,2.5498651660632463,2.5495847246009418,2.5488146140070724,2.5468644739371058,2.5423107468890018,2.5325004172443224,2.5129781580410531,2.4770220441456741,2.4155468018741737,2.3175734515279176,2.1712027993772804,1.9645402792812658,1.6850651222773954
1112,2.5499999951891041,2.5499999901305919,2.5499999608431794,2.5499998287724295,2.5499992653046526,2.5499970033929173,2.5499885303703262,2.5499590633531337,2.5498642168900791,2.5495822050632984,2.5488084797235913,2.5468507963123721,2.5422828499861505,2.5324484138419234,2.5128896062034456,2.4768843519013486,2.4153513540031915,2.3173203756165122,2.1709044263060928,1.9642213711531649,1.6847586647235351
1113,2.5499999951059151,2.5499999899707864,2.5499999602716734,2.5499998265269714,2.5499992566883023,2.5499969721438269,2.5499884247073967,2.5499587326157731,2.5498632626427828,2.5495796744637835,2.5488023238611603,2.5468370813771637,2.5422548967047964,2.5323963377651881,2.5128009784135821,2.4767466043809407,2.4151559006865617,2.3170673666183657,2.1706061956051355,1.9639026572794882,1.6844524039672775
1114,2.5499999950214378,2.5499999898086756,2.549999959692832,2.5499998242560045,2.5499992479859257,2.5499969406230147,2.549988318252864,2.5499583997709223,2.5498623033039873,2.54957713277537,2.5487961463866387,2.546823329105584,2.5422268870502385,2.5323441890764515,2.5127122747994188,2.4766088017497885,2.4149604420599418,2.3168144245614113,2.1703081071523003,1.9635841373752119,1.6841463398056737
1115,2.5499999949356549,2.5499999896442307,2.5499999591065761,2.5499998219592865,2.5499992391968265,2.5499969088286294,2.5499882110022938,2.5499580648091635,2.5498613388563069,2.5495745799710372,2.5487899472669495,2.5468095394718695,2.5421988210279438,2.5322919678381393,2.512623495488794,2.4764709441728612,2.4147649782585154,2.3165615494733069,2.1700101608256377,1.9632658111562851,1.6838404720240512
1116,2.5499999948485486,2.5499999894774228,2.5499999585128235,2.5499998196365734,2.5499992303203016,2.549996876758811,2.5499881029512386,2.5499577277210594,2.5498603692823401,2.5495720160237774,2.548783726469082,2.5467957124503866,2.5421706986435311,2.5322396741127466,2.5125346406094211,2.47633303181478,2.4145695094170359,2.3163087413814694,2.1697123565030667,1.9629476783406485,1.6835348004087505
1117,2.5499999947601002,2.5499999893082235,2.549999957911492,2.549999817287619,2.5499992213556477,2.5499968444116909,2.5499879940952339,2.5499573884971536,2.5498593945646721,2.5495694409065952,2.5487774839600914,2.5467818480156303,2.5421425199027712,2.5321873079628388,2.5124457102888877,2.4761950648398159,2.4143740356698258,2.3160560003130728,2.1694146940623846,1.9626297386481344,1.6832293247467995
1118,2.5499999946702925,2.5499999891366025,2.5499999573024992,2.5499998149121765,2.5499992123021533,2.5499968117853919,2.5499878844298007,2.5499570471279687,2.54985841468587,2.5495668545925039,2.5487712197070973,2.5467679461422303,2.5421142848115967,2.532134869451069,2.5123567046546627,2.476057043411878,2.4141785571507404,2.3158033262950219,2.1691171733814785,1.9623119917999876,1.6829240448165743
1119,2.5499999945791063,2.5499999889625289,2.5499999566857618,2.5499998125099959,2.5499992031591043,2.549996778878028,2.549987773950448,2.5499567036040078,2.5498574296284877,2.5495642570545289,2.5487649336772855,2.5467540068049428,2.5420859933760878,2.5320823586401526,2.5122676238340853,2.4759189676945352,2.4139830739932249,2.3155507193539902,2.1688197943380478,1.9619944375191032,1.6826189603998734
1120,2.5499999944865244,2.5499999887859719,2.5499999560611961,2.5499998100808265,2.5499991939257813,2.5499967456877051,2.5499876626526672,2.5499563579157543,2.5498564393750618,2.5495616482657071,2.5487586258379076,2.5467400299786567,2.5420576456024802,2.5320297755928847,2.5121784679543744,2.4757808378509969,2.4137875863302729,2.3152981795163945,2.168522556809783,1.961677075530107,1.6823140712741895
1121,2.549999994392528,2.5499999886069009,2.5499999554287176,2.5499998076244159,2.5499991846014618,2.5499967122125202,2.5499875505319349,2.5499560100536716,2.5498554439081156,2.5495590281990852,2.5487522961562803,2.5467260156383915,2.5420292414971675,2.5319771203721366,2.5120892371426247,2.4756426540441203,2.413592094294434,2.3150457068083989,2.1682254606743347,1.9613599055592579,1.6820093772141611
1122,2.5499999942970972,2.5499999884252849,2.5499999547882397,2.5499998051405086,2.5499991751854183,2.5499966784505612,2.5499874375837135,2.5499556600082034,2.5498544432101586,2.5495563968277275,2.5487459445997884,2.5467119637592934,2.5420007810666863,2.531924393040839,2.5119999315258008,2.4755044164364239,2.4133965980178504,2.3147933012559374,2.1679285058092153,1.9610429273338847,1.6817048779961608
1123,2.5499999942002138,2.5499999882410926,2.5499999541396767,2.549999802628848,2.5499991656769199,2.5499966443999078,2.5499873238034492,2.5499553077697734,2.5498534372636823,2.549553754124704,2.5487395711358798,2.5466978743166422,2.541972264317736,2.5318715936620095,2.5119105512307485,2.4753661251900629,2.4132010976322,2.31454096288468,2.1676316920919367,1.9607261405834338,1.6814005733915347
1124,2.549999994101857,2.5499999880542927,2.5499999534829412,2.5499998000891759,2.5499991560752306,2.5499966100586304,2.5499872091865754,2.5499549533287866,2.5498524260511672,2.5495511000630993,2.5487331757320706,2.5466837472858446,2.5419436912571611,2.531818722298727,2.5118210963841854,2.4752277804668519,2.4130055932687497,2.3142886917200607,2.1673350193999217,1.9604095450384185,1.6810964631720726
1125,2.5499999940020084,2.5499999878648518,2.5499999528179451,2.549999797521231,2.5499991463796108,2.5499965754247893,2.5499870937285078,2.5499545966756281,2.5498514095550791,2.5495484346160113,2.5487267583559423,2.5466695826424357,2.5419150618919559,2.5317657790141381,2.5117315671127023,2.4750893824282594,2.4128100850583412,2.3140364877872743,2.1670384876105246,1.9600931404306525,1.680792547108791
1126,2.5499999939006468,2.5499999876727388,2.5499999521445993,2.549999794924751,2.5499991365893164,2.5499965404964384,2.5499869774246497,2.5499542378006623,2.5498503877578664,2.5495457577565475,2.5487203189751422,2.5466553803620831,2.5418863762292743,2.5317127638714725,2.5116419635427691,2.4749509312353957,2.412614573131362,2.3137843511112557,2.1667420966010447,1.9597769264939622,1.6804888249692098
1127,2.5499999937977531,2.54999998747792,2.5499999514628153,2.5499997922994715,2.549999126703598,2.549996505271622,2.5499868602703879,2.5499538766942353,2.5498493606419652,2.54954306945783,2.548713857557384,2.5466411404205815,2.5418576342764116,2.5316596769340172,2.5115522858007244,2.474812427049033,2.4124190576177917,2.3135322817167072,2.1664458462487244,1.9594609029630599,1.6801852965216391
1128,2.5499999936933073,2.5499999872803629,2.5499999507725026,2.5499997896451272,2.5499991167217022,2.5499964697483755,2.5499867422610953,2.5499535133466735,2.5498483281897979,2.5495403696929957,2.5487073740704504,2.5466268627938544,2.5418288360408101,2.5316065182651255,2.5114625340127814,2.4746738700296018,2.4122235386471957,2.313280279628092,2.16614973643075,1.9591450695738208,1.6798819615341276
1129,2.5499999935872886,2.5499999870800338,2.5499999500735711,2.5499997869614495,2.549999106642872,2.5499964339247261,2.5499866233921287,2.5499531477482829,2.549847290383771,2.5495376584351899,2.5487008684821872,2.5466125474579555,2.5417999815300734,2.5315532879282321,2.5113727083050303,2.4745352603371722,2.4120280163486805,2.3130283448696169,2.1658537670242315,1.9588294260641366,1.6795788197712256
1130,2.5499999934796764,2.549999986876899,2.5499999493659278,2.5499997842481683,2.5499990964663453,2.5499963977986915,2.5499865036588307,2.5499527798893507,2.5498462472062791,2.5495349356575741,2.5486943407605085,2.5465981943890661,2.5417710707519441,2.531499985986827,2.5112828088034309,2.4743965981314808,2.4118324908509572,2.3127764774652566,2.1655579379062542,1.9585139721726323,1.6792758709986579
1131,2.5499999933704496,2.5499999866709246,2.5499999486494809,2.5499997815050115,2.5499990861913551,2.5499963613682803,2.5499863830565292,2.5499524097601456,2.5498451986397037,2.5495322013333235,2.5486877908733967,2.5465838035634927,2.5417421037143089,2.5314466125044617,2.511192835633814,2.4742578835719242,2.411636962282325,2.3125246774387489,2.1652622489538698,1.9581987076389833,1.6789731149821592
1132,2.5499999932595867,2.5499999864620753,2.5499999479241362,2.5499997787317055,2.5499990758171318,2.5499963246314925,2.549986261580536,2.5499520373509155,2.5498441446664093,2.5495294554356227,2.548681218788897,2.5465693749576759,2.5417130804252146,2.5313931675447696,2.5111027889218893,2.47411911681754,2.4114414307706289,2.3122729448135764,2.1649667000440282,1.9578836322048128,1.6786705514844431
1133,2.5499999931470669,2.5499999862503171,2.5499999471898001,2.549999775927974,2.5499990653428997,2.5499962875863194,2.5499861392261489,2.5499516626518908,2.5498430852687499,2.5495266979376745,2.5486746244751255,2.5465549085481802,2.5416840008928459,2.5313396511714372,2.511012668793235,2.4739802980270347,2.4112458964433219,2.3120212796129902,2.1646712910536965,1.9575687456123827,1.678368180269258
1134,2.5499999930328676,2.5499999860356142,2.5499999464463774,2.5499997730935404,2.5499990547678792,2.5499962502307425,2.5499860159886509,2.549951285653282,2.5498420204290659,2.5495239288126958,2.5486680079002637,2.5465404043116968,2.5416548651255302,2.5312860634482113,2.5109224753732988,2.4738414273587779,2.4110503594274482,2.3117696818600044,2.1643760218598294,1.9572540476049183,1.6780660011003623
1135,2.5499999929169679,2.5499999858179314,2.5499999456937723,2.5499997702281241,2.5499990440912872,2.5499962125627342,2.5499858918633094,2.5499509063452792,2.5498409501296821,2.5495211480339126,2.5486613690325592,2.5465258622250495,2.5416256731317524,2.5312324044389167,2.5108322087874075,2.4737025049707801,2.4108548198496047,2.3115181515773822,2.1640808923392645,1.9569395379274774,1.6777640137392997
1136,2.5499999927993451,2.5499999855972328,2.549999944931888,2.5499997673314438,2.5499990333123344,2.5499961745802602,2.5499857668453774,2.5499505247180556,2.5498398743529118,2.5495183555745689,2.5486547078403285,2.5465112822651856,2.5415964249201353,2.5311786742074323,2.5107418691607548,2.4735635310207238,2.4106592778359959,2.3112666887876534,2.1637859023688817,1.9566252163257725,1.6774622179481962
1137,2.5499999926799766,2.5499999853734816,2.549999944160628,2.5499997644032146,2.5499990224302271,2.5499961362812762,2.5499856409300925,2.5499501407617635,2.5498387930810567,2.5495155514079224,2.5486480242919551,2.5464966644091795,2.5415671204994412,2.5311248728176929,2.5106514566184042,2.473424505665955,2.4104637335124255,2.3110152935131101,2.1634910518255839,1.9563110825463352,1.6771606134892978
1138,2.5499999925588401,2.5499999851466417,2.5499999433798934,2.5499997614431509,2.5499990114441675,2.5499960976637297,2.5499855141126782,2.5499497544665366,2.5498377062964033,2.5495127355072449,2.5486413183558887,2.5464820086342348,2.5415377598785862,2.5310710003337054,2.5105609712852943,2.4732854290634712,2.4102681870042653,2.3107639657758003,2.1631963405861896,1.9559971363371798,1.6768592001236946
1139,2.5499999924359122,2.5499999849166755,2.5499999425895856,2.5499997584509644,2.5499990003533539,2.5499960587255575,2.5499853863883413,2.5499493658224908,2.5498366139812259,2.5495099078458217,2.5486345900006473,2.5464673149176806,2.5415083430666248,2.5310170568195338,2.5104704132862334,2.4731463013699346,2.4100726384364841,2.3105127055975352,2.1629017685275338,1.9556833774472036,1.6765579776124446
1140,2.5499999923111702,2.5499999846835464,2.5499999417896029,2.5499997554263687,2.5499989891569816,2.5499960194646856,2.549985257752275,2.5499489748197215,2.5498355161177844,2.5495070683969527,2.5486278391948169,2.5464525832369729,2.5414788700727584,2.5309630423393066,2.5103797827459018,2.4730071227416648,2.4098770879336393,2.3102615129998849,2.1626073355264435,1.9553698056264166,1.6762569457160512
1141,2.5499999921845906,2.5499999844472176,2.5499999409798462,2.5499997523690676,2.5499989778542358,2.5499959798790317,2.5499851281996473,2.5499485814482759,2.5498344126882602,2.5495042171338094,2.5486210659067723,2.5464378135692289,2.541449340905642,2.5309089569563441,2.5102890797879733,2.4728678933340413,2.4096815356198729,2.3100103880050096,2.1623130414614629,1.9550564206279373,1.6759561539222323
1142,2.5499999920561507,2.549999984207648,2.5499999401602138,2.5499997492787694,2.5499989664443046,2.5499959399665135,2.5499849977256428,2.5499481856982733,2.5498333036750274,2.5495013540300149,2.5486142701057886,2.5464230058930912,2.5414197555761313,2.5308548007366136,2.5101983045386214,2.4727286133039361,2.409485981618968,2.3097593306323465,2.1620188862060865,1.9547432221989476,1.6756555931022521
1143,2.5499999919258247,2.5499999839648022,2.5499999393306032,2.5499997461551773,2.5499989549263655,2.54999589972503,2.5499848663253992,2.5499477875597218,2.549832189060242,2.5494984790587689,2.5486074517603781,2.5464081601859241,2.541390114093161,2.5308005737435497,2.5101074571212547,2.4725892828060489,2.4092904260542536,2.309508340903581,2.1617248696388875,1.9544302100944879,1.6753552485586534
1144,2.5499999917935896,2.5499999837186387,2.5499999384909096,2.5499997429979948,2.5499989432995935,2.5499958591524718,2.5499847339940493,2.5499473870226441,2.5498310688261161,2.5494955921934332,2.5486006108393959,2.5463932764256914,2.5413604164664982,2.5307462760415151,2.5100165376600363,2.4724499019953621,2.4090948690486784,2.3092574188393327,2.1614309916367618,1.9541173840682309,1.6750551148863937
1145,2.5499999916594209,2.54999998346912,2.5499999376410307,2.5499997398069203,2.5499989315631608,2.5499958182467233,2.5499846007267135,2.5499469840770423,2.5498299429548479,2.5494926934073847,2.5485937473117652,2.5463783545904781,2.5413306627060495,2.530691907694925,2.5099255462789984,2.4723104710265207,2.4088993107247858,2.3090065644599802,2.1611372520766325,1.9538047438747763,1.6747551888659635
1146,2.5499999915232934,2.5499999832162064,2.5499999367808601,2.5499997365816527,2.5499989197162316,2.5499957770056585,2.5499844665184925,2.5499465787128992,2.5498288114286281,2.549489782674017,2.548586861146481,2.5463633946584978,2.541300852821859,2.5306374687682514,2.5098344831020372,2.4721709900538347,2.4087037512047171,2.3087557777856662,2.1608436508354578,1.9534922892697706,1.6744554682683357
1147,2.5499999913851821,2.5499999829598567,2.5499999359102929,2.5499997333218865,2.5499989077579679,2.5499957354271428,2.5499843313644757,2.5499461709201796,2.5498276742296309,2.5494868599667373,2.5485799523125996,2.5463483966080878,2.541270986824113,2.5305829593260234,2.5097433482529246,2.47203145923128,2.4085081906102177,2.3085050588362939,2.1605501877902302,1.9531800200103737,1.6741559513686919
1148,2.5499999912450626,2.5499999827000317,2.5499999350292213,2.5499997300273165,2.5499988956875259,2.5499956935090324,2.5499841952597371,2.5499457606888325,2.5498265313400208,2.5494839252589707,2.548573020779251,2.5463333604177101,2.5412410647231374,2.5305283794328264,2.5096521418552973,2.471891878712499,2.4083126290626344,2.3082544076315337,2.1602568628179903,1.9528679358563095,1.6738566367749612
1149,2.5499999911029088,2.549999982436689,2.5499999341375377,2.5499997266976351,2.5499988835040566,2.5499956512491737,2.5499840581993372,2.5499453480087833,2.5498253827419513,2.5494809785241586,2.5485660665156318,2.5463182860659535,2.5412110865293926,2.5304737291532975,2.5095608640326623,2.4717522486508039,2.4081170666829181,2.3080038241908145,2.1599636757958192,1.9525560365710282,1.6735575233347011
1150,2.5499999909586957,2.5499999821697896,2.5499999332351337,2.5499997233325296,2.5499988712067094,2.5499956086454052,2.5499839201783177,2.5499449328699435,2.5498242284175605,2.5494780197357567,2.5485590894910048,2.5463031735315305,2.5411810522534806,2.5304190085521303,2.5094695149083961,2.471612569199177,2.4079215035916293,2.3077533085333313,2.1596706266008496,1.9522443219230063,1.6732586100539315
1151,2.5499999908123958,2.54999998189929,2.5499999323219003,2.5499997199316882,2.5499988587946261,2.5499955656955557,2.5499837811917074,2.549944515262204,2.5498230683489811,2.5494750488672397,2.548552089674704,2.5462880227932776,2.5411509619061388,2.5303642176940708,2.5093780946057436,2.4714728405102675,2.4077259399089304,2.3075028606780439,2.1593777151102738,1.9519327916867808,1.6729598960479637
1152,2.5499999906639834,2.5499999816251488,2.5499999313977253,2.5499997164947965,2.5499988462669436,2.5499955223974449,2.5499836412345234,2.5499440951754369,2.5498219025183304,2.5494720658920969,2.5485450670361312,2.5462728338301566,2.5411208154982416,2.5303093566439179,2.5092866032478174,2.4713330627363947,2.4075303757545932,2.3072524806436729,2.1590849412013444,1.9516214456434142,1.6726613805206845
1153,2.5499999905134323,2.5499999813473235,2.5499999304624983,2.5499997130215366,2.5499988336227957,2.5499954787488814,2.5499835003017619,2.5499436725994968,2.5498207309077143,2.5494690707838346,2.5485380215447537,2.5462576066212534,2.5410906130408,2.5302544254665227,2.5091950409575987,2.4711932360295505,2.4073348112480013,2.3070021684487063,2.1587923047513775,1.9513102835803342,1.6723630627468034
1154,2.5499999903607158,2.5499999810657705,2.5499999295161087,2.5499997095115896,2.5499988208613105,2.549995434747669,2.5499833583884075,2.5499432475242223,2.5498195534992307,2.5494660635159776,2.5485309531701117,2.5462423411457791,2.5410603545449599,2.5301994242267893,2.509103407857936,2.4710533605413958,2.407139246508148,2.3067519241113978,2.1584998056377565,1.9509993052911032,1.6720649420675491
1155,2.5499999902058059,2.549999980780449,2.5499999285584423,2.5499997059646367,2.5499988079816114,2.5499953903915982,2.5499832154894322,2.5499428199394312,2.5498183702749633,2.5494630440620658,2.5485238618818107,2.546227037383066,2.5410300400220041,2.5301443529896699,2.5090117040715492,2.4709134364232654,2.4069436816536354,2.3065017476497625,2.158207443737941,1.9506885105748266,1.6717670178674253
1156,2.5499999900486752,2.5499999804913127,2.5499999275893837,2.5499997023803509,2.5499987949828187,2.549995345678453,2.5499830715997884,2.5499423898349223,2.5498171812169868,2.5494600123956568,2.5485167476495256,2.546211695312572,2.540999669483349,2.5300892118201688,2.5089199297210207,2.4707734638261645,2.4067481168026834,2.3062516390815855,2.1579152189294675,1.9503778992353544,1.671469289566361
1157,2.5499999898892951,2.5499999801983178,2.5499999266088182,2.5499996987584082,2.5499987818640455,2.5499953006060068,2.5499829267144167,2.5499419572004784,2.5498159863073644,2.5494569684903263,2.5485096104430007,2.5461963149138778,2.5409692429405459,2.5300340007833411,2.5088280849288038,2.4706334429007732,2.4065525520731237,2.3060015984244164,2.157623131089955,1.9500674710809272,1.6711717566205295
1158,2.5499999897276391,2.5499999799014201,2.5499999256166315,2.549999695098482,2.549998768624401,2.5499952551720231,2.5499827808282411,2.5499415220258652,2.5498147855281474,2.5494539123196671,2.5485024502320486,2.5461808961666867,2.5409387604052798,2.5299787199442911,2.5087361698172197,2.4704933737974484,2.4063569875824053,2.305751625695573,2.1573311800971116,1.9497572259231337,1.6708744185096696
1159,2.5499999895636796,2.549999979600575,2.5499999246127039,2.5499996914002399,2.549998755262989,2.5499952093742584,2.5499826339361746,2.5499410843008259,2.5498135788613827,2.5494508438572892,2.5484952669865502,2.5461654390508266,2.5409082218893664,2.5299233693681695,2.5086441845084537,2.4703532566662139,2.406161423447593,2.3055017209121353,2.157039365828739,1.9494471635761141,1.6705772747383196
1160,2.5499999893973859,2.5499999792957371,2.5499999235969204,2.5499996876633508,2.5499987417789112,2.5499951632104576,2.5499824860331093,2.5499406440150914,2.5498123662890988,2.5494477630768215,2.5484880606764562,2.546149943546248,2.540877627404758,2.5298679491201765,2.5085521291245603,2.470213091656777,2.405965859785371,2.3052518840909579,2.1567476881627496,1.9491372838555181,1.6702803248297595
1161,2.5499999892287288,2.5499999789868606,2.5499999225691616,2.5499996838874801,2.5499987281712619,2.5499951166783581,2.549982337113927,2.5499402011583707,2.5498111477933172,2.5494446699519093,2.5484808312717857,2.5461344096330243,2.5408469769635378,2.5298124592655609,2.5084600037874605,2.4700728789185153,2.4057702967120407,2.3050021152486586,2.1564561469771459,1.9488275865803546,1.6699835683340081
1162,2.5499999890576812,2.5499999786738985,2.5499999215293068,2.5499996800722911,2.549998714439131,2.5499950697756875,2.5499821871734927,2.549939755720358,2.5498099233560505,2.5494415644562167,2.5484735787426271,2.5461188372913486,2.5408162705779191,2.529756899869616,2.5083678086189418,2.4699326186004877,2.4055747343435279,2.3047524144016287,2.1561647421500774,1.9485180715686909,1.6696870048069208
1163,2.5499999888842124,2.5499999783568041,2.5499999204772346,2.5499996762174457,2.5499987005816021,2.5499950225001635,2.5499820362066572,2.5499393076907269,2.5498086929593002,2.5494384465634252,2.5484663030591359,2.5461032265015375,2.5407855082602495,2.5297012709976845,2.5082755437406594,2.4697923108514259,2.4053791727953753,2.3045027815660251,2.1558734735597893,1.9482087386415072,1.6693906338295939
1164,2.5499999887082927,2.5499999780355309,2.5499999194128247,2.5499996723226017,2.5499986865977573,2.5499949748494952,2.549981884208258,2.5499388570591348,2.5498074565850573,2.5494353162472372,2.5484590041915403,2.5460875772440335,2.5407546900230038,2.5296455727151521,2.5081832092741343,2.4696519558197427,2.4051836121827526,2.3042532167577772,2.1555823410847075,1.9478995876179355,1.6690944549842561
1165,2.5499999885298914,2.5499999777100308,2.5499999183359532,2.5499996683874162,2.5499986724866721,2.5499949268213822,2.5499817311731157,2.5499384038152209,2.5498062142153044,2.5494321734813705,2.5484516821101342,2.5460718894993972,2.5407238158787901,2.5295898050874523,2.5080908053407533,2.4695115536535268,2.4049880526204501,2.3040037199925827,2.1552913446033743,1.9475906183189753,1.6687984678733776
1166,2.5499999883489783,2.5499999773802564,2.5499999172464984,2.5499996644115432,2.5499986582474161,2.5499948784135142,2.5499815770960352,2.549937947948608,2.5498049658320125,2.5494290182395636,2.5484443367852831,2.5460561632483105,2.5406928858403441,2.5295339681800604,2.5079983320617685,2.4693711045005493,2.4047924942228893,2.3037542912859141,2.1550004839945398,1.947281830563929,1.6685026721022387
1167,2.5499999881655233,2.5499999770461588,2.5499999161443343,2.5499996603946342,2.5499986438790554,2.5499948296235724,2.5499814219718093,2.5499374894488995,2.5498037114171455,2.5494258504955725,2.5484369681874202,2.5460403984715785,2.5406618999205324,2.5294780620584985,2.5079057895582992,2.469230608508258,2.4045969371041123,2.3035049306530135,2.1547097591371029,1.9469732241728055,1.6682070672903506
1168,2.5499999879794939,2.5499999767076882,2.5499999150293347,2.5499996563363405,2.5499986293806507,2.5499947804492287,2.5499812657952141,2.549937028305683,2.5498024509526545,2.5494226702231737,2.5484295762870479,2.5460245951501275,2.5406308581323476,2.5294220867883297,2.5078131779513311,2.4690900658237842,2.4044013813777907,2.3032556381088982,2.1544191699101889,1.946664798964409,1.6679116530627331
1169,2.549999987790859,2.5499999763647963,2.5499999139013738,2.5499996522363086,2.5499986147512574,2.5499947308881445,2.5499811085610116,2.5499365645085277,2.5498011844204846,2.5494194773961616,2.5484221610547393,2.5460087532650033,2.5405997604889126,2.5293660424351612,2.507720497361714,2.4689494765939388,2.4042058271572282,2.3030064136683586,2.1541287161931395,1.9463565547571717,1.6676164290527717
1170,2.549999987599588,2.5499999760174323,2.5499999127603235,2.5499996480941829,2.5499985999899271,2.5499946809379739,2.5499809502639499,2.5499360980469858,2.54979991180257,2.5494162719883491,2.548414722461136,2.5459928727973744,2.5405686070034776,2.529309929064643,2.5076277479101639,2.4688088409652167,2.4040102745553562,2.3027572573459594,2.1538383978655053,1.9460484913688894,1.6673213949017254
1171,2.549999987405648,2.5499999756655463,2.5499999116060557,2.5499996439096071,2.5499985850957043,2.5499946305963599,2.5499807908987608,2.5499356289105921,2.5497986330808358,2.5494130539735695,2.5484072604769485,2.5459769537285295,2.5405373976894228,2.5292537467424681,2.5075349297172624,2.4686681590837902,2.4038147236847323,2.3025081691560372,2.1535482148070235,1.9457406086170359,1.6670265502599511
1172,2.5499999872090067,2.5499999753090874,2.5499999104384403,2.5499996396822215,2.5499985700676313,2.549994579860936,2.5499806304601624,2.5499351570888642,2.5497973482371989,2.5494098233256759,2.5483997750729581,2.5459609960398768,2.5405061325602483,2.5291974955343663,2.5074420429034565,2.4685274310955219,2.4036191746575564,2.302259149112714,2.1532581668978241,1.9454329063172378,1.6667318947769232
1173,2.549999987009631,2.5499999749480047,2.549999909257346,2.5499996354116643,2.549998554904743,2.5499945287293269,2.5499804689428576,2.5499346825713007,2.5497960572535661,2.5494065800185393,2.5483922662200147,2.5459449997129462,2.5404748116295885,2.5291411755061151,2.5073490875890583,2.4683866571459498,2.403423627585648,2.302010197229877,2.1529682540181114,1.9451253842855054,1.6664374281166712
1174,2.5499999868074883,2.5499999745822461,2.5499999080626425,2.5499996310975708,2.5499985396060714,2.5499944771991481,2.5499803063415341,2.5499342053473866,2.549794760111836,2.5494033240260534,2.548384733889038,2.5459289647293866,2.540443434911198,2.5290847867235255,2.5072560638942445,2.4682458373803042,2.4032280825804748,2.3017613135212005,2.1526784760485236,1.9448180423360668,1.6661431499408934
1175,2.5499999866025447,2.5499999742117589,2.5499999068541959,2.5499996267395755,2.5499985241706415,2.5499944252680056,2.5499801426508659,2.5499337254065866,2.5497934567938989,2.5494000553221294,2.5483771780510165,2.5459128910709672,2.5404120024189574,2.5290283292524522,2.5071629719390569,2.4681049719434962,2.4030325397531342,2.3015124980001329,2.1523888328699141,1.944510880282535,1.6658490599189508
1176,2.549999986394766,2.5499999738364898,2.5499999056318727,2.5499996223373094,2.5499985085974748,2.5499943729334951,2.5499799778655117,2.5499332427383505,2.5497921472816354,2.5493967738806989,2.5483695986770094,2.5458967787195776,2.5403805141668756,2.5289718031587896,2.5070698118434032,2.4679640609801212,2.4028369992143559,2.301263750679901,2.152099324363395,1.9442038979378296,1.6655551577262266
1177,2.5499999861841198,2.5499999734563872,2.5499999043955381,2.5499996178903999,2.5499984928855857,2.5499943201932047,2.5499798119801156,2.5499327573321096,2.5497908315569191,2.5493934796757149,2.548361995738146,2.5458806276572248,2.5403489701690809,2.5289152085084656,2.5069765837270528,2.4678231046344687,2.402641461074519,2.3010150715735227,2.1518099504105055,1.9438970951136796,1.6652614430372619
1178,2.5499999859705711,2.5499999730713965,2.5499999031450566,2.5499996133984739,2.5499984770339861,2.549994267044712,2.5499796449893064,2.5499322691772783,2.5497895096016134,2.5493901726811488,2.5483543692056241,2.5458644378660376,2.5403173704398307,2.528858545367453,2.5068832877096425,2.4676821030505063,2.4024459254436259,2.3007664606937834,2.1515207108929419,1.9435904716211549,1.6649679155361428
1179,2.5499999857540847,2.5499999726814635,2.5499999018802906,2.5499996088611554,2.5499984610416808,2.5499942134855842,2.5499794768876995,2.5499317782632556,2.549788181397576,2.549386852870994,2.5483467190507123,2.5458482093282617,2.5402857149934999,2.5288018138017554,2.5067899239106719,2.4675410563718962,2.4022503924313354,2.300517918053266,2.1512316056928356,1.9432840272706284,1.6646745749064089
1180,2.5499999855346256,2.5499999722865336,2.5499999006011027,2.5499996042780664,2.5499984449076711,2.5499941595133797,2.5499793076698949,2.5499312845794218,2.5497868469266551,2.5493835202192625,2.5483390452447483,2.545831942026263,2.54025400384459,2.5287450138774186,2.5066964924495054,2.467399964741984,2.4020548621469353,2.3002694436643267,2.1509426346925689,1.9429777618715156,1.6643814208373831
1181,2.5499999853121573,2.5499999718865514,2.5499998993073536,2.5499995996488258,2.5499984286309525,2.5499941051256481,2.5499791373304777,2.549930788115141,2.5497855061706911,2.5493801746999893,2.5483313477591394,2.5458156359425255,2.5402222370077236,2.5286881456605221,2.5066029934453713,2.4672588283038071,2.4018593346993602,2.3000210375391119,2.1506537977748534,1.9426716752325865,1.6640884530212696
1182,2.5499999850866448,2.5499999714814612,2.549999897998902,2.5499995949730496,2.549998412210515,2.549994050319929,2.549978965864018,2.5499302888597621,2.5497841591115162,2.5493768162872312,2.5483236265653635,2.5457992910596499,2.5401904144976419,2.5286312092171794,2.5065094270173618,2.4671176472000953,2.4016638101971948,2.2997726996895622,2.1503650948227642,1.9423657671621497,1.6637956711516897
1183,2.5499999848580517,2.5499999710712067,2.5499998966756077,2.5499995902503527,2.549998395645344,2.549993995093752,2.5499787932650722,2.5499297868026147,2.5497828057309553,2.5493734449550622,2.5483158816349674,2.5457829073603584,2.5401585363292156,2.5285742046135464,2.5064157932844351,2.4669764215732597,2.4014682887486489,2.2995244301273865,2.1500765257196255,1.9420600374672774,1.6635030749288258
1184,2.5499999846263415,2.5499999706557306,2.549999895337328,2.549999585480347,2.5499983789344194,2.5499939394446383,2.5499786195281815,2.549929281933013,2.5497814460108246,2.5493700606775791,2.5483081129395693,2.5457664848274901,2.5401266025174323,2.5285171319158097,2.5063220923654108,2.4668351515654074,2.4012727704615902,2.2992762288640951,2.1497880903491215,1.9417544859547169,1.663210664053651
1185,2.5499999843914773,2.5499999702349765,2.5499998939839199,2.5499995806626408,2.5499983620767166,2.5499938833700986,2.549978444647873,2.5499287742402559,2.5497800799329347,2.5493666634289021,2.5483003204508572,2.545750023444,2.540094613077394,2.5284599911901839,2.5062283243789714,2.4666938373183456,2.401077255443544,2.2990280959110034,2.1494997885952905,1.9414491124309403,1.6629184382276567
1186,2.5499999841534224,2.5499999698088862,2.5499998926152392,2.5499995757968414,2.5499983450712045,2.549993826867635,2.5499782686186583,2.5499282637136238,2.5497787074790867,2.5493632531831678,2.5482925041405884,2.5457335231929652,2.5400625680243354,2.5284027825029307,2.5061344894436668,2.4665524789735565,2.4008817438016554,2.2987800312791866,2.1492116203424381,1.9411439167010764,1.6626263971594315
1187,2.5499999839121386,2.5499999693774011,2.5499998912311401,2.5499995708825538,2.5499983279168483,2.5499937699347384,2.5499780914350354,2.5499277503423809,2.549777328631075,2.5493598299145384,2.5482846639805898,2.5457169840575764,2.5400304673736032,2.5283455059203388,2.5060405876779077,2.4664110766722236,2.4006862356427336,2.2985320349795324,2.1489235854752127,1.9408388985701288,1.662334540557513
1188,2.5499999836675884,2.5499999689404631,2.5499998898314753,2.5499995659193799,2.5499983106126076,2.5499937125688925,2.5499779130914866,2.5499272341157759,2.5497759433706877,2.5493563935971979,2.5482767999427596,2.5457004060211395,2.5399983111406552,2.5282881615087214,2.5059466191999671,2.4662696305552338,2.40049073107325,2.2982841070227407,2.1486356838785894,1.9405340578429982,1.6620428681305113
1189,2.5499999834197324,2.5499999684980121,2.5499998884160968,2.5499995609069193,2.5499982931574365,2.5499936547675697,2.5499777335824798,2.54992671502304,2.5497745516797043,2.5493529442053497,2.5482689119990649,2.5456837890670831,2.5399660993410826,2.5282307493344391,2.5058525841279855,2.466128140763149,2.4002952301992981,2.2980362474192697,2.148347915437856,1.9402293943232263,1.6617513795935408
1190,2.5499999831685325,2.5499999680499883,2.5499998869848559,2.5499995558447686,2.5499982755502835,2.5499935965282332,2.5499775529024689,2.5499261930533894,2.5497731535398982,2.5493494817132194,2.5482610001215438,2.5456671331789495,2.539933831990588,2.5281732694638772,2.5057584825799628,2.465986607436236,2.4000997331266376,2.297788456179398,2.1480602800386035,1.9399249078143843,1.6614600746616635
1191,2.5499999829139495,2.5499999675963316,2.5499998855376025,2.5499995507325215,2.5499982577900924,2.5499935378483367,2.5499773710458937,2.5499256681960238,2.5497717489330376,2.5493460060950572,2.5482530642823051,2.5456504383403962,2.5399015091049861,2.5281157219634451,2.5056643146737629,2.4658450307144659,2.3999042399606969,2.2975407333132232,2.1477727775667041,1.9396205981200678,1.6611689530503226
1192,2.549999982655943,2.5499999671369813,2.549999884074186,2.5499995455697704,2.5499982398758023,2.5499934787253236,2.5499771880071784,2.5499251404401257,2.5497703378408807,2.5493425173251323,2.5482451044535268,2.5456337045352009,2.5398691307002195,2.5280581068995969,2.5055700805271144,2.4657034107374876,2.3997087508065271,2.2972930788306036,2.1474854079083969,1.9393164650425796,1.6608780144800444
1193,2.5499999823944735,2.5499999666718747,2.5499998825944532,2.549999540356104,2.5499982218063457,2.5499934191566282,2.5499770037807332,2.5499246097748625,2.5497689202451812,2.5493390153777375,2.5482371206074577,2.5456169317472548,2.5398366967923423,2.5280004243388099,2.5054757802576075,2.4655617476446552,2.3995132657688489,2.2970454927412223,2.1471981709501735,1.9390125083843515,1.6605872586717199
1194,2.5499999821295014,2.5499999662009505,2.5499998810982509,2.5499995350911098,2.5499982035806514,2.5499933591396768,2.5499768183609528,2.5499240761893853,2.5497674961276862,2.5493355002271887,2.5482291127164163,2.5456001199605627,2.5398042073975176,2.5279426743475839,2.5053814139826942,2.4654200415750287,2.3993177849520517,2.2967979750545893,2.1469110665787672,1.9387087279479167,1.6602966853469752
1195,2.5499999818609855,2.5499999657241457,2.5499998795854242,2.5499995297743725,2.5499981851976421,2.5499932986718843,2.5499766317422186,2.5499235396728284,2.5497660654701346,2.5493319718478218,2.5482210807527919,2.5455832691592502,2.5397716625320368,2.5278848569924635,2.5052869818196921,2.4652782926673487,2.399122308460155,2.2965505257799772,2.1466240946813091,1.938405123534648,1.6600062942313361
1196,2.549999981588885,2.5499999652413967,2.5499998780558175,2.549999524405473,2.549998166656235,2.5499932377506562,2.5499764439188963,2.5499230002143105,2.5497646282542603,2.5493284302139982,2.5482130246890438,2.545566379327556,2.5397390622123011,2.5278269723400126,2.50519248388578,2.4651365010600643,2.398926836396849,2.2963031449264917,2.1463372551451472,1.9381016949461014,1.6597160850509496
1197,2.5499999813131575,2.5499999647526406,2.5499998765092733,2.549999518983991,2.5499981479553417,2.5499931763733885,2.5499762548853386,2.5499224578029356,2.5497631844617921,2.5493248753001021,2.548204944497702,2.5455494504498319,2.5397064064548194,2.5277690204568191,2.505097920297997,2.4649946668913305,2.3987313688654965,2.29605583250307,2.146050547857838,1.9377984419839736,1.6594260575327597
1198,2.549999981033761,2.5499999642578133,2.5499998749456343,2.549999513509503,2.5499981290938685,2.5499931145374681,2.5499760646358829,2.5499219124277905,2.5497617340744498,2.5493213070805383,2.5481968401513662,2.5455324825105494,2.5396736952762278,2.5277110014095112,2.5050032911732489,2.4648527902989863,2.3985359059690925,2.2958085885184158,2.1457639727073459,1.9374953644489652,1.6591362114070134
1199,2.5499999807506537,2.5499999637568491,2.5499998733647407,2.5499995079815823,2.5499981100707183,2.549993052240271,2.5499758731648519,2.5499213640779459,2.5497602770739487,2.5493177255297348,2.5481887116227075,2.5455154754942941,2.5396409286932724,2.5276529152647402,2.5049085966283022,2.4647108714205745,2.3983404478103005,2.2955614129810611,2.1454775295818558,1.9371924621418322,1.6588465464049376
1200,2.5499999804637938,2.5499999632496828,2.5499998717664321,2.549999502399801,2.5499980908847868,2.5499929894791631,2.5499756804665528,2.5499208127424575,2.5497588134419997,2.5493141306221427,2.5481805588844666,2.5454984293857637,2.5396081067228073,2.5275947620891785,2.5048138367797863,2.464568910393349,2.3981449944914583,2.2953143058993781,2.1451912183697317,1.9368897348635621,1.658557062258323
1201,2.5499999801731366,2.5499999627362486,2.5499998701505464,2.5499994967637258,2.5499980715349619,2.5499929262514982,2.5499754865352662,2.5499202584103284,2.549757343160223,2.5493105223320733,2.5481723819091546,2.5454813441692861,2.5395752293811191,2.5275365419487072,2.5047190117433966,2.4644269073537561,2.3979495461146341,2.2950672672823944,2.1449050389612245,1.9365871824170007,1.6582677041643279
1202,2.5499999798786406,2.5499999622164786,2.5499998685169207,2.549999491072926,2.5499980520201344,2.5499928625546344,2.5499752913653011,2.5499197010706576,2.5497558662104844,2.5493069006343583,2.5481641806702537,2.5454642198307544,2.5395422966866521,2.5274782549116948,2.5046241216370766,2.4642848624394587,2.3977541027813447,2.2948202971364147,2.1446189912420257,1.9362848045982481,1.6579784815988434
1203,2.5499999795802593,2.5499999616903071,2.5499998668653907,2.5499994853269641,2.5499980323391811,2.5499927983859041,2.5499750949509079,2.5499191407124169,2.5497543825743922,2.5493032655033518,2.5481559551404165,2.5454470563547296,2.5395093086559206,2.5274199010440741,2.5045291665762446,2.464142775786303,2.3975586645929785,2.2945733954701004,2.1443330751028986,1.9359826012098083,1.6576894101561974
1204,2.5499999792779482,2.5499999611576656,2.5499998651957925,2.5499994795253991,2.5499980124909762,2.5499927337426365,2.549974897286337,2.5499185773245983,2.5497528922336334,2.5492996169136006,2.5481477052926653,2.5454298537263651,2.5394762653062286,2.5273614804126252,2.5044341466769806,2.4640006475303498,2.397363231650524,2.2943265622910922,2.1440472904332202,1.9356805720519585,1.6574004952484083
1205,2.5499999789716665,2.5499999606184867,2.5499998635079573,2.5499994736677909,2.5499979924743919,2.5499926686221484,2.5499746983658258,2.5499180108961799,2.5497513951698885,2.5492959548396743,2.5481394311000933,2.5454126119309293,2.5394431666549955,2.5273029930841493,2.5043390620552244,2.4638584778073618,2.3971678040546385,2.2940797976068583,2.1437616371225956,1.9353787169248897,1.6571117398750164
1206,2.5499999786613641,2.5499999600726997,2.549999861801719,2.5499994677536946,2.5499979722882884,2.5499926030217508,2.5499744981835941,2.5499174414161252,2.5497498913648378,2.5492922792561652,2.5481311325358642,2.5453953309538062,2.5394100127197463,2.5272444391254747,2.5042439128267771,2.4637162667528054,2.3969723819056399,2.2938331014246902,2.1434761150608561,1.9350770356285751,1.6568231459614455
1207,2.5499999783469982,2.5499999595202376,2.549999860076908,2.549999461782662,2.5499979519315259,2.5499925369387402,2.5499742967338515,2.54991686887338,2.5497483808001502,2.5492885901376909,2.5481228095732131,2.545378010780488,2.5393768035181195,2.5271858186034524,2.5041486991073016,2.4635740145018517,2.3967769653035202,2.2935864737517115,2.143190724138047,1.9347755279622747,1.6565347148803928
1208,2.5499999780285214,2.5499999589610267,2.5499998583333539,2.5499994557542451,2.5499979314029559,2.5499924703704089,2.5499740940107891,2.5499162932568771,2.5497468634574916,2.549284887458894,2.5481144621854455,2.5453606513965865,2.5393435390678625,2.5271271315849555,2.5040534210123244,2.4634317211893784,2.3965815543479381,2.2933399145948727,2.142905464244425,1.9344741937234164,1.6562464476348782
1209,2.5499999777058888,2.5499999583949986,2.549999856570885,2.549999449667991,2.5499979107014275,2.5499924033140347,2.5499738900085878,2.5499157145555316,2.5497453393185263,2.5492811711944383,2.5481060903459354,2.5453432527878204,2.5393102193868313,2.5270683781368812,2.5039580786572326,2.4632893869499703,2.3963861491382241,2.2930934239609599,2.1426203352704531,1.9341730327063602,1.6559583449673847
1210,2.5499999773790507,2.5499999578220809,2.5499998547893301,2.5499994435234421,2.5499978898257809,2.5499923357668886,2.5499736847214107,2.5499151327582461,2.5497438083649095,2.5492774413190156,2.5480976940281286,2.5453258149400249,2.5392768444929912,2.527009558326148,2.5038626721572741,2.4631470119179202,2.3961907497733819,2.2928470018565932,2.1423353371067972,1.9338720447009359,1.6556704074530901
1211,2.5499999770479618,2.5499999572422021,2.5499998529885124,2.5499994373201438,2.549997868774855,2.5499922677262297,2.5499734781434089,2.549914547853906,2.5497422705782919,2.5492736978073376,2.548089273205544,2.5453083378391446,2.5392434144044174,2.5269506722196957,2.5037672016275625,2.463004596227226,2.3959953563520857,2.2926006482882246,2.1420504696443143,1.9335712294913372,1.655382635546828
1212,2.5499999767125741,2.5499999566552898,2.5499998511682596,2.5499994310576337,2.5499978475474796,2.5499921991893095,2.5499732702687163,2.5499139598313811,2.5497407259403224,2.5492699406341446,2.5480808278517664,2.5452908214712386,2.5392099291392891,2.526891719884488,2.5036716671830681,2.4628621400115942,2.3957999689726845,2.2923543632621479,2.141765732774056,1.9332705868556339,1.6550950296057834
1213,2.5499999763728383,2.5499999560612703,2.5499998493283944,2.5499994247354483,2.5499978261424792,2.5499921301533686,2.5499730610914573,2.5499133686795301,2.5497391744326454,2.5492661697742012,2.5480723579404563,2.5452732658224768,2.5391763887158962,2.5268327013875056,2.5035760689386244,2.4627196434044438,2.3956045877332013,2.2921081467844915,2.1414811263872595,1.9329701165658557,1.6548075899048069
1214,2.549999976028706,2.5499999554600694,2.5499998474687384,2.5499994183531216,2.5499978045586746,2.5499920606156374,2.5499728506057369,2.5499127743871939,2.5497376160368979,2.5492623852022946,2.5480638634453405,2.5452556708791398,2.5391427931526338,2.5267736167957509,2.503480407008928,2.4625771065388991,2.3954092127313356,2.2918619988612283,2.1411966503753419,1.9326698183883859,1.6545203166581424
1215,2.5499999756801288,2.5499999548516126,2.5499998455891117,2.5499994119101856,2.5499977827948803,2.5499919905733375,2.5499726388056487,2.5499121769431978,2.549736050734714,2.5492585868932371,2.5480553443402179,2.5452380366276213,2.5391091424680048,2.5267144661762484,2.5033846815085359,2.4624345295477954,2.3952138440644628,2.2916159194981698,2.1409123046298988,1.9323696920843587,1.6542332100250576
1216,2.549999975327057,2.549999954235826,2.5499998436893354,2.5499994054061674,2.5499977608499056,2.5499919200236802,2.5499724256852732,2.5499115763363518,2.5497344785077258,2.5492547748218675,2.5480468005989598,2.5452203630544257,2.5390754366806183,2.5266552495960406,2.5032888925518666,2.4622919125636797,2.3950184818296356,2.2913699087009718,2.1406280890426976,1.9320697374103832,1.6539462701292151
1217,2.5499999749694378,2.549999953612633,2.5499998417692282,2.5499993988405927,2.5499977387225514,2.5499918489638667,2.5499722112386722,2.5499109725554558,2.5497328993375583,2.5492509489630497,2.5480382321955064,2.5452026501461669,2.5390416758091887,2.5265959671221858,2.5031930402531994,2.4621492557188112,2.3948231261235895,2.2911239664751357,2.1403440035056707,1.9317699541195026,1.6536594970614966
1218,2.5499999746072239,2.5499999529819561,2.5499998398286059,2.5499993922129858,2.5499977164116192,2.5499917773910887,2.5499719954598974,2.5499103655892901,2.5497313132058328,2.5492471092916715,2.5480296391038681,2.5451848978895733,2.5390078598725334,2.5265366188217682,2.503097124726676,2.462006559145157,2.394627777042734,2.2908780928260106,2.1400600479109095,1.931470341961991,1.65337289088206
1219,2.5499999742403627,2.5499999523437196,2.5499998378672846,2.5499993855228653,2.5499976939158988,2.5499917053025287,2.5499717783429849,2.5499097554266221,2.5497297200941689,2.5492432557826477,2.5480210212981271,2.5451671062714794,2.5389739888895773,2.5264772047618833,2.5030011460862989,2.4618638229744016,2.3944324346831634,2.290632287758791,2.1397762221506569,1.9311709006863826,1.6530864516273811
1220,2.5499999738688026,2.5499999516978451,2.5499998358850791,2.549999378769749,2.5499976712341779,2.54999163269536,2.5499715598819561,2.5499091420562054,2.5497281199841821,2.5492393884109168,2.548012378752436,2.5451492752788338,2.5389400628793508,2.5264177250096473,2.5029051044459338,2.4617210473379396,2.3942370991406507,2.2903865512785191,2.1394925261173126,1.930871630038516,1.6528001793054024
1221,2.5499999734924921,2.549999951044255,2.5499998338818024,2.5499993719531502,2.5499976483652369,2.5499915595667422,2.5499713400708197,2.5499085254667766,2.5497265128574824,2.549235507151443,2.5480037114410186,2.5451314048986928,2.5389060818609837,2.5263581796321932,2.5028089999193028,2.4615782323668793,2.3940417705106558,2.2901408833900923,2.1392089597033932,1.9305725297649421,1.6525140739140258
1222,2.5499999731113792,2.5499999503828699,2.5499998318572663,2.5499993650725816,2.5499976253078516,2.5499914859138282,2.5499711189035685,2.5499079056470597,2.5497248986956778,2.5492316119792169,2.5479950193381691,2.5451134951182244,2.538872045853712,2.5262985686966717,2.5027128326199932,2.4614353781920428,2.3938464488883184,2.2898952840982547,2.1389255228015691,1.9302735996097915,1.6522281354236719
1223,2.5499999727254088,2.5499999497136092,2.5499998298112811,2.5499993581275517,2.5499976020607904,2.5499914117337625,2.5499708963741821,2.5499072825857647,2.5497232774803726,2.5492277028692558,2.5479863024182516,2.5450955459247044,2.5388379548768749,2.5262388922702481,2.5026166026614529,2.4612924849439697,2.3936511343684654,2.2896497534076068,2.1386422153045972,1.9299748393193414,1.6519423638019961
1224,2.5499999723345281,2.5499999490363932,2.549999827743656,2.5499993511175663,2.5499975786228175,2.5499913370236778,2.5499706724766251,2.5499066562715864,2.549721649193168,2.549223779796602,2.5479775606557009,2.5450775573055195,2.5388038089499143,2.5261791504201057,2.5025203101569904,2.4611495527529117,2.3934558270456088,2.2894042913226005,2.1383590371053605,1.92967624863875,1.6516567589956661
1225,2.5499999719386852,2.54999994835114,2.5499998256541994,2.5499993440421287,2.5499975549926939,2.5499912617806957,2.5499704472048501,2.5499060266932059,2.5497200138156604,2.549219842736322,2.5479687940250235,2.5450595292481655,2.5387696080923723,2.5261193432134434,2.502423955219776,2.4610065817488382,2.3932605270139473,2.289158897847547,2.1380759880968108,1.9293778273151359,1.6513713209461827
1226,2.5499999715378245,2.5499999476577684,2.5499998235427168,2.5499993369007385,2.5499975311691707,2.5499911860019293,2.5499702205527934,2.549905393839289,2.5497183713294453,2.5492158916635113,2.5479600025007962,2.5450414617402468,2.5387353523238949,2.5260594707174735,2.5023275379628398,2.4608635720614349,2.3930652343673682,2.2889135729866106,2.1377930681719799,1.9290795750960403,1.6510860495818003
1227,2.5499999711318901,2.5499999469561976,2.5499998214090134,2.549999329692894,2.5499975071509944,2.5499911096844827,2.5499699925143791,2.5499047576984877,2.5497167217161163,2.5492119265532898,2.5479511860576669,2.5450233547694774,2.5387010416642286,2.5259995329994229,2.5022310584990737,2.4607205238201049,2.3928699491994476,2.2886683167438142,2.1375102772239676,1.9287814917303439,1.6508009448220644
1228,2.5499999707208274,2.5499999462463423,2.5499998192528937,2.5499993224180888,2.5499974829369072,2.5499910328254485,2.5499697630835141,2.5499041182594406,2.5497150649572591,2.5492079473808045,2.5479423446703535,2.5450052083236789,2.5386666761332188,2.5259395301265331,2.502134516941231,2.4605774371539706,2.3926746716034546,2.2884231291230432,2.1372276151458474,1.9284835769689346,1.6505160065815287
1229,2.5499999703045804,2.5499999455281204,2.5499998170741596,2.549999315075814,2.5499974585256453,2.5499909554219116,2.549969532254095,2.5499034755107708,2.5497134010344609,2.5492039541212281,2.5479334783136456,2.5449870223907838,2.5386322557508145,2.5258794621660616,2.5020379134019262,2.4604343121918677,2.3924794016723419,2.288178010128036,2.1369450818308362,1.9281858305629116,1.6502312347605923
1230,2.5499999698830926,2.5499999448014461,2.5499998148726122,2.5499993076655594,2.5499974339159381,2.5499908774709441,2.5499693000200012,2.5499028294410895,2.5497117299293048,2.5491999467497606,2.5479245869624023,2.544968796958829,2.5385977805370632,2.5258193291852775,2.5019412479936332,2.460291149062356,2.3922841394987606,2.2879329597623954,2.1366626771720831,1.9278882522658107,1.6499466292575635
1231,2.5499999694563065,2.5499999440662346,2.5499998126480512,2.5499993001868106,2.5499974091065098,2.5499907989696111,2.5499690663751009,2.5499021800389925,2.5497100516233728,2.5491959252416283,2.5479156705915535,2.5449505320159611,2.5385632505121114,2.5257591312514638,2.501844520828687,2.4601479478937121,2.3920888851750539,2.2876879780295862,2.1363804010627425,1.9275908418328327,1.6496621899643547
1232,2.5499999690241655,2.5499999433223994,2.549999810400275,2.5499992926390509,2.5499973840960788,2.5499907199149661,2.5499688313132465,2.5499015272930619,2.5497083660982418,2.549191889572084,2.5479067291761006,2.5449322275504347,2.5385286656962069,2.5256988684319164,2.5017477320192851,2.4600047088139312,2.3918936387932548,2.2874430649329325,2.1360982533960224,1.9272935990202669,1.6493779167634899
1233,2.5499999685866106,2.5499999425698552,2.5499998081290798,2.5499992850217588,2.549997358883358,2.5499906403040522,2.5499685948282771,2.5499008711918658,2.5497066733354878,2.5491878397164078,2.5478977626911155,2.5449138835506124,2.5384940261096922,2.5256385407939406,2.5016508816774858,2.4598614319507339,2.3916984004450992,2.2871982204756289,2.1358162340649565,1.9269965235873088,1.6490938095401007
1234,2.5499999681435837,2.5499999418085131,2.5499998058342603,2.5499992773344102,2.5499973334670551,2.5499905601339039,2.5499683569140177,2.5499002117239584,2.5497049733166839,2.5491837756499054,2.5478887711117406,2.5448955000049653,2.5384593317730126,2.5255781484048581,2.5015539699152081,2.4597181174315552,2.3915031702220082,2.2869534446607251,2.1355343429627189,1.9266996152938427,1.6488098681661163
1235,2.549999967695026,2.549999941038287,2.5499998035156124,2.5499992695764817,2.5499973078458709,2.5499904794015458,2.5499681175642785,2.5498995488778808,2.5497032660234034,2.5491796973479115,2.5478797544131893,2.544877076902067,2.5384245827067065,2.5255176913319977,2.50145699684423,2.4595747653835609,2.3913079482151143,2.2867087374911463,2.1352525799822351,1.9264028739023831,1.6485260925176017
1236,2.5499999672408786,2.5499999402590872,2.5499998011729272,2.5499992617474447,2.5499972820185017,2.5499903981039922,2.5499678767728571,2.54989888264216,2.5497015514372148,2.5491756047857868,2.5478707125707452,2.544858614230602,2.538389778931414,2.5254571696427024,2.5013599625761924,2.4594313759336304,2.391112734515235,2.2864640989696747,2.1349709450165273,1.9261062991768005,1.6482424824605943
1237,2.5499999667810807,2.5499999394708244,2.5499997988059966,2.549999253846766,2.5499972559836364,2.5499903162382473,2.5499676345335365,2.5498982130053101,2.5496998295396862,2.5491714979389188,2.5478616455597636,2.5448401119793607,2.5383549204678704,2.525396583404325,2.5012628672225965,2.4592879492083708,2.3909175292128939,2.2862195290989642,2.1346894379584671,1.925809890882817,1.6479590378603985
1238,2.5499999663155708,2.5499999386734076,2.5499997964146095,2.5499992458739102,2.5499972297399585,2.5499902338013056,2.5499673908400862,2.5498975399558308,2.5496981003123826,2.5491673767827243,2.5478525533556686,2.544821570137239,2.5383200073369063,2.5253359326842255,2.5011657108948042,2.4591444853341118,2.3907223323983171,2.2859750278815363,2.1344080587008376,1.9255136487879279,1.6476757585792423
1239,2.5499999658442882,2.5499999378667457,2.549999793998555,2.5499992378283394,2.5499972032861464,2.5499901507901517,2.5499671456862623,2.5498968634822097,2.5496963637368668,2.549163241292645,2.5478434359339563,2.5448029886932408,2.5382850395594514,2.5252752175497784,2.5010684937040382,2.4590009844369054,2.3905271441614251,2.2857305953197775,2.1341268071363868,1.9252175726613276,1.6473926444747773
1240,2.5499999653671721,2.5499999370507482,2.54999979155762,2.5499992297095133,2.5499971766208733,2.5499900672017599,2.5499668990658049,2.5498961835729186,2.5496946197947046,2.5491590914441526,2.5478342932701938,2.5447843676364719,2.5382500171565252,2.5252144380683621,2.5009712157613819,2.458857446642535,2.3903319645918528,2.2854862314159483,2.1338456831576855,1.9249216622736154,1.6471096954048492
1241,2.5499999648841594,2.5499999362253223,2.54999978909159,2.5499992215168881,2.5499971497428051,2.5499899830330945,2.5499666509724426,2.5498955002164179,2.5496928684674542,2.5491549272127441,2.5478251253400184,2.5447657069561491,2.5382149401492504,2.5251535943073713,2.5008738771777792,2.4587138720764985,2.3901367937789213,2.2852419361721674,2.1335646866573339,1.9246259173975389,1.6468269112200871
1242,2.5499999643951883,2.5499999353903746,2.5499997866002482,2.5499992132499165,2.5499971226506024,2.5499898982811104,2.5499664013998893,2.5498948134011536,2.5496911097366755,2.5491507485739451,2.5478159321191378,2.5447470066415927,2.5381798085588421,2.5250926863342067,2.500776478064036,2.4585702608640236,2.389941631811662,2.2849977095904284,2.1332838175277886,1.9243303378072421,1.6465442917706472
1243,2.549999963900194,2.5499999345458115,2.5499997840833775,2.5499992049080489,2.5499970953429201,2.5499898129427532,2.5499661503418443,2.5498941231155601,2.5496893435839274,2.5491465555033104,2.5478067135833307,2.5447282666822257,2.5381446224066022,2.525031714216269,2.5006790185308185,2.4584266131300732,2.3897464787788287,2.2847535516726021,2.1330030756613296,1.924034923278015,1.6462618369081221
1244,2.5499999633991135,2.5499999336915389,2.5499997815407589,2.5499991964907318,2.5499970678184067,2.5499897270149576,2.5499658977919948,2.5498934293480566,2.5496875699907653,2.5491423479764208,2.5477974697084456,2.544709487067581,2.5381093817139391,2.5249706780209809,2.500581498688653,2.4582829289993215,2.3895513347688531,2.2845094624204156,2.1327224609502635,1.9237396735874799,1.6459795464758022
1245,2.5499999628918819,2.5499999328274607,2.5499997789721713,2.5499991879974098,2.5499970400757053,2.5499896404946489,2.5499656437440121,2.5498927320870499,2.5496857889387443,2.5491381259688852,2.5477882004704031,2.5446906677872949,2.5380740865023497,2.5249095778157651,2.5004839186479275,2.4581392085961777,2.3893561998698871,2.2842654418354718,2.1324419732867477,1.9234445885144174,1.6456974203177841
1246,2.549999962378434,2.5499999319534803,2.5499997763773936,2.5499991794275236,2.5499970121134532,2.5499895533787411,2.5499653881915565,2.549892031320935,2.549684000409421,2.5491338894563422,2.5477789058451932,2.5446718088311036,2.5380387367934163,2.5248484136680465,2.5003862785188895,2.4579954520447873,2.3891610741698086,2.2840214899192497,2.1321616125627907,1.9231496678385112,1.6454154582801477
1247,2.5499999618587044,2.5499999310695007,2.5499997737562023,2.5499991707805103,2.5499969839302814,2.5499894656641389,2.5499651311282721,2.549891327038091,2.5496822043843475,2.5491296384144566,2.5477695858088771,2.5446529101888546,2.5380033326088283,2.5247871856452679,2.5002885784116478,2.457851659469009,2.3889659577561755,2.2837776066730893,2.1318813786703736,1.9228549113418736,1.6451336602013682
1248,2.5499999613326265,2.5499999301754248,2.5499997711083719,2.5499991620558053,2.549996955524815,2.5499893773477376,2.5499648725477906,2.5498906192268866,2.5496804008450766,2.5491253728189225,2.5477602403375865,2.544633971850498,2.5379678739703597,2.5247258938148733,2.5001908184361725,2.4577078309924367,2.3887708507162673,2.2835337920982042,2.1316012715013617,1.9225603188075566,1.6448520259209303
1249,2.5499999608001347,2.5499999292711539,2.5499997684336768,2.5499991532528408,2.5499969268956737,2.5499892884264228,2.5499646124437296,2.5498899078756776,2.5496785897731624,2.5491210926454646,2.5477508694075235,2.5446149938060829,2.5379323608998705,2.5246645382443051,2.5000929987022951,2.4575639667384053,2.3885757531370926,2.2832900461956838,2.131321290947533,1.9222658900193208,1.6445705552795666
1250,2.5499999602611614,2.5499999283565882,2.5499997657318887,2.5499991443710446,2.5499968980414716,2.5499891988970691,2.549964350809693,2.5498891929728065,2.5496767711501547,2.5491167978698321,2.5477414729949608,2.5445959760457688,2.5378967934193239,2.5246031190010241,2.4999951193197059,2.4574200668299615,2.3883806651053439,2.2830463689664819,2.1310414369005568,1.9219716247633547,1.644289248112432
1251,2.5499999597156382,2.5499999274316285,2.5499997630027775,2.549999135409843,2.5499968689608155,2.5499891087565421,2.5499640876392706,2.5498884745066017,2.5496749449576046,2.5491124884678054,2.5477320510762418,2.5445769185598168,2.53786117155077,2.5245416361524904,2.4998971803979577,2.4572761313898912,2.3881855867074395,2.2828027604114238,2.1307617092520399,1.9216775228266165,1.6440081042552219
1252,2.5499999591634963,2.5499999264961737,2.5499997602461129,2.5499991263686574,2.5499968396523069,2.5499890180016962,2.5499638229260402,2.5498877524653807,2.5496731111770634,2.5491081644151925,2.54772260362778,2.5445578213385858,2.5378254953163424,2.5244800897661639,2.4997991820464636,2.4571321605407199,2.3879905180295293,2.2825592205312053,2.1304821078935623,1.921383583996668,1.6437271235441273
1253,2.5499999586046664,2.549999925550122,2.5499997574616615,2.549999117246907,2.5499968101145409,2.5499889266293772,2.5499635566635637,2.5498870268374474,2.5496712697900801,2.5491038256878298,2.5477131306260592,2.5445386843725459,2.5377897647382763,2.5244184799095182,2.4997011243744973,2.4569881544046894,2.3877954591574495,2.2823157493263926,2.1302026327165353,1.9210898080633767,1.6434463058114679
1254,2.5499999580390789,2.5499999245933713,2.5499997546491904,2.5499991080440085,2.5499967803461074,2.5499888346364199,2.5499632888453907,2.549886297611093,2.5496694207782054,2.5490994722615827,2.5477036320476349,2.5445195076522662,2.5377539798388926,2.5243568066500277,2.499603007491193,2.4568441131037817,2.3876004101767654,2.2820723467974209,2.1299232836123552,1.9207961948172776,1.6431656508897676
1255,2.5499999574666647,2.5499999236258173,2.5499997518084632,2.5499990987593746,2.5499967503455903,2.5499887420196501,2.5499630194650584,2.5498855647745979,2.54966756412299,2.5490951041123489,2.5476941078691326,2.5445002911684176,2.5377181406405955,2.5242950700551643,2.4995048315055461,2.4567000367597198,2.387405371172775,2.2818290129445931,2.1296440604724305,1.9205027440494746,1.6428851586118305
1256,2.5499999568873526,2.5499999226473564,2.5499997489392423,2.5499990893924149,2.549996720111567,2.5499886487758823,2.549962748516089,2.5498848283162276,2.5496656998059835,2.5490907212160505,2.5476845580672478,2.5444810349117777,2.5376822471658893,2.5242332701924135,2.4994065965264118,2.4565559254939449,2.3872103422304667,2.2815857477680841,2.129364963187979,1.9202094555531839,1.6426048288074089
1257,2.5499999563010713,2.5499999216578839,2.5499997460412898,2.5499990799425363,2.5499966896426094,2.5499885549019226,2.5499624759919906,2.5498840882242368,2.5496638278087347,2.5490863235486407,2.547674982618747,2.5444617388732236,2.5376462994373625,2.5241714071292587,2.4993083026625085,2.4564117794276399,2.3870153234345617,2.2813425512679375,2.129085991650236,1.9199163291222394,1.6423246613064391
1258,2.5499999557077468,2.5499999206572936,2.5499997431143648,2.5499990704091418,2.5499966589372827,2.5499884603945651,2.5499622018862587,2.5498833444868678,2.5496619481127958,2.5490819110861023,2.5476653815004657,2.54444240304373,2.5376102974776842,2.5241094809331823,2.4992099500224136,2.4562675986817295,2.3868203148695151,2.2810994234440596,2.1288071457504802,1.919623364551009,1.6420446559392272
1259,2.5499999551073076,2.5499999196454795,2.5499997401582264,2.5499990607916323,2.5499966279941471,2.5499883652505946,2.5499619261923749,2.5498825970923491,2.5496600606997148,2.5490774838044463,2.5476557546893122,2.5444230274143811,2.5375742413096241,2.5240474916716771,2.4991115387145659,2.4561233833768594,2.3866253166194773,2.2808563642962327,2.128528425379796,1.9193305616357874,1.6417648125334126
1260,2.5499999544996799,2.5499999186223339,2.5499997371726306,2.5499990510894044,2.5499965968117557,2.549988269466787,2.5499616489038077,2.5498818460288977,2.5496581655510426,2.5490730416797116,2.5476461021622634,2.5444036119763607,2.5375381309560368,2.523985439412237,2.4990130688472649,2.4559791336334138,2.3864303287683266,2.2806133738241057,2.1282498304292758,1.9190379201736241,1.6414851309165253
1261,2.5499999538847899,2.549999917587749,2.5499997341573315,2.5499990413018505,2.5499965653886525,2.5499881730399001,2.5499613700139907,2.549881091284671,2.5496562626482291,2.5490685846877765,2.5476364238960323,2.5443841567204366,2.5375019664391618,2.5239233242215491,2.4989145405279363,2.4558348495711058,2.3862353513998351,2.2803704520280723,2.1279713607916984,1.9187454399639445,1.6412056265465473
1262,2.5499999532625641,2.5499999165416152,2.5499997311120839,2.549999031428364,2.5499965337233852,2.5499880759667048,2.5499610895164087,2.5498803328479607,2.5496543519730319,2.5490641128051332,2.5476267198684113,2.544364661639031,2.5374657477834233,2.5238611461687186,2.4988159538660826,2.455690531310645,2.3860403845970355,2.2801275989057301,2.1276930163549346,1.9184531208014384,1.6409262964509805
1263,2.5499999526329264,2.5499999154838227,2.5499997280366382,2.5499990214683308,2.5499965018144852,2.5499879782439376,2.549960807404466,2.549879570706898,2.549652433506898,2.5490596260077107,2.5476169900562438,2.5443451267230981,2.5374294750112178,2.5237989053204148,2.4987173089688253,2.4555461789711948,2.3858454284431345,2.2798848144572395,2.1274147970117112,1.9181609624878628,1.6406471359199823
1264,2.5499999519958005,2.5499999144142609,2.5499997249307462,2.5499990114211362,2.5499964696604835,2.5499878798683349,2.5499605236715808,2.5498788048496515,2.5496505072313833,2.5490551242716717,2.5476072344367959,2.5443255519642354,2.537393148145755,2.5237366017441465,2.4986186059439217,2.4554017926720992,2.3856504830209166,2.2796420986816965,2.1271367026530807,1.9178689648237153,1.6403681431462922
1265,2.5499999513511105,2.5499999133328184,2.5499997217941544,2.5499990012861589,2.5499964372599022,2.54998778083662,2.5499602383111521,2.5498780352643791,2.5496485731280405,2.5490506075732067,2.5475974529873966,2.5443059373541304,2.5373567672103192,2.5236742355074107,2.4985198448989734,2.4552573725324316,2.3854555484128883,2.2793994515780778,2.1268587331701232,1.9175771276104012,1.640089317032789
1266,2.5499999506987789,2.5499999122393833,2.5499997186266103,2.5499989910627785,2.5499964046112575,2.54998768114551,2.5499599513165681,2.5498772619392267,2.5496466311784252,2.5490460758885329,2.547587645685442,2.5442862828845665,2.5373203322282762,2.5236118066776991,2.4984210259414503,2.4551129186710168,2.3852606247013006,2.2791568731452343,2.1265808884539252,1.917285450650194,1.6398106567587047
1267,2.5499999500387287,2.5499999111338396,2.5499997154278615,2.5499989807503698,2.5499963717130627,2.5499875807917092,2.5499596626812044,2.5498764848623265,2.5496446813640929,2.5490415291938988,2.5475778125084041,2.5442665885474316,2.5372838432230784,2.5235493153225068,2.4983221491786773,2.454968431206408,2.3850657119681196,2.2789143633818729,2.1263031683955882,1.9169939337464224,1.6395321616904837
1268,2.5499999493708803,2.549999910016076,2.5499997121976485,2.5499989703483008,2.5499963385638207,2.5499874797719113,2.5499593723984226,2.5498757040218032,2.5496427236666013,2.5490369674655842,2.5475679534338185,2.5442468543347125,2.5372473002182616,2.5234867615093268,2.4982232147178443,2.4548239102569052,2.3848708102950469,2.2786719222865699,2.1260255728862294,1.9167025767036461,1.639253831295707
1269,2.5499999486951546,2.5499999088859773,2.5499997089357143,2.5499989598559427,2.5499963051620309,2.5499873780828048,2.5499590804615684,2.5498749194057644,2.5496407580675085,2.5490323906798986,2.5475580684392973,2.5442270802384961,2.53721070323745,2.5234241453056536,2.4981242226659961,2.4546793559405433,2.3846759197635117,2.278429549857762,2.1257481018169919,1.9164113793280753,1.6389756651140026
1270,2.549999948011473,2.5499999077434254,2.5499997056418002,2.5499989492726587,2.5499962715061852,2.5499872757210618,2.5499587868639817,2.5498741310023094,2.5496387845483759,2.5490277988131833,2.5475481575025216,2.5442072662509698,2.5371740523043504,2.5233614667789745,2.4980251731300425,2.4545347683750962,2.3844810404546699,2.2781872460937524,2.1254707550790473,1.91612034142795,1.6386976627289709
1271,2.5499999473197539,2.5499999065883059,2.5499997023156435,2.5499989385978092,2.5499962375947698,2.5499871726833474,2.5499584915989786,2.5498733387995247,2.5496368030907615,2.5490231918418056,2.547538220601242,2.5441874123644199,2.5371373474427488,2.5232987259967823,2.4979260662167539,2.4543901476780867,2.3842861724494142,2.2779450109927035,2.125193532563606,1.9158294628138581,1.6384198237595904
1272,2.5499999466199177,2.5499999054204983,2.5499996989569826,2.5499989278307527,2.5499962034262658,2.5499870689663178,2.5499581946598688,2.5498725427854856,2.5496348136762306,2.5490185697421688,2.5475282577132767,2.5441675185712302,2.5371005886765174,2.5232359230265629,2.4978269020327613,2.4542454939667735,2.3840913158283743,2.2777028445526488,2.1249164341619164,1.9155387432988809,1.6381421478540272
1273,2.5499999459118809,2.5499999042398867,2.5499996955655511,2.549998916970845,2.5499961689991473,2.5499869645666173,2.5499578960399485,2.5498717429482585,2.5496328162863464,2.5490139324907015,2.5475182688165177,2.5441475848638833,2.5370637760296102,2.5231730579357992,2.497727680684557,2.4541008073581647,2.3838964706719095,2.2774607467714789,2.1246394597652745,1.9152481826985175,1.6378646346822638
1274,2.5499999451955619,2.5499999030463498,2.5499996921410841,2.5499989060174375,2.5499961343118822,2.5499868594808812,2.5499575957325007,2.5498709392758951,2.5496308109026757,2.5490092800638671,2.5475082538889242,2.5441276112349605,2.5370269095260642,2.5231101307919723,2.497628402278496,2.4539560879690097,2.383701637060117,2.2772187176469529,2.1243626092650212,1.9149577808306177,1.6375872839385595
1275,2.5499999444708781,2.5499999018397683,2.5499996886833127,2.549998894969876,2.5499960993629309,2.5499867537057344,2.5499572937307922,2.5498701317564358,2.5496287975067862,2.5490046124381562,2.5474982129085282,2.5441075976771419,2.5369899891899954,2.5230471416625617,2.497529066920793,2.4538113359158031,2.3835068150728289,2.276976757176687,2.1240858825525586,1.9146675375152153,1.6373100953261035
1276,2.5499999437377445,2.5499999006200205,2.5499996851919677,2.5499988838275063,2.5499960641507489,2.549986647237791,2.549956990028079,2.5498693203779106,2.5496267760802476,2.5489999295900923,2.5474881458534293,2.5440875441832049,2.5369530150456026,2.5229840906150427,2.4974296747175244,2.4536665513147828,2.3833120047896146,2.2767348653581654,2.1238092795193446,1.914377452574261,1.6370330685621903
1277,2.5499999429960769,2.5499998993869841,2.5499996816667783,2.5499988725896698,2.5499960286737866,2.5499865400736557,2.5499566846176038,2.5498685051283401,2.5496247466046302,2.5489952314962281,2.5474780527017971,2.5440674507460272,2.5369159871171658,2.5229209777168866,2.4973302257746286,2.4535217342819302,2.3831172062897803,2.2764930421887333,2.1235328000568998,1.9140875258316796,1.6367562033736476
1278,2.5499999422457909,2.5499998981405363,2.5499996781074707,2.5499988612557036,2.5499959929304867,2.5499864322099244,2.5499563774925971,2.5498676859957308,2.5496227090615102,2.5489905181331496,2.5474679334318719,2.5440473173585803,2.5368789054290466,2.5228578030355595,2.4972307201979036,2.4533768849329776,2.3829224196523726,2.2762512876655965,2.1232564440568238,1.9137977571124341,1.6364794994918266
1279,2.5499999414868015,2.5499998968805526,2.5499996745137699,2.5499988498249424,2.5499959569192856,2.5499863236431817,2.5499560686462752,2.5498668629680794,2.5496206634324627,2.5489857894774728,2.5474577880219647,2.5440271440139353,2.5368417700056853,2.5227945666385234,2.4971311580930093,2.4532320033833996,2.3827276449561738,2.2760096017858258,2.1229802114107765,1.9135081462434056,1.636202956660388
1280,2.5499999407190193,2.5499998956069074,2.5499996708853989,2.5499988382967165,2.5499959206386142,2.5499862143700014,2.5499557580718402,2.5498660360333725,2.5496186096990665,2.5489810455058421,2.5474476164504556,2.5440069307052604,2.536804580871602,2.5227312685932359,2.497031539565469,2.453087089748418,2.3825328822797105,2.2757679845463539,2.1227041020105126,1.9132186930519022,1.6359265746258476
1281,2.5499999399423583,2.5499998943194755,2.5499996672220795,2.5499988266703548,2.5499958840868966,2.5499861043869489,2.5499554457624827,2.5498652051795849,2.549616547842902,2.5489762861949363,2.5474374186957944,2.5439866774258206,2.5367673380513955,2.5226679089671493,2.4969318647206653,2.4529421441430039,2.3823381317012489,2.2755264359439762,2.1224281157478671,1.9129293973663364,1.6356503531417832
1282,2.5499999391567307,2.5499998930181302,2.5499996635235327,2.5499988149451815,2.5499958472625499,2.5499859936905782,2.5499551317113811,2.5498643703946811,2.5496144778455516,2.5489715115214651,2.5474271947364997,2.5439663841689759,2.5367300415697445,2.522604487827711,2.4968321336638426,2.4527971666818762,2.3821433932987963,2.2752849559753496,2.122152252514764,1.9126402590158422,1.635374291966982
1283,2.5499999383620477,2.5499998917027433,2.5499996597894761,2.5499988031205181,2.5499958101639866,2.5499858822774342,2.5499548159117,2.5498635316666141,2.5496123996886015,2.548966721462167,2.5474169445511614,2.5439460509281857,2.5366926914514076,2.522541005242362,2.4967323465001079,2.4526521574794988,2.3819486671501009,2.2750435446369961,2.1218765122032046,1.9123512778308904,1.6350983908674683
1284,2.5499999375582201,2.5499998903731864,2.5499996560196263,2.5499987911956805,2.5499957727896132,2.5499857701440511,2.5499544983565898,2.5498626889833256,2.5496103133536407,2.5489619159938153,2.5474066681184389,2.5439256776970032,2.5366552877212198,2.5224774612785374,2.4966325033344279,2.4525071166500925,2.3817539533326606,2.2748022019252971,2.1216008947053386,1.9120624536409643,1.6348226496064566
1285,2.5499999367451585,2.5499998890293298,2.5499996522136978,2.5499987791699823,2.5499957351378284,2.5499856572869537,2.5499541790391893,2.549861842332747,2.54960821882226,2.5489570950932117,2.5473963654170602,2.5439052644690805,2.5366178304040972,2.5224138560036682,2.496532604271632,2.4523620443076184,2.3815592519237074,2.2745609278364993,2.1213253999133546,1.9117737862778195,1.6345470679593339
1286,2.549999935922771,2.5499998876710426,2.5499996483714042,2.5499987670427346,2.5499956972070246,2.5499855437026566,2.5499538579526249,2.5498609917028006,2.5496061160760539,2.548952258737192,2.5473860364258245,2.5438848112381627,2.5365803195250294,2.5223501894851736,2.4964326494164113,2.4522169405657945,2.3813645630002278,2.2743197223667124,2.1210500277196247,1.9114852755719409,1.6342716456969406
1287,2.5499999350909652,2.5499998862981932,2.5499996444924555,2.5499987548132452,2.5499956589955879,2.549985429387664,2.5499535350900087,2.5498601370813958,2.5496040050966191,2.548947406902621,2.5473756811236008,2.543864317998092,2.5365427551090849,2.5222864617904706,2.4963326388733202,2.4520718055380861,2.3811698866389488,2.2740785855119086,2.1207747780165986,1.9111969213548394,1.6339963825965107
1288,2.5499999342496493,2.5499998849106489,2.5499996405765617,2.5499987424808168,2.5499956205018992,2.5499853143384699,2.5499532104444409,2.5498592784564327,2.5496018858655551,2.5489425395663967,2.5473652994893263,2.5438437847428061,2.5365051371814107,2.5222226729869677,2.4962325727467718,2.4519266393377088,2.380975222916343,2.273837517267923,2.1204996506968534,1.9109087234582929,1.6337212784382005
1289,2.5499999333987309,2.5499998835082756,2.5499996366234301,2.54999873004475,2.5499955817243323,2.5499851985515591,2.5499528840090089,2.5498584158158013,2.5495997583644661,2.5489376567054487,2.5473548915020077,2.5438232114663366,2.5364674657672266,2.5221588231420631,2.4961324511410417,2.4517814420776363,2.3807805719086357,2.2735965176304567,2.1202246456531468,1.910620681713489,1.6334463330011459
1290,2.5499999325381157,2.5499998820909395,2.5499996326327663,2.5499987175043421,2.5499955426612551,2.5499850820234053,2.5499525557767866,2.5498575491473807,2.5495976225749568,2.5489327582967367,2.5473444571407211,2.5438025981628121,2.5364297408918328,2.5220949123231517,2.4960322741602678,2.4516362138705858,2.3805859336917914,2.2733555865950721,2.1199497627782988,1.9103327959526477,1.6331715460706875
1291,2.5499999316677098,2.5499998806585045,2.5499996286042754,2.5499987048588846,2.5499955033110284,2.5499849647504735,2.5499522257408356,2.5498566784390397,2.5495954784786381,2.5489278443172561,2.5473339963846144,2.5437819448264536,2.5363919625806002,2.5220309405976149,2.4959320419084507,2.4514909548290378,2.3803913083415349,2.2731147241571983,2.119675001965371,1.9100450660072861,1.6328969174307788
1292,2.5499999307874175,2.5499998792108354,2.549999624537659,2.5499986921076685,2.549995463672007,2.5499848467292172,2.5499518938942036,2.549855803678637,2.549593326057122,2.5489229147440318,2.547323509212903,2.5437612514515786,2.5363541308589799,2.5219669080328302,2.4958317544894522,2.4513456650652161,2.3801966959333294,2.2728739303121266,2.1194003631074869,1.9097574917095681,1.6326224468698345
1293,2.5499999298971425,2.5499998777477928,2.5499996204326179,2.5499986792499789,2.5499954237425402,2.549984727956081,2.5499515602299274,2.5498549248540212,2.5495911652920262,2.54891796955412,2.5473129956048721,2.5437405180325974,2.5363162457524941,2.5219028146961633,2.4957314120069958,2.4512003446911055,2.380002096542396,2.272633205055016,2.1191258460979907,1.9094700728914351,1.6323481341764758
1294,2.5499999289967881,2.5499998762692395,2.5499996162888499,2.5499986662850986,2.5499953835209697,2.5499846084274984,2.5499512247410316,2.5498540419530298,2.54958899616497,2.5489130087246092,2.5473024555398753,2.5437197445640143,2.5362783072867416,2.5218386606549714,2.4956310145646676,2.451054993818444,2.3798075102437051,2.27239254838089,2.11885145083038,1.909182809384907,1.6320739791411982
1295,2.5499999280862555,2.5499998747750352,2.5499996121060522,2.5499986532123069,2.5499953430056315,2.5499844881398936,2.5499508874205254,2.5498531549634906,2.5495868186575765,2.5489080322326214,2.5472918889973366,2.5436989310404297,2.5362403154873983,2.521774445976606,2.4955305622659147,2.4509096125587182,2.3796129371119696,2.2721519602846345,2.1185771771982491,1.9088957010222722,1.6317999815576605
1296,2.5499999271654477,2.5499998732650395,2.5499996078839193,2.5499986400308785,2.5499953021948545,2.5499843670896802,2.5499505482614078,2.5498522638732219,2.5495846327514746,2.5489030400553094,2.5472812959567497,2.5436780774565353,2.5362022703802087,2.5217101707284031,2.4954300552140474,2.4507642010231785,2.3794183772216666,2.2719114407610075,2.1183030250954435,1.9086087476356208,1.6315261412189017
1297,2.5499999262342645,2.5499998717391112,2.5499996036221444,2.5499986267400865,2.5499952610869623,2.5499842452732628,2.5499502072566629,2.549851368670033,2.5495824384282946,2.5488980321698604,2.5472706763976762,2.5436571838071171,2.536164171990992,2.5216458349776909,2.4953294935122377,2.4506187593228312,2.379223830647025,2.2716709898046337,2.1180289944159774,1.9083219490570817,1.6312524579194099
1298,2.5499999252926071,2.5499998701971078,2.5499995993204188,2.5499986133391981,2.5499952196802709,2.549984122687035,2.549949864399264,2.5498504693417208,2.549580235669672,2.5488930085534918,2.547260030299749,2.5436362500870562,2.5361260203456464,2.5215814387917908,2.4952288772635196,2.4504732875684287,2.3790292974620151,2.2714306074099975,2.1177550850539597,1.908035305119024,1.6309789314570582
1299,2.5499999243403741,2.5499998686388854,2.5499995949784311,2.5499985998274792,2.5499951779730909,2.5499839993273805,2.5499495196821704,2.549849565876074,2.5495780244572459,2.5488879691834536,2.5472493576426682,2.5436152762913236,2.5360878154701356,2.5215169822380092,2.49512820657079,2.4503277858704924,2.3788347777403738,2.271190293571459,2.1174812969037666,1.9077488156536651,1.6307055616285824
1300,2.5499999233774644,2.5499998670642987,2.5499995905958697,2.5499985862041901,2.5499951359637261,2.5499838751906734,2.5499491730983315,2.5498486582608715,2.5495758047726604,2.5488829140370295,2.5472386584062039,2.5435942624149823,2.5360495573904971,2.5214524653836414,2.495027481536809,2.4501822543393006,2.3786402715555939,2.2709500482832463,2.1172076298599558,1.9074624804932461,1.6304323482318301
1301,2.5499999224037757,2.5499998654732021,2.5499995861724205,2.549998572468589,2.5499950936504736,2.5499837502732778,2.5499488246406807,2.5498477464838807,2.5495735765975618,2.5488778430915344,2.5472279325701952,2.5435732084531923,2.5360112461328459,2.5213878882959779,2.4949267022641965,2.4500366930848787,2.3784457789809106,2.2707098715394483,2.1169340838171968,1.9071762994701535,1.6301592910676139
1302,2.5499999214192051,2.5499998638654495,2.5499995817077665,2.5499985586199299,2.5499950510316247,2.549983624571547,2.5499484743021417,2.5498468305328617,2.5495713399136029,2.5488727563243163,2.5472171801145502,2.5435521144012028,2.5359728817233633,2.5213232510422903,2.494825868855437,2.4498911022170224,2.3782513000893282,2.2704697633340332,2.1166606586704133,1.9068902724167835,1.6298863899360061
1303,2.5499999204236472,2.5499998622408935,2.5499995772015893,2.5499985446574622,2.5499950081054634,2.5499834980818248,2.5499481220756235,2.5498459103955651,2.5495690947024396,2.5488676537127573,2.5472064010192454,2.5435309802543542,2.5359344641883013,2.5212585536898393,2.4947249814128765,2.449745481845286,2.3780568349536089,2.2702297236608393,2.1163873543147171,1.906604399165573,1.629613644638028
1304,2.5499999194169982,2.5499998605993852,2.5499995726535687,2.5499985305804334,2.5499949648702676,2.5499833708004442,2.5499477679540243,2.5498449860597301,2.5495668409457322,2.5488625352342704,2.547195595264327,2.5435098060080836,2.5358959935539898,2.5211937963058788,2.494624040038723,2.4495998320789734,2.3778623836462591,2.2699897525135664,2.116114170645361,1.9063186795489822,1.6293410549768572
1305,2.5499999183991529,2.5499998589407746,2.5499995680633827,2.5499985163880865,2.5499949213243092,2.5499832427237292,2.5499474119302286,2.5498440575130874,2.5495645786251466,2.5488574008663019,2.54718476282991,2.5434885916579142,2.5358574698468228,2.5211289789576465,2.4945230448350486,2.4494541530271592,2.3776679462395571,2.269749849885796,2.1158411075578258,1.9060331133996362,1.6290686207555167
1306,2.5499999173700041,2.5499998572649103,2.5499995634307084,2.5499985020796609,2.5499948774658527,2.5499831138479938,2.5499470539971094,2.5498431247433579,2.5495623077223528,2.5488522505863322,2.5471739036961787,2.5434673371994618,2.5358188930932637,2.5210641017123669,2.4944219959037883,2.4493084447986799,2.377473522805539,2.2695100157709827,2.1155681649477822,1.9057477005502312,1.6287963417778988
1307,2.5499999163294458,2.5499998555716394,2.5499995587552196,2.5499984876543933,2.549994833293157,2.5499829841695414,2.5499466941475268,2.5498421877382533,2.5495600282190245,2.5488470843718729,2.5471630178433853,2.5434460426284375,2.5357802633198543,2.520999164637256,2.4943208933467376,2.4491627075021216,2.3772791134159887,2.2692702501624424,2.1152953427110681,1.9054624408334238,1.6285242178494586
1308,2.5499999152773691,2.5499998538608102,2.5499995540365878,2.5499984731115153,2.5499947888044745,2.549982853684666,2.5499463323743288,2.5498412464854763,2.5495577400968421,2.5488419022004694,2.5471521052518513,2.543424707940638,2.5357415805531978,2.5209341677995125,2.4942197372655572,2.4490169412458433,2.3770847181424632,2.2690305530533776,2.1150226407437276,1.9051773340821097,1.6282522487757483
1309,2.5499999142136653,2.5499998521322684,2.5499995492744842,2.5499984584502555,2.5499947439980502,2.5499827223896498,2.5499459686703512,2.5498403009727202,2.5495554433374896,2.5488367040497,2.5471411659019663,2.5434033331319532,2.5357028448199688,2.5208691112663209,2.4941185277617701,2.4488711461379662,2.3768903370562797,2.2687909244368658,2.1147500589419943,1.9048923801292794,1.6279804343631075
1310,2.5499999131382243,2.5499998503858587,2.5499995444685761,2.5499984436698386,2.5499946988721232,2.5499825902807669,2.549945603028418,2.5498393511876687,2.549553137922655,2.5488314898971756,2.5471301997741902,2.5433819181983659,2.5356640561469157,2.5208039951048571,2.4940172649367609,2.4487253222863639,2.3766959702285049,2.2685513643058459,2.1144775972022849,1.9046075788078933,1.6277087744191883
1311,2.5499999120509362,2.5499998486214248,2.5499995396185304,2.5499984287694852,2.549994653424926,2.5499824573542802,2.549945235441339,2.5498383971179965,2.5495508238340343,2.5488262597205416,2.5471192068490498,2.543360463135945,2.5356252145608495,2.5207388193822795,2.4939159488917788,2.4485794697986845,2.3765016177299803,2.2683118726531499,2.1142052554212052,1.9043229299511655,1.6274372687517393
1312,2.5499999109516893,2.5499998468388085,2.5499995347240119,2.5499984137484137,2.5499946076546856,2.5499823236064443,2.5499448659019133,2.5498374387513718,2.5495485010533274,2.5488210134974771,2.5471081871071415,2.54333896794085,2.5355863200886497,2.5206735841657313,2.4938145797279359,2.4484335887823381,2.3763072796313103,2.2680724494714846,2.113933033495548,1.9040384333924236,1.6271659171692081
1313,2.5499999098403716,2.5499998450378514,2.5499995297846834,2.5499983986058377,2.5499945615596205,2.5499821890335013,2.549944494402927,2.5498364760754497,2.5495461695622383,2.5488157512056921,2.5470971405291301,2.5433174326093351,2.5355473727572697,2.5206082895223463,2.4937131575462055,2.448287679344491,2.3761129560028502,2.267833094753422,2.1136609313223,1.9037540889649991,1.6268947194812344
1314,2.5499999087168699,2.5499998432183948,2.5499995248002043,2.5499983833409661,2.5499945151379442,2.5499820536316853,2.5499441209371554,2.5498355090778784,2.5495438293424773,2.5488104728229324,2.5470860670957487,2.5432958571377391,2.5355083725937249,2.5205429355192384,2.4936116824474261,2.4481417415920843,2.3759186469147324,2.2675938084914282,2.1133889487986233,1.9034698965024812,1.6266236754975532
1315,2.5499999075810704,2.5499998413802767,2.5499995197702341,2.5499983679530067,2.5499944683878626,2.5499819173972198,2.5499437454973606,2.5498345377462974,2.5495414803757601,2.5488051783269752,2.5470749667877981,2.5432742415224916,2.535469319625097,2.5204775222235067,2.4935101545323008,2.4479957756318238,2.3757243524368534,2.2673545906778498,2.1131170858218642,1.9031858558385926,1.6263527850285266
1316,2.5499999064328582,2.5499998395233363,2.5499995146944285,2.5499983524411616,2.5499944213075754,2.5499817803263181,2.5499433680762924,2.5498335620683354,2.5495391226438064,2.5487998676956325,2.5470638395861491,2.5432525857601145,2.5354302138785414,2.5204120497022404,2.4934085739013927,2.4478497815701719,2.3755300726388633,2.2671154413048979,2.1128453422895674,1.9029019668070855,1.6260820478855655
1317,2.5499999052721178,2.5499998376474102,2.5499995095724421,2.54999833680463,2.5499943738952764,2.5499816424151831,2.5499429886666887,2.5498325820316152,2.5495367561283442,2.5487945409067496,2.5470526854717401,2.543230889847214,2.5353910553812744,2.5203465180225071,2.4933069406551298,2.4477037595133675,2.3753358075901909,2.2668763603646838,2.1125737180994411,1.9026182292419838,1.6258114638802446
1318,2.5499999040987329,2.5499998357523337,2.5499995044039285,2.5499983210426058,2.549994326149152,2.5499815036600086,2.5499426072612743,2.5498315976237502,2.5495343808111062,2.548789197938206,2.5470415044255774,2.5432091537804862,2.5353518441605778,2.5202809272513607,2.4932052548938044,2.4475577095674166,2.3751415573600303,2.2666373478492008,2.1123022131493734,1.9023346429774615,1.6255410328247173
1319,2.5499999029125857,2.5499998338379415,2.5499994991885377,2.5499983051542805,2.5499942780673823,2.5499813640569768,2.5499422238527627,2.5498306088323441,2.5495319966738292,2.5487838387679136,2.5470302964287366,2.5431873775567198,2.5353125802438061,2.5202152774558426,2.4931035167175706,2.447411631838083,2.3749473220173321,2.2663984037503089,2.1120308273374544,1.9020512078477452,1.6252707545320295
1320,2.5499999017135573,2.5499998319040684,2.5499994939259181,2.5499982891388431,2.5499942296481413,2.5499812236022623,2.5499418384338566,2.5498296156449922,2.5495296036982573,2.548778463373818,2.5470190614623607,2.5431655611727888,2.5352732636583766,2.5201495687029758,2.4930017262264474,2.4472655264309018,2.374753101630819,2.2661595280597626,2.1117595605619388,1.9017679236872809,1.6250006288156069
1321,2.5499999005015286,2.5499998299505453,2.5499994886157156,2.5499982729954742,2.5499941808895912,2.5499810822920166,2.5499414509972183,2.5498286180492253,2.549527201866026,2.5487730717336938,2.5470077995073179,2.5431437046251464,2.5352338944311006,2.5200838010590227,2.4928998835196658,2.4471193934508473,2.374558896269193,2.2659207207700787,2.1114884127227316,1.9014847903326915,1.6247306993648158
1322,2.5499998992763806,2.5499998279772047,2.5499994832575767,2.5499982567233577,2.5499941317899011,2.5499809401224156,2.5499410615355802,2.549827616032736,2.5495247911591208,2.5487676638259686,2.5469965105455747,2.5431218079118598,2.535194472590856,2.5200179745924527,2.4927979886982792,2.4469732330036726,2.3743647060003226,2.2656819818710572,2.111217383715438,1.9012018076149828,1.6244609581488667
1323,2.5499998980379917,2.549999825983877,2.549999477851141,2.549998240321667,2.5499940823472196,2.5499807970895896,2.5499406700415785,2.5498266095830378,2.5495223715591879,2.5487622396284828,2.546985194558133,2.5430998710295571,2.5351549981645851,2.5199520893694944,2.4926960418612403,2.4468270451938814,2.3741705308924361,2.2654433113549834,2.1109464734403347,1.9009189753710618,1.6241913922213884
1324,2.5499998967862387,2.5499998239703889,2.5499994723960517,2.5499982237895775,2.5499940325596961,2.549980653189674,2.5499402765078689,2.5498255986876925,2.5495199430479971,2.5487567991193187,2.5469738515264111,2.543077893975465,2.5351154711799642,2.5198861454571047,2.4925940431080233,2.4466808301260898,2.373976371013339,2.2652047092131626,2.1106756817963563,1.9006362934361114,1.6239219968522447
1325,2.5499998955210015,2.5499998219365705,2.5499994668919452,2.5499982071262552,2.5499939824254678,2.5499805084187925,2.5499398809270928,2.5498245833342534,2.5495175056073207,2.5487513422765931,2.5469624814318896,2.5430558767468958,2.5350758916647314,2.5198201429222209,2.492491992537972,2.4465345879046838,2.3737822264306079,2.2649661754367925,2.110405008682616,1.9003537616455295,1.6236527692174854
1326,2.5499998942421547,2.5499998198822476,2.5499994613384573,2.5499981903308639,2.5499939319426721,2.5499803627730575,2.54993948329188,2.5498235635102677,2.5495150592189417,2.548745869078453,2.5469510842561229,2.5430338193412485,2.5350362596466884,2.5197540818317599,2.4923898902502843,2.44638831863382,2.3735880972115906,2.2647277100169614,2.1101344539983868,1.9000713798350355,1.6233837073740967
1327,2.5499998929495726,2.5499998178072443,2.5499994557352252,2.549998173402567,2.5499938811094336,2.5499802162485721,2.5499390835948486,2.5498225392032716,2.5495126038646458,2.5487403795030872,2.5469396599807275,2.5430117217560122,2.5349965751537025,2.5196879622526245,2.4922877363440281,2.4462420224174273,2.373393983423405,2.2644893129446504,2.1098640176431123,1.8997891478410454,1.6231148098421289
1328,2.5499998916431323,2.5499998157113879,2.5499994500818777,2.5499981563405196,2.5499938299238738,2.5499800688414291,2.5499386818286034,2.5498215104007942,2.5495101395262267,2.5487348735287108,2.5469282085873921,2.5429895839887591,2.5349568382136995,2.5196217842516964,2.492185530918134,2.4460956993592022,2.373199885132943,2.2642509842107317,2.1095936995164006,1.8995070655015329,1.622846075417375
1329,2.5499998903227046,2.5499998135944986,2.5499994443780474,2.5499981391438773,2.5499937783841062,2.5499799205477132,2.549938277985742,2.5498204770903588,2.5495076661854847,2.5487293511335749,2.5469167300578706,2.5429674060371505,2.5349170488546724,2.5195555478958411,2.4920832740713958,2.4459493495626208,2.3730058024068708,2.2640127238059713,2.1093234995180175,1.8992251326570679,1.6225775031086931
1330,2.5499998889881645,2.5499998114563991,2.5499994386233595,2.5499981218117878,2.5499937264882391,2.5499797713634975,2.5499378720588441,2.5498194392594766,2.5495051838242264,2.5487238122959699,2.5469052243739858,2.5429451878989293,2.5348772071046741,2.5194892532519018,2.4919809659024734,2.4458029731309252,2.3728117353116294,2.2637745317210327,2.1090534175478939,1.8989433491518457,1.6223090920702881
1331,2.5499998876393821,2.5499998092969109,2.5499994328174425,2.5499981043433966,2.549993674234373,2.5499796212848431,2.5499374640404797,2.5498183968956529,2.5495026924242672,2.5487182569942157,2.5468936915176292,2.5429229295719331,2.5348373129918187,2.5194229003867052,2.4918786065098919,2.4456565701671367,2.3726176839134334,2.2635364079464728,2.1087834535061161,1.8986617148346316,1.6220408415549961
1332,2.5499998862762276,2.5499998071158525,2.5499994269599195,2.5499980867378444,2.5499936216205996,2.5499794703078078,2.5499370539232111,2.5498173499863888,2.5495001919674252,2.5487126852066679,2.5468821314707553,2.542900631054072,2.5347973665442849,2.5193564893670604,2.4917761959920379,2.4455101407740467,2.3724236482782719,2.2632983524727464,2.1085136072929314,1.8983802295592507,1.6217727508916318
1333,2.5499998848985728,2.5499998049130421,2.5499994210504102,2.5499980689942703,2.549993568645009,2.5499793184284321,2.5499366416995843,2.5498162985191692,2.5494976824355309,2.5487070969117158,2.5468705442153921,2.5428782923433575,2.5347573677903084,2.5192900202597532,2.4916737344471658,2.4453636850542209,2.3722296284719131,2.263060365290205,2.1082438788087385,1.8980988931845977,1.621504819472483
1334,2.5499998835062843,2.5499998026882973,2.5499994150885361,2.5499980511118081,2.5499935153056801,2.5499791656427497,2.5499362273621347,2.5498152424814804,2.5494951638104149,2.5487014920877846,2.5468589297336308,2.5428559134378736,2.53471731675819,2.5192234931315518,2.4915712219733939,2.4452172031100043,2.3720356245598988,2.2628224463890998,2.1079742679540949,1.8978177055742729,1.6212370467411776
1335,2.5499998820992307,2.5499998004414342,2.5499994090739144,2.5499980330895871,2.5499934616006867,2.5499790119467836,2.5499358109033858,2.5498141818607949,2.5494926360739205,2.5486958707133338,2.5468472880076325,2.5428334943357966,2.5346772134762903,2.5191569080492031,2.4914686586687043,2.4450706950435128,2.3718416366075505,2.2625845957595798,2.1077047746297093,1.8975366665963302,1.6209694321883761
1336,2.5499998806772797,2.5499997981722662,2.5499994030061601,2.5499980149267318,2.5499934075280977,2.5499788573365496,2.5499353923158505,2.5498131166445805,2.549490099207897,2.5486902327668575,2.5468356190196242,2.5428110350353847,2.534637057973026,2.5190902650794373,2.4913660446309431,2.444924160956639,2.3716476646799665,2.2623468133916975,2.1074353987364445,1.8972557761227731,1.6207019753390526
1337,2.5499998792402958,2.549999795880606,2.549999396884886,2.5499979966223676,2.5499933530859722,2.5499787018080498,2.5499349715920312,2.5498120468202954,2.5494875531941998,2.5486845782268821,2.5468239227518996,2.5427885355349806,2.534596850276881,2.5190235642889593,2.4912633799578261,2.4447776009510536,2.3714537088420227,2.2621090992754018,2.1071661401753135,1.8969750340286589,1.6204346757415804
1338,2.549999877788145,2.549999793566267,2.5499993907097038,2.5499979781756101,2.5499932982723639,2.5499785453572783,2.5499345487244161,2.5498109723753917,2.5494849980146919,2.5486789070719724,2.5468121991868213,2.542765995833014,2.5345565904163938,2.5189568057444562,2.4911606647469289,2.4446310151282016,2.3712597691583763,2.2618714534005475,2.1068969988474815,1.8966944401918462,1.6201675329722611
1339,2.5499998763206912,2.5499997912290611,2.5499993844802216,2.549997959585574,2.5499932430853187,2.549978387980218,2.5499341237054813,2.5498098932973154,2.5494824336512432,2.5486732192807269,2.5468004483068203,2.5427434159279971,2.5345162784201629,2.5188899895125929,2.491057899095694,2.444484403589307,2.3710658456934643,2.2616338757568921,2.1066279746542667,1.8964139944924183,1.6199005466272347
1340,2.5499998748377966,2.5499997888687957,2.5499993781960448,2.54999794085137,2.5499931875228787,2.5499782296728446,2.5499336965276962,2.5498088095735012,2.5494798600857331,2.5486675148317768,2.5467886700943905,2.5427207958185254,2.5344759143168472,2.5188231156600169,2.4909550831014307,2.4443377664353716,2.3708719385115007,2.2613963663340968,2.1063590674971415,1.8961336968117193,1.6196337163206047
1341,2.5499998733393232,2.5499997864852801,2.5499993718567797,2.5499979219721034,2.5499931315830766,2.5499780704311203,2.5499332671835129,2.5498077211913808,2.5494772773000465,2.5486617937037894,2.5467768645320961,2.5426981355032798,2.5344354981351636,2.5187561842533484,2.4908522168613128,2.4441911037671749,2.3706780476764853,2.2611589251217272,2.1060902772777408,1.8958535470317028,1.6193670416811532
1342,2.5499998718251318,2.5499997840783202,2.5499993654620292,2.5499979029468776,2.5499930752639401,2.5499779102510001,2.5499328356653757,2.5498066281383771,2.5494746852760763,2.5486560558754681,2.5467650316025665,2.542675434981025,2.5343950299038882,2.5186891953591899,2.4907493004723786,2.4440444156852745,2.370484173252196,2.2609215521092527,2.1058216038978492,1.8955735450366855,1.6191005223598072
1343,2.5499998702950837,2.5499997816477231,2.5499993590113914,2.5499978837747901,2.5499930185634883,2.549977749128427,2.5499324019657168,2.5498055304019047,2.5494720839957243,2.5486503013255501,2.5467531712885001,2.542652694250608,2.534354509651854,2.5186221490441199,2.490646334031533,2.4438977022900095,2.3702903153021957,2.2606842472860529,2.1055530472594355,1.8952936907093156,1.6188341580102152
1344,2.5499998687490368,2.5499997791932931,2.5499993525044644,2.5499978644549355,2.5499929614797336,2.549977587059336,2.5499319660769575,2.549804427969371,2.5494694734408991,2.5486445300328087,2.5467412835726613,2.5426299133109596,2.5343139374079535,2.5185550453746983,2.4905433176355447,2.4437509636814951,2.3700964738898276,2.2604470106414096,2.1052846072646143,1.8950139839346583,1.6185679483091189
1345,2.5499998671868491,2.549999776714833,2.549999345940845,2.5499978449864038,2.5499929040106841,2.5499774240396507,2.5499315279915056,2.549803320828179,2.549466853593517,2.5486387419760494,2.5467293684378802,2.5426070921610933,2.5342733132011341,2.5184878844174587,2.4904402513810511,2.443604199959629,2.3699026490782207,2.2602098421645178,2.1050162838157158,1.8947344245951825,1.618301892930909
1346,2.5499998656083775,2.5499997742121439,2.5499993393201268,2.5499978253682816,2.54999284615434,2.5499772600652864,2.5499310877017596,2.5498022089657213,2.5494642244355017,2.5486329371341152,2.5467174258670551,2.542584230800105,2.5342326370604034,2.5184206662389159,2.4903371353645527,2.4434574112240872,2.369708840930286,2.2599727418444755,2.1047480768152154,1.8944550125751127,1.6180359915698428
1347,2.5499998640134782,2.5499997716850276,2.5499993326418995,2.5499978055996513,2.5499927879086925,2.5499770951321463,2.5499306452001056,2.5498010923693868,2.5494615859487868,2.5486271154858855,2.546705455843151,2.5425613292271745,2.5341919090148233,2.5183533909055589,2.4902339696824178,2.4433105975743312,2.3695150495087227,2.2597357096702972,2.1044799861658308,1.8941757477562431,1.6177702439190709
1348,2.5499998624020055,2.5499997691332839,2.5499993259057532,2.5499977856795915,2.5499927292717288,2.5499769292361258,2.5499302004789195,2.5497999710265549,2.5494589381153125,2.5486212770102723,2.5466934583491989,2.5425383874415646,2.5341511290935159,2.5182860584838549,2.4901307544308797,2.4431637591095998,2.3693212748760129,2.2594987456309017,2.1042120117704339,1.893896630021136,1.6175046496864078
1349,2.5499998607738141,2.5499997665567093,2.5499993191112744,2.5499977656071753,2.5499926702414277,2.5499767623731091,2.5499297535305647,2.5497988449245992,2.5494562809170285,2.5486154216862231,2.5466814333682963,2.5425154054426167,2.5341102973256548,2.5182186690402482,2.4900274897060375,2.443016895928916,2.3691275170944257,2.2592618497151222,2.1039441535321681,1.8936176592504947,1.6172392085812295
1350,2.5499998591287563,2.5499997639551011,2.5499993122580484,2.5499977453814737,2.5499926108157625,2.5499765945389714,2.5499293043473941,2.5497977140508867,2.5494536143358917,2.5486095494927206,2.5466693808836065,2.5424923832297579,2.5340694137404722,2.5181512226411611,2.4899241756038561,2.4428700081310821,2.3689337762260148,2.2590250219117007,2.1036764113543431,1.8933388353249778,1.6169739203235702
1351,2.5499998574666836,2.5499997613282543,2.549999305345656,2.549997725001552,2.5499925509926986,2.5499764257295765,2.5499288529217496,2.5497965783927783,2.5494509383538673,2.5486036604087854,2.546657300878362,2.5424693208024935,2.5340284783672549,2.5180837193529881,2.4898208122201693,2.4427230958146899,2.3687400523326292,2.2587882622092983,2.1034087851405845,1.8930601581236373,1.6167087846344594
1352,2.5499998557874473,2.5499997586759631,2.5499992983736774,2.5499977044664734,2.5499924907701952,2.5499762559407797,2.5499283992459616,2.5497954379376271,2.5494482529529292,2.5485977544134704,2.5466451933358591,2.5424462181604133,2.5339874912353473,2.5180161592421042,2.4897173996506741,2.4425761590781065,2.3685463454758953,2.2585515705964796,2.1031412747946523,1.8927816275253995,1.6164438012465494
1353,2.5499998540908964,2.5499997559980199,2.5499992913416905,2.5499976837752953,2.5499924301462049,2.5499760851684261,2.5499279433123494,2.5497942926727801,2.5494455581150604,2.5485918314858655,2.5466330582394616,2.5424230753031871,2.5339464523741473,2.5179485423748589,2.4896139379909363,2.4424291980194872,2.3683526557172336,2.2583149470617281,2.1028738802206051,1.8925032434078846,1.6161789698945015
1354,2.5499998523768799,2.5499997532942169,2.5499992842492718,2.5499976629270718,2.5499923691186721,2.5499759134083515,2.5499274851132214,2.5497931425855773,2.5494428538222502,2.5485858916050947,2.5466208955725991,2.5423998922305664,2.5339053618131064,2.5178808688175769,2.4895104273363864,2.4422822127367723,2.3681589831178562,2.2580783915934468,2.1026066013227962,1.8922250056474834,1.6159142903153005
1355,2.5499998506452446,2.5499997505643441,2.5499992770959943,2.5499976419208523,2.5499923076855353,2.5499757406563819,2.5499270246408741,2.5497919876633528,2.5494401400564985,2.5485799347503191,2.5466087053187674,2.542376668942385,2.5338642195817349,2.5178131386365612,2.4894068677823227,2.4421352033276817,2.3679653277387569,2.257841904179942,2.1023394380057292,1.8919469141202239,1.6156497622567538
1356,2.5499998488958382,2.5499997478081897,2.5499992698814284,2.5499976207556831,2.5499922458447268,2.5499755669083313,2.5499265618875939,2.549790827893434,2.5494374167998148,2.5485739609007343,2.546596487461529,2.5423534054385528,2.5338230257095908,2.517745351898085,2.4893032594239095,2.4419881698897279,2.3677716896407306,2.2576054848094498,2.1020723901743139,1.8916689687005417,1.6153853854626279
1357,2.5499998471285057,2.5499997450255405,2.5499992626051422,2.5499975994306054,2.5499921835941719,2.5499753921600057,2.5499260968456561,2.5497896632631436,2.5494346840342157,2.5485679700355726,2.5465842419845126,2.5423301017190645,2.5337817802262901,2.5176775086684011,2.489199602356178,2.4418411125202026,2.3675780688843555,2.2573691334701125,2.1018054577336343,1.8913911692622214,1.6151211596859592
1358,2.5499998453430912,2.5499997422161824,2.5499992552667026,2.5499975779446573,2.5499921209317882,2.5499752164072,2.5499256295073245,2.5497884937597957,2.5494319417417266,2.5485619621341002,2.5465719688714126,2.5423067577839933,2.5337404831615031,2.5176096090137365,2.489095896674026,2.4416940313161848,2.367384465530002,2.2571328501499921,2.101538640589057,1.8911135156780834,1.6148570846828687
1359,2.549999843539438,2.549999739379901,2.5499992478656739,2.5499975562968715,2.5499920578554871,2.5499750396457022,2.549925159864852,2.5497873193706986,2.5494291899043828,2.5485559371756206,2.5465596681059881,2.542283373633492,2.5336991345449498,2.5175416530002908,2.4889921424722208,2.4415469263745448,2.3671908796378425,2.2568966348370778,2.1012719386463088,1.8908360078199875,1.6145931602084671
1360,2.5499998417173875,2.5499997365164782,2.5499992404016179,2.5499975344862782,2.5499919943631721,2.549974861871287,2.5499246879104818,2.549786140083155,2.5494264285042272,2.5485498951394718,2.5465473396720655,2.542259949267796,2.533657734406408,2.5174736406942424,2.4888883398453938,2.4413997977919335,2.3669973112678289,2.2566604875192655,2.1010053518113017,1.8905586455587968,1.6143293860262464
1361,2.5499998398767816,2.5499997336256972,2.549999232874093,2.5499975125119017,2.549991930452741,2.549974683079721,2.5499242136364444,2.5497849558844616,2.5494236575233136,2.5485438360050274,2.5465349835535367,2.5422364846872161,2.5336162827757032,2.5174055721617385,2.4887844888880455,2.4412526456647932,2.366803760479717,2.2564244081843792,2.100738879990284,1.8902814287647489,1.6140657618994867
1362,2.5499998380174596,2.5499997307073374,2.5499992252826562,2.5499974903727636,2.5499918661220846,2.5499745032667609,2.5499237370349599,2.5497837667619092,2.5494208769437043,2.5485377597516985,2.5465225997343612,2.5422129798921449,2.5335747796827146,2.5173374474689036,2.4886805896945421,2.4411054700893535,2.3666102273330543,2.2561883968201628,2.1004725230897843,1.8900043573071719,1.6138022875947682
1363,2.5499998361392615,2.5499997277611786,2.5499992176268624,2.5499974680678812,2.549991801369087,2.5499743224281537,2.5499232580982381,2.5497825727027816,2.5494180867474707,2.5485316663589299,2.5465101881985621,2.5421894348830549,2.5335332251573766,2.5172692666818368,2.4885766423591185,2.4409582711616284,2.3664167118871782,2.2559524534142743,2.1002062810165918,1.8897274310543841,1.6135389628828785
1364,2.5499998342420236,2.5499997247869972,2.5499992099062645,2.5499974455962655,2.5499917361916244,2.5499741405596352,2.5499227768184785,2.5497813736943584,2.5494152869166928,2.5485255558062048,2.5464977489302267,2.5421658496604942,2.5334916192296686,2.5172010298666074,2.4884726469758776,2.4408110489774315,2.366223214201236,2.2557165779543129,2.0999401536777986,1.8894506498746371,1.613275787533798
1365,2.5499998323255828,2.54999972178457,2.5499992021204125,2.5499974229569267,2.5499916705875676,2.5499739576569338,2.5499222931878682,2.5497801697239111,2.549412477433461,2.5485194280730399,2.5464852819135104,2.5421422242250946,2.5334499619296293,2.5171327370892635,2.4883686036387873,2.440663803632352,2.3660297343341545,2.2554807704277788,2.0996741409807664,1.8891740136346182,1.6130127613237355
1366,2.5499998303897753,2.5499997187536714,2.5499991942688536,2.5499974001488677,2.5499916045547795,2.5499737737157657,2.5499218071985856,2.5497789607787062,2.5494096582798731,2.5485132831389889,2.5464727871326347,2.5421185585775645,2.5334082532873468,2.5170643884158244,2.4882645124416856,2.4405165352217724,2.3658362723446609,2.2552450308221017,2.0994082428331398,1.8888975222004869,1.612749884030414
1367,2.549999828434435,2.5499997156940757,2.5499991863511333,2.5499973771710898,2.549991538091116,2.5499735887318384,2.549921318842796,2.5497777468460074,2.5494068294380412,2.5485071209836412,2.5464602645718832,2.5420948527186868,2.5333664933329527,2.5169959839122784,2.4881603734782787,2.4403692438408759,2.3656428282912954,2.2550093591246556,2.0991424591428172,1.8886211754385278,1.6124871554301794
1368,2.5499998264593953,2.5499997126055547,2.5499991783667939,2.5499973540225889,2.5499914711944256,2.5499734027008496,2.5499208281126555,2.549776527913068,2.5494039908900823,2.5485009415866218,2.5464477142156086,2.5420711066493284,2.5333246820966404,2.5169275236445925,2.4880561868421389,2.4402219295846219,2.3654494022323758,2.2547737553227134,2.098876789818005,1.8883449732133599,1.6122245753059896
1369,2.5499998244644884,2.5499997094878792,2.5499991703153766,2.5499973307023565,2.5499914038625513,2.5499732156184867,2.5499203350003095,2.549775303967138,2.5494011426181253,2.5484947449275919,2.5464351360482271,2.5420473203704326,2.5332828196086496,2.5168590076787063,2.4879519526267067,2.4400745925477629,2.3652559942260241,2.2545382194034818,2.0986112347671746,1.8880689153892274,1.6119621434416898
1370,2.5499998224495442,2.5499997063408171,2.5499991621964186,2.5499973072093796,2.5499913360933291,2.5499730274804291,2.5499198394978926,2.5497740749954629,2.5493982846043073,2.5484885309862499,2.5464225300542189,2.5420234938830162,2.5332409058992624,2.5167904360805258,2.487847670925293,2.4399272328248567,2.3650626043301788,2.2543027513541203,2.0983457938990013,1.8877930018306619,1.6116998596195566
1371,2.549999820414393,2.5499997031641368,2.549999154009456,2.5499972835426425,2.5499912678845869,2.5499728382823443,2.549919341597529,2.5497728409852805,2.5493954168307758,2.5484822997423291,2.5464098962181323,2.5419996271881793,2.5331989409988207,2.516721808915936,2.4877433418310742,2.4397798505102353,2.3648692326025555,2.2540673511616847,2.0980804671225077,1.8875172324005534,1.6114377236278985
1372,2.5499998183588635,2.5499996999576036,2.5499991457540219,2.5499972597011236,2.5499911992341473,2.5499726480198919,2.5499188412913312,2.5497716019238239,2.5493925392796877,2.5484760511755993,2.5463972345245791,2.5419757202870983,2.5331569249377139,2.5166531262507936,2.4876389654370952,2.4396324456980278,2.3646758791006768,2.2538320188131675,2.097815254346957,1.8872416069615339,1.6111757352556648
1373,2.5499998162827828,2.5499996967209837,2.5499991374296473,2.5499972356837977,2.5499911301398241,2.5499724566887196,2.5499183385714033,2.5497703577983222,2.5493896519332129,2.5484697852658669,2.5463845449582347,2.5419517731810206,2.5331148577463733,2.5165843881509207,2.4875345418362729,2.439485018482169,2.3644825438818833,2.2535967542955206,2.0975501554817595,1.8869661253766021,1.6109138942908934
1374,2.5499998141859783,2.5499996934540392,2.5499991290358603,2.5499972114896359,2.5499910605994258,2.5499722642844671,2.5499178334298365,2.5497691085959966,2.5493867547735287,2.5484635019929742,2.5463718275038425,2.5419277858712785,2.5330727394552888,2.5165155946821183,2.4874300711213886,2.4393375689563705,2.3642892270032956,2.2533615575955928,2.097285170436709,1.8866907875072259,1.6106522005263513
1375,2.5499998120682745,2.5499996901565334,2.5499991205721879,2.5499971871176044,2.5499909906107527,2.5499720708027636,2.5499173258587131,2.5497678543040636,2.5493838477828219,2.5484572013368001,2.5463590821462097,2.5419037583592785,2.5330305700949958,2.5164467459101587,2.4873255533850935,2.4391900972141407,2.3640959285218419,2.2531264287001727,2.0970202991218145,1.8864155932146875,1.6103906537555703
1376,2.5499998099294947,2.5499996868282251,2.5499991120381522,2.5499971625666649,2.5499909201715991,2.5499718762392285,2.5499168158501044,2.549766594909737,2.5493809309432915,2.5484508832772588,2.5463463088702061,2.5418796906465002,2.5329883496960726,2.5163778419007796,2.4872209887199084,2.4390426033487915,2.3639026484942693,2.2528913675960078,2.0967555414472061,1.8861405423605553,1.6101292537720084
1377,2.5499998077694617,2.5499996834688732,2.549999103433275,2.5499971378357755,2.5499908492797525,2.5499716805894721,2.5499163033960714,2.5497653304002239,2.5493780042371452,2.5484445477943014,2.5463335076607692,2.5418555827345024,2.5329460782891511,2.5163088827196955,2.4871163772182219,2.4388950874534188,2.3637093869771126,2.2526563742697565,2.0964908973233598,1.8858656348053404,1.6098680003720716
1378,2.5499998055879964,2.5499996800782361,2.5499990947570748,2.5499971129238896,2.549990777932992,2.5499714838490943,2.5499157884886645,2.5497640607627257,2.5493750676466016,2.5484381948679147,2.5463206785028993,2.5418314346249202,2.5329037559049103,2.5162398684325904,2.4870117189722913,2.4387475496209161,2.3635161440267165,2.2524214487080196,2.0962263666609435,1.8855908704094249,1.6096068933530323
1379,2.5499998033849205,2.5499996766560682,2.549999086009068,2.5499970878299569,2.549990706129091,2.5499712860136858,2.5499152711199242,2.5497627859844392,2.5493721211538891,2.5484318244781239,2.5463078213816632,2.5418072463194639,2.5328613825740769,2.5161707991051196,2.4869070140742449,2.4385999899439752,2.3633229196992289,2.2521865908973364,2.0959619493708455,1.8853162490327746,1.6093459325137869
1380,2.5499998011600544,2.5499996732021253,2.5499990771887679,2.5499970625529227,2.5499906338658151,2.5499710870788284,2.5499147512818805,2.5497615060525551,2.5493691647412464,2.5484254366049894,2.5462949362821914,2.5417830178199203,2.5328189583274257,2.516101674802909,2.4868022626160795,2.4384524085150807,2.3631297140506033,2.2519518008241834,2.0956976453641682,1.8850417705350833,1.6090851176544125
1381,2.5499997989132135,2.5499996697161591,2.5499990682956852,2.5499970370917246,2.5499905611409193,2.549970887040077,2.5499142289665215,2.5497602209541976,2.5493661983908016,2.5484190312283892,2.5462820231893293,2.5417587491276543,2.5327764831951454,2.5160324955908786,2.4866974646890907,2.4383048054262515,2.3629365271368385,2.251717078475814,2.0954334545536013,1.8847674347775893,1.6088243763134527
1382,2.5499997966442147,2.5499996661979223,2.5499990593293305,2.5499970114453032,2.549990487952166,2.5499706858930224,2.5499137041659194,2.5497589306766764,2.5493632220850597,2.5484126083288925,2.5462690820890317,2.541734440245595,2.5327339572093597,2.5159632615359473,2.4865926203861517,2.4381571807700939,2.3627433590130358,2.2514824238369182,2.0951693768478443,1.8844932416160518,1.6085637211957475
1383,2.5499997943528747,2.5499996626471635,2.5499990502892085,2.5499969856125881,2.5499904142972949,2.5499704836332024,2.5499131768720416,2.5497576352071047,2.5493602358061707,2.5484061678864518,2.5462561129662755,2.5417100911752577,2.5326913804003528,2.5158939727029734,2.4864877297982981,2.4380095346382173,2.3625502097348057,2.2512478368946325,2.0949054121599904,1.8842191909111796,1.6083031731219297
1384,2.5499997920390074,2.5499996590636318,2.5499990411748228,2.5499969595925087,2.5499903401740447,2.5499702802561592,2.5499126470768769,2.5497563345326553,2.5493572395364161,2.5483997098812723,2.5462431158064476,2.5416857019187296,2.5326487527990844,2.515824629157466,2.4863827930170039,2.4378618671222978,2.3623570793573352,2.2510133176352012,2.0946415604019304,1.8839452825217042,1.6080427394219314
1385,2.5499997897024249,2.5499996554470736,2.549999031985676,2.5499969333839858,2.5499902655801456,2.5499700757574248,2.549912114772404,2.5497550286404951,2.5493542332580876,2.5483932342935982,2.5462300905950004,2.5416612724781706,2.5326060744365582,2.5157552309648992,2.4862778101336129,2.4377141783138057,2.3621639679356186,2.25077886604481,2.0943778214857383,1.8836715163061251,1.6077824242009158
1386,2.5499997873429407,2.5499996517972341,2.549999022721265,2.5499969069859407,2.549990190513324,2.5499698701325229,2.5499115799505923,2.5497537175177882,2.5493512169534882,2.5483867411037084,2.5462170373174486,2.5416368028558174,2.5325633453438265,2.5156857781907207,2.4861727812393393,2.4375664683040101,2.3619708755244582,2.2505444821095928,2.0941141953236713,1.8833978921225698,1.6075222301878795
1387,2.5499997849603631,2.5499996481138578,2.5499990133810866,2.5499968803972872,2.5499901149712949,2.549969663376964,2.5499110426034015,2.5497524011516934,2.5493481906049351,2.5483802302919183,2.5462039559593737,2.5416122930539795,2.5325205655519829,2.5156162709003453,2.4860677064252665,2.4374187371839784,2.3617778021784703,2.250310165815625,2.0938506818281608,1.8831244098281426,1.6072621593517458
1388,2.549999782554504,2.549999644396685,2.5499990039646354,2.549996853616936,2.54999003895177,2.5499694554862553,2.5499105027227755,2.5497510795293636,2.5493451541947505,2.5483737018385835,2.5461908465064185,2.5415877430750413,2.5324777350921703,2.5155467091591595,2.485962585782346,2.4372709850445791,2.36158474795208,2.2500759171489335,2.0935872809118092,1.88285106927775,1.6070022131503903
1389,2.5499997801251681,2.5499996406454573,2.5499989944714012,2.5499968266437918,2.5499899624524525,2.5499692464558881,2.5499099603006563,2.5497497526379487,2.5493421077052725,2.5483671557240895,2.5461777089442932,2.5415631529214604,2.5324348539955728,2.5154770930325157,2.4858574194014049,2.4371232119764761,2.3613917128995241,2.2498417360954877,2.0933239924873814,1.8825778703223446,1.6067423927243834
1390,2.5499997776721663,2.5499996368599152,2.5499989849008737,2.5499967994767569,2.5499898854710392,2.5499690362813472,2.5499094153289725,2.5497484204645957,2.5493390511188472,2.5483605919288661,2.5461645432587674,2.5415385225957685,2.5323919222934208,2.5154074225857359,2.4857522073731344,2.4369754180701388,2.3611986970748506,2.2496076226412107,2.0930608164678066,1.8823048128070636,1.6064826989966832
1391,2.549999775195301,2.549999633039794,2.5499989752525369,2.5499967721147287,2.5499898080052179,2.5499688249581078,2.5499088677996413,2.5497470829964426,2.5493359844178354,2.5483540104333744,2.5461513494356782,2.5415138521005702,2.5323489400169876,2.5153376978841147,2.4856469497880997,2.4368276034158338,2.3610057005319232,2.2493735767719718,2.0927977527661681,1.8820318965697742,1.6062231327194447
1392,2.5499997726943771,2.5499996291848319,2.5499989655258761,2.5499967445565992,2.5499897300526717,2.5499686124816341,2.5499083177045709,2.5497457402206276,2.5493329075846063,2.5483474112181148,2.5461381274609245,2.5414891414385443,2.5323059071975917,2.5152679189929117,2.4855416467367371,2.4366797681036294,2.3608127233244169,2.2491395984735925,2.0925348012957006,1.8817591214407641,1.605963694502281
1393,2.5499997701691992,2.5499996252947597,2.5499989557203722,2.5499967168012589,2.5499896516110763,2.549968398847382,2.5499077650356585,2.5497443921242819,2.5493298206015416,2.5483407942636243,2.546124877320469,2.541464390612441,2.5322628238665956,2.5151980859773539,2.4854362983093488,2.4365319122233928,2.3606197655058216,2.2489056877318432,2.0922719619697854,1.881486487242342,1.6057043848535104
1394,2.5499997676195658,2.5499996213693117,2.5499989458355024,2.5499966888475893,2.5499895726781006,2.5499681840507979,2.5499072097847959,2.549743038694535,2.5493267234510313,2.5483341595504747,2.5461115990003371,2.5414395996250843,2.5322196900554039,2.5151281989026413,2.4853309045961143,2.4363840358647986,2.3604268271294417,2.2486718445324505,2.092009234701949,1.8812139937891339,1.6054452042047791
1395,2.549999765045281,2.5499996174082211,2.5499989358707436,2.5499966606944704,2.5499894932514033,2.5499679680873175,2.5499066519438602,2.5497416799185122,2.5493236161154829,2.5483275070592781,2.5460982924866213,2.5414147684793704,2.5321765057954644,2.5150582578339375,2.4852254656870785,2.4362361391173177,2.3602339082483978,2.2484380688610908,2.0917466194058534,1.88094164088885,1.6051861529226836
1396,2.5499997624461415,2.5499996134112153,2.5499989258255678,2.549996632340779,2.5499894133286416,2.5499677509523666,2.5499060915047194,2.54974031578333,2.549320498577313,2.5483208367706816,2.5460849577654732,2.54138989717827,2.5321332711182682,2.5149882628363769,2.4851199816721605,2.4360882220702273,2.3600410089156254,2.2482043607033924,2.0914841159952937,1.8806694283433429,1.6049272313180285
1397,2.549999759821945,2.5499996093780228,2.5499989156994447,2.5499966037853836,2.5499893329074612,2.549967532641364,2.5499055284592331,2.549738946276106,2.5493173708189456,2.5483141486653689,2.546071594823109,2.5413649857248224,2.5320899860553499,2.5149182139750597,2.4850144526411482,2.4359402848126064,2.3598481291838782,2.2479707200449428,2.0912217243841931,1.8803973559496254,1.6046684396547473
1398,2.5499997571724884,2.5499996053083693,2.5499989054918437,2.5499965750271514,2.5499892519855032,2.5499673131497165,2.5499049627992507,2.5497375713839525,2.54931423282282,2.5483074427240613,2.5460582036458086,2.5413400341221415,2.5320466506382839,2.5148481113150547,2.4849088786837017,2.4357923274333362,2.3596552691057253,2.2477371468712821,2.0909594444865993,1.8801254235002292,1.6044097781533959
1399,2.5499997544975681,2.5499996012019799,2.549998895202231,2.5499965460649441,2.5499891705603996,2.5499670924728224,2.5499043945166129,2.5497361910939786,2.5493110845713893,2.5483007189275155,2.5460447842199168,2.5413150423734128,2.5320032648986892,2.5147779549213989,2.4848032598893539,2.4356443500211014,2.3594624287335555,2.2475036411679055,2.0906972762166771,1.8798536307844,1.6041512470002299
1400,2.5499997517969772,2.5499995970585778,2.549998884830067,2.5499965168976195,2.5499890886297769,2.5499668706060694,2.5499038236031488,2.5497348053932871,2.5493079260471148,2.5482939772565283,2.5460313365318386,2.5412900104818914,2.5319598288682257,2.5147077448590958,2.4846975963475058,2.4354963526643956,2.3592696081195759,2.247270202920264,2.0904352194886924,1.8795819775898621,1.6038928463587432
1401,2.549999749070508,2.5499995928778847,2.5499988743748121,2.5499964875240302,2.5499890061912542,2.5499666475448368,2.5499032500506775,2.5497334142689776,2.5493047572324707,2.5482872176919309,2.5460178605680435,2.5412649384509058,2.5319163425785951,2.5146374811931156,2.484591888147432,2.4353483354515135,2.3590768073158119,2.2470368321137686,2.0901732742170145,1.8793104637019666,1.6036345763611937
1402,2.5499997463179502,2.5499995886596198,2.5499988638359246,2.549996457943025,2.5499889232424433,2.549966423284495,2.54990267385101,2.5497320177081497,2.5493015781099424,2.5482804402145929,2.5460043563150636,2.5412398262838565,2.5318728060615387,2.5145671639883962,2.4844861353782788,2.4352002984705527,2.3588840263741102,2.246803528733786,2.0899114403160985,1.8790390889057793,1.6033764371222143
1403,2.5499997435390958,2.5499995844035008,2.5499988532128581,2.5499964281534471,2.5499888397809496,2.5499661978204036,2.5499020949959488,2.5497306156978952,2.54929838866203,2.5482736448054197,2.5459908237594937,2.5412146739842112,2.5318292193488419,2.5144967933098434,2.4843803381290632,2.4350522418094207,2.3586912653461369,2.2465702927656417,2.0896497177004618,1.8787678529864067,1.6031184287367535
1404,2.5499997407337336,2.5499995801092452,2.5499988425050657,2.549996398154136,2.549988755804371,2.5499659711479126,2.549901513477284,2.5497292082253038,2.549295188871243,2.5482668314453552,2.5459772628879911,2.5411894815555125,2.5317855824723288,2.5144263692223277,2.4842744964886747,2.4349041655558281,2.3584985242833811,2.2463371241946204,2.0893881062846829,1.8784967557288892,1.6028605512811267
1405,2.5499997379016497,2.549999575776567,2.5499988317119966,2.549996367943927,2.5499886713102993,2.5499657432623626,2.5499009292867969,2.5497277952774611,2.5492919787201034,2.5482600001153797,2.5459636736872771,2.5411642490013726,2.5317418954638633,2.5143558917906863,2.4841686105458742,2.4347560697972952,2.3583058032371524,2.2461040230059641,2.0891266059833886,1.8782257969189069,1.6026028048155734
1406,2.54999973504263,2.5499995714051797,2.5499988208330979,2.5499963375216503,2.5499885862963176,2.5499655141590858,2.5499003424162603,2.5497263768414502,2.5492887581911456,2.5482531507965107,2.5459500561441351,2.5411389763254726,2.5316981583553519,2.5142853610797236,2.4840626803892953,2.434607954621145,2.3581131022585837,2.2458709891848758,2.0888652167112296,1.8779549763429015,1.6023451893857699
1407,2.5499997321564583,2.5499995669947948,2.5499988098678128,2.5499963068861322,2.5499885007600014,2.5499652838334046,2.5498997528574376,2.5497249529043504,2.549285527266917,2.548246283469803,2.5459364102454094,2.5411136635315641,2.5316543711787398,2.5142147771542116,2.4839567061074446,2.4344598201145082,2.3579204213986298,2.2456380227165189,2.0886039383828612,1.8776842937889158,1.6020877050260767
1408,2.5499997292429177,2.5499995625451217,2.5499987988155826,2.5499962760361936,2.5499884146989213,2.5499650522806312,2.5498991606020827,2.5497235234532365,2.5492822859299769,2.5482393981163485,2.5459227359780097,2.5410883106234698,2.5316105339660115,2.5141441400788862,2.4838506877886988,2.4343116663643252,2.35772776070807,2.2454051235860164,2.0883427709129347,1.8774137490460885,1.6018303517579902
1409,2.5499997263017917,2.5499995580558696,2.5499987876758463,2.5499962449706524,2.5499883281106399,2.5499648194960676,2.549898565641938,2.5497220884751819,2.5492790341628959,2.5482324947172752,2.5459090333289063,2.5410629176050814,2.5315666467491913,2.5140734499184498,2.4837446255213083,2.4341634934573442,2.3575351202375088,2.245172291778454,2.0880817142160573,1.8771433419058743,1.6015731295957412
1410,2.5499997233328595,2.549999553526745,2.5499987764480396,2.5499962136883201,2.5499882409927128,2.5499645854750086,2.5498979679687386,2.5497206479572552,2.5492757719482584,2.5482255732537502,2.5458953022851323,2.5410374844803614,2.5315227095603432,2.5140027067375703,2.4836385193933954,2.43401530148012,2.3573425000373742,2.2449395272788775,2.0878207682068037,1.876873072161019,1.6013160385418448
1411,2.5499997203359004,2.5499995489574507,2.5499987651315958,2.5499961821880048,2.5499881533426887,2.5499643502127394,2.5498973675742089,2.5497192018865227,2.5492724992686604,2.5482186337069774,2.5458815428337824,2.5410120112533399,2.5314787224315709,2.5139319106008831,2.483532369492957,2.4338670905190178,2.3571499001579213,2.2447068300722943,2.0875599327996603,1.8766029396067483,1.6010590785930658
1412,2.5499997173106914,2.549999544347691,2.5499987537259456,2.5499961504685102,2.5499880651581095,2.5499641137045339,2.5498967644500659,2.5497177502500472,2.5492692161067105,2.5482116760581977,2.5458677549620141,2.5409864979281176,2.5314346853950149,2.5138610615729866,2.4834261759078609,2.4337188606602114,2.3569573206492307,2.2444742001436748,2.0872992079090511,1.876332944039854,1.6008022497363508
1413,2.5499997142570088,2.5499995396971666,2.5499987422305175,2.5499961185286342,2.5499879764365083,2.5499638759456564,2.5498961585880169,2.5497162930348884,2.5492659224450307,2.5482047002886894,2.5458539386570465,2.5409609445088641,2.5313905984828557,2.5137901597184458,2.4833199387258471,2.4335706119896856,2.3567647615612137,2.244241637477951,2.0870385934492734,1.8760630852594617,1.6005455519530847
1414,2.5499997111746273,2.5499995350055777,2.5499987306447358,2.5499960863671713,2.5499878871754134,2.5499636369313636,2.549895549979758,2.549714830228103,2.5492626182662552,2.5481977063797672,2.5458400939061621,2.5409353509998169,2.5313464617273103,2.5137192051017898,2.483213658034531,2.4334223445932337,2.3565722229436052,2.2440091420600172,2.0867780893345098,1.875793363066576,1.600288985217891
1415,2.5499997080633205,2.5499995302726219,2.5499987189680229,2.5499960539829112,2.5499877973723439,2.5499633966569033,2.5498949386169771,2.5497133618167442,2.5492593035530309,2.5481906943127832,2.5458262206967044,2.5409097174052824,2.5313022751606358,2.5136481977875151,2.4831073339213985,2.4332740585564601,2.35637970484597,2.2437767138747309,2.0865176954788165,1.8755237772643183,1.6000325494992214
1416,2.5499997049228602,2.5499995254979955,2.5499987071997987,2.5499960213746391,2.5499877070248127,2.5499631551175121,2.5498943244913539,2.5497118877878631,2.5492559782880169,2.548183664069128,2.5458123190160795,2.5408840437296356,2.531258038815126,2.5135771378400817,2.48300096647381,2.4331257539647773,2.3561872073176984,2.2435443529069103,2.0862574117962023,1.8752543276577047,1.5997762447565587
1417,2.5499997017530167,2.5499995206813932,2.5499986953394793,2.5499959885411352,2.5499876161303265,2.5499629123084171,2.5498937075945576,2.549710408128508,2.5492526424538866,2.5481766156302297,2.545798388851753,2.5408583299773202,2.5312137527231111,2.5135060253239132,2.4828945557790001,2.4329774309034158,2.3559947304080184,2.2433120591413398,2.085997238200322,1.8749850140540838,1.5995200709520336
1418,2.5499996985535591,2.5499995158225066,2.5499986833864798,2.5499959554811755,2.5499875246863848,2.5499626682248371,2.5498930879182486,2.5497089228257237,2.5492492960333246,2.5481695489775524,2.5457844301912544,2.5408325761528481,2.5311694169169625,2.5134348603034007,2.4827881019240752,2.4328290894574103,2.3558022741659785,2.2430798325627634,2.0857371746048963,1.8747158362626188,1.5992640280342587
1419,2.5499996953242552,2.5499995109210274,2.5499986713402105,2.5499959221935313,2.5499874326904788,2.5499624228619808,2.5498924654540795,2.5497074318665525,2.5492459390090301,2.5481624640925991,2.5457704430221737,2.5408067822607983,2.5311250314290845,2.5133636428428971,2.4826816049960168,2.4326807297116124,2.355609838640464,2.2428476731558904,2.0854772209233583,1.8744467940945551,1.59900811595222
1420,2.5499996920648713,2.5499995059766447,2.5499986592000807,2.5499958886769685,2.5499873401400928,2.5499621762150495,2.5498918401936921,2.549705935238034,2.5492425713637137,2.5481553609569092,2.5457564273321633,2.5407809483058172,2.5310805962919183,2.5132923730067205,2.4825750650816794,2.4325323517506861,2.3554174238801937,2.2426155809053907,2.0852173770689268,1.8741778873631594,1.5987523346524608
1421,2.5499996887751726,2.5499995009890459,2.5499986469654958,2.5499958549302502,2.5499872470327043,2.5499619282792332,2.5498912121287196,2.5497044329272058,2.5492391930800999,2.5481482395520589,2.5457423831089367,2.5407550742926208,2.5310361115379449,2.5132210508591539,2.4824684822677909,2.4323839556591045,2.3552250299337105,2.2423835557958984,2.0849576429547723,1.8739091158837595,1.5984966840722414
1422,2.5499996854549218,2.5499994959579162,2.5499986346358585,2.549995820952133,2.5499871533657839,2.549961679049713,2.549890581250787,2.5497029249211014,2.5492358041409262,2.5481410998596643,2.5457283103402686,2.5407291602259883,2.5309915771996776,2.5131496764644434,2.4823618566409547,2.4322355415211603,2.3550326568494011,2.242151597812009,2.0846980184937176,1.8736404794731087,1.5982411641526861
1423,2.5499996821038806,2.5499994908829389,2.5499986222105693,2.5499957867413703,2.5499870591367952,2.5499614285216601,2.5498899475515091,2.5497014112067529,2.5492324045289436,2.548133941861376,2.5457142090139961,2.5407032061107695,2.5309469933096689,2.5130782498867998,2.4822551882876454,2.4320871094209529,2.3548403046754753,2.2419197069382801,2.0844385035985278,1.8733719779504003,1.5979857748254156
1424,2.5499996787218091,2.5499994857637964,2.5499986096890259,2.5499957522967103,2.5499869643431943,2.5499611766902377,2.5498893110224921,2.5496998917711888,2.5492289942269157,2.5481267655388837,2.5457000791180171,2.5406772119518801,2.5309023599005056,2.5130067711903985,2.482148477294214,2.4319386594424,2.354647973459981,2.2416878831592322,2.0841790981817385,1.8731036111363286,1.5977305160213475
1425,2.5499996753084671,2.54999948060017,2.5499985970706223,2.5499957176168961,2.5499868689824301,2.5499609235505987,2.5498886716553351,2.5496983666014374,2.5492255732176212,2.5481195708739159,2.5456859206402891,2.5406511777543015,2.5308576770048097,2.5129352404393748,2.4820417237468857,2.4317901916692359,2.3544556632508065,2.2414561264593456,2.0839198021556742,1.872835378853039,1.5974753876700105
1426,2.549999671863612,2.5499994753917381,2.5499985843547508,2.5499956827006671,2.5499867730519457,2.5499606690978869,2.5498880294416262,2.5496968356845233,2.5492221414838503,2.5481123578482361,2.5456717335688328,2.5406251035230847,2.5308129446552403,2.512863657697832,2.4819349277317584,2.4316417061850042,2.3542633740956642,2.2412244368230643,2.083660615432509,1.8725672809250562,1.5972203896950177
1427,2.5499996683869992,2.5499994701381761,2.5499985715408,2.5499956475467571,2.549986676549175,2.5499604133272378,2.549887384372945,2.5496952990074684,2.5492186990084078,2.5481051264436463,2.5456575178917276,2.5405989892633407,2.5307681628844874,2.5127920230298337,2.4818280893348086,2.4314932030730718,2.3540711060421167,2.2409928142347848,2.0834015379242361,1.8722993171774684,1.5969655220214369
1428,2.5499996648783831,2.5499994648391593,2.5499985586281553,2.5499956121538956,2.5499865794715455,2.5499601562337761,2.5498867364408624,2.5496937565572928,2.5492152457741106,2.5480978766419864,2.5456432735971157,2.5405728349802521,2.5307233317252797,2.5127203364994086,2.4817212086418832,2.4313446824166145,2.3538788591375508,2.2407612586788717,2.0831425695426526,1.8720314874379487,1.5967107845684367
1429,2.5499996613375173,2.5499994594943605,2.5499985456162007,2.5499955765208075,2.5499864818164784,2.5499598978126183,2.5498860856369401,2.5496922083210145,2.5492117817637903,2.5480906084251331,2.5456290006732001,2.5405466406790675,2.5306784512103824,2.5126485981705495,2.4816142857387047,2.4311961442986223,2.3536866334291897,2.2405297701396494,2.0828837101993747,1.8717637915357757,1.5964561772527257
1430,2.5499996577641522,2.549999454103451,2.5499985325043162,2.5499955406462136,2.5499863835813872,2.5499596380588718,2.5498854319527333,2.5496906542856488,2.5492083069602915,2.5480833217750019,2.5456146991082433,2.540520406365097,2.5306335213725881,2.5125768081072084,2.4815073207108735,2.4310475888019139,2.3534944289641091,2.2402983486013879,2.0826249598059077,1.8714962293004913,1.5962016999931694
1431,2.5499996541580385,2.5499994486661004,2.5499985192918788,2.5499955045288285,2.5499862847636781,2.5499593769676334,2.5498847753797862,2.5496890944382087,2.5492048213464726,2.5480760166735452,2.54560036889057,2.5404941320437193,2.5305885422447298,2.5125049663733021,2.4814003136438609,2.430899016009112,2.3533022457892088,2.2400669940483282,2.0823663182735239,1.8712288005643296,1.5959473527024337
1432,2.5499996505189237,2.5499994431819761,2.5499985059782637,2.5499954681673631,2.5499861853607504,2.5499591145339924,2.5498841159096353,2.5496875287657059,2.5492013249052059,2.5480686931027527,2.5455860100085652,2.5404678177203808,2.5305435138596746,2.5124330730327129,2.481293264623015,2.4307504260026591,2.3531100839512251,2.2398357064646706,2.0821077855133265,1.8709615051609569,1.5956931352913108
1433,2.5499996468465564,2.5499994376507438,2.5499984925628429,2.5499954315605242,2.5499860853699965,2.5499588507530282,2.5498834535338077,2.5496859572551505,2.5491978176193779,2.5480613510446526,2.5455716224506721,2.5404414634005859,2.5304984362503165,2.5123611281492813,2.4811861737335605,2.4306018188648255,2.3529179434967538,2.2396044858345507,2.081849361436384,1.8706943429240563,1.5954390476730971
1434,2.5499996431406808,2.5499994320720676,2.549998479044985,2.5499953947070129,2.5499859847888016,2.5499585856198106,2.549882788243822,2.5496843798935505,2.5491942994718886,2.5480539904813093,2.5455572062053977,2.5404150690899105,2.5304533094495878,2.5122891317868126,2.4810790410605961,2.4304531946776891,2.3527258244722127,2.2393733321420792,2.0815910459534934,1.8704273136899272,1.5951850897554871
1435,2.549999639401042,2.5499994264456092,2.5499984654240562,2.5499953576055256,2.5499858836145433,2.5499583191294013,2.5498821200311879,2.5496827966679105,2.5491907704456511,2.5480466113948257,2.545542761261308,2.5403886347939948,2.5304081334904569,2.5122170840090763,2.4809718666890945,2.4303045535231464,2.35253372692386,2.2391422453713226,2.081332838975305,1.8701604172961452,1.5949312614447371
1436,2.5499996356273815,2.5499994207710284,2.5499984516994192,2.5499953202547547,2.5499857818445926,2.5499580512768514,2.5498814488874086,2.5496812075652353,2.5491872305235939,2.5480392137673435,2.5455282876070275,2.5403621605185376,2.5303629084059178,2.5121449848797988,2.4808646507039094,2.4301558954829243,2.3523416508978126,2.2389112255062744,2.0810747404125074,1.8698936535802444,1.5946775626489087
1437,2.5499996318194387,2.5499994150479837,2.5499984378704341,2.5499952826533874,2.5499856794763125,2.5499577820572039,2.5498807748039778,2.5496796125725263,2.549183679688658,2.5480317975810407,2.5455137852312442,2.5403356462693076,2.5303176342290024,2.5120728344626726,2.4807573931897648,2.4300072206385579,2.3521495964400123,2.2386802725309072,2.0808167501754933,1.8696270223821638,1.594423993271703
1438,2.5499996279769541,2.5499994092761309,2.5499984239364579,2.5499952448001064,2.5499855765070598,2.5499575114654913,2.549880097772379,2.5496780116767832,2.5491801179237998,2.5480243628181327,2.5454992541227042,2.5403090920521385,2.5302723109927761,2.5120006328213527,2.4806500942312626,2.4298585290714021,2.3519575635962444,2.2384493864291426,2.0805588681745326,1.8693605235429915,1.5941705532155988
1439,2.5499996240996654,2.5499994034551254,2.5499984098968458,2.5499952066935894,2.5499854729341842,2.5499572394967394,2.5498794177840893,2.5496764048650054,2.5491765452119877,2.5480169094608733,2.5454846942702138,2.5402824978729237,2.5302269387303329,2.5119283800194538,2.4805427539128804,2.4297098208626382,2.3517655524121475,2.238218567184838,2.0803010943199061,1.8690941569042432,1.5939172423832917
1440,2.5499996201873096,2.54999939758462,2.5499983957509493,2.5499951683325097,2.5499853687550278,2.5499569661459631,2.549878734830576,2.5496747921241902,2.5491729615362066,2.5480094374915536,2.5454701056626394,2.5402558637376225,2.5301815174747979,2.5118560761205542,2.4804353723189703,2.4295610960932659,2.3515735629331993,2.2379878147818069,2.0800434285217411,1.8688279223087774,1.5936640606757853
1441,2.5499996162396186,2.549999391664262,2.5499983814981149,2.5499951297155308,2.5499852639669172,2.5499566914081506,2.5498780489032606,2.5496731734412559,2.5491693668793132,2.5480019468922608,2.5454554882885327,2.5402291896517406,2.5301360472587011,2.5117837211875345,2.4803279495332409,2.4294123548439028,2.3513815952050083,2.2377571292046694,2.0797858706915049,1.8685618196020364,1.5934110473781389
1442,2.549999612256328,2.5499993856937055,2.5499983671376905,2.5499950908413247,2.5499851585671967,2.5499564152783338,2.5498773599936708,2.5496715488033512,2.5491657612246055,2.547994437645849,2.5454408421376291,2.5402024756224,2.5300905281164972,2.5117113152852117,2.4802204856408516,2.429263597195602,2.3511896492721673,2.2375265104354023,2.0795284207363665,1.8682958486256598,1.5931581953456941
1443,2.5499996082371679,2.549999379672593,2.5499983526690171,2.5499950517085463,2.5499850525531773,2.5499561377514839,2.549876668093213,2.5496699181973921,2.5491621445549666,2.5479869097344756,2.5454261671985976,2.540175721655229,2.5300449600807724,2.5116388584763829,2.4801129807252527,2.4291148232286202,2.3509977251799774,2.237295958458529,2.0792710785676141,1.8680300092272784,1.5929054930224196
1444,2.5499996041818678,2.5499993736005733,2.5499983380914362,2.5499950123158497,2.5499849459221764,2.5499558588225795,2.5498759731933189,2.5496682816103693,2.5491585168534381,2.5479793631405867,2.5454114634605465,2.5401489277564422,2.529999343184782,2.5115663508244772,2.4800054348703084,2.4289660330232432,2.350805822973292,2.2370654732576432,2.0790138440950625,1.8677643012537515,1.5926529362222621
1445,2.5499996000901577,2.5499993674772847,2.5499983234042825,2.5499949726618829,2.5499848386714983,2.5499555784865904,2.5498752752854177,2.549666639029271,2.5491548781030762,2.5479717978466612,2.5453967309126373,2.5401220939323164,2.5299536774618092,2.5114937923928768,2.4798978481597569,2.4288172266595831,2.3506139426968202,2.2368350548162863,2.0787567172284764,1.8674987245528762,1.5924005224685618
1446,2.5499995959617605,2.5499993613023726,2.5499983086068911,2.549994932745292,2.5499847307984416,2.5499552967384784,2.5498745743609255,2.5496649904410891,2.5491512282869504,2.547964213835217,2.5453819695440973,2.540095220189186,2.5299079629451708,2.5114211832449276,2.4797902206772089,2.4286684042175728,2.3504220843951118,2.2366047031179428,2.0784996978775676,1.8672332789734498,1.5921482500805921
1447,2.5499995917964062,2.5499993550754736,2.5499982936985903,2.5499948925647171,2.5499846223003004,2.5499550135731925,2.549873870411254,2.5496633358328089,2.5491475673881459,2.5479566110888094,2.5453671793442085,2.5400683065334531,2.5298621996682096,2.5113485234439348,2.4796825525061572,2.4285195657769654,2.3502302481125668,2.2363744181460379,2.0782427859520038,1.866967964365559,1.5918961177871995
1448,2.5499995875938124,2.5499993487962249,2.5499982786787116,2.549994852118791,2.549984513174357,2.5499547289856785,2.5498731634278036,2.5496616751914161,2.5491438953897618,2.547948989590032,2.545352360302314,2.5400413529715813,2.5298163876643023,2.5112758130531656,2.4795748437299685,2.4283707114173434,2.3500384338934288,2.236144199883936,2.0779859813614192,1.8667027805812011,1.591644124570109
1449,2.549999583353705,2.5499993424642642,2.5499982635465765,2.5499948114061439,2.5499844034178922,2.5499544429708685,2.5498724534019681,2.5496600085038978,2.5491402122749136,2.5479413493215173,2.5453375124078166,2.5400143595100952,2.5297705269668538,2.5112030521358482,2.4794670944318868,2.4282218412181082,2.3498466417817974,2.2359140483149438,2.0777292840154171,1.8664377274753283,1.5913922695886598
1450,2.5499995790758039,2.5499993360792215,2.5499982483015078,2.5499947704254033,2.5499842930281758,2.5499541555236873,2.5498717403251336,2.5496583357572362,2.549136518026728,2.5479336902659346,2.5453226356501761,2.5399873261555808,2.5297246176092991,2.5111302407551688,2.479359304695036,2.4280729552584894,2.3496548718216155,2.2356839634223058,2.0774726938235828,1.8661728049065782,1.591140552137154
1451,2.5499995747598247,2.5499993296407295,2.5499982329428246,2.5499947291751877,2.5499841820024693,2.5499538666390511,2.5498710241886782,2.5496566569384149,2.5491328126283483,2.547926012405989,2.5453077300189144,2.5399602529146867,2.529678659625104,2.5110573789742774,2.4792514746024144,2.4279240536175419,2.349463124056677,2.2354539451892044,2.0772162106954832,1.8659080127380159,1.5908889716045933
1452,2.5499995704054861,2.5499993231484184,2.5499982174698417,2.5499946876541117,2.5499840703380316,2.5499535763118657,2.5498703049839704,2.5496549720344164,2.5491290960629356,2.5479183157244258,2.5452927955036104,2.5399331397941243,2.529632653047762,2.5109844668562826,2.4791436042369006,2.4277751363741444,2.3492713985306275,2.2352239935987566,2.0769598345406806,1.8656433508377088,1.5906375274427604
1453,2.549999566012505,2.5499993166019141,2.5499982018818734,2.5499946458607901,2.549983958032112,2.5499532845370303,2.5498695827023732,2.5496532810322199,2.5491253683136614,2.5479106002040295,2.5452778320939013,2.539905986800663,2.5295865979107943,2.5109115044642518,2.4790356936812512,2.4276262036070033,2.3490796952869624,2.2349941086340195,2.0767035652687378,1.8653788190787659,1.5903862191571096
1454,2.5499995615805915,2.5499993100008425,2.5499981861782284,2.549994603793825,2.5499838450819508,2.5499529913094339,2.5498688573352384,2.5496515839188088,2.5491216293637127,2.5479028658276186,2.5452628397794848,2.5398787939411367,2.5295404942477555,2.5108384918612168,2.4789277430180956,2.4274772553946495,2.3488880143690261,2.2347642902779836,2.076447402789221,1.8651144173389662,1.5901350462986039
1455,2.5499995571094582,2.549999303344828,2.549998170358212,2.5499945614518178,2.549983731484784,2.5499526966239534,2.5498681288739129,2.5496498806811592,2.5491178791962934,2.5478951125780531,2.5452478185501155,2.5398515612224393,2.5294943420922258,2.510765429110164,2.4788197523299496,2.4273282918154404,2.3486963558200178,2.2345345385135742,2.0761913470117093,1.8648501455005482,1.5898840084597734
1456,2.5499995525988171,2.5499992966334903,2.5499981544211292,2.5499945188333659,2.5499836172378396,2.5499524004754623,2.5498673973097343,2.5496481713062518,2.5491141177946228,2.5478873404382276,2.5452327683956084,2.5398242886515234,2.5294481414778147,2.510692316274044,2.4787117216991996,2.4271793129475641,2.3485047196829867,2.2343048533236498,2.0759353978458037,1.8645860034493695,1.5896331052584738
1457,2.5499995480483761,2.5499992898664487,2.5499981383662798,2.5499944759370603,2.5499835023383377,2.549952102858823,2.5498666626340327,2.5496464557810645,2.5491103451419344,2.5478795493910766,2.5452176893058365,2.5397969762354045,2.5294018924381589,2.5106191534157651,2.4786036512081142,2.4270303188690328,2.3483131060008349,2.2340752346910033,2.0756795552011225,1.8643219910752173,1.5893823363468651
1458,2.549999543457842,2.5499992830433227,2.549998122192962,2.5499944327614883,2.549983386783492,2.5499518037688871,2.5498659248381288,2.5496447340925736,2.5491065612214734,2.5478717394195725,2.54520258127073,2.5397696239811589,2.5293555950069235,2.5105459405981962,2.4784955409388405,2.4268813096576869,2.3481215148163166,2.2338456825983597,2.0754238189873226,1.8640581082703445,1.589131701389155
1459,2.5499995388269179,2.5499992761637258,2.5499981059004702,2.5499943893052306,2.5499832705705088,2.5499515032004991,2.5498651839133388,2.5496430062277562,2.5491027660165049,2.5478639105067247,2.5451874442802782,2.5397422318959215,2.529309249217802,2.5104726778841648,2.4783873909734027,2.4267322853911968,2.3479299461720409,2.2336161970283754,2.0751681891141018,1.863794354929122,1.5888812000686148
1460,2.5499995341553081,2.5499992692272713,2.5499980894880956,2.5499943455668634,2.549983153696588,2.5499512011484948,2.5498644398509702,2.5496412721735888,2.549098959510308,2.547856062635582,2.5451722783245283,2.5397147999868888,2.5292628551045158,2.5103993653364585,2.4782792013937041,2.4265832461470609,2.3477384001104675,2.2333867779636392,2.0749126654911945,1.8635307309484175,1.5886308320877307
1461,2.5499995294427165,2.5499992622335705,2.5499980729551255,2.5499943015449591,2.5499830361589195,2.5499508976077014,2.5498636926423188,2.5496395319170464,2.5490951416861756,2.5478481957892285,2.545157083393589,2.5396873282613153,2.5292164127008143,2.5103260030178238,2.4781709722815277,2.4264341920026045,2.3475468766739143,2.2331574253866697,2.0746572480284007,1.8632672362258988,1.5883805971597111
1462,2.5499995246888409,2.5499992551822332,2.5499980563008453,2.5499942572380854,2.54998291795469,2.549950592572936,2.5498629422786783,2.5496377854451051,2.5490913125274175,2.5478403099507885,2.5451418594776216,2.5396598167265165,2.5291699220404711,2.5102525909909672,2.4780627037185337,2.4262851230349862,2.3473553759045518,2.2329281392799163,2.0744019366355984,1.86300387065985,1.5881304950089483
1463,2.5499995198933809,2.5499992480728673,2.5499980395245379,2.5499942126448043,2.5499827990810768,2.5499502860390071,2.5498621887513311,2.5496360327447398,2.5490874720173586,2.5478324051034238,2.545126606566849,2.539632265389868,2.5291233831572892,2.5101791293185536,2.4779543957862624,2.4261360393211917,2.3471638978444047,2.2326989196257592,2.0741467312227018,1.8627406341508366,1.5878805253772532
1464,2.5499995150560326,2.5499992409050765,2.549998022625481,2.5499941677636726,2.5499826795352498,2.5499499780007149,2.5498614320515536,2.5496342738029241,2.5490836201393394,2.5478244812303337,2.5451113246515504,2.5396046742588028,2.5290767960850973,2.510105618063208,2.4778460485661342,2.4259869409380386,2.3469724425353546,2.2324697664065072,2.0738916316997553,1.8624775265982623,1.5876306880087447
1465,2.549999510176491,2.5499992336784638,2.5499980056029514,2.5499941225932417,2.5499825593143721,2.5499496684528498,2.5498606721706141,2.5496325086066327,2.5490797568767141,2.5478165383147542,2.5450960137220644,2.5395770433408145,2.529030160857753,2.5100320572875128,2.4777376621394485,2.4258378279621731,2.3467810100191371,2.2322406796044003,2.0736366379768523,1.8622145479031864,1.5873809826627265
1466,2.5499995052544482,2.549999226392631,2.5499979884562207,2.5499940771320606,2.5499824384156007,2.5499493573901946,2.5498599090997729,2.5496307371428388,2.5490758822128545,2.5478085763399614,2.5450806737687865,2.5395493726434553,2.5289834775091373,2.5099584470540104,2.4776292365873824,2.4256887004700758,2.346589600337345,2.2320116592016057,2.0733817499642369,1.8619516979655917,1.5871314091008164
1467,2.5499995002895961,2.5499992190471765,2.5499979711845602,2.5499940313786706,2.5499823168360849,2.5499490448075237,2.5498591428302841,2.5496289593985177,2.5490719961311465,2.5478005952892682,2.5450653047821703,2.5395216621743382,2.5289367460731582,2.509884787425201,2.4775207719909949,2.4255395585380559,2.346398213531427,2.2317827051802199,2.0731269675722417,1.8616889766858395,1.5868819670938785
1468,2.5499994952816247,2.5499992116416972,2.5499979537872353,2.5499939853316098,2.5499821945729662,2.5499487306996018,2.5498583733533926,2.5496271753606421,2.5490680986149927,2.5477925951460256,2.5450499067527255,2.5394939119411308,2.5288899665837503,2.5098110784635441,2.4774122684312228,2.4253904022422561,2.3462068496426891,2.2315538175222676,2.0728722907113548,1.8614263839638125,1.5866326564180606
1469,2.5499994902302232,2.549999204175788,2.5499979362635088,2.5499939389894104,2.5499820716233783,2.5499484150611842,2.5498576006603373,2.5496253850161854,2.5490641896478112,2.5477845758936231,2.5450344796710209,2.5394661219515613,2.5288431390748731,2.5097373202314586,2.4773037259888842,2.4252412316586485,2.3460155087122945,2.2313249962097008,2.0726177192922015,1.8611639196988525,1.5863834768544343
1470,2.5499994851350762,2.5499991966490416,2.5499979186126409,2.5499938923505998,2.549981947984449,2.5499480978870182,2.5498568247423483,2.5496235883521203,2.5490602692130353,2.547776537515487,2.5450190235276819,2.5394382922134158,2.5287962635805128,2.5096635127913203,2.4771951447446767,2.4250920468630404,2.3458241907812636,2.2310962412244026,2.0723632532255607,1.8609015837901175,1.5861344281904997
1471,2.5499994799958681,2.5499991890610483,2.5499979008338891,2.5499938454137014,2.5499818236533001,2.5499477791718435,2.5498560455906509,2.5496217853554222,2.5490563372941142,2.5477684799950819,2.5450035383133929,2.53941042273454,2.5287493401346799,2.5095896562054638,2.4770865247791773,2.4249428479310735,2.3456328958904749,2.2308675525481823,2.0721088924223969,1.860639376135933,1.5858855102172031
1472,2.5499994748122812,2.5499991814113958,2.5499978829265073,2.5499937981772329,2.549981698627044,2.5499474589103888,2.5498552631964606,2.5496199760130636,2.5490523938745127,2.5477604033159102,2.5449880240188931,2.5393825135228356,2.5287023687714094,2.5095157505361825,2.4769778661728448,2.4247936349382209,2.3454416240806646,2.2306389301627778,2.0718546367938515,1.8603772966342751,1.5856367227305153
1473,2.5499994695839967,2.5499991736996717,2.5499978648897459,2.5499937506397066,2.5499815729027859,2.5499471370973756,2.5498544775509857,2.5496181603120189,2.5490484389377128,2.547752307461514,2.5449724806349794,2.5393545645862607,2.5286553495247617,2.509441795845726,2.4768691690060183,2.4246444079597906,2.3452503753924296,2.2304103740498546,2.0716004862512798,1.8601153451823602,1.5853880655296233
1474,2.5499994643106931,2.5499991659254602,2.549997846722853,2.5499937027996307,2.5499814464776254,2.5499468137275163,2.5498536886454275,2.5496163382392618,2.5490444724672106,2.5477441924154709,2.544956908152507,2.5393265759328347,2.5286082824288241,2.5093677921963051,2.4767604333589164,2.4244951670709223,2.3450591498662217,2.2301818841910084,2.0713464407061268,1.8598535216772552,1.5851395384211255
1475,2.5499994589920489,2.5499991580883425,2.5499978284250719,2.5499936546555086,2.549981319348654,2.549946488795515,2.5498528964709815,2.5496145097817662,2.549040494446519,2.5477360581613975,2.5449413065623872,2.5392985475706311,2.528561167517704,2.5092937396500856,2.4766516593116381,2.4243459123465931,2.3448679475423568,2.2299534605677604,2.0710925000702103,1.8595918260147761,1.5848911412094777
1476,2.5499994536277386,2.5499991501878982,2.5499978099956433,2.5499936062058373,2.5499811915129564,2.5499461622960666,2.5498521010188337,2.5496126749265069,2.549036504859167,2.5477279046829477,2.544925675855588,2.5392704795077838,2.5285140048255368,2.5092196382691938,2.4765428469441644,2.4241966438616127,2.3446767684610061,2.2297251031615621,2.0708386642554553,1.859330258090464,1.5846428737061136
1477,2.5499994482174371,2.5499991422237058,2.5499977914338054,2.5499935574491097,2.5499810629676101,2.5499458342238586,2.5498513022801648,2.5496108336604584,2.5490325036886992,2.5477197319638143,2.5449100160231355,2.5392423717524824,2.5284667943864818,2.5091454881157129,2.4764339963363544,2.424047361690624,2.3444856126622002,2.2294968119537919,2.0705849331739645,1.8590688177993411,1.5843947357269581
1478,2.5499994427608139,2.5499991341953403,2.5499977727387932,2.5499935083838148,2.5499809337096844,2.5499455045735671,2.5498505002461469,2.5496089859705955,2.5490284909186767,2.5477115399877279,2.5448943270561108,2.5392142243129698,2.5284195362347188,2.5090712892516813,2.4763251075679542,2.4238980659081153,2.3442944801858356,2.2292685869257607,2.0703313067382867,1.8588075050352411,1.5841467270834335
1479,2.5499994372575405,2.5499991261023762,2.5499977539098388,2.549993459008435,2.5499808037362435,2.5499451733398621,2.5498496949079463,2.549607131843894,2.5490244665326767,2.5477033287384567,2.5448786089456537,2.5391860371975503,2.528372230404456,2.5089970417390979,2.4762161807185858,2.4237487565883997,2.3441033710716628,2.2290404280587039,2.0700777848609828,1.8585463196918286,1.5838988475970497
1480,2.5499994317072843,2.5499991179443842,2.54999773494617,2.5499934093214485,2.5499806730443426,2.5499448405174037,2.5498488862567208,2.5496052712673301,2.5490204305142918,2.547695098199807,2.5448628616829585,2.5391578104145833,2.5283248769299234,2.5089227456399188,2.4761072158677542,2.4235994338056313,2.3439122853592944,2.2288123353337879,2.0698243674549355,1.8582852616619974,1.5836510970890587
1481,2.5499994261097121,2.5499991097209329,2.5499977158470117,2.5499933593213275,2.5499805416310304,2.5499445061008443,2.5498480742836227,2.5496034042278795,2.5490163828471322,2.5476868483556223,2.5448470852592759,2.5391295439724817,2.5282774758453699,2.5088484010160559,2.4759982130948455,2.4234500976338049,2.3437212230882096,2.228584308732112,2.0695710544333674,1.8580243308380298,1.5834034753799884
1482,2.5499994204644896,2.5499991014315899,2.5499976966115856,2.5499933090065405,2.5499804094933487,2.5499441700848275,2.549847258979796,2.5496015307125197,2.5490123235148228,2.5476785791897858,2.5448312796659147,2.5391012378797195,2.5282300271850748,2.5087740079293805,2.475889172479127,2.4233007481467452,2.3435301842977414,2.2283563482347004,2.0693178457096137,1.8577635271115376,1.5831559822969081
1483,2.5499994147712788,2.5499990930759191,2.54999767723911,2.5499932583755505,2.5499802766283319,2.5499438324639883,2.5498464403363781,2.5495996507082284,2.549008252501006,2.5476702906862165,2.5448154448942386,2.5390728921448225,2.5281825309833352,2.5086995664417193,2.4757800940997496,2.4231513854181199,2.3433391690270891,2.2281284538225115,2.0690647411973364,1.8575028503737376,1.5829086176664398
1484,2.5499994090297391,2.5499990846534839,2.5499976577288002,2.549993207426815,2.5499801430330074,2.5499434932329526,2.5498456183445004,2.5495977642019851,2.5490041697893404,2.5476619828288736,2.5447995809356692,2.5390445067763729,2.5281349872744707,2.508625076614857,2.4756709780357462,2.4230020095214337,2.3431481773153124,2.2279006254764364,2.0688117408104603,1.8572423005153318,1.5826613813168318
1485,2.5499994032395303,2.5499990761638447,2.5499976380798688,2.549993156158787,2.5499800087043956,2.5499431523863381,2.5498447929952861,2.5495958711807685,2.5490000753635007,2.5476536556017524,2.544783687781683,2.5390160817830107,2.5280873960928267,2.5085505385105349,2.4755618243660291,2.4228526205300263,2.3429572092013311,2.2276728631772915,2.0685588444631158,1.8569818774262217,1.5824142730800212
1486,2.5499993974003097,2.5499990676065596,2.5499976182915236,2.5499931045699151,2.5499798736395087,2.5499428099187544,2.5498439642798516,2.5495939716315577,2.5489959692071777,2.5476453089888866,2.5447677654238112,2.538987617173428,2.5280397574727687,2.5084759521904516,2.4754526331693953,2.4227032185170829,2.3427662647239336,2.227445166905837,2.0683060520697345,1.8567215809963318,1.5821672927871735
1487,2.549999391511732,2.5499990589811836,2.5499975983629706,2.5499930526586412,2.5499797378353519,2.549942465824802,2.5498431321893076,2.5495920655413342,2.5489918513040801,2.5476369429743486,2.5447518138536425,2.5389591129563756,2.5279920714486845,2.5084013177162623,2.475343404524522,2.4225538035556213,2.3425753439217649,2.2272175366427578,2.0680533635449772,1.8564614111147191,1.5819204402728329
1488,2.5499993855734515,2.5499990502872709,2.5499975782934117,2.5499930004234037,2.549979601288924,2.5499421200990726,2.5498422967147567,2.5495901528970788,2.5489877216379311,2.5476285575422475,2.544735833062822,2.5389305691406583,2.5279443380549873,2.5083266351495799,2.4752341385099688,2.4224043757184979,2.3423844468333326,2.2269899723686688,2.0678007788037585,1.8562013676698941,1.5816737153735061
1489,2.5499993795851186,2.549999041524373,2.5499975580820466,2.5499929478626346,2.5499794639972171,2.5499417727361506,2.549841457847295,2.5495882336857751,2.5489835801924721,2.547620152676731,2.544719823043049,2.5389019857351327,2.527896557326105,2.5082519045519729,2.4751248352041819,2.4222549350784175,2.3421935734970143,2.2267624740641345,2.0675482977612512,1.8559414505504765,1.5814271179247843
1490,2.5499993735463828,2.549999032692039,2.5499975377280704,2.5499928949747628,2.5499793259572159,2.5499414237306111,2.5498406155780127,2.5495863078944061,2.548979426951461,2.5476117283619848,2.5447037837860798,2.5388733627487139,2.5278487292964913,2.5081771259849668,2.4750154946854854,2.4221054817079164,2.3420027239510453,2.226535041709643,2.0672959203328802,1.8556816596442445,1.581180647765523
1491,2.549999367456893,2.5499990237898156,2.5499975172306759,2.5499928417582103,2.5499791871658974,2.5499410730770204,2.549839769897992,2.5495843755099563,2.5489752618986707,2.5476032845822321,2.5446877152837271,2.5388447001903716,2.527800854000624,2.5081022995100448,2.4749061170320874,2.4219560156793714,2.341811898233523,2.2263076752856148,2.0670436464343238,1.8554219948384907,1.5809343047362703
1492,2.5499993613162935,2.5499990148172484,2.5499974965890515,2.5499927882113949,2.5499790476202313,2.5499407207699383,2.549838920798309,2.5495824365194113,2.548971085017893,2.5475948213217352,2.5446716175278556,2.5388159980691261,2.5277529314729956,2.5080274251886436,2.4747967023220814,2.4218065370650086,2.3416210963824167,2.226080374772426,2.0667914759814812,1.8551624560206983,1.5806880886765673
1493,2.5499993551242297,2.5499990057738802,2.5499974758023831,2.5499927343327289,2.5499789073171808,2.5499403668039133,2.5498380682700339,2.5495804909097575,2.5489668962929355,2.547586338564793,2.544655490510388,2.5387872563940546,2.5277049617481238,2.5079525030821581,2.4746872506334414,2.4216570459368891,2.3414303184355534,2.2258531401503765,2.0665394088905216,1.8549030430775653,1.5804419994288255
1494,2.5499993488803425,2.5499989966592502,2.5499974548698523,2.5499926801206203,2.5499787662537003,2.5499400111734882,2.549837212304229,2.5495785386679826,2.5489626957076217,2.5475778362957433,2.5446393342233029,2.5387584751742898,2.5276569448605484,2.507877533251941,2.4745777620440235,2.4215075423669123,2.3412395644306243,2.2256259713996989,2.0662874450778665,1.8546437558953701,1.5801960368368855
1495,2.5499993425842722,2.5499989874728968,2.5499974337906393,2.5499926255734704,2.5499786244267399,2.5499396538731953,2.5498363528919508,2.5495765797810761,2.5489584832457934,2.5475693144989613,2.5446231486586317,2.5387296544190141,2.527608880844824,2.5078025157592982,2.474468236631572,2.4213580264268297,2.3410488344051923,2.2253988685005908,2.0660355844601157,1.8543845943606365,1.5799502007439576
1496,2.5499993362356563,2.5499989782143553,2.5499974125639193,2.5499925706896769,2.5499784818332398,2.549939294897559,2.549835490024249,2.5495746142360294,2.548954258891309,2.547560773158859,2.5446069338084638,2.5387007941374669,2.5275607697355302,2.5077274506654939,2.4743586744737116,2.4212084981882267,2.3408581283966789,2.2251718314331703,2.0657838269541569,1.8541255583591738,1.5797044909955384
1497,2.5499993298341304,2.5499989688831586,2.549997391188866,2.5499925154676326,2.5499783384701349,2.5499389342410956,2.5498346236921678,2.5495726420198332,2.548950022628043,2.5475522122598879,2.5445906896649428,2.5386718943389415,2.5275126115672673,2.5076523380317477,2.4742490756479496,2.4210589577225301,2.3406674464423709,2.2249448601774948,2.0655321724771198,1.8538666477764352,1.5794589074383418
1498,2.5499993233793301,2.5499989594788386,2.5499973696646467,2.5499924599057242,2.5499781943343525,2.5499385718983141,2.5498337538867428,2.5495706631194808,2.5489457744398876,2.547543631786537,2.5445744162202657,2.5386429550327798,2.5274644063746523,2.5075771779192353,2.4741394402316801,2.4209094051010189,2.340476788579426,2.2247179547135878,2.0652806209462842,1.8536078624981112,1.5792134499189052
1499,2.5499993168708865,2.5499989500009241,2.5499973479904274,2.5499924040023338,2.5499780494228115,2.5499382078637138,2.5498328805990047,2.5495686775219664,2.5489415143107514,2.5475350317233341,2.5445581134666848,2.5386139762283815,2.5274161541923239,2.5075019703890868,2.4740297683021786,2.4207598403948083,2.3402861548448644,2.2244911150213986,2.065029172279214,1.8533492024093137,1.5789681182854736
1500,2.5499993103084311,2.5499989404489418,2.5499973261653701,2.5499923477558384,2.5499779037324259,2.5499378421317864,2.5498320038199767,2.5495666852142858,2.54893724222456,2.5475264120548426,2.544541781396509,2.5385849579351984,2.5273678550549423,2.5074267155023908,2.4739200599366042,2.4206102636748557,2.3400955452755698,2.2242643410808185,2.0647778263937075,1.8530906673948555,1.578722912387365
1501,2.5499993036915902,2.5499989308224147,2.5499973041886324,2.5499922911646058,2.5499777572600895,2.5499374746969901,2.5498311235406281,2.5495646861833436,2.5489329581650928,2.5475177727653993,2.5445254200017042,2.5385559001622084,2.5273195089965599,2.5073514133195673,2.4738103152115323,2.420460675011824,2.339904959908631,2.2240376328725784,2.0645265832090782,1.8528322573413365,1.5784778194397766
1502,2.5499992970199927,2.5499989211208667,2.5499972820593735,2.5499922342270094,2.5499776100027232,2.5499371055538482,2.5498302397520685,2.5495626804163254,2.5489286621166398,2.5475091138401798,2.5445090292754831,2.5385268029200239,2.5272711160531256,2.5072760639028662,2.4737005342048386,2.4203110744766541,2.3397143987799986,2.2238109903747096,2.0642754426407697,1.8525739721300676,1.5782328415499303
1503,2.5499992902932616,2.5499989113438146,2.5499972597767444,2.5499921769414087,2.5499774619572078,2.5499367346968027,2.5498293524452533,2.5495606679001384,2.5489243540630127,2.5475004352635939,2.5444926092099158,2.5384976662177228,2.5272226762587242,2.5072006673126066,2.4735907169928573,2.4201614621396903,2.3395238619264953,2.223584413567846,2.0640244046085559,1.8523158116471778,1.5779879822372533
1504,2.5499992835110179,2.5499989014907785,2.5499972373398925,2.5499921193061601,2.5499773131204266,2.5499363621203135,2.549828461611181,2.5495586486217836,2.5489200339882054,2.5474917370203549,2.5444761597975285,2.5384684900649646,2.5271741896480888,2.5071252236097026,2.4734808636522883,2.4200118380712738,2.3393333493844777,2.2233579024316814,2.0637734690310268,1.8520577757769729,1.5777432426835265
1505,2.5499992766728843,2.549998891561271,2.5499972147479646,2.549992061319613,2.5499771634892583,2.5499359878188281,2.5498275672408437,2.5495566225682667,2.5489157018762318,2.5474830190952233,2.5444596810309057,2.5384392744714686,2.5271256562559805,2.5070497328550188,2.4733709742597121,2.4198622023415837,2.3391428611901581,2.2231314569458513,2.0635226358269678,1.8517998644035962,1.5774986234786532
1506,2.5499992697784788,2.549998881554806,2.5499971920001014,2.5499920029801162,2.549977013060571,2.5499356117867888,2.5498266693252285,2.549554589726593,2.5489113577111202,2.5474742814729869,2.54444317290268,2.5384100194469994,2.527077076117167,2.5069741951093776,2.4732610488916018,2.4197125550206557,2.3389523973796327,2.2229050770899548,2.0632719049153594,1.8515420774110551,1.577254124998738
1507,2.5499992628274151,2.5499988714708928,2.5499971690954419,2.5499919442860071,2.5499768618312282,2.5499352340186312,2.5498257678553151,2.5495525500837699,2.5489070014769166,2.5474655241384752,2.5444266354055385,2.5383807250013684,2.5270284492664397,2.5068986104335562,2.4731510876243132,2.4195628961783706,2.3387619579888628,2.2226787628435454,2.0630212762153639,1.8512844146831129,1.5770097474772178
1508,2.5499992558193108,2.5499988613090401,2.5499971460331223,2.5499918852356247,2.5499767097980861,2.5499348545087797,2.5498248628220761,2.5495505036268065,2.5489026331576845,2.5474567470765579,2.5444100685322248,2.538351391144448,2.5269797757386079,2.5068229788882834,2.4730410905340809,2.419413225884449,2.3385715430536727,2.2224525141861249,2.0627707496463432,1.8510268761030666,1.5767654910543101
1509,2.5499992487537781,2.5499988510687519,2.5499971228122722,2.5499918258273007,2.549976556957994,2.5499344732516502,2.5498239542164809,2.5495484503427144,2.5488982527375055,2.5474479502721366,2.5443934722755341,2.5383220178861579,2.5269310555684967,2.5067473005342462,2.4729310576970329,2.4192635442084631,2.3383811526097578,2.2222263310971537,2.0625203251278306,1.8507694615535679,1.5765213558158024
1510,2.5499992416304234,2.5499988407495318,2.5499970994320216,2.549991766059359,2.5499764033077921,2.5499340902416527,2.5498230420294901,2.5495463902185063,2.5488938602004776,2.5474391337101578,2.5443768466283188,2.5382926052364709,2.5268822887909503,2.5066715754320863,2.4728209891891764,2.4191138512198265,2.3381907866926803,2.2220002135560475,2.0622700025795426,1.8505121709162664,1.5762773418090053
1511,2.5499992344488596,2.5499988303508831,2.5499970758914952,2.5499917059301187,2.5499762488443158,2.5499337054731885,2.5498221262520588,2.549544323241197,2.5488894555307184,2.5474302973756027,2.5443601915834844,2.5382631532054085,2.5268334754408337,2.5065958036423988,2.4727108850864026,2.4189641469878032,2.3380004453378715,2.2217741615421773,2.0620197819213706,1.8502550040715442,1.5760334490559151
1512,2.5499992272086902,2.5499988198722994,2.5499970521898141,2.5499916454378972,2.5499760935643905,2.5499333189406492,2.549821206875138,2.5495422493978062,2.5488850387123603,2.5474214412534897,2.544343507133989,2.538233661803043,2.5267846155530251,2.5065199852257347,2.4726007454644932,2.4188144315815037,2.3378101285806347,2.2215481750348784,2.06176966307337,1.8499979608983694,1.5757896775562255
1513,2.5499992199095205,2.5499988093132799,2.5499970283260955,2.5499915845810031,2.5499759374648381,2.5499329306384202,2.5498202838896709,2.5495401686753505,2.5488806097295553,2.5474125653288771,2.5443267932728442,2.5382041310395032,2.5267357091624199,2.5064441202425991,2.4724905703991151,2.418664705069888,2.3376198364561422,2.2213222540134403,2.061519645955765,1.8497410412742903,1.5755460272910036
1514,2.5499992125509512,2.5499987986733159,2.5499970042994549,2.5499915233577428,2.549975780542471,2.5499325405608766,2.5498193572865944,2.5495380810608528,2.5488761685664727,2.5474036695868576,2.5443100499931157,2.5381745609249604,2.5266867563039335,2.5063682087534529,2.4723803599658201,2.4185149675217654,2.3374295689994353,2.2210963984571173,2.0612697304889367,1.8494842450756528,1.575302498229622
1515,2.5499992051325835,2.549998787951901,2.5499969801090026,2.5499914617664148,2.5499756227940962,2.5499321487023883,2.5498184270568411,2.5495359865413354,2.5488717152072988,2.5473947540125654,2.5442932772879234,2.5381449514696421,2.5266377570124958,2.5062922508187109,2.4722701142400467,2.4183652190057949,2.337239326245427,2.2208706083451211,2.0610199165934335,1.8492275721773608,1.5750590903213912
1516,2.5499991976540151,2.5499987771485215,2.5499969557538464,2.5499913998053141,2.5499754642165104,2.5499317550573148,2.5498174931913362,2.5495338851038243,2.548867249636237,2.5473858185911684,2.5442764751504376,2.5381153026838223,2.526588711323055,2.5062162464987447,2.4721598332971206,2.4182154595904812,2.3370491082289013,2.2206448836566315,2.0607702041899514,1.848971022453626,1.5748158035171842
1517,2.5499991901148427,2.5499987662626653,2.5499969312330899,2.5499913374727305,2.5499753048065057,2.5499313596200084,2.5498165556810006,2.5495317767353476,2.5488627718375092,2.5473768633078744,2.5442596435738842,2.5380856145778279,2.5265396192705749,2.5061401958538783,2.4720495172122523,2.4180656893441803,2.3368589149845143,2.2204192243707852,2.0605205931993491,1.8487145957772542,1.5745726377478335
1518,2.5499991825146586,2.5499987552938155,2.549996906545835,2.5499912747669482,2.5499751445608672,2.549930962384813,2.549815614516747,2.5495296614229366,2.5488582817953556,2.5473678881479311,2.5442427825515437,2.5380558871620336,2.526490480890037,2.5060640989443908,2.4719391660605403,2.4179159083350985,2.3366687465467897,2.2201936304666874,2.0602710835426197,1.8484582920209354,1.5743295929508523
1519,2.5499991748530553,2.5499987442414538,2.5499968816911784,2.5499912116862458,2.549974983476373,2.5499305633460647,2.5498146696894843,2.5495275391536243,2.5488537794940327,2.5473588930966224,2.544225892076748,2.5380261204468648,2.5264412962164386,2.5059879558305158,2.4718287799169696,2.4177661166312916,2.3364786029501254,2.2199681019234063,2.0600216751409155,1.8482021110561353,1.5740866690482282
1520,2.5499991671296227,2.5499987331050584,2.549996856668213,2.5499911482288975,2.5499748215497919,2.5499301624980926,2.5498137211901164,2.5495254099144447,2.5488492649178167,2.5473498781392685,2.5442089721428816,2.5379963144427982,2.5263920652847909,2.5059117665724413,2.4717183588564109,2.4176163143006644,2.3362884842287923,2.2197426387199801,2.0597723679155164,1.8479460527546154,1.5738438659652036
1521,2.5499991593439488,2.5499987218841054,2.5499968314760291,2.5499910843931719,2.5499746587778889,2.5499297598352166,2.5498127690095398,2.5495232736924356,2.5488447380510006,2.5473408432612281,2.5441920227433816,2.5379664691603581,2.5263427881301235,2.5058355312303093,2.4716079029536235,2.4174665014109729,2.3360983904169323,2.2195172408354091,2.059523161787852,1.8476901169872433,1.5736011836177011
1522,2.5499991514956175,2.5499987105780701,2.5499968061137128,2.5499910201773321,2.5499744951574188,2.5499293553517473,2.5498118131386449,2.5495211304746368,2.5488401988778957,2.5473317884478983,2.5441750438717388,2.5379365846101174,2.5262934647874808,2.5057592498642163,2.4714974122832518,2.417316678029827,2.3359083215485597,2.2192919082486648,2.0592740566794716,1.847434303625338,1.5733586219209159
1523,2.5499991435842126,2.5499986991864239,2.5499967805803472,2.5499909555796365,2.5499743306851315,2.5499289490419894,2.5498108535683182,2.5495189802480911,2.5488356473828304,2.547322713684713,2.5441580355214968,2.5379066608026992,2.526244095291923,2.5056829225342132,2.4713868869198303,2.4171668442246852,2.3357182776575631,2.2190666409386868,2.0590250525120566,1.8471786125399194,1.5731161807856637
1524,2.5499991356093159,2.5499986877086349,2.5499967548750124,2.5499908905983379,2.5499741653577681,2.5499285409002401,2.5498098902894397,2.5495168229998444,2.5488310835501506,2.5473136189571446,2.5441409976862523,2.537876697748775,2.5261946796785244,2.5056065493003041,2.4712763269377795,2.417017000062859,2.3355282587777046,2.2188414388843856,2.0587761492074081,1.8469230436023023,1.5728738601205841
1525,2.5499991275705058,2.5499986761441713,2.5499967289967844,2.5499908252316845,2.5499739991720638,2.5499281309207866,2.5498089232928831,2.5495146587169439,2.5488265073642218,2.5473045042507025,2.5441239303596546,2.5378466954590668,2.5261452179823767,2.5055301302224486,2.4711657324114067,2.4168671456115098,2.3353382649426164,2.2186163020646341,2.0585273466874807,1.8466675966830242,1.5726316598284016
1526,2.5499991194673592,2.5499986644924952,2.549996702944735,2.5499907594779181,2.5499738321247456,2.5499277190979104,2.5498079525695179,2.5495124873864405,2.548821918809427,2.5472953695509353,2.5441068335354031,2.5378166539443421,2.526095710238585,2.5054536653605597,2.4710551034149089,2.4167172809376543,2.3351482961858108,2.2183912304582876,2.0582786448742802,1.8464122716542324,1.5723895798159093
1527,2.5499991112994511,2.5499986527530694,2.5499966767179338,2.5499906933352769,2.5499736642125357,2.5499273054258826,2.5498069781102073,2.5495103089953872,2.548817317870169,2.5472862148434277,2.5440897072072524,2.5377865732154201,2.5260461564822707,2.5053771547745036,2.470944440022369,2.4165674061081583,2.3349583525406685,2.2181662240441629,2.0580300436899814,1.8461570683871449,1.5721476199825863
1528,2.5499991030663538,2.5499986409253519,2.5499966503154456,2.5499906268019927,2.5499734954321469,2.5499268898989689,2.5498059999058094,2.5495081235308392,2.5488127045308659,2.5472770401138036,2.5440725513690086,2.5377564532831673,2.5259965567485692,2.5053005985241015,2.4708337423077578,2.4164175211897416,2.3347684340404471,2.217941282801049,2.0577815430568624,1.8459019867533504,1.5719057802266547
1529,2.5499990947676388,2.5499986290088006,2.549996623736333,2.5499905598762926,2.5499733257802859,2.5499264725114252,2.5498050179471767,2.5495059309798571,2.5488080787759544,2.5472678453477213,2.5440553660145291,2.5377262941584964,2.5259469110726287,2.5052239966691285,2.4707230103449374,2.4162676262489806,2.3345785407182835,2.2177164067077202,2.0575331428972268,1.8456470266258971,1.5716640604504484
1530,2.5499990864028739,2.5499986170028692,2.5499965969796525,2.5499904925563976,2.5499731552536522,2.5499260532574999,2.5498040322251572,2.5495037313295019,2.5488034405898898,2.5472586305308798,2.544038151137725,2.5376960958523709,2.5258972194896145,2.505147349269313,2.4706122442076541,2.4161177213523,2.3343886726071834,2.2174915957429078,2.0572848431335737,1.8453921878768496,1.5714224605483589
1531,2.5499990779716248,2.5499986049070098,2.5499965700444602,2.5499904248405243,2.5499729838489387,2.5499256321314343,2.5498030427305909,2.5495015245668378,2.5487987899571465,2.5472493956490152,2.5440209067325581,2.5376658583758003,2.5258474820347043,2.5050706563843375,2.4705014439695447,2.4159678065659809,2.334198829740032,2.2172668498853274,2.0570366436884311,1.8451374703793448,1.5711809804170611
1532,2.5499990694734551,2.5499985927206708,2.5499965429298066,2.5499903567268833,2.5499728115628293,2.549925209127462,2.5498020494543159,2.5494993106789319,2.5487941268622154,2.5472401406879008,2.544003632793042,2.5376355817398415,2.5257976987430912,2.5049939180738359,2.4703906097041357,2.4158178819561602,2.3340090121495911,2.217042169113669,2.0567885444844021,1.8448828740070495,1.5709396199528098
1533,2.5499990609079264,2.5499985804432987,2.5499965156347391,2.5499902882136811,2.5499726383920023,2.5499247842398085,2.5498010523871617,2.549497089652855,2.5487894512896077,2.547230865633348,2.5439863293132436,2.5376052659556017,2.5257478696499818,2.5049171343973984,2.4702797414848385,2.4156679475888239,2.3338192198684951,2.2168175534065897,2.0565405454442383,1.8446283986335534,1.5706983790483684
1534,2.549999052274599,2.5499985680743373,2.5499964881583015,2.5499902192991182,2.5499724643331296,2.5499243574626913,2.5498000515199548,2.5494948614756816,2.5487847632238516,2.5472215704712045,2.5439689962872798,2.5375749110342318,2.525697994790594,2.5048403054145671,2.4701688393849581,2.4155180035298205,2.3336294529292623,2.216593002742735,2.0562926464906708,1.8443740441333016,1.5704572575981672
1535,2.5499990435730302,2.5499985556132279,2.5499964604995342,2.5499901499813897,2.5499722893828753,2.5499239287903195,2.5497990468435159,2.5494926261344881,2.5487800626494947,2.5472122551873575,2.5439516337093213,2.5375445169869315,2.5256480742001628,2.5047634311848395,2.4700579034776848,2.4153680498448482,2.3334397113642829,2.2163685171007157,2.0560448475465822,1.8441198103809069,1.5702162554941328
1536,2.5499990348027755,2.549998543059409,2.549996432657474,2.5499900802586866,2.5499721135378959,2.5499234982168955,2.5497980383486594,2.5494903836163543,2.5487753495511014,2.5472029197677299,2.5439342415735888,2.5375140838249495,2.5255981079139342,2.5046865117676651,2.4699469338360998,2.4152180865994599,2.3332499952058243,2.216144096459121,2.0557971485349094,1.8438656972514393,1.5699753726277685
1537,2.5499990259633871,2.5499985304123181,2.5499964046311532,2.5499900101291919,2.5499719367948419,2.5499230657366132,2.5497970260261971,2.5494881339083633,2.5487706239132555,2.5471935641982832,2.5439168198743536,2.5374836115595754,2.5255480959671681,2.5046095472224463,2.4698359305331747,2.4150681138590699,2.3330603044860392,2.2159197407965268,2.0555495493785938,1.8436117046204661,1.5697346088910729
1538,2.5499990170544162,2.5499985176713884,2.5499963764196023,2.5499899395910863,2.5499717591503561,2.5499226313436592,2.5497960098669332,2.5494858769975997,2.5487658857205595,2.5471841884650175,2.5438993686059406,2.5374531002021521,2.5254980383951384,2.5045325376085401,2.4697248936417675,2.4149181316889399,2.3328706392369494,2.2156954500914727,2.0553020500007348,1.8433578323638766,1.5694939641736412
1539,2.549999008075412,2.5499985048360507,2.5499963480218457,2.5499898686425437,2.5499715806010745,2.5499221950322122,2.5497949898616672,2.5494836128711538,2.5487611349576333,2.5471747925539678,2.5438818877627249,2.5374225497640666,2.525447935233132,2.5044554829852572,2.469613823234627,2.4147681401541918,2.3326809994904587,2.2154712243224814,2.0550546503244571,1.8431040803580108,1.5692534383652084
1540,2.5499989990259193,2.5499984919057344,2.5499963194369069,2.5499897972817331,2.5499714011436252,2.5499217567964436,2.5497939660011948,2.5494813415161204,2.5487563716091177,2.5471653764512081,2.5438643773391325,2.5373919602567501,2.5253977865164443,2.5043783834118583,2.4695027193843941,2.4146181393198112,2.3324913852783564,2.2152470634680599,2.0548073502728852,1.8428504484796526,1.5690130313564659
1541,2.549998989905482,2.5499984788798642,2.5499962906638034,2.5499897255068182,2.5499712207746308,2.5499213166305168,2.5497929382763047,2.5494790629195938,2.5487515956596698,2.5471559401428494,2.5438468373296428,2.5373613316916832,2.5253475922803896,2.5043012389475607,2.469391582163595,2.4144681292506283,2.3323017966323012,2.215022967506683,2.0545601497692925,1.8425969366059665,1.5687727430354974
1542,2.5499989807136423,2.5499984657578643,2.5499962617015499,2.5499896533159574,2.5499710394907051,2.5499208745285875,2.5497919066777821,2.5494767770686741,2.5487468070939654,2.5471464836150415,2.5438292677287837,2.5373306640803932,2.5252973525602922,2.5042240496515338,2.4692804116446476,2.4143181100113358,2.3321122335838358,2.214798936416809,2.0543130487369727,1.8423435446145349,1.5685325732908384
1543,2.5499989714499405,2.5499984525391555,2.5499962325491587,2.5499895807073036,2.5499708572884572,2.549920430484804,2.5497908711964077,2.5494744839504637,2.5487420058967003,2.54713700685397,2.5438116685311334,2.5372999574344473,2.5252470673914842,2.5041468155828985,2.4691692078998639,2.4141680816664883,2.3319226961643906,2.2145749701768827,2.0540660470992202,1.8420902723833219,1.5682925220120312
1544,2.5499989621139134,2.5499984392231556,2.5499962032056374,2.5499895076790051,2.549970674164487,2.5499199844933069,2.5497898318229555,2.5494721835520693,2.5487371920525872,2.5471275098458594,2.5437940397313232,2.5372692117654658,2.5251967368093164,2.5040695368007313,2.4690579710014413,2.4140180442804891,2.3317331844052647,2.2143510687653163,2.0538191447794594,1.8418371197907413,1.5680525890863899
1545,2.5499989527050966,2.5499984258092803,2.5499961736699892,2.5499894342292033,2.5499704901153879,2.549919536548229,2.549788788548196,2.5494698758605994,2.5487323655463587,2.5471179925769709,2.5437763813240348,2.5372384270851116,2.5251463608491491,2.50399221336406,2.4689467010214674,2.4138679979176039,2.3315436983376427,2.2141272321605068,2.0535723417011358,1.8415840867155751,1.5678127744016712
1546,2.5499989432230215,2.5499984122969419,2.5499961439412142,2.5499893603560362,2.5499703051377467,2.5499190866436954,2.5497877413628935,2.5494675608631701,2.5487275263627658,2.5471084550336034,2.5437586933039991,2.5372076034050903,2.5250959395463521,2.5039148453318649,2.4688353980319255,2.4137179426419628,2.3313542379926009,2.2139034603408372,2.0533256377877134,1.8413311730368949,1.5675730778462753
1547,2.5499989336672195,2.5499983986855517,2.5499961140183087,2.5499892860576359,2.549970119228143,2.5499186347738236,2.5497866902578092,2.5494652385468974,2.5487226744865787,2.5470988972020923,2.5437409756660001,2.5371767407371575,2.5250454729363105,2.5038374327630812,2.4687240621046831,2.413567878517545,2.3311648034010832,2.2136797532846604,2.0530790329627524,1.8410783786343041,1.5673334993071228
1548,2.5499989240372178,2.5499983849745167,2.549996083900266,2.5499892113321283,2.5499699323831488,2.5499181809327243,2.5497856352236972,2.549462908898902,2.5487178099025849,2.547089319068812,2.5437232284048714,2.5371458390931121,2.5249949610544205,2.5037599757165951,2.4686126933115018,2.4134178056081907,2.3309753945939198,2.2134561109703141,2.0528325271498469,1.8408257033877138,1.5670940386713943
1549,2.549998914332543,2.5499983711632419,2.5499960535860748,2.5499891361776346,2.5499697445993301,2.5499177251144998,2.5497845762513092,2.5494605719063088,2.5487129325955933,2.5470797206201725,2.5437054515154935,2.5371148984847944,2.5249444039360842,2.5036824742512453,2.4685012917240363,2.4132677239776061,2.3307860116018322,2.2132325333761198,2.0525861202726223,1.8405731471772577,1.5668546958266245
1550,2.549998904552718,2.5499983572511304,2.549996023074721,2.5499890605922713,2.5499695558732456,2.5499172673132451,2.5497835133313909,2.5494582275562458,2.5487080425504285,2.5470701018426221,2.5436876449928021,2.5370839189240946,2.5248938016167211,2.5036049284258239,2.4683898574138285,2.4131176336893478,2.3305966544554124,2.2130090204803734,2.0523398122547771,1.8403207098836383,1.5666154706594098
1551,2.5499988946972647,2.549998343237581,2.5499959923651865,2.5499889845741488,2.549969366201446,2.5499168075230476,2.5497824464546834,2.5494558758358443,2.5487031397519364,2.547060462722647,2.5436698088317806,2.5370529004229461,2.5248431541317604,2.5035273382990759,2.4682783904523125,2.4129675348068353,2.3304073231851414,2.2127855722613541,2.0520936030200501,1.8400683913878244,1.5663763630564973
1552,2.549998884765702,2.5499983291219905,2.5499959614564482,2.5499889081213722,2.5499691755804772,2.5499163457379876,2.5497813756119236,2.5494535167322416,2.5486982241849807,2.5470508032467696,2.5436519430274633,2.5370218429933242,2.5247924615166388,2.5034497039296992,2.4681668909108159,2.412817427393354,2.3302180178213927,2.2125621886973232,2.051847492492227,1.8398161915709801,1.5661373729049266
1553,2.5499988747575464,2.5499983149037537,2.5499959303474813,2.5499888312320409,2.5499689840068758,2.5499158819521379,2.5497803007938433,2.5494511502325761,2.548693295834445,2.5470411234015509,2.5436340475749346,2.5369907466472523,2.5247417238068079,2.503372025376343,2.4680553588605547,2.4126673115120405,2.33002873839441,2.2123388697665201,2.051601480595147,1.8395641103148235,1.5658985000910162
1554,2.5499988646723124,2.5499983005822622,2.5499958990372558,2.5499887539042496,2.5499687914771725,2.5499154161595632,2.5497792219911695,2.5494487763239921,2.5486883546852304,2.5470314231735878,2.5436161224693294,2.5369596113967967,2.5246909410377287,2.5032943026976113,2.4679437943726374,2.4125171872258955,2.3298394849343276,2.2121156154471655,2.0513555672526991,1.8393121475013179,1.5656597445012341
1555,2.5499988545095111,2.5499982861569044,2.5499958675247396,2.5499886761360879,2.549968597987891,2.549914948354322,2.549778139194625,2.5494463949936375,2.5486834007222581,2.5470217025495154,2.5435981677058299,2.5369284372540659,2.5246401132448697,2.5032165359520566,2.4678321975180681,2.412367054597786,2.3296502574711715,2.2118924257174637,2.0511097523888262,1.8390603030126154,1.5654211060223646
1556,2.5499988442686528,2.5499982716270679,2.549995835808895,2.54998859792564,2.5499684035355479,2.5499144785304639,2.5497770523949272,2.5494440062286636,2.5486784339304678,2.5470119615160063,2.5435801832796709,2.5368972242312151,2.5245892404637145,2.503138725198188,2.4677205683677377,2.4122169136904317,2.3294610560348419,2.211669300555597,2.0508640359275159,1.8388085767313853,1.56518258454057
1557,2.5499988339492434,2.5499982569921356,2.5499958038886823,2.5499885192709839,2.5499682081166521,2.5499140066820325,2.5497759615827906,2.5494416100162258,2.5486734542948186,2.5470022000597687,2.5435621691861363,2.536865972340443,2.5245383227297538,2.503060870494465,2.4676089069924299,2.4120667645664171,2.3292718806551296,2.2114462399397294,2.0506184177928106,1.8385569685405323,1.5649441799421868
1558,2.5499988235507898,2.5499982422514877,2.5499957717630561,2.5499884401701931,2.5499680117277066,2.5499135328030622,2.5497748667489248,2.5494392063434845,2.5486684618002888,2.5469924181675507,2.5435441254205577,2.5368346815939868,2.5244873600784863,2.5029829718992982,2.467497213462825,2.4119166072881937,2.3290827313617193,2.2112232438480062,2.0503728979088165,1.8383054783231438,1.5647058921138481
1559,2.5499988130727931,2.5499982274045023,2.5499957394309685,2.5499883606213363,2.5499678143652069,2.5499130568875819,2.5497737678840342,2.5494367951976029,2.5486634564318749,2.5469826158261353,2.5435260519783194,2.5368033520041338,2.5244363525454245,2.5029050294710533,2.4673854878494903,2.4117664419180658,2.3288936081841709,2.2110003122585531,2.0501274761996751,1.8380541059627906,1.5644677209416968
1560,2.5499988025147537,2.5499982124505554,2.5499957068913672,2.549988280622475,2.5499676160256408,2.5499125789296109,2.5497726649788182,2.549434376565749,2.5486584381745936,2.5469727930223436,2.5435079488548547,2.5367719835832125,2.5243853001660903,2.5028270432680473,2.4672737302228862,2.4116162685182037,2.3287045111519329,2.2107774451494766,2.0498821525895883,1.8378028513432945,1.5642296663119923
1561,2.5499987918761664,2.5499981973890149,2.5499956741431884,2.549988200171649,2.5499674167054582,2.5499120989231017,2.5497715580238642,2.5494319504349168,2.548653407013215,2.5469629497426745,2.5434898160452044,2.5367405763431257,2.5243342029755942,2.502749013348275,2.4671619406533298,2.4114660871508891,2.3285154402948818,2.2105546424996341,2.0496369270037476,1.8375517143496174,1.5639917328549204
1562,2.5499987811565323,2.5499981822192601,2.5499956411853879,2.5499881192669411,2.5499672164011935,2.5499116168621758,2.5497704470100682,2.549429516792622,2.5486483629333025,2.546953085974724,2.543471653545768,2.5367091302972353,2.5242830610103559,2.5026709397705789,2.46705011921124,2.4113158978776106,2.3283263956412217,2.2103319042855287,2.049391799364523,1.8373006948640316,1.5637539196318579
1563,2.5499987703553431,2.5499981669406533,2.5499956080168982,2.5499880379063886,2.5499670151092957,2.5499111327407911,2.5497693319280406,2.5494270756259074,2.5486433059197147,2.5469432017051097,2.5434534613517079,2.5366776454575022,2.5242318743054053,2.5025928225926863,2.4669382659665038,2.4111657007601819,2.3281373772205027,2.2101092304860344,2.0491467695974328,1.8370497927724694,1.5635162251187118
1564,2.549998759472087,2.5499981515525603,2.5499955746366494,2.5499879560880268,2.5499668128262138,2.549910646552922,2.5497682127684405,2.5494246269219301,2.5486382359575104,2.546933296920769,2.543435239458637,2.5366461218364433,2.5241806428963685,2.5025146618728424,2.4668263809893021,2.4110154958603611,2.3279483850618004,2.2098866210791441,2.0489018376267603,1.8367990079595944,1.5632786487256249
1565,2.5499987485062539,2.5499981360543416,2.54999554104357,2.5499878738098922,2.549966609548405,2.5499101582925574,2.5497670895219531,2.5494221706678828,2.5486331530318069,2.5469233716087136,2.5434169878622357,2.5366145594465999,2.5241293668188023,2.5024364576691034,2.4667144643495398,2.4108652832396138,2.3277594191939959,2.2096640760428747,2.0486570033770204,1.83654834031061,1.5630411900441707
1566,2.5499987374573276,2.549998120445355,2.549995507236587,2.5499877910700159,2.5499664052723152,2.5499096679536732,2.5497659621792512,2.549419706850963,2.5486280571277402,2.546913425755994,2.5433987065582371,2.5365829583005559,2.5240780461082775,2.5023582100394899,2.4666025161170162,2.4107150629592726,2.3275704796458596,2.2094415953552144,2.0484122667727793,1.8362977897110062,1.562803848777444
1567,2.5499987263247936,2.5499981047249585,2.5499954732146208,2.5499877078664217,2.5499661999943859,2.5499091755302401,2.5497648307310055,2.5494172354583693,2.548622948230459,2.5469034593496871,2.5433803955424126,2.5365513184109378,2.5240266808003784,2.5022799190419849,2.4664905363614524,2.4105648350805606,2.3273815664460709,2.209219178994136,2.0481676277386431,1.8360473560465331,1.5625666246686751
1568,2.5499987151081318,2.549998088892504,2.5499954389765902,2.5499876241971293,2.5499659937110479,2.5499086810162215,2.5497636951678837,2.5494147564773018,2.5486178263251333,2.5468934723769108,2.5433620548105851,2.5365196397904128,2.523975270930698,2.502201584734526,2.4663785251524639,2.4104145996645689,2.3271926796232005,2.2089968269375926,2.047923086199281,1.8357970392033089,1.5623295174916276
1569,2.5499987038068195,2.5499980729473433,2.5499954045214093,2.549987540060155,2.54996578641873,2.5499081844055711,2.5497625554805459,2.5494122698949693,2.5486126913969516,2.5468834648248171,2.5433436843586246,2.5364879224516885,2.5239238165348374,2.5021232071750008,2.4662664825595542,2.4102643567722457,2.3270038192057068,2.2087745391635143,2.0476786420794282,1.8355468390679377,1.5620925270456405
1570,2.5499986924203353,2.5499980568888243,2.5499953698479869,2.5499874554535054,2.5499655781138499,2.5499076856922365,2.549761411659651,2.549409775698583,2.5486075434311259,2.5468734366806025,2.5433252841824578,2.5364561664075227,2.5238723176484053,2.5020447864212407,2.4661544086521077,2.4101141064643916,2.3268149852219242,2.208552315649813,2.0474342953038898,1.8352967555276551,1.561855653147213
1571,2.5499986809481499,2.5499980407162899,2.5499953349552285,2.5499873703751819,2.5499653687928165,2.5499071848701567,2.5497602636958514,2.5494072738753615,2.5486023824128918,2.5468633879315101,2.543306854278073,2.5364243716707238,2.5238207743070213,2.5019663225310156,2.4660423034993713,2.4099638488016302,2.326626177700049,2.2083301563743727,2.0471900457975556,1.8350467884706014,1.5616188956252479
1572,2.5499986693897365,2.5499980244290841,2.5499952998420388,2.5499872848231866,2.5499651584520393,2.5499066819332712,2.5497591115798,2.5494047644125231,2.5485972083274828,2.5468533185647795,2.5432883946414524,2.5363925382540971,2.5237691865463061,2.5018878155621009,2.4659301671706046,2.4098135838446004,2.3264373966682887,2.2081080613150794,2.0469458934853084,1.834796937784841,1.5613822543074232
1573,2.5499986577445615,2.5499980080265452,2.5499952645073143,2.5499871987955078,2.5499649470879122,2.5499061768754996,2.5497579553021383,2.5494022472972984,2.5485920211601836,2.5468432285677451,2.5432699052687044,2.5363606661705553,2.5237175544018973,2.501809265572148,2.4658179997347935,2.4096633116535964,2.3262486421545714,2.2078860304497696,2.0467018382921998,1.8345472033603154,1.5611457290409403
1574,2.549998646012094,2.549997991508012,2.5499952289499537,2.5499871122901379,2.5499647346968346,2.5499056696907698,2.5497567948535131,2.5493997225169123,2.5485868208962601,2.5468331179277057,2.5432513861558896,2.5363287554329701,2.5236658779094268,2.5017306726188533,2.4657058012610267,2.4095130322890412,2.3260599141869305,2.2076640637562974,2.0464578801432207,1.8342975850862517,1.5609093196640815
1575,2.549998634191796,2.5499979748728161,2.5499951931688436,2.5499870253050552,2.5499645212751845,2.5499051603729881,2.5497556302245603,2.5493971900586034,2.5485816075210352,2.5468229866320677,2.5432328372992088,2.5362968060543318,2.5236141571045478,2.5016520367597739,2.4655935718180872,2.4093627458109705,2.3258712127930878,2.2074421612124597,2.0462140189635529,1.8340480828539416,1.5606730260336183
1576,2.5499986222831312,2.5499979581202901,2.5499951571628743,2.5499869378382396,2.5499643068193447,2.5499046489160655,2.5497544614059167,2.5493946499096087,2.5485763810198203,2.5468128346682191,2.5432142586948387,2.5362648180476111,2.5235623920229098,2.5015733580524913,2.46548131147481,2.4092124522794878,2.3256825380008204,2.2072203227960623,2.0459702546783469,1.8337986965542274,1.5604368480004758
1577,2.5499986102855545,2.5499979412497611,2.5499951209309271,2.5499868498876572,2.5499640913256805,2.5499041353138945,2.5497532883882084,2.5493921020571779,2.548571141377975,2.5468026620236368,2.5431956503390727,2.5362327914258804,2.5235105827001805,2.5014946365544692,2.465369020299772,2.40906215175437,2.3254938898376429,2.2069985484848624,2.0457265872129193,1.8335494260795842,1.5602007854272748
1578,2.5499985981985249,2.5499979242605542,2.5499950844718819,2.5499867614512772,2.5499638747905595,2.5499036195603701,2.5497521111620647,2.5493895464885585,2.5485658885808578,2.5467924686857932,2.5431770122281967,2.5362007262022006,2.5234587291720256,2.5014158723231774,2.46525669836157,2.4089118442954192,2.3253052683310895,2.2067768382566215,2.0454830164925828,1.8333002713219255,1.5599648381705464
1579,2.5499985860214953,2.5499979071519925,2.5499950477846154,2.5499866725270599,2.5499636572103386,2.5499031016493761,2.5497509297181078,2.5493869831910061,2.5485606226138535,2.5467822546422125,2.5431583443585644,2.5361686223896949,2.523406831474122,2.5013370654160179,2.4651443457286479,2.4087615299622445,2.3251166735085413,2.2065551920890711,2.0452395424427441,1.8330512321743486,1.5597290060960334
1580,2.5499985737539177,2.5499978899233953,2.5499950108679985,2.5499865831129598,2.5499634385813672,2.54990258157479,2.5497497440469568,2.5493844121517806,2.5485553434623669,2.5467720198804558,2.5431396467265777,2.5361364800015247,2.5233548896421536,2.5012582158903434,2.4650319624693449,2.4086112088143228,2.3249281053972743,2.2063336099599224,2.0449961649888833,1.8328023085301595,1.5594932890697248
1581,2.5499985613952396,2.5499978725740795,2.5499949737208976,2.5499864932069252,2.5499632188999883,2.5499020593304809,2.5497485541392266,2.5493818333581464,2.5485500511118246,2.5467617643881248,2.5431209193286897,2.5361042990508946,2.5233029037118069,2.5011793238034556,2.4649195486518893,2.4084608809109924,2.3247395640244539,2.206112091846864,2.0447528840565639,1.8325535002826818,1.5592576869563812
1582,2.5499985489449082,2.5499978551033582,2.549994936342177,2.5499864028069004,2.5499629981625365,2.5499015349103122,2.5497473599855285,2.5493792467973728,2.5485447455476713,2.546751488152855,2.5431021621613987,2.5360720795510483,2.5232508737187804,2.5011003892126094,2.46480710434441,2.4083105463114634,2.3245510494171429,2.205890637727566,2.0445096995714076,1.8323048073262638,1.5590221996280433
1583,2.5499985364023665,2.5499978375105421,2.5499948987306973,2.5499863119108235,2.5499627763653439,2.5499010083081401,2.5497461615764707,2.5493766524567376,2.5485394267553705,2.5467411911623179,2.5430833752212476,2.5360398215152662,2.5231987996987759,2.5010214121750112,2.4646946296149341,2.4081602050748243,2.3243625616023071,2.2056692475796797,2.0442666114591268,1.8320562295544656,1.5587868269517788
1584,2.5499985237670555,2.5499978197949393,2.5499948608853136,2.5499862205166264,2.5499625535047312,2.5499004795178144,2.5497449589026573,2.5493740503235198,2.5485340947204085,2.5467308734042233,2.5430645585048306,2.5360075249568728,2.523146681687503,2.5009423927478176,2.464582124531379,2.408009857260021,2.3241741006068,2.2054479213808338,2.0440236196454986,1.8318077668618518,1.5585515688002303
1585,2.5499985110384147,2.5499978019558549,2.5499948228048788,2.5499861286222378,2.5499623295770153,2.5498999485331759,2.5497437519546882,2.5493714403850061,2.548528749428288,2.5467205348663167,2.5430457120087873,2.5359751898892298,2.5230945197206771,2.5008633309881367,2.4644695891615616,2.4078595029258749,2.3239856664573746,2.2052266591086371,2.0437807240563814,1.8315594191429225,1.5583164250461332
1586,2.5499984982158783,2.549997783992592,2.5499947844882396,2.54998603622558,2.5499621045785039,2.5498994153480621,2.5497425407231615,2.5493688226284856,2.5485233908645317,2.5467101755363788,2.5430268357298003,2.5359428163257354,2.5230423138340163,2.5007842269530332,2.4643570235731995,2.4077091421310826,2.323797259180691,2.2050054607406784,2.0435379246177172,1.8313111862919242,1.5580813955617199
1587,2.5499984852988811,2.549997765904449,2.5499947459342409,2.5499859433245704,2.5499618785054978,2.5498988799563009,2.5497413251986702,2.5493661970412553,2.5485180190146837,2.5466997954022292,2.5430079296646042,2.5359104042798313,2.522990064063249,2.5007050806995172,2.4642444278338997,2.4075587749342033,2.3236088788032943,2.2047843262545257,2.0432952212555153,1.8310630682038058,1.5578464802223608
1588,2.5499984722868536,2.5499977476907225,2.5499947071417228,2.5499858499171193,2.5499616513542946,2.5498983423517139,2.5497401053718045,2.5493635636106164,2.5485126338643074,2.5466893944517226,2.5429889938099772,2.5358779537649947,2.5229377704441056,2.5006258922845537,2.4641318020111731,2.407408401393675,2.3234205253516356,2.2045632556277286,2.0430526138958851,1.8308150647731631,1.5576116789028431
1589,2.5499984591792244,2.5499977293507055,2.5499946681095218,2.5499857560011319,2.5499614231211822,2.5498978025281156,2.5497388812331505,2.5493609223238756,2.5485072353989859,2.5466789726727508,2.5429700281627454,2.5358454647947437,2.5228854330123247,2.5005466617650582,2.4640191461724226,2.4072580215678023,2.3232321988520606,2.2043422488378144,2.0428101024650021,1.8305671758949549,1.5573769914797229
1590,2.5499984459754192,2.5499977108836882,2.5499946288364708,2.5499856615745098,2.5499611938024418,2.5498972604793142,2.5497376527732918,2.5493582731683451,2.5485018236043224,2.5466685300532408,2.542951032719782,2.5358129373826341,2.5228330518036488,2.500467389197897,2.4639064603849494,2.4071076355147611,2.3230438993308136,2.2041213058622908,2.0425676868891363,1.8303194014641779,1.557142417830077
1591,2.5499984326748608,2.5499976922889593,2.5499945893213973,2.5499855666351481,2.5499609633943474,2.5498967161991124,2.5497364199828083,2.5493556161313418,2.548496398465939,2.5466580665811582,2.5429320074780057,2.5357803715422609,2.5227806268538262,2.5003880746398863,2.4637937447159501,2.4069572432925979,2.3228556268140403,2.2039004266786439,2.042325367094656,1.8300717413758307,1.5569079578312313
1592,2.54999841927697,2.5499976735658034,2.549994549563126,2.549985471180936,2.5499607318931679,2.5498961696813032,2.5497351828522765,2.5493529512001887,2.5484909599694792,2.5466475822445034,2.5429129524343828,2.5357477672872579,2.5227281581986114,2.5003087181477959,2.4636809992325195,2.4068068449592301,2.3226673813277809,2.2036796112643406,2.0420831430079889,1.8298241955251662,1.5566736113623718
1593,2.5499984057811651,2.5499976547135019,2.5499945095604781,2.5499853752097583,2.5499604992951639,2.5498956209196755,2.5497339413722688,2.5493502783622137,2.5484855081006055,2.5466370770313138,2.5428938675859256,2.5357151246312979,2.5226756458737629,2.5002293197783452,2.4635682240016483,2.4066564405724478,2.3224791628979764,2.203458859596827,2.0418410145556671,1.8295767638074203,1.5564393783026205
1594,2.5499983921868608,2.5499976357313336,2.5499944693122694,2.5499852787194923,2.5499602655965896,2.5498950699080103,2.5497326955333559,2.549347597604751,2.5484800428450014,2.5466265509296657,2.5428747529296922,2.5356824435880903,2.5226230899150424,2.5001498795882036,2.4634554190902245,2.4065060301899144,2.3222909715504696,2.203238171653529,2.0415989816643312,1.8293294461178109,1.5562052585309301
1595,2.5499983784934708,2.5499976166185743,2.5499944288173126,2.5499851817080121,2.5499600307936929,2.549894516640081,2.5497314453261035,2.5493449089151405,2.5484745641883704,2.5466160039276691,2.5428556084627889,2.5356497241713849,2.5225704903582198,2.5000703976339937,2.4633425845650319,2.4063556138691609,2.3221028073109973,2.2030175474118523,2.0413570442606765,1.8290822423518116,1.5559712519283855
1596,2.549998364700405,2.5499975973744964,2.5499943880744165,2.5499850841731853,2.5499597948827142,2.5498939611096554,2.5497301907410748,2.5493422122807265,2.5484690721164349,2.5466054360134711,2.5428364341823668,2.5356169663949695,2.5225178472390679,2.4999908739722883,2.4632297204927531,2.4062051916675933,2.3219146702052003,2.2027969868491826,2.0411152022715111,1.8288351524048561,1.5557373583757519
1597,2.5499983508070696,2.5499975779983699,2.5499943470823858,2.5499849861128738,2.5499595578598875,2.5498934033104947,2.5497289317688305,2.5493395076888605,2.5484635666149384,2.546594847175256,2.5428172300856229,2.5355841702726658,2.5224651605933621,2.4999113086596094,2.4631168269399701,2.4060547636424947,2.3217265602586239,2.2025764899428846,2.0408734556237547,1.8285881761723477,1.5555035777535862
1598,2.5499983368128705,2.5499975584894621,2.5499943058400212,2.5499848875249347,2.549959319721439,2.549892843236353,2.5497276683999268,2.5493367951268984,2.5484580476696443,2.5465842374012442,2.542797996169802,2.5355513358183384,2.5224124304568862,2.499831701752433,2.4630039039731586,2.4059043298510128,2.3215384774967047,2.2023560566703031,2.0406318042443861,1.8283413135499131,1.5552699099442335
1599,2.5499983227172094,2.5499975388470366,2.54999426434612,2.5499847884072198,2.5499590804635894,2.549892280880977,2.5497264006249183,2.5493340745822026,2.5484525152663355,2.5465736066796927,2.5427787324321929,2.5355184630458871,2.5223596568654258,2.4997520533071835,2.4628909516586934,2.4057538903501738,2.321350421944786,2.2021356870087638,2.0403902480604961,1.8280945644331654,1.555036354829862
1600,2.5499983085194864,2.5499975190703541,2.5499942225994729,2.5499846887575743,2.5499588400825526,2.549891716238109,2.5497251284343547,2.5493313460421407,2.5484469693908163,2.5465629549988935,2.5427594388701302,2.5354855519692463,2.5223068398547701,2.4996723633802373,2.4627779700628505,2.4056034451968813,2.3211623936281183,2.2019153809355725,2.0401487869992847,1.8278479287177396,1.5548029122926708
1601,2.549998294219098,2.5499974991586725,2.5499941805988704,2.5499845885738397,2.549958598574535,2.549891149301482,2.5497238518187837,2.5493286094940864,2.5484414100289094,2.5465522823471765,2.5427401154809957,2.5354526026023927,2.5222539794607139,2.4995926320279218,2.4626649592517986,2.4054529944479053,2.3209743925718422,2.2016951384280139,2.0399074209880226,1.8276014062993919,1.5545695822160384
1602,2.5499982798154393,2.549997479111247,2.5499941383430955,2.54998448785385,2.5499583559357366,2.5498905800648237,2.5497225707687496,2.5493258649254189,2.5484358371664588,2.5465415887129077,2.5427207622622165,2.5354196149593378,2.5222010757190558,2.4995128593065141,2.4625519192916081,2.4053025381598925,2.3207864188010068,2.2014749594633538,2.0396661499540896,1.827354997073932,1.5543363644834012
1603,2.549998265307901,2.5499974589273293,2.5499940958309302,2.549984386595435,2.5499581121623511,2.5498900085218552,2.5497212852747944,2.5493231123235245,2.5484302507893299,2.5465308740844885,2.5427013792112625,2.5353865890541285,2.522148128665596,2.4994330452722435,2.4624388502482488,2.4051520763893701,2.3205984723405675,2.2012548440188389,2.0394249738249695,1.8271087009372518,1.5541032589783799
1604,2.5499982506958725,2.5499974386061681,2.5499940530611509,2.5499842847964187,2.5499578672505638,2.5498894346662913,2.5497199953274556,2.5493203516757936,2.548424650883407,2.5465201384503571,2.5426819663256528,2.5353535249008532,2.5220951383361414,2.4993531899812886,2.4623257521875854,2.4050016091927309,2.3204105532153729,2.2010347920716948,2.0391838925282273,1.8268625177852784,1.5538702655854062
1605,2.5499982359787401,2.5499974181470093,2.5499940100325298,2.5499841824546201,2.5499576211965551,2.5498888584918395,2.549718700917269,2.549317582969624,2.5484190374345941,2.5465093817989888,2.5426625236029508,2.535320422513633,2.5220421047665007,2.499273293489781,2.462212625175384,2.4048511366262475,2.3202226614501811,2.200814803599128,2.0389429059915338,1.8266164475140427,1.5536373841890598
1606,2.5499982211558865,2.5499973975490957,2.5499939667438354,2.5499840795678517,2.5499573739964982,2.5498882799922016,2.5497174020347679,2.5493148061924185,2.5484134104288167,2.5464986041188937,2.5426430510407632,2.535287281906625,2.5219890279924839,2.4991933558538015,2.4620994692773088,2.4047006587460706,2.3200347970696544,2.200594878578328,2.0387020141426593,1.8263704900196867,1.5534046146741036
1607,2.5499982062266926,2.5499973768116666,2.5499939231938318,2.5499839761339214,2.549957125646559,2.5498876991610722,2.5497160986704821,2.5493120213315859,2.5484077698520191,2.5464878053986189,2.5426235486367452,2.5352541030940268,2.5219359080499082,2.4991133771293828,2.4619862845589227,2.4045501756082195,2.3198469600983525,2.2003750169864618,2.0384612169094645,1.826124645198363,1.5531719569260067
1608,2.5499981911905367,2.5499973559339599,2.54999387938128,2.5499838721506309,2.5499568761428977,2.5498871159921395,2.5497147908149378,2.5493092283745415,2.5484021156901679,2.5464769856267484,2.5426040163885952,2.5352208860900696,2.5218827449745915,2.4990333573725065,2.4618730710856864,2.4043996872685942,2.3196591505607431,2.2001552188006785,2.0382205142199101,1.8258789129463429,1.5529394108303707
1609,2.5499981760467949,2.5499973349152079,2.5499938353049361,2.5499837676157773,2.5499566254816659,2.5498865304790854,2.5497134784586595,2.5493064273087072,2.5483964479292482,2.5464661447918999,2.5425844542940559,2.5351876309090189,2.5218295388023546,2.498953296639105,2.4617598289229621,2.4042491937829724,2.3194713684812016,2.1999354839981109,2.0379799060020529,1.8256332931600101,1.5527069762729451
1610,2.5499981607948397,2.5499973137546412,2.5499937909635531,2.549983662527151,2.5499563736590112,2.5498859426155849,2.5497121615921681,2.5493036181215105,2.5483907665552663,2.5464552828827292,2.5425648623509169,2.535154337565181,2.5217762895690234,2.4988731949850624,2.4616465581360094,2.4040986952070029,2.3192836138839996,2.1997158125558691,2.0377393921840472,1.8253877857357752,1.552474653140137
1611,2.5499981454340408,2.5499972924514882,2.5499937463558791,2.549983556882538,2.5499561206710712,2.5498853523953064,2.5497108402059823,2.5493008008003843,2.5483850715542489,2.5464443998879287,2.5425452405570113,2.5351210060728944,2.5217229973104254,2.4987930524662136,2.461533258789987,2.4039481915962133,2.3190958867933182,2.1994962044510462,2.0374989726941424,1.8251423905701658,1.5522424413184754
1612,2.549998129963766,2.5499972710049725,2.5499937014806573,2.5499834506797194,2.5499558665139799,2.5498847598119143,2.5497095142906177,2.5492979753327694,2.5483793629122427,2.5464334957962245,2.5425255889102165,2.5350876364465345,2.5216696620623882,2.4987128691383429,2.461419930949956,2.4037976830060126,2.3189081872332471,2.1992766596607187,2.0372586474606837,1.8248971075598222,1.5520103406946419
1613,2.5499981143833792,2.5499972494143162,2.5499936563366288,2.5499833439164696,2.5499556111838624,2.5498841648590633,2.5497081838365871,2.5492951417061112,2.5483736406153157,2.5464225705963806,2.5425059074084562,2.5350542287005138,2.5216162838607463,2.498632645057187,2.4613065746808744,2.4036471694916797,2.3187205152277723,2.199057178161941,2.0370184164121152,1.8246519366014258,1.5517783511558836
1614,2.5499980986922424,2.549997227678737,2.5499936109225292,2.5499832365905584,2.5499553546768379,2.5498835675304035,2.5497068488344006,2.5492922999078615,2.5483679046495551,2.5464116242771975,2.5424861960496981,2.535020782849279,2.5215628627413342,2.498552380278432,2.4611931900476001,2.4034966511083744,2.3185328708007913,2.1988377599317523,2.0367782794769731,1.824406877591779,1.551546472589592
1615,2.5499980828897142,2.54999720579745,2.5499935652370906,2.5499831286997479,2.5499550969890197,2.5498829678195785,2.5497055092745673,2.5492894499254803,2.5483621550010702,2.5464006568275104,2.5424664548319527,2.5349872989073097,2.5215093987399864,2.4984720748577138,2.4610797771148931,2.403346127911139,2.3183452539761098,2.1986184049471742,2.0365382365838856,1.8241619304278025,1.5513147048833338
1616,2.5499980669751507,2.5499971837696669,2.5499935192790417,2.5499830202417972,2.5499548381165136,2.549882365720225,2.5497041651475914,2.5492865917464322,2.5483563916559886,2.5463896682361904,2.5424466837532775,2.5349537768891253,2.5214558918925434,2.4983917288506201,2.4609663359474112,2.4031955999548851,2.3181576647774329,2.1983991131852072,2.0362982876615829,1.8239170950064629,1.5510830479251454
1617,2.5499980509479054,2.5499971615945967,2.5499934730471052,2.5499829112144585,2.5499545780554187,2.5498817612259739,2.5497028164439755,2.5492837253581886,2.5483506146004609,2.5463786584921464,2.5424268828117738,2.5349202168092781,2.5214023422348464,2.498311342312689,2.4608528666097129,2.4030450672944075,2.3179701032283759,2.1981798846228364,2.0360584326388844,1.8236723712248564,1.5508515016032294
1618,2.5499980348073299,2.5499971392714462,2.5499934265400008,2.5499828016154797,2.549954316801827,2.5498811543304489,2.5497014631542196,2.5492808507482265,2.5483448238206563,2.5463676275843201,2.542407052005585,2.534886618682354,2.5213487498027374,2.4982309152994082,2.4607393691662596,2.4028945299843816,2.3177825693524636,2.1979607192370314,2.0358186714446984,1.823427758980207,1.5506200658059759
1619,2.5499980185527722,2.5499971167994184,2.5499933797564447,2.5499826914426027,2.5499540543518249,2.5498805450272681,2.5497001052688213,2.5492779679040303,2.5483390193027655,2.5463565755016928,2.5423871913329017,2.5348529825229758,2.5212951146320632,2.498150447866216,2.460625843681409,2.4027439880793553,2.3175950631731213,2.1977416170047408,2.0355790040080359,1.8231832581697867,1.5503887404221819
1620,2.5499980021835769,2.5499970941777121,2.5499933326951476,2.5499825806935639,2.5499537907014918,2.5498799333100424,2.549698742778276,2.5492750768130903,2.5483332010329991,2.5463455022332782,2.5423673007919567,2.5348193083458024,2.5212414367586713,2.4980699400685031,2.4605122902194205,2.402593441633758,2.317407584713683,2.1975225779028964,2.0353394302579986,1.8229388686909884,1.5501575253408517
1621,2.54999798569908,2.5499970714055142,2.5499932853548044,2.5499824693660678,2.5499535258468535,2.5498793191722977,2.5496973756729382,2.5492721774626945,2.548327368997291,2.5463344077677483,2.5423473803805958,2.5347855961651016,2.5211877162180802,2.4979893919614624,2.4603987088445525,2.4024428907022513,2.3172201339979597,2.1973036019091263,2.0350999501245477,1.8226945904421388,1.5499264172866536
1622,2.549997969098631,2.5499970484820338,2.5499932377341405,2.5499823574578828,2.549953259784056,2.5498787026077738,2.5496960039435401,2.5492692698407233,2.5483215231824397,2.546323292094911,2.542327430097993,2.5347518459964875,2.5211339530469083,2.497908803600855,2.460285099620886,2.4022923353385091,2.3170327110480553,2.1970846889988414,2.0348605635351888,1.8224504233189613,1.54969541668152
1623,2.5499979523815659,2.5499970254064568,2.5499931898318509,2.5499822449667198,2.5499529925091395,2.5498780836100288,2.5496946275805041,2.5492663539345717,2.5483156635745261,2.5463121552035939,2.5423074499421014,2.534718057854203,2.5210801472804314,2.4978281750413855,2.4601714626120232,2.4021417755965566,2.3168453158874165,2.1968658391497855,2.0346212704205566,1.8222063672206825,1.5494645243815137
1624,2.5499979355472155,2.5499970021779688,2.5499931416466244,2.549982131890284,2.5499527240181417,2.5498774621726228,2.549693246574273,2.5492634297317016,2.5483097901597831,2.5463009970829065,2.542287439911322,2.5346842317530971,2.521026298954645,2.4977475063384675,2.460057797882087,2.4019912115305657,2.3166579485391088,2.1966470523387374,2.0343820707098375,1.8219624220447386,1.5492337405776819
1625,2.5499979185949111,2.5499969787957517,2.5499930931771537,2.5499820182262845,2.5499524543071073,2.5498768382891366,2.5496918609153303,2.5492604972196355,2.5483039029245216,2.5462898177220423,2.5422674000041008,2.5346503677079988,2.5209724081054037,2.4976667975472515,2.4599441054948543,2.4018406431943768,2.3164706090260165,2.1964283285425488,2.0341429643325721,1.8217185876890687,1.5490030653634403
1626,2.5499979015239811,2.5499969552589872,2.5499930444221235,2.5499819039724234,2.5499521833720791,2.5498762119531451,2.5496904705941605,2.5492575563859079,2.5482980018550823,2.5462786171102327,2.542247330218935,2.5346164657337655,2.5209184747685507,2.4975860487228059,2.4598303855139707,2.4016900706416844,2.3162832973709184,2.1962096677380623,2.0339039512184272,1.8214748640517655,1.5487724987585743
1627,2.5499978843337496,2.5499969315668531,2.5499929953802174,2.5499817891263996,2.5499519112090865,2.5498755831582174,2.5496890756012411,2.5492546072180593,2.5482920869378258,2.5462673952367534,2.5422272305543747,2.5345825258452983,2.5208644989799369,2.4975052599201613,2.4597166380029774,2.4015394939260495,2.3160960135964843,2.1959910699020933,2.0336650312971565,1.8212312510309787,1.5485420407394885
1628,2.5499978670235417,2.5499969077185227,2.5499929460501147,2.5499816736859051,2.5499516378141571,2.5498749518979165,2.5496876759270499,2.5492516497036313,2.5482861581591236,2.5462561520908973,2.5422071010089922,2.5345485480575216,2.520810480775419,2.4974244311943199,2.4596028630253666,2.4013889131009711,2.3159087577253397,2.195772535011451,2.0334262044985585,1.8209877485248616,1.5483116912745944
1629,2.5499978495926756,2.5499968837131677,2.549992896430489,2.5499815576486267,2.5499513631833119,2.5498743181657977,2.5496862715620607,2.5492486838301751,2.5482802155053732,2.5462448876620054,2.5421869415814169,2.5345145323854017,2.5207564201908563,2.4973435626002214,2.4594890606445015,2.4012383282197942,2.3157215297799891,2.1955540630429193,2.0331874707525461,1.8207443564315497,1.5480814503130651
1630,2.5499978320404688,2.5499968595499567,2.5499928465200101,2.5499814410122457,2.5499510873125635,2.5498736819554111,2.5496848624967452,2.5492457095852479,2.5482742589629908,2.5462336019394458,2.5421667522703153,2.5344804788439328,2.5207023172621041,2.4972626541927623,2.4593752309236661,2.4010877393357655,2.3155343297828641,2.1953356539732747,2.0329488299891034,1.8205010746490746,1.5478513177968489
1631,2.5499978143662347,2.5499968352280544,2.5499927963173441,2.5499813237744386,2.5499508101979185,2.5498730432603023,2.5496834487215732,2.5492427269564106,2.5482682885184098,2.5462222949126203,2.5421465330743898,2.5344463874481371,2.5206481720250196,2.4971817060267969,2.4592613739260569,2.4009371465020291,2.3153471577563174,2.1951173077792792,2.032710282138293,1.8202579030753721,1.5476212936590592
1632,2.5499977965692855,2.549996810746622,2.5499927458211538,2.549981205932875,2.5499505318353775,2.5498724020740084,2.5496820302270127,2.5492397359312378,2.5482623041580919,2.5462109665709773,2.5421262839923995,2.5344122582130821,2.5205939845154606,2.4971007181571121,2.4591474897147392,2.4007865497715701,2.3151600137225801,2.1948990244376727,2.0324718271302933,1.8200148416081487,1.5473913778239614
1633,2.5499977786489256,2.5499967861048134,2.5499926950300909,2.5499810874852127,2.5499502522209245,2.5498717583900534,2.5496806070035265,2.5492367364973156,2.5482563058685441,2.54619961690404,2.5421060050231996,2.5343780911539069,2.5205397547692852,2.4970196906383855,2.4590335783525661,2.4006359491971199,2.3149728977036927,2.1946808039251668,2.0322334648954654,1.8197718901446238,1.5471615702095203
1634,2.5499977606044673,2.5499967613017911,2.5499926439428187,2.5499809684291224,2.5499499713505602,2.5498711122019757,2.5496791790415827,2.5492337286422151,2.5482502936362228,2.5461882459012486,2.5420856961655396,2.53434388628567,2.52048548282235,2.4969386235254163,2.4589196399026276,2.4004853448316923,2.3147858097219105,2.1944626462185064,2.0319951953639652,1.8195290485825226,1.5469318707431969
1635,2.5499977424352056,2.5499967363366998,2.5499925925579765,2.5499808487622468,2.5499496892202522,2.5498704635032827,2.5496777463316387,2.5492307123535412,2.5482442674476902,2.546176853552224,2.5420653574183874,2.5343096436235979,2.5204311687105134,2.4968575168727498,2.4588056744275151,2.4003347367277046,2.3145987497990332,2.1942445512943647,2.0317570184663842,1.819286316818586,1.5467022793352652
1636,2.5499977241404466,2.5499967112086952,2.5499925408742179,2.5499807284822453,2.5499494058259877,2.549869812287501,2.549676308864159,2.5492276876188793,2.5482382272894446,2.5461654398464768,2.5420449887805781,2.534275363182815,2.5203768124696322,2.4967763707350858,2.4586916819901248,2.4001841249379381,2.3144117179571388,2.1940265191294586,2.0315189341330475,1.8190436947501518,1.5464727959060371
1637,2.5499977057194827,2.5499966859169172,2.5499924888901777,2.5499806075867517,2.5499491211637229,2.549869158548129,2.5496748666295974,2.5492246544258474,2.5482321731480848,2.5461540047736886,2.5420245902511538,2.5342410449786041,2.5203224141355642,2.496695185166883,2.4585776626528797,2.4000335095146084,2.3142247142178758,2.193808549700436,2.0312809422946891,1.8188011822738495,1.5462434203636493
1638,2.5499976871716128,2.5499966604605135,2.5499924366044979,2.5499804860734097,2.5499488352294275,2.5498685022786773,2.5496734196184128,2.5492216127620484,2.5482261050101642,2.5461425483234645,2.5420041618290647,2.5342066890261776,2.5202679737441658,2.4966139602227062,2.4584636164784133,2.3998828905101814,2.3140377386030826,2.1935906429839767,2.0310430428818629,1.8185587792866069,1.546014152621388
1639,2.549997668496125,2.5499966348386214,2.5499923840158094,2.5499803639398495,2.5499485480190529,2.5498678434726392,2.549671967821058,2.5492185626151058,2.548220022862298,2.5461310704855125,2.5419837035133832,2.534172295340841,2.5202134913312935,2.4965326959569785,2.4583495435290779,2.399732267976789,2.3138507911343438,2.1933727989567195,2.030805235825361,1.8183164856851983,1.5457849925880174
1640,2.5499976496923051,2.5499966090503725,2.5499923311227377,2.5499802411836932,2.5499482595285423,2.5498671821234997,2.5496705112279825,2.5492155039726532,2.5482139266911239,2.546119571249581,2.541963215303233,2.5341378639379379,2.5201589669328026,2.4964513924240621,2.4582354438671135,2.3995816419664253,2.3136638718331417,2.1931550175952901,2.0305675210560734,1.8180743013662919,1.5455559401700298
1641,2.549997630759441,2.5499965830949023,2.5499922779239093,2.5499801178025638,2.5499479697538407,2.5498665182247477,2.5496690498296393,2.5492124368223203,2.5482078164832771,2.5461080506054135,2.5419426971977268,2.5341033948328056,2.520104400584549,2.4963700496783297,2.4581213175547783,2.3994310125311085,2.3134769807209761,2.1929372988763136,2.0303298985048701,1.8178322262269311,1.5453269952766684
1642,2.5499976116968144,2.5499965569713408,2.5499922244179438,2.5499799937940777,2.5499476786908826,2.5498658517698618,2.5496675836164764,2.5492093611517497,2.5482016922254229,2.5460965085428042,2.5419221491960413,2.534068888040828,2.5200497923223866,2.4962886677740803,2.4580071646541883,2.399280379722688,2.3132901178192187,2.1927196427763986,2.0300923681027436,1.8175902601640317,1.5450981578144976
1643,2.5499975925037051,2.5499965306788122,2.5499921706034576,2.5499798691558437,2.5499473863355959,2.5498651827523147,2.5496661125789406,2.5492062769485897,2.5481955539042498,2.5460849450515863,2.5419015712974007,2.5340343435774253,2.5199951421821694,2.4962072467655587,2.4578929852273532,2.3991297435928822,2.3131032831491427,2.1925020492721368,2.0298549297807789,1.8173484030743172,1.5448694276874106
1644,2.5499975731793887,2.5499965042164399,2.5499921164790607,2.5499797438854661,2.5499470926839019,2.549864511165572,2.5496646367074765,2.5492031842004987,2.5481894015064683,2.5460733601216297,2.5418809635010704,2.5339997614580487,2.5199404501997491,2.4961257867069562,2.4577787793361816,2.3989791041932946,2.3129164767319352,2.1922845183401094,2.0296175834701335,1.8171066548552164,1.5446408048020253
1645,2.5499975537231387,2.5499964775833424,2.5499920620433607,2.5499796179805414,2.5499467977317156,2.5498638370030946,2.5496631559925271,2.5492000828951404,2.5481832350188109,2.5460617537428396,2.5418603258063586,2.5339651416981819,2.5198857164109763,2.4960442876524165,2.4576645470424867,2.3988284615754112,2.3127296985886945,2.1920670499568851,2.029380329102048,1.8168650154040902,1.5444122890633263
1646,2.5499975341342256,2.5499964507786359,2.5499920072949598,2.5499794914386631,2.5499465014749458,2.5498631602583379,2.5496616704245341,2.5491969730201856,2.5481770544280291,2.5460501259051553,2.5418396582126159,2.5339304843133403,2.5198309408517026,2.4959627496560328,2.4575502884079876,2.3986778157906068,2.3125429487404339,2.1918496440990172,2.0291431666078465,1.816623484618074,1.5441838803738206
1647,2.549997514411916,2.5499964238014332,2.5499919522324568,2.5499793642574189,2.5499462039094936,2.5498624809247508,2.5496601799939373,2.5491938545633142,2.5481708597208943,2.5460384765985498,2.5418189607192301,2.5338957893190668,2.5197761235577754,2.4958811727718504,2.4574360034943128,2.3985271668901493,2.3123562272080886,2.1916323007430512,2.0289060959189111,1.8163820623950895,1.5439555786386419
1648,2.5499974945554738,2.549996396650843,2.5499918968544453,2.5499792364343898,2.549945905031255,2.5498617989957761,2.5496586846911748,2.5491907275122125,2.5481646508842006,2.5460268058130322,2.5417982333256326,2.5338610567309376,2.5197212645650415,2.4957995570538625,2.4573216923629917,2.3983765149251886,2.3121695340125044,2.1914150198655191,2.0286691169667077,1.8161407486330858,1.5437273837618395
1649,2.5499974745641607,2.5499963693259726,2.5499918411595162,2.5499791079671521,2.5499456048361187,2.5498611144648518,2.5496571845066827,2.5491875918545741,2.5481584279047635,2.5460151135386484,2.5417774760313003,2.5338262865645622,2.5196663639093484,2.4957179025560121,2.457207355075453,2.3982258599467539,2.3119828691744346,2.1911978014429381,2.0284322296827924,1.8158995432298999,1.5434992956457128
1650,2.5499974544372348,2.5499963418259233,2.5499917851462546,2.5499789788532765,2.5499453033199675,2.54986042732541,2.5496556794308969,2.5491844475781003,2.5481521907694171,2.5460033997654756,2.5417566888357448,2.5337914788355755,2.5196114216265384,2.4956362093321958,2.4570929916930409,2.398075202005777,2.3117962327145625,2.1909806454518188,2.0281954339987642,1.8156584460839424,1.5432713141939967
1651,2.5499974341739526,2.5499963141497943,2.549991728813243,2.5499788490903286,2.5499450004786781,2.5498597375708778,2.5496541694542509,2.5491812946705004,2.5481459394650181,2.5459916644836271,2.5417358717385206,2.5337566335596438,2.519556437752454,2.4955544774362615,2.4569786022770033,2.3979245411530732,2.311609624653483,2.1907635518686592,2.0279587298463051,1.8154174570937556,1.5430434393098451
1652,2.5499974137735659,2.5499962862966816,2.5499916721590585,2.549978718675868,2.5499446963081205,2.5498590451946761,2.5496526545671769,2.54917813311949,2.5481396739784432,2.5459799076832521,2.5417150247392262,2.5337217507524672,2.5195014123229362,2.4954727069220035,2.4568641868884868,2.3977738774393385,2.3114230450117006,2.1905465206699426,2.0277221171571842,1.8151765761579419,1.542815670895515
1653,2.5499973932353246,2.5499962582656783,2.5499916151822739,2.5499785876074488,2.5499443908041584,2.549858350190219,2.5496511347601056,2.5491749629127933,2.5481333942965909,2.5459681293545326,2.541694147837497,2.5336868304297737,2.5194463453738227,2.4953908978431674,2.4567497455885499,2.3976232109151647,2.3112364938096435,2.1903295518321451,2.027485595863217,1.8149358031754377,1.542588008853804
1654,2.549997372558475,2.5499962300558745,2.5499915578814583,2.5499784558826191,2.5499440839626479,2.5498576525509176,2.549649610023466,2.5491717840381418,2.5481271004063806,2.5459563294876855,2.5416732410330107,2.5336518726073209,2.5193912369409492,2.4953090502534501,2.4566352784381551,2.3974725416310312,2.3110499710676531,2.1901126453317294,2.0272491658962943,1.8146951380453693,1.5423604530871751
1655,2.5499973517422601,2.5499962016663558,2.5499915002551754,2.5499783234989226,2.549943775779441,2.5498569522701748,2.5496480803476853,2.5491685964832733,2.548120792294752,2.5459445080729632,2.5416523043254866,2.5336168773008994,2.5193360870601516,2.4952271642064976,2.456520785498169,2.3973218696373011,2.3108634768059866,2.1898958011451461,2.0270128271883898,1.8144545806670378,1.5421330034976257
1656,2.5499973307859203,2.5499961730962046,2.549991442301986,2.5499781904538965,2.5499434662503817,2.5498562493413899,2.5496465457231912,2.5491654002359354,2.5481144699486671,2.5459326651006542,2.5416313377146853,2.5335818445263265,2.5192808957672592,2.4951452397559057,2.4564062668293642,2.3971711949842294,2.3106770110448194,2.1896790192488385,2.0267765796715267,1.8142141309399709,1.5419056599875374
1657,2.5499973096886923,2.5499961443445005,2.549991384020446,2.5499780567450729,2.5499431553713072,2.5498555437579546,2.5496450061404081,2.5491621952838837,2.5481081333551074,2.5459208005610812,2.5416103412004074,2.5335467742994515,2.5192256630981027,2.4950632769552215,2.4562917224924177,2.3970205177219577,2.3104905738042434,2.1894622996192372,2.026540423277801,1.8139737887639031,1.5416784224590367
1658,2.5499972884498114,2.5499961154103197,2.5499913254091067,2.5499779223699792,2.5499428431380493,2.5498548355132566,2.5496434615897599,2.5491589816148794,2.5481017825010772,2.5459089144446008,2.5415893147824953,2.5335116666361537,2.5191703890885093,2.494981275857941,2.4561771525479124,2.3968698379005167,2.3103041651042662,2.1892456422327613,2.0263043579393858,1.813733554038774,1.5414512908138787
1659,2.549997267068508,2.549996086292734,2.5499912664665159,2.5499777873261351,2.5499425295464331,2.5498541246006776,2.5496419120616691,2.5491557592166929,2.548095417373601,2.5458970067416056,2.5415682584608303,2.5334765215523416,2.5191150737743033,2.4948992365175098,2.4560625570563377,2.3967191555698273,2.3101177849648136,2.1890290470658202,2.0260683835885054,1.8134934266647429,1.5412242649542887
1660,2.5499972455440116,2.5499960569908127,2.5499912071912161,2.5499776516110573,2.5499422145922774,2.5498534110135935,2.5496403575465578,2.5491525280771019,2.5480890379597265,2.545885077442521,2.5415471722353362,2.5334413390639536,2.5190597171913054,2.4948171589873231,2.4559479360780876,2.3965684707796986,2.3099314334057297,2.1888125140948129,2.0258325001574558,1.8132534065421757,1.5409973447823024
1661,2.5499972238755468,2.5499960275036213,2.5499911475817467,2.5499775152222552,2.5499418982713951,2.5498526947453746,2.5496387980348456,2.5491492881838922,2.5480826442465205,2.5458731265378098,2.5415260561059769,2.5334061191869583,2.5190043193753366,2.4947350433207278,2.4558332896734614,2.3964177835798259,2.3097451104467726,2.1885960432961267,2.0255967075786052,1.8130134935716415,1.5407705301996391
1662,2.5499972020623352,2.5499959978302225,2.5499910876366414,2.5499773781572328,2.5499415805795924,2.5498519757893865,2.5496372335169513,2.5491460395248575,2.5480762362210707,2.5458611540179668,2.5415049100727556,2.5333708619373518,2.5189488803622111,2.4946528895710189,2.4557186179026678,2.3962670940198012,2.309558816107625,2.1883796346461408,2.0253610057843749,1.8127736876539251,1.5405438211084421
1663,2.5499971801035954,2.5499959679696755,2.5499910273544306,2.5499772404134893,2.5499412615126684,2.5498512541389893,2.5496356639832922,2.5491427820877988,2.5480698138704865,2.5458491598735233,2.5414837341357166,2.5333355673311595,2.5188934001877419,2.4945706977914419,2.4556039208258209,2.3961164021491022,2.3093725504078844,2.1881632881212236,2.0251253947072549,1.8125339886900207,1.540317217410748
1664,2.5499971579985439,2.5499959379210351,2.54999096673364,2.5499771019885169,2.5499409410664171,2.5498505297875367,2.5496340894242846,2.5491395158605257,2.548063377181899,2.545837144095044,2.5414625282949457,2.5333002353844378,2.5188378788877399,2.4944884680351924,2.4554891985029377,2.3959657080170946,2.3091863133670643,2.1879470036977327,2.0248898742798045,1.8122943965811289,1.5400907190083917
1665,2.5499971357463931,2.5499959076833538,2.5499909057727908,2.5499769628798044,2.549940619236625,2.549849802728378,2.5496325098303454,2.549136240830856,2.5480569261424599,2.5458251066731297,2.5414412925505663,2.5332648661132713,2.5187823164980117,2.4944062003554164,2.4553744509939466,2.395815011673041,2.3090001050046025,2.1877307813520162,2.024654444434641,1.8120549112286342,1.539864325803493
1666,2.5499971133463535,2.5499958772556806,2.5499908444704005,2.5499768230848341,2.5499402960190727,2.549849072954856,2.5496309251918876,2.549132956986615,2.5480504607393435,2.5458130475984135,2.5414200269027418,2.5332294595337719,2.51872671305436,2.4943238948052096,2.4552596783586798,2.3956643131660926,2.3088139253398539,2.1875146210604131,2.0244191051044464,1.8118155325341321,1.5396380376981336
1667,2.549997090797631,2.5499958466370605,2.5499907828249815,2.5499766826010823,2.5499399714095339,2.5498483404603087,2.5496293354993256,2.5491296643156365,2.548043980959743,2.5458009668615658,2.5413987313516779,2.533194015662084,2.518671068592587,2.4942415514376171,2.4551448806568756,2.3955136125452876,2.3086277743920882,2.1872985227992516,2.0241838562219714,1.8115762603994376,1.5394118545943016
1668,2.5499970680994299,2.5499958158265357,2.5499907208350425,2.54997654142602,2.5499396454037777,2.5498476052380692,2.5496277407430714,2.5491263628057612,2.5480374867908746,2.545788864453288,2.5413774058976188,2.5331585345143761,2.5186153831484872,2.4941591703056352,2.455030057948183,2.395362909859561,2.3084416521805027,2.1870824865448508,2.0239486977200252,1.8113370947265133,1.539185776394187
1669,2.5499970452509495,2.5499957848231443,2.5499906584990879,2.5499763995571141,2.5499393179975667,2.5498468672814649,2.5496261409135359,2.5491230524448389,2.5480309782199759,2.5457767403643183,2.5413560505408483,2.5331230161068468,2.5185596567578541,2.4940767514622091,2.4549152102921568,2.3952122051577378,2.3082555587242117,2.1868665122735202,2.0237136295314828,1.8110980354175314,1.5389598029999776
1670,2.5499970222513872,2.5499957536259212,2.5499905958156162,2.5499762569918234,2.5499389891866557,2.5498461265838177,2.5496245360011298,2.5491197332207269,2.5480244552343039,2.5457645945854281,2.5413346652816906,2.5330874604557247,2.5185038894564773,2.4939942949602347,2.4548003377482566,2.395061498488531,2.3080694940422459,2.1866505999615593,2.0234786515892842,1.8108590823748878,1.5387339343138251
1671,2.5499969990999376,2.549995722233898,2.549990532783124,2.5499761137276034,2.5499386589667941,2.5498453831384449,2.5496229259962622,2.5491164051212918,2.5480179178211384,2.5457524271074243,2.5413132501205085,2.5330518675772646,2.5184480812801429,2.4939118008525565,2.4546854403758531,2.3949107899005511,2.3078834581535617,2.1864347495852585,2.0232437638264309,1.810620235501111,1.5385081702380705
1672,2.5499969757957914,2.5499956906461025,2.5499904694001012,2.5499759697619018,2.5499383273337237,2.5498446369386571,2.5496213108893429,2.5491130681344076,2.5480113659677812,2.545740237921148,2.5412918050577051,2.5330162374877507,2.5183922322646319,2.4938292691919703,2.4545705182342221,2.3947600794422992,2.3076974510770332,2.1862189611208995,2.0230089661759898,1.8103814946989325,1.5382825106750742
1673,2.5499969523381369,2.54999565886156,2.5499904056650351,2.5499758250921629,2.5499379942831824,2.5498438879777607,2.5496196906707791,2.5491097222479571,2.5480047996615536,2.5457280270174736,2.5412703300937234,2.5329805702034953,2.5183363424457239,2.4937467000312217,2.4544555713825469,2.3946093671621655,2.3075114728314534,2.1860032345447533,2.0227742585710913,1.8101428598713003,1.5380569555271848
1674,2.5499969287261584,2.5499956268792907,2.5499903415764078,2.549975679715824,2.5499376598108996,2.5498431362490566,2.5496180653309777,2.5491063674498293,2.5479982188897989,2.5457157943873105,2.5412488252290442,2.5329448657408369,2.5182804118591915,2.4936640934230043,2.4543405998799197,2.3944586531084382,2.3073255234355416,2.1857875698330829,2.0225396409449301,1.8099043309212968,1.5378315046969431
1675,2.5499969049590376,2.5499955946983128,2.5499902771326974,2.5499755336303185,2.5499373239126011,2.5498423817458402,2.5496164348603445,2.5491030037279234,2.5479916236398821,2.5457035400216013,2.5412272904641879,2.5329091241161437,2.5182244405408039,2.4935814494199651,2.4542256037853409,2.394307937329295,2.3071396029079354,2.185571966962141,2.0223051132307668,1.8096659077521986,1.5376061580869285
1676,2.5499968810359541,2.5499955623176409,2.5499902123323777,2.5499753868330726,2.549936986584004,2.5498416244614019,2.5496147992492855,2.5490996310701455,2.5479850138991886,2.5456912639113245,2.541205725799716,2.5328733453458114,2.5181684285263279,2.4934987680746978,2.4541105831577159,2.3941572198728061,2.3069537112671918,2.1853564259081715,2.0220706753619231,1.8094275902674881,1.5373809155997302
1677,2.5499968569560818,2.5499955297362842,2.5499901471739173,2.5499752393215078,2.5499366478208199,2.549840864389028,2.5496131584882047,2.5490962494644123,2.547978389655126,2.5456789660474919,2.5411841312362262,2.5328375294462622,2.5181123758515231,2.4934160494397486,2.4539955380558625,2.3940065007869378,2.3067678485317944,2.1851409466474103,2.0218363272717883,1.8091893783707851,1.5371557771381172
1678,2.5499968327185925,2.5499954969532515,2.5499900816557806,2.5499750910930405,2.5499363076187547,2.549840101521998,2.5496115125675058,2.5490928588986477,2.5479717508951234,2.5456666464211493,2.5411625067743575,2.5328016764339454,2.5180562825521471,2.4933332935676114,2.4538804685385052,2.3938557801195488,2.3065820147201466,2.1849255291560827,2.0216020688938161,1.8089512719658967,1.536930742604915
1679,2.5499968083226552,2.5499954639675453,2.5499900157764288,2.5499749421450808,2.5499359659735075,2.5498393358535867,2.5496098614775917,2.549089459360784,2.5479650976066299,2.5456543050233771,2.5411408524147876,2.5327657863253399,2.5180001486639529,2.4932505005107308,2.4537653746642754,2.3937050579183894,2.3063962098505706,2.1847101734104055,2.0213679001615219,1.8087132709568274,1.5367058119029848
1680,2.5499967837674355,2.5499954307781674,2.5499899495343179,2.5499747924750324,2.549935622880771,2.5498385673770638,2.5496082052088656,2.5490860508387598,2.5479584297771178,2.5456419418452891,2.5411191681582332,2.5327298591369511,2.5179439742226872,2.4931676703215016,2.4536502564917133,2.3935543342311068,2.3062104339413141,2.1844948793865853,2.0211338210084882,1.8084753752477365,1.5364809849353156
1681,2.5499967590520902,2.5499953973841034,2.5499898829278846,2.5499746420802705,2.5499352783361866,2.5498377960856158,2.5496065437515996,2.5490826333203276,2.5479517473938014,2.5456295568776741,2.5410974540050275,2.5326938948848796,2.5178877592637257,2.4930848030520454,2.4535351140792656,2.3934036091054978,2.3060246870110683,2.1842796470615604,2.020899831369253,1.8082375847438639,1.5362562663719341
1682,2.5499967341757901,2.5499953637843631,2.5499898159556027,2.5499744909582338,2.5499349323355207,2.5498370219726487,2.5496048770964386,2.5490792067938202,2.5479450504447323,2.5456171501124167,2.5410757099568024,2.5326578935865656,2.5178315038235914,2.4930018987551796,2.4534199474853846,2.3932528825885604,2.305838969076921,2.1840644764100157,2.0206659311756674,1.8079998993476956,1.5360316552898698
1683,2.5499967091376874,2.549995329977933,2.5499897486159058,2.5499743391062966,2.5499345848744168,2.5498362450313623,2.549603205233689,2.5490757712470522,2.5479383389172128,2.5456047215404114,2.5410539360139754,2.532621855258117,2.5177752079375377,2.4929189574827517,2.4533047567681407,2.3931021547277158,2.3056532801573368,2.1838493674089352,2.0204321203626017,1.8077623189651322,1.5358071501712167
1684,2.5499966839369348,2.5499952959637935,2.5499896809072289,2.5499741865218328,2.5499342359485304,2.5498354652549904,2.549601528153727,2.5490723266679636,2.5479316127987692,2.545592271152882,2.5410321321774121,2.5325857799161779,2.517718871641367,2.4928359792870745,2.4531895419858416,2.3929514255703017,2.3054676202703051,2.1836343200344497,2.0201983988637657,1.8075248435007907,1.5355827504426718
1685,2.5499966585726797,2.5499952617409303,2.5499896128280057,2.5499740332022216,2.5499338855535285,2.5498346826367801,2.5495998458469549,2.5490688730445461,2.5479248720769831,2.5455797989411164,2.5410102984480223,2.5325496675773822,2.5176624949707938,2.4927529642202737,2.4530743031965554,2.3928006951634235,2.305281989433682,2.1834193342627293,2.0199647666130893,1.8072874728596868,1.5353584557099382
1686,2.5499966330440689,2.5499952273083206,2.5499895443766669,2.5499738791448352,2.549933533685067,2.549833897169969,2.5495981583037737,2.5490654103647903,2.5479181167394591,2.5455673048964358,2.5409884348267564,2.5325135182583973,2.5176060779615304,2.4926699123344336,2.4529590404582606,2.3926499635540805,2.3050963876652473,2.1832044100699282,2.0197312235445657,1.8070502069470162,1.535134265692873
1687,2.5499966073502467,2.5499951926649396,2.5499894755516368,2.549973724347038,2.5499331803387943,2.5498331088477943,2.5495964655145835,2.5490619386166973,2.5479113467738177,2.5455547890101919,2.5409665413145994,2.5324773319759122,2.5175496206492909,2.4925868236816013,2.452843753828867,2.3924992307891899,2.3049108149827156,2.1829895474321948,2.0194977695922374,1.8068130456681484,1.5349101801512985
1688,2.5499965814903529,2.5499951578097613,2.5499894063513371,2.549973568806192,2.5499328255103539,2.5498323176634852,2.5495947674697805,2.5490584577882758,2.5479045621676977,2.545542251273766,2.5409446179125705,2.5324411087466454,2.5174931230697837,2.4925036983137758,2.452728443366198,2.3923484969155693,2.3047252714037278,2.1827747463256668,2.0192644046902068,1.8065759889287214,1.5346861988755975
1689,2.5499965554635238,2.5499951227417528,2.5499893367741828,2.5499734125196518,2.5499324691953862,2.5498315236102655,2.5495930641597631,2.5490549678675429,2.5478977629087645,2.545529691678579,2.5409226646217338,2.5324048485873414,2.5174365852587108,2.4924205362829017,2.4526131091279773,2.3921977619799235,2.3045397569458479,2.1825600067264719,2.0190311287726552,1.8063390366347503,1.53446232168188
1690,2.5499965292688933,2.5499950874598789,2.5499892668185864,2.5499732554847667,2.5499321113895199,2.5498307266813538,2.5495913555749277,2.5490514688425243,2.5478909489847053,2.5455171102160841,2.5409006814431887,2.5323685515147711,2.5173800072517696,2.49233733764087,2.4524977511718338,2.392047026028846,2.3043542716265546,2.1823453286107317,2.0187979417738324,1.8061021886927593,1.5342385484031589
1691,2.5499965029055898,2.5499950519630992,2.549989196482954,2.5499730976988788,2.5499317520883795,2.5498299268699647,2.5495896417056727,2.5490479607012579,2.5478841203832348,2.5455045068777804,2.5408786683780882,2.5323322175457403,2.5173233890846483,2.4922541024395057,2.4523823695552789,2.3918962891087965,2.3041688154632332,2.1821307119545552,2.0185648436280763,1.8058654450100322,1.5340148788853312
1692,2.5499964763727427,2.5499950162503739,2.5499891257656908,2.5499729391593302,2.5499313912875876,2.5498291241693112,2.5495879225423952,2.5490444434317827,2.5478772770920659,2.5454918816551655,2.5408566254275819,2.5322958466970542,2.5172667307930361,2.4921708307306374,2.4522669643358279,2.3917455512662396,2.3039833884732714,2.1819161567340521,2.0183318342697216,1.805628805493835,1.5337913129736152
1693,2.5499964496694738,2.5499949803206539,2.549989054665192,2.5499727798634479,2.5499310289827521,2.5498283185725921,2.5495861980754904,2.5490409170221575,2.5478704190989676,2.5454792345398225,2.5408345525929144,2.5322594389855824,2.5172100324126077,2.4920875225659644,2.4521515355707679,2.3915948125473783,2.3037979906738659,2.1817016629253101,2.018098913633275,1.8053922700530289,1.5335678505322501
1694,2.5499964227949063,2.549994944172894,2.5499889831798566,2.5499726198085666,2.5499306651694877,2.5498275100730141,2.5495844682953552,2.5490373814604341,2.5478635463916874,2.5454665655233009,2.5408124498752942,2.5322229944281687,2.5171532939790429,2.4920041779972388,2.4520360833174752,2.3914440729985178,2.3036126220822877,2.1814872305044264,2.0178660816531773,1.805155838595849,1.5333444914165464
1695,2.5499963957481553,2.5499949078060387,2.5499889113080711,2.5499724589920034,2.5499302998433904,2.5498266986637681,2.5495827331923873,2.5490338367346896,2.5478566589580356,2.5454538745972477,2.5407903172760404,2.5321865130417334,2.5170965155280043,2.4919207970760628,2.4519206076330629,2.39129333266566,2.3034272827155915,2.1812728594474722,2.0176333382640679,1.8049195110323648,1.5331212355007218
1696,2.5499963685283369,2.5499948712190337,2.5499888390482233,2.5499722974110788,2.5499299330000595,2.5498258843380492,2.5495809927569812,2.5490302828329972,2.5478497567858103,2.5454411617532928,2.5407681547964511,2.5321499948431816,2.517039697095159,2.4918373798540676,2.451805108574693,2.3911425915948659,2.3032419725908713,2.1810585497305253,2.0174006834005493,1.8046832872722129,1.5328980826528011
1697,2.5499963411345581,2.5499948344108141,2.5499887663986898,2.5499721350630984,2.5499295646350792,2.549825067089039,2.5495792469795324,2.5490267197434493,2.547842839862863,2.5454284269831517,2.5407459624379172,2.5321134398494829,2.5169828387161584,2.4917539263827586,2.4516895861993055,2.3909918498319418,2.3030566917250366,2.1808443013296421,2.0171681169973925,1.8044471672264879,1.5326750327528313
1698,2.5499963135659289,2.5499947973803194,2.5499886933578502,2.5499719719453711,2.5499291947440357,2.5498242469099197,2.5495774958504369,2.5490231474541405,2.5478359081770425,2.5454156702785289,2.5407237402018232,2.5320768480776001,2.5169259404266531,2.4916704367136511,2.4515740405638557,2.3908411074227094,2.302871440135013,2.1806301142208793,2.0169356389893602,1.8042111508057666,1.5324520856747776
1699,2.5499962858215532,2.5499947601264816,2.5499886199240756,2.5499718080551963,2.5499288233225048,2.5498234237938671,2.5495757393600891,2.5490195659531762,2.5478289617162284,2.5454028916311811,2.5407014880896068,2.5320402195445335,2.5168690022622862,2.4915869108981887,2.4514584717251724,2.3906903644128477,2.3026862178376186,2.1804159883802825,2.01670324931131,1.8039752379216569,1.5322292413016749
1700,2.5499962579005313,2.54999472264823,2.5499885460957334,2.5499716433898683,2.5499284503660573,2.5498225977340527,2.549573977498885,2.549015975228671,2.547822000468321,2.5453900910328962,2.5406792061027446,2.5320035542673081,2.5168120242586953,2.4915033489877634,2.4513428797399941,2.3905396208479326,2.3025010248495983,2.1802019237838901,2.0164709478981715,1.8037394284859327,1.5320064995169718
1701,2.5499962298019607,2.5499946849444886,2.5499884718711865,2.5499714779466744,2.5499280758702576,2.5498217687236431,2.5495722102572205,2.5490123752687497,2.5478150244212432,2.5453772684754981,2.5406568942427494,2.5319668522629746,2.5167550064515098,2.4914197510337166,2.4512272646649662,2.390388876773434,2.3023158611876222,2.1799879204077324,2.0162387346849484,1.8035037224103367,1.531783860202889
1702,2.5499962015249351,2.5499946470141794,2.5499883972487933,2.5499713117228988,2.5499276998306644,2.5498209367558005,2.5495704376254906,2.5490087660615441,2.5478080335629394,2.5453644239508426,2.5406345525111731,2.5319301135486083,2.516697948876355,2.4913361170873389,2.4511116265566484,2.3902381322347233,2.3021307268682887,2.1797739782278307,2.0160066096067086,1.8032681196075306,1.5315613232489302
1703,2.5499961730685445,2.54999460885622,2.5499883222269073,2.5499711447158182,2.5499273222428305,2.549820101823681,2.5495686595940912,2.5490051475951963,2.5478010278813747,2.5453515574508181,2.5406121809096001,2.5318933381413085,2.5166408515688454,2.4912524471998756,2.4509959654715159,2.3900873872770769,2.3019456219081271,2.1795600972201994,2.0157745725985943,1.803032619989378,1.5313388885395973
1704,2.5499961444318768,2.5499945704695244,2.5499882468038768,2.549970976922705,2.5499269431023022,2.5498192639204378,2.549566876153416,2.5490015198578573,2.5477940073645371,2.5453386689673474,2.5405897794396557,2.5318565260581996,2.5165837145645917,2.4911687414225163,2.4508802814659489,2.3899366419456629,2.3017605463235906,2.1793462773608439,2.0155426235958176,1.8027972234686602,1.5311165559650939
1705,2.5499961156140154,2.5499945318530028,2.5499881709780468,2.5499708083408255,2.5499265624046203,2.5498184230392185,2.5495650872938618,2.5489978828376874,2.5477869720004342,2.5453257584923863,2.540567348103,2.5318196773164301,2.5165265378991979,2.4910849998064046,2.4507645745962439,2.3897858962855523,2.301575500131062,2.179132518625762,2.0153107625336619,1.8025619299580267,1.5308943254156089
1706,2.5499960866140414,2.5499944930055638,2.5499880947477589,2.5499706389674408,2.5499261801453197,2.5498175791731663,2.5495632930058223,2.5489942365228555,2.5477799217770958,2.5453128260179216,2.5405448869013281,2.5317827919331708,2.5164693216082612,2.4910012224026339,2.4506488449186126,2.3896351503417246,2.3013904833468568,2.1789188209909458,2.0150789893474887,1.8023267393698532,1.5306721967809089
1707,2.549996057431033,2.5499944539261099,2.5499880181113488,2.549970468799807,2.5499257963199291,2.5498167323154197,2.5495614932796942,2.5489905809015392,2.5477728566825735,2.5452998715359754,2.5405223958363727,2.531745869925619,2.5164120657273727,2.4909174092622468,2.4505330924891742,2.3894844041590493,2.3012054959872139,2.1787051844323773,2.0148473039727235,1.8020916516171257,1.5304501699538902
1708,2.5499960280640632,2.5499944146135403,2.5499879410671475,2.5499702978351735,2.5499254109239713,2.5498158824591126,2.5495596881058731,2.5489869159619265,2.54776577670494,2.5452868950386005,2.5404998749099033,2.5317089113109934,2.5163547702921125,2.4908335604362377,2.4504173173639647,2.3893336577823043,2.3010205380683071,2.1784916089260329,2.0146157063448804,1.8018566666124316,1.5302282448268145
1709,2.5499959985122023,2.5499943750667509,2.5499878636134827,2.5499701260707845,2.5499250239529636,2.5498150295973745,2.5495578774747552,2.5489832416922136,2.5477586818322893,2.5452738965178847,2.5404773241237244,2.5316719161065393,2.5162974353380574,2.4907496759755512,2.4503015195989311,2.3891829112561651,2.3008356096062355,2.1782780944478812,2.0143841963995368,1.8016217842686766,1.5300064212938136
1710,2.5499959687745175,2.5499943352846337,2.5499877857486761,2.5499699535038793,2.5499246354024168,2.5498141737233309,2.5495560613767361,2.5489795580806063,2.5477515720527371,2.5452608759659481,2.5404547434796783,2.5316348843295242,2.5162400609007749,2.4906657559310807,2.450185699249932,2.3890321646252084,2.3006507106170284,2.1780646409738829,2.0141527740723548,1.8013870044987317,1.5297846992494455
1711,2.5499959388500733,2.5499942952660781,2.5499877074710455,2.5499697801316925,2.5499242452678352,2.5498133148301019,2.5495542398022124,2.5489758651153203,2.5477444473544217,2.5452478333749431,2.5404321329796429,2.5315978159972388,2.5161826470158268,2.4905818003536688,2.4500698563727372,2.3888814179339115,2.3004658411166443,2.1778512484799895,2.013921439299085,1.8011523272154333,1.5295630785885899
1712,2.5499959087379294,2.549994255009969,2.5499876287789038,2.5499696059514516,2.5499238535447182,2.5498124529108037,2.5495524127415803,2.5489721627845787,2.5477373077255021,2.545234768737056,2.5404094926255332,2.5315607111269989,2.5161251937187674,2.4904978092941099,2.4499539910230319,2.3887306712266536,2.30028100112097,2.1776379169421469,2.0136901920155341,1.8009177523318016,1.5293415592079691
1713,2.549995878437143,2.5499942145151868,2.5499875496705604,2.5499694309603793,2.549923460228559,2.5498115879585481,2.5495505801852363,2.548968451076616,2.5477301531541583,2.5452216820445064,2.5403868224192983,2.5315235697361431,2.5160677010451429,2.4904137828031487,2.449838103256412,2.3885799245477144,2.300096190645823,2.1774246463362941,2.0134590321576038,1.800683279760789,1.5291201410041777
1714,2.5499958479467684,2.5499941737806098,2.5499874701443206,2.5499692551556921,2.5499230653148457,2.549810719966441,2.5495487421235787,2.5489647299796747,2.5477229836285935,2.5452085732895458,2.5403641223629245,2.5314863918420341,2.516010169030491,2.4903297209314768,2.4497221931283883,2.3884291779412763,2.2999114097069522,2.1772114366383635,2.0132279596612892,1.800448909415294,1.5288988238737227
1715,2.5499958172658559,2.5499941328051108,2.5499873901984831,2.549969078534601,2.5499226687990588,2.5498098489275858,2.5495468985470033,2.5489609994820062,2.5477157991370314,2.5451954424644598,2.5403413924584344,2.5314491774620591,2.5159525977103452,2.4902456237297397,2.4496062606943823,2.3882784314514214,2.2997266583200329,2.176998287824278,2.0129969744626406,1.8002146412083979,1.5286776077152133
1716,2.5499957863934513,2.549994091587561,2.5499873098313439,2.5499689010943123,2.5499222706766744,2.5498089748350798,2.5495450494459089,2.548957259571873,2.5477085996677173,2.5451822895615654,2.5403186327078866,2.5314119266136266,2.5158949871202276,2.4901614912485299,2.4494903060097295,2.3881276851221358,2.2995419365006731,2.1767851998699554,2.0127660764978064,1.7999804750530957,1.5284564924268762
1717,2.5499957553285988,2.5499940501268261,2.5499872290411933,2.5499687228320274,2.5499218709431615,2.5498080976820177,2.5495431948106937,2.5489535102375465,2.5477013852089181,2.5451691145732132,2.5402958431133742,2.5313746393141661,2.5158373372956535,2.4900773235383924,2.4493743291296806,2.3879769389973102,2.2993572442644137,2.1765721727513059,2.0125352657030313,1.7997464108623218,1.5282354779067915
1718,2.5499957240703384,2.5499940084217689,2.5499871478263181,2.5499685437449404,2.5499214695939845,2.5498072174614879,2.5495413346317553,2.5489497514673078,2.5476941557489234,2.5451559174917873,2.5402730236770283,2.5313373155811338,2.5157796482721313,2.4899931206498205,2.4492583301093958,2.3878261931207332,2.299172581626721,2.1763592064442316,2.0123045420146188,1.799512448549158,1.5280145640548046
1719,2.5499956926177063,2.5499939664712481,2.5499870661849995,2.5499683638302413,2.5499210666246008,2.5498063341665755,2.5495394688994932,2.5489459832494457,2.5476869112760432,2.5451426983097027,2.5402501744010135,2.5312999554320079,2.5157219200851615,2.4899088826332583,2.4491423090039515,2.3876754475360982,2.298987948602996,2.1761463009246298,2.0120739053689713,1.7992785880266329,1.5277937507705373
1720,2.549995660969735,2.5499939242741188,2.5499869841155141,2.549968183085114,2.5499206620304617,2.5498054477903618,2.5495375976043073,2.5489422055722604,2.5476796517786098,2.5451294570194087,2.5402272952875289,2.5312625588842872,2.5156641527702353,2.4898246095391006,2.4490262658683393,2.3875247022870041,2.2988033452085728,2.1759334561683903,2.0118433557025837,1.7990448292077592,1.5275730379536661
1721,2.5499956291254549,2.5499938818292325,2.5499869016161352,2.5499680015067359,2.549920255807014,2.5498045583259219,2.5495357207365981,2.54893841842406,2.547672377244977,2.5451161936133868,2.5402043863388113,2.5312251259554972,2.5156063463628384,2.4897403014176915,2.4489102007574601,2.3873739574169486,2.2986187714587119,2.175720672151396,2.0116128929520194,1.7988111720056057,1.5273524255050381
1722,2.5499955970838921,2.5499938391354364,2.5499868186851304,2.5499678190922817,2.5499198479496981,2.5498036657663281,2.5495338382867652,2.5489346217931632,2.5476650876635198,2.545102908084151,2.5401814475571323,2.531187656663183,2.5155485008984457,2.4896559583193252,2.4487941137261324,2.3872232129693352,2.2984342273686087,2.1755079488495226,2.0113825170539354,1.7985776163332552,1.5271319133255208
1723,2.5499955648440698,2.5499937961915755,2.5499867353207639,2.5499676358389176,2.5499194384539492,2.5498027701046486,2.5495319502452096,2.5489308156678994,2.5476577830226352,2.5450896004242463,2.540158478944798,2.5311501510249119,2.5154906164125239,2.4895715802942462,2.4486780048290906,2.3870724689874736,2.2982497129533903,2.1752952862386423,2.0111522279450789,1.798344162103831,1.5269115013161696
1724,2.5499955324050063,2.5499937529964898,2.5499866515212943,2.5499674517438065,2.5499190273151959,2.5498018713339459,2.5495300566023329,2.5489270000366049,2.5476504633107422,2.5450762706262529,2.5401354805041514,2.5311126090582756,2.5154326929405331,2.48948716739265,2.448561874120978,2.3869217255145725,2.2980652282281131,2.1750826842946176,2.0109220255622744,1.7981108092304323,1.5266911893788455
1725,2.5499954997657186,2.5499937095490148,2.549986567284976,2.5499672668041051,2.549918614528861,2.5498009694472796,2.5495281573485369,2.5489231748876273,2.5476431285162802,2.5450629186827816,2.5401124522375689,2.5310750307808867,2.5153747305179248,2.4894027196646809,2.448445721656356,2.3867709825937471,2.2978807732077682,2.1748701429933059,2.0106919098424347,1.7978775576262249,1.5264709774155212
1726,2.5499954669252185,2.549993665847984,2.5499864826100587,2.549967081016963,2.5499182000903611,2.5498000644377052,2.5495262524742266,2.548919340209324,2.5476357786277122,2.5450495445864769,2.5400893941474609,2.531037416210379,2.5153167291801397,2.4893182371604343,2.4483295474897,2.386620240268019,2.2976963479072814,2.17465766231056,2.0104618807225618,1.7976444072044409,1.5262508653283526
1727,2.5499954338825144,2.5499936218922259,2.5499863974947883,2.5499668943795264,2.5499177839951068,2.5497991562982727,2.5495243419698039,2.5489154959900615,2.5476284136335208,2.5450361483300155,2.5400663062362754,2.530999765364411,2.5152586889626134,2.4892337199299557,2.4482133516753977,2.3864694985803094,2.2975119523415062,2.174445242222224,2.0102319381397389,1.7974113578782687,1.526030853020192
1728,2.5499954006366123,2.5499935776805653,2.5499863119374049,2.5499667068889358,2.5499173662385042,2.5497982450220289,2.5495224258256739,2.548911642218215,2.5476210335222116,2.5450227299061057,2.5400431885064934,2.5309620782606608,2.5152006099007709,2.4891491680232405,2.4480971342677535,2.3863187575734477,2.2973275865252307,2.1742328827041377,2.0100020820311344,1.7971784095609784,1.5258109403939879
1729,2.5499953671865141,2.5499935332118238,2.5499862259361445,2.5499665185423255,2.5499169468159546,2.5497973306020154,2.5495205040322406,2.5489077788821715,2.5476136382823116,2.545009289307488,2.5400200409606315,2.530924354916829,2.5151424920300278,2.489064581490235,2.4479808953209883,2.3861680172901694,2.2971432504731788,2.174020583732136,2.0097723123340003,1.7969455621659105,1.5255911273528346
1730,2.5499953335312178,2.5499934884848185,2.5499861394892398,2.5499663293368253,2.5499165257228507,2.5497964130312702,2.5495185765799095,2.548903905970326,2.5476062279023686,2.5449958265269372,2.5399968636012411,2.5308865953506388,2.5150843353857932,2.4889799603808349,2.4478646348892332,2.3860172777731106,2.2969589442000018,2.1738083452820458,2.0095426289856775,1.7967128156063781,1.525371413800471
1731,2.5499952996697188,2.5499934434983635,2.5499860525949165,2.5499661392695581,2.5499161029545814,2.5497954923028279,2.5495166434590875,2.5489000234710835,2.5475988023709526,2.5449823415572577,2.5399736564309086,2.5308487995798341,2.5150261400034664,2.4888953047448861,2.4477483530265385,2.3858665390648151,2.296774667720288,2.17359616732969,2.0093130319235875,1.7964801697957762,1.5251517996407238
1732,2.5499952656010088,2.5499933982512681,2.5499859652513974,2.5499659483376416,2.5499156785065291,2.5497945684097187,2.549514704660182,2.5488961313728606,2.5475913616766568,2.544968834391288,2.5399504194522526,2.5308109676221799,2.5149679059184367,2.4888106146321851,2.4476320497868693,2.3857158012077351,2.2965904210485619,2.1733840498508878,2.009083521085234,1.7962476246475709,1.5249322847775642
1733,2.549995231324075,2.5499933527423391,2.5499858774569,2.5499657565381888,2.5499152523740709,2.5497936413449676,2.5495127601736005,2.5488922296640819,2.5475839058080934,2.5449553050218987,2.539927152667929,2.5307730994954643,2.5149096331660861,2.4887258900924785,2.4475157252241031,2.385565064244223,2.2964062041992759,2.1731719928214499,2.0088540964082098,1.7960151800752182,1.5247128691155156
1734,2.5499951968379024,2.5499933069703782,2.549985789209638,2.5499655638683065,2.5499148245525776,2.5497927111015968,2.5495108099897528,2.5488883183331814,2.5475764347538985,2.544941753441992,2.5399038560806275,2.5307351952174955,2.5148513217817872,2.4886411311754628,2.4473993793920359,2.3854143282165401,2.2962220171868188,2.1729599962171831,2.0086247578301855,1.7957828359922592,1.5244935525592131
1735,2.5499951621414709,2.5499932609341842,2.5499857005078201,2.5499653703250975,2.5499143950374146,2.549791777672624,2.5495088540990483,2.5488843973686044,2.5475689485027284,2.5449281796445016,2.5398805296930687,2.5306972548061024,2.514792971800901,2.488556337930786,2.4472830123443794,2.3852635931668562,2.2960378600255162,2.1727480600138902,2.0083955052889091,1.7955505923123145,1.5242743350134542
1736,2.5499951272337587,2.5499932146325524,2.5499856113496508,2.5499651759056579,2.5499139638239412,2.5497908410510628,2.5495068924918973,2.548880466758805,2.5475614470432624,2.5449145836223948,2.539857173508012,2.5306592782791371,2.5147345832587833,2.4884715104080448,2.4471666241347578,2.3851128591372426,2.2958537327296229,2.1725361841873672,2.0081663387222224,1.7953184489489997,1.5240552163834913
1737,2.5499950921137384,2.5499931680642733,2.5499855217333294,2.5499649806070783,2.5499135309075123,2.5497899012299223,2.5495049251587121,2.5488765264922475,2.5475539303642001,2.5449009653686705,2.5398337875282495,2.5306212656544718,2.5146761561907782,2.4883866486567876,2.4470502148167133,2.3849621261696798,2.2956696353133315,2.1723243687134066,2.0079372580680404,1.7950864058160263,1.5238361965747123
1738,2.5499950567803817,2.549993121228133,2.5499854316570496,2.5499647844264435,2.5499130962834755,2.5497889582022091,2.5495029520899051,2.548872576557407,2.5475463984542626,2.5448873248763584,2.5398103717566052,2.5305832169499962,2.5146176906322202,2.4883017527265126,2.446933784443706,2.3848113943060567,2.2954855677907711,2.1721126135677991,2.0077082632643548,1.7948544628271941,1.5236172754926756
1739,2.5499950212326552,2.5499930741229151,2.5499853411190028,2.549964587360833,2.5499126599471742,2.5497880119609238,2.5495009732758889,2.5488686169427672,2.5475388513021944,2.5448736621385217,2.5397869261959407,2.5305451321836259,2.514559186618436,2.4882168226666681,2.4468173330691081,2.3846606635881655,2.2953015301760016,2.1719009187263261,2.0074793542492491,1.7946226198963025,1.5233984530433313
1740,2.5499949854695219,2.5499930267473987,2.5499852501173748,2.5499643894073221,2.549912221893945,2.5497870624990639,2.5494989887070783,2.5488646476368224,2.5475312888967601,2.5448599771482558,2.5397634508491498,2.5305070113732966,2.5145006441847433,2.4881318585266525,2.4467008607462102,2.3845099340577058,2.2951175224830185,2.1716892841647657,2.0072505309608832,1.7943908769372354,1.523179729132812
1741,2.5499949494899292,2.5499929791003475,2.5499851586503248,2.5499641905629438,2.54991178211906,2.5497861098095247,2.5494969983737343,2.5488606686278503,2.5475237112264439,2.5448462698983154,2.5397399457187548,2.5304688545365823,2.5144420633661664,2.4880468603557051,2.4465843675283252,2.3843592057566223,2.2949335447262875,2.1714777098595723,2.0070217933382382,1.7941592338647674,1.5229611068493467
1742,2.5499949132928528,2.5499929311805523,2.5499850667160651,2.5499639908248213,2.5499113406179466,2.5497851538854683,2.5494950022665477,2.5488566799047745,2.5475161182806176,2.5448325403825733,2.5397164108085315,2.5304306616922783,2.5143834441986881,2.4879618282035203,2.4464678534685538,2.3842084787259119,2.2947495969186638,2.1712661957850816,2.0067931413179059,1.7939276905910824,1.5227425855613814
1743,2.5499948768772409,2.5499928829867797,2.5499849743127605,2.549963790190001,2.5499108973859035,2.5497841947198379,2.5494930003758589,2.5488526814559886,2.5475085100479036,2.5448187885939095,2.5396928461210573,2.5303924328578682,2.5143247867170468,2.4878767621188596,2.4463513186196297,2.3840577530070073,2.2945656790743647,2.1710547419179118,2.0065645748394929,1.7936962470317062,1.522524164205207
1744,2.5499948402420385,2.5499928345177865,2.5499848814385704,2.5499635886555212,2.5499104524182226,2.5497832323055825,2.5494909926920419,2.54884867326997,2.5475008865170987,2.5448050145255117,2.5396692516593684,2.5303541680514474,2.5142660909566765,2.4877916621511402,2.4462347630347447,2.3839070286414255,2.2943817912071962,2.1708433482337268,2.0063360938412025,1.7934649031004466,1.5223058423858999
1745,2.5499948033861908,2.5499927857723339,2.549984788091658,2.5499633862184297,2.5499100057102133,2.5497822666356793,2.549488979205516,2.5488446553352624,2.5474932476770733,2.5447912181706318,2.5396456274265264,2.53031586729105,2.5142073569528454,2.4877065283495172,2.4461181867667801,2.3837563056704134,2.2941979333308375,2.1706320147082874,2.006107698261574,1.793233658711552,1.5220876198068352
1746,2.5499947663086391,2.5499927367491773,2.5499846942701803,2.5499631828757692,2.5499095572571808,2.549781297703106,2.5494869599067065,2.5488406276404274,2.54748559351673,2.5447773995225575,2.5396219734256249,2.5302775305947276,2.5141485847407998,2.4876213607630739,2.4460015898685059,2.383605584135104,2.2940141054588934,2.1704207413173568,2.005879388039248,1.7930025137793923,1.5218694962446657
1747,2.5499947290083216,2.5499926874470691,2.5499845999722903,2.5499629786245745,2.5499091070544209,2.5497803255008327,2.5494849347860349,2.5488365901740289,2.5474779240249901,2.5447635585746138,2.5395982896597986,2.5302391579805583,2.5140897743557846,2.4875361594408512,2.445884972392609,2.3834548640765347,2.2938303076048978,2.1702095280366906,2.0056511631129372,1.7927714682184523,1.5216514715204355
1748,2.5499946914841738,2.5499926378647584,2.549984505196139,2.5499627734618771,2.5499086550972279,2.5497793500218267,2.5494829038339253,2.5488325429246408,2.5474702391907869,2.5447496953201432,2.5395745761322046,2.5302007494666356,2.5140309258330378,2.4874509244318594,2.4457683343917318,2.3833041455356883,2.2936465397823462,2.1699983748420397,2.0054230234213963,1.7925405219433164,1.5214335454645558
1749,2.5499946537351263,2.5499925880009888,2.5499844099398694,2.5499625673847022,2.5499082013808869,2.5497783712590505,2.5494808670408022,2.5488284858808505,2.5474625390030852,2.5447358097525292,2.5395508328460399,2.5301623050710798,2.5139720392077889,2.4873656557850454,2.4456516759184059,2.3831534285534275,2.2934628020046515,2.1697872817091497,2.0051949689034791,1.7923096748688385,1.5212157179269026
1750,2.5499946157601054,2.5499925378545014,2.5499843142016205,2.5499623603900705,2.5499077459006805,2.5497773892054636,2.5494788243970925,2.5488244190312499,2.5474548234508627,2.5447219018651803,2.539527059804529,2.5301238248120224,2.5139131145152578,2.4872803535493211,2.4455349970251041,2.3830027131705522,2.2932790942851815,2.1695762486137662,2.0049669994980897,1.7920789269101112,1.5209979887636966
1751,2.5499945775580364,2.5499924874240332,2.5499842179795276,2.5499621524749965,2.5499072886518852,2.5497764038540223,2.5494767758932229,2.5488203423644422,2.547447092523119,2.5447079716515337,2.5395032570109279,2.5300853087076161,2.5138541517906545,2.4871950177735482,2.445418297764216,2.3828519994277704,2.2930954166372404,2.1693652755316317,2.0047391151442073,1.7918482779825204,1.5207803578421124
1752,2.5499945391278387,2.549992436708318,2.5499841212717227,2.5499619436364886,2.5499068296297684,2.5497754151976761,2.5494747215196205,2.5488162558690441,2.5474393462088836,2.5446940191050693,2.5394794244685346,2.5300467567760418,2.5137951510691723,2.4871096485065243,2.445301578188027,2.3827012873656725,2.2929117690740517,2.1691543624384861,2.0045113157809071,1.7916177280019356,1.52056282503792
1753,2.5499945004684239,2.5499923857060778,2.5499840240763239,2.5499617338715441,2.5499063688295895,2.5497744232293704,2.5494726612667185,2.5488121595336954,2.5474315844972302,2.5446800442193327,2.539455562180716,2.5300081690355145,2.5137361123859874,2.4870242457969427,2.4451848383486459,2.3825505770246607,2.2927281516087077,2.1689435093100626,2.0042836013474128,1.7913872768851169,1.5203453902338169
1754,2.549994461578712,2.5499923344160464,2.5499839263914623,2.5499615231771715,2.5499059062466176,2.5497734279420552,2.5494705951249452,2.5488080533470119,2.5474238073771844,2.5446660469878002,2.5394316701507678,2.529969545504211,2.5136770357762956,2.4869388096936058,2.4450680782983643,2.3823998684453329,2.2925445642544378,2.1687327161221015,2.0040559717827908,1.7911569245479291,1.5201280533031594
1755,2.5499944224576057,2.5499922828369379,2.5499838282152445,2.5499613115503541,2.5499054418760969,2.5497724293286654,2.5494685230847356,2.5488039372976572,2.5474160148378759,2.5446520274040965,2.5394077483821396,2.5299308862003991,2.5136179212752441,2.4868533402450805,2.4449512980890873,2.3822491616678647,2.2923610070241764,2.1685219828503319,2.0038284270264457,1.7909266709081015,1.5199108141368636
1756,2.5499943831040173,2.5499922309674767,2.5499837295457914,2.549961098988089,2.5499049757132854,2.5497714273821446,2.5494664451365217,2.548799811374268,2.5474082068683765,2.5446379854617622,2.5393837968781949,2.5298921911422951,2.5135587689180086,2.4867678375000661,2.4448344977729333,2.3820984567326664,2.2921774799310235,2.1683113094704884,2.0036009670175936,1.7906965158823263,1.519693672616419
1757,2.5499943435168437,2.5499921788063702,2.5499836303812033,2.5499608854873501,2.5499045077534168,2.5497704220954209,2.5494643612707413,2.5487956755655286,2.5474003834578522,2.5446239211544777,2.5393598156424408,2.5298534603481988,2.5134995787397174,2.4866823015070465,2.4447176774016657,2.381947753679758,2.2919939829878073,2.1681006959582976,2.0033735916957602,1.7904664593888313,1.5194766286357355
1758,2.5499943036949868,2.5499921263523317,2.5499835307195893,2.5499606710451199,2.5499040379917357,2.549769413461429,2.5494622714778297,2.5487915298601025,2.5473925445954317,2.5446098344758665,2.5393358046783261,2.5298146938363759,2.5134403507755181,2.4865967323145899,2.444600837027187,2.381797052549314,2.2918105162074629,2.1678901422894881,2.0031463010003492,1.7902365013452466,1.5192596820840021
1759,2.5499942636373407,2.5499920736040664,2.549983430559045,2.5499604556583684,2.5499035664234708,2.5497684014730937,2.549460175748226,2.5487873742466811,2.5473846902703001,2.5445957254196343,2.5393117639893843,2.5297758916251425,2.51338108506053,2.4865111299711384,2.4444839767011937,2.3816463533812811,2.291627079602768,2.1676796484397847,2.0029190948709421,1.7900066416698723,1.5190428328551855
1760,2.549994223342793,2.5499920205602726,2.5499833298976591,2.5499602393240561,2.5499030930438451,2.5497673861233339,2.5494580740723705,2.5487832087139681,2.5473768204716718,2.5445815939795282,2.5392876935791917,2.5297370537328407,2.5133217816298585,2.486425494525065,2.4443670964752702,2.3814956562154839,2.2914436731864165,2.1674692143849104,2.0026919732472157,1.7897768802814216,1.5188260808464011
1761,2.549994182810233,2.5499919672196496,2.5499832287335229,2.5499600220391474,2.5499026178480819,2.5497663674050712,2.5494559664407044,2.5487790332506677,2.5473689351887541,2.5445674401492875,2.5392635934513175,2.5296981801778058,2.5132624405186106,2.4863398260247576,2.4442501964010206,2.3813449610917705,2.2912602969711187,2.167258840100589,2.0024649360688289,1.789547217098201,1.5186094259518133
1762,2.5499941420385448,2.5499919135808913,2.5499831270647215,2.5499598038005975,2.5499021408313975,2.5497653453112221,2.5494538528436714,2.5487748478454981,2.5473610344107884,2.5445532639226967,2.5392394636093778,2.5296592709784007,2.5132030617618781,2.4862541245185317,2.4441332765299304,2.3811942680498577,2.2910769509694955,2.1670485255625418,2.0022379832755433,1.7893176520389535,1.5183928680687955
1763,2.5499941010266078,2.5499918596426876,2.5499830248893329,2.5499595846053551,2.5499016619890011,2.5497643198346975,2.5494517332717161,2.548770652487188,2.547353118127039,2.5445390652935762,2.5392153040570244,2.5296203261530117,2.5131436453947407,2.4861683900546452,2.4440163369133945,2.381043577129363,2.2908936351940969,2.1668382707464877,2.0020111148071971,1.7890881850228479,1.5181764070978458
1764,2.5499940597732982,2.5499918054037232,2.5499829222054315,2.5499593644503635,2.5499011813160966,2.5497632909684063,2.5494496077152853,2.5487664471644789,2.5473451863267926,2.5445248442557777,2.5391911147979425,2.5295813457200409,2.5130841914522661,2.4860826226813075,2.4438993776027247,2.3808928883698148,2.2907103496574139,2.1666280756281462,2.0017843306036993,1.7888588159686223,1.517960042937097
1765,2.5499940182774878,2.5499917508626795,2.5499828190110874,2.5499591433325617,2.5499006988078827,2.5497622587052531,2.5494474761648269,2.5487622318661205,2.5473372389993596,2.5445106008031853,2.5391668958358484,2.5295423296979087,2.5130246999695101,2.4859968224466775,2.4437823986491503,2.3807422018106537,2.2905270943718756,2.1664179401832353,2.0015576306050291,1.7886295447952862,1.5177437754866314
1766,2.5499939765380453,2.5499916960182341,2.5499827153043646,2.5499589212488818,2.549900214459552,2.5497612230381392,2.5494453386107905,2.5487580065808744,2.5473292761340689,2.5444963349297121,2.5391426471744913,2.5295032781050564,2.5129651709815195,2.4859109893988669,2.4436654001038232,2.3805915174912311,2.2903438693498503,2.1662078643874709,2.0013310147512327,1.7884003714222807,1.5175276046494384
1767,2.5499939345538354,2.5499916408690608,2.5499826110833244,2.5499586981962521,2.5498997282662939,2.5497601839599633,2.5494431950436276,2.5487537712975126,2.5473212977202717,2.5444820466293008,2.5391183688176491,2.5294641909599398,2.5129056045233278,2.4858251235859385,2.4435483820178177,2.380440835450818,2.2901606746036518,2.1659978482165694,2.0011044829824236,1.7881712957685183,1.5173115303261597
1768,2.5499938923237195,2.5499915854138284,2.5499825063460215,2.5499584741715937,2.5498992402232905,2.5497591414636189,2.5494410454537917,2.548749526004817,2.547313303747341,2.5444677358959256,2.5390940607691328,2.5294250682810344,2.5128460006299589,2.4857392250559056,2.4434313444421267,2.3802901557285945,2.289977510145532,2.165787891646247,2.0008780352387863,1.7879423177530995,1.5170955524188556
1769,2.5499938498465551,2.5499915296512032,2.5499824010905066,2.5499582491718238,2.5498987503257187,2.5497580955419972,2.5494388898317375,2.5487452706915814,2.5473052942046732,2.5444534027235939,2.539069723032787,2.5293859100868348,2.5127863593364244,2.4856532938567297,2.4433142874276563,2.3801394783636476,2.2897943759876775,2.1655779946522165,2.0006516714605769,1.7877134372954657,1.51687967083178
1770,2.5499938071211963,2.5499914735798468,2.5499822953148263,2.5499580231938537,2.5498982585687506,2.5497570461879864,2.5494367281679216,2.5487410053466082,2.5472972690816831,2.5444390471063403,2.5390453556124837,2.5293467163958505,2.5127266806777242,2.4855673300363286,2.443197211025244,2.3799888033949892,2.2896112721422255,2.1653681572101933,2.0004253915881192,1.7874846543147127,1.5166638854679899
1771,2.5499937641464929,2.5499914171984166,2.5499821890170224,2.5499577962345898,2.5498977649475538,2.5497559933944713,2.549434560452803,2.5487367299587116,2.5472892283678079,2.5444246690382308,2.5390209585121277,2.529307487226609,2.5126669646888482,2.4854813336425696,2.4430801152856447,2.3798381308615433,2.2894281986212519,2.1651583792958919,2.000199195561807,1.7872559687300291,1.5164481962314664
1772,2.5499937209212922,2.5499913605055666,2.549982082195132,2.5499575682909321,2.5498972694572886,2.5497549371543333,2.549432386676842,2.5487324445167157,2.5472811720525073,2.5444102685133632,2.538996531735656,2.5292682225976577,2.5126072114047742,2.4853953047232702,2.4429630002595291,2.3796874608021397,2.2892451554367685,2.1649486608850239,1.9999730833221032,1.7870273804607759,1.5162326030274991
1773,2.5499936774444354,2.5499913034999464,2.5499819748471872,2.5499573393597763,2.5498967720931112,2.54975387746045,2.5494302068305008,2.5487281490094555,2.5472731001252629,2.5443958455258651,2.5389720752870355,2.529228922527559,2.5125474208604666,2.4853092433261987,2.4428458659974934,2.37953679325553,2.2890621426007343,2.1647390019533042,1.9997470548095488,1.7867988894262139,1.5160171057611036
1774,2.5499936337147617,2.5499912461802019,2.549981866971216,2.5499571094380133,2.5498962728501731,2.5497528143056969,2.5494280209042439,2.5487238434257766,2.547265012575576,2.5443814000698941,2.538947589170264,2.5291895870348928,2.5124875930908801,2.4852231494990762,2.4427287125500525,2.3793861282603785,2.2888791601250467,2.1645294024764454,1.9995211099647527,1.7865704955456387,1.5158017043379706
1775,2.5499935897311059,2.5499911885449742,2.5499817585652416,2.5499568785225266,2.5498957717236195,2.5497517476829441,2.5494258288885367,2.5487195277545349,2.5472569093929716,2.5443669321396394,2.5389230733893715,2.5291502161382584,2.5124277281309579,2.4851370232895742,2.4426115399676411,2.3792354658552606,2.2886962080215443,2.1643198624301596,1.9992952487283915,1.7863421987383992,1.5155863986646272
1776,2.5499935454923,2.5499911305929017,2.5499816496272816,2.5499566466101964,2.5498952687085907,2.5497506775850605,2.5494236307738469,2.5487152019845984,2.5472487905669956,2.5443524417293206,2.5388985279484184,2.5291108098562707,2.5123678260156299,2.4850508647453129,2.4424943483006163,2.3790848060786671,2.2885132863020092,2.1641103817901604,1.9990694710412229,1.7861139989238606,1.515371188647513
1777,2.5499935009971715,2.5499910723226171,2.5499815401553496,2.5499564136978954,2.5498947638002218,2.5497496040049104,2.5494214265506447,2.548710866104845,2.5472406560872152,2.5443379288331869,2.538873952851497,2.5290713682075623,2.5123078867798143,2.4849646739138653,2.4423771375992538,2.3789341489690039,2.2883303949781642,2.1639009605321604,1.9988437768440757,1.7858858960214103,1.5151560741936534
1778,2.549993456244545,2.5499910137327499,2.5499814301474544,2.5499561797824928,2.549894256993642,2.549748526935355,2.5494192162094009,2.5487065201041634,2.547232505943219,2.5443233934455201,2.5388493481027297,2.5290318912107845,2.5122479104584183,2.4848784508427553,2.4422599079137512,2.3787834945645896,2.2881475340616726,2.1636915986318717,1.9986181660778446,1.7856578899504536,1.5149410552108005
1779,2.5499934112332396,2.5499909548219266,2.5499813196016001,2.549955944860852,2.5498937482839761,2.5497474463692535,2.5494169997405907,2.5487021639714524,2.5472243401246195,2.54430883556063,2.5388247137062705,2.5289923788846025,2.5121878970863363,2.4847921955794572,2.4421426592942268,2.378632842903659,2.2879647035641422,2.1634822960650077,1.9983926386835054,1.7854299806304224,1.5147261316065286
1780,2.5499933659620724,2.5499908955887678,2.5499812085157867,2.5499557089298293,2.549893237666343,2.5497463622994614,2.5494147771346896,2.5486977976956231,2.5472161586210489,2.5442942551728596,2.5388000496663032,2.5289528312476999,2.5121278466984509,2.4847059081713971,2.4420253917907191,2.3784821940243615,2.2877819034971214,2.1632730528072828,1.9981671946021047,1.7852021679807728,1.5145113032889286
1781,2.5499933204298553,2.5499908360318915,2.5499810968880081,2.5499554719862778,2.5498927251358561,2.5497452747188305,2.549412548382175,2.5486934212655954,2.5472079614221617,2.5442796522765803,2.5387753559870441,2.5289132483187782,2.5120677593296326,2.4846195886659506,2.4419081054531877,2.3783315479647587,2.2875991338720993,2.1630638688344086,1.9979418337747592,1.7849744519209831,1.5142965701667597
1782,2.5499932746353968,2.5499907761499108,2.5499809847162545,2.5499552340270446,2.5498922106876249,2.5497441836202097,2.549410313473528,2.5486890346703017,2.5471997485176332,2.5442650268661948,2.5387506326727376,2.528873630116554,2.5120076350147396,2.4845332371104458,2.4417908003315141,2.3781809047628317,2.2874163947005122,2.1628547441221002,1.9977165561426609,1.7847468323705573,1.5140819321486365
1783,2.549993228577502,2.5499907159414352,2.5499808719985113,2.5499549950489708,2.5498916943167527,2.5497430889964443,2.5494080723992294,2.5486846378986856,2.5471915198971615,2.5442503789361344,2.5387258797276608,2.5288339766597612,2.5119474737886178,2.4844468535521607,2.4416734764755024,2.3780302644564753,2.2872336859937357,2.1626456786460726,1.9974913616470731,1.784519309249023,1.5138673891436052
1784,2.5499931822549726,2.5499906554050704,2.5499807587327594,2.5499547550488937,2.5498911760183383,2.5497419908403769,2.5494058251497638,2.548680230939699,2.5471832755504655,2.5442357084808633,2.538701097156121,2.528794287967151,2.5118872756861008,2.4843604380383244,2.4415561339348741,2.3778796270834963,2.287051007763087,2.1624366723820403,1.997266250229333,1.7842918824759304,1.5136529410612602
1785,2.5499931356666048,2.5499905945394175,2.5499806449169742,2.5499545140236433,2.5498906557874741,2.5497408891448479,2.5494035717156169,2.548675813782308,2.5471750154672859,2.5442210154948746,2.5386762849624547,2.5287545640574898,2.51182704074201,2.4842739906161189,2.4414387727592772,2.3777289926816234,2.286868360019831,2.1622277253057187,1.9970412218308469,1.7840645519708829,1.513438587811184
1786,2.5499930888111928,2.549990533343073,2.5499805305491274,2.5499542719700456,2.5498901336192477,2.5497397839026936,2.5494013120872778,2.5486713864154873,2.5471667396373872,2.5442062999726907,2.5386514431510285,2.5287148049495611,2.511766768991154,2.4841875113326757,2.4413213929982804,2.3775783612884998,2.2866857427751754,2.1620188373928251,1.9968162763930948,1.7838373176535056,1.5132243293033178
1787,2.5499930416875265,2.5499904718146307,2.5499804156271861,2.5499540288849207,2.5498896095087424,2.5497386751067479,2.5493990462552367,2.5486669488282239,2.5471584480505522,2.5441915619088666,2.5386265717262413,2.5286750106621656,2.5117064604683299,2.4841010002350776,2.4412039947013717,2.3774277329416815,2.2865031560402675,2.1618100086190752,1.9965914138576302,1.7836101794434378,1.5130101654480355
1788,2.5499929942943909,2.5499904099526791,2.549980300149111,2.5499537847650835,2.5498890834510357,2.5497375627498404,2.549396774209987,2.548662501009515,2.5471501406965871,2.5441768012979846,2.5386016706925201,2.5286351812141175,2.5116461152083209,2.4840144573703595,2.441086577917964,2.3772771076786445,2.2863205998262015,2.1616012389601877,1.9963666341660733,1.7833831372604052,1.5127960961557829
1789,2.5499929466305691,2.5499903477558035,2.5499801841128589,2.5499535396073436,2.5498885554411999,2.5497364468247987,2.5493944959420234,2.5486580429483676,2.5471418175653189,2.5441620181346587,2.5385767400543222,2.5285953166242492,2.5115857332458984,2.4839278827855074,2.4409691426973916,2.3771264855367811,2.2861380741440156,2.1613925283918807,1.9961419372601179,1.7831561910241585,1.5125821213373236
1790,2.5499928986948395,2.5499902852225844,2.5499800675163828,2.5499532934085054,2.5498880254743028,2.5497353273244472,2.5493922114418432,2.5486535746338008,2.5471334786465967,2.5441472124135323,2.538551779816137,2.5285554169114097,2.5115253146158221,2.4838412765274573,2.4408516890889094,2.3769758665533969,2.285955579004689,2.1611838768898735,1.9959173230815308,1.7829293406544571,1.5123682409037875
1791,2.5499928504859755,2.5499902223515987,2.5499799503576299,2.5499530461653674,2.5498874935454063,2.5497342042416071,2.5493899206999462,2.5486490960548465,2.5471251239302912,2.5441323841292793,2.5385267899824808,2.5285154820944613,2.511464859352837,2.4837546386430978,2.4407342171416975,2.3768252507657186,2.2857731144191487,2.1609752844298882,1.9956927915721443,1.7827025860711636,1.5121544547663892
1792,2.5499928020027482,2.5499901591414194,2.5499798326345431,2.5499527978747234,2.5498869596495668,2.5497330775690976,2.5493876237068354,2.5486446072005449,2.5471167534062955,2.5441175332766033,2.5385017705579016,2.5284755121922844,2.5114043674916759,2.483667969179268,2.4406167269048566,2.3766746382108876,2.285590680398264,2.1607667509876469,1.9954683426738622,1.7824759271941713,1.511940762836635
1793,2.5499927532439237,2.5499900955906156,2.5499797143450604,2.5499525485333612,2.5498864237818366,2.5497319472997346,2.5493853204530139,2.5486401080599483,2.5471083670645225,2.5441026598502376,2.5384767215469783,2.5284355072237754,2.5113438390670599,2.4835812681827587,2.4404992184274099,2.3765240289259619,2.2854082769528481,2.1605582765388722,1.9952439763286622,1.7822493639433905,1.5117271650263668
1794,2.5499927042082651,2.5499900316977508,2.5499795954871156,2.5499522981380638,2.5498858859372624,2.5497308134263301,2.5493830109289886,2.5486355986221203,2.5470999648949082,2.5440877638449466,2.5384516429543167,2.5283954672078446,2.5112832741136963,2.483494535700312,2.4403816917583043,2.3763734229479194,2.2852259040936613,2.1603498610592893,1.9950196924785841,1.7820228962388318,1.5115136612475066
1795,2.549992654894532,2.5499899674613857,2.549979476058637,2.5499520466856094,2.5498853461108864,2.5497296759416943,2.5493806951252687,2.5486310788761357,2.5470915468874105,2.5440728452555224,2.5384265347845529,2.5283553921634176,2.5112226726662796,2.4834077717786207,2.4402641469464093,2.3762228203136555,2.2850435618314084,2.1601415045246237,1.9947954910657393,1.7817965240005453,1.5113002514122447
1796,2.5499926053014792,2.5499899028800761,2.5499793560575492,2.5499517941727698,2.5498848042977458,2.5497285348386338,2.5493783730323649,2.5486265488110793,2.5470831130320075,2.544057904076789,2.538401397042354,2.5283152821094386,2.5111620347594918,2.4833209764643298,2.4401465840405154,2.3760722210599798,2.2848612501767365,2.1599332069106021,1.9945713720323122,1.7815702471486095,1.51108693543308
1797,2.549992555427858,2.5499898379523742,2.549979235481771,2.5499515405963122,2.5498842604928709,2.5497273901099531,2.5493760446407916,2.5486220084160478,2.5470746633187002,2.5440429403035987,2.5383762297324157,2.5282751370648646,2.5111013604280017,2.4832341498040353,2.440029003089339,2.3759216252236239,2.2846789691402409,2.159724968192954,1.9943473353205468,1.7813440656031991,1.5108737132226018
1798,2.5499925052724151,2.5499897726768288,2.5499791143292168,2.5499512859529987,2.5498837146912896,2.549726241748453,2.5493737099410652,2.548617457680149,2.5470661977375104,2.5440279539308337,2.5383510328594632,2.5282349570486677,2.5110406497064637,2.4831472918442845,2.4399114041415193,2.3757710328412358,2.2844967187324619,2.15951678834741,1.9941233808727565,1.7811179792845362,1.5106605846936452
1799,2.5499924548338946,2.5499897070519837,2.5499789925977963,2.5499510302395856,2.5498831668880233,2.5497250897469312,2.5493713689237043,2.5486128965925015,2.5470577162784815,2.5440129449534066,2.5383258064282517,2.5281947420798385,2.5109799026295208,2.4830604026315766,2.4397937872456166,2.37562044394938,2.2843144989638819,2.1593086673497015,1.9938995086313287,1.7808919881128793,1.5104475497593239
1800,2.5499924041110358,2.5499896410763792,2.5499788702854138,2.5499507734528231,2.5498826170780875,2.5497239340981843,2.5493690215792295,2.5486083251422356,2.5470492189316793,2.54399791336626,2.5383005504435654,2.5281544921773791,2.510919119231803,2.4829734822123615,2.4396761524501152,2.375469858584542,2.2841323098449324,2.1591006051755617,1.9936757185387131,1.7806660920085651,1.5102346083329063
