time_s,r_0.0_cm,r_0.1_cm,r_0.2_cm,r_0.3_cm,r_0.4_cm,r_0.5_cm,r_0.6_cm,r_0.7_cm,r_0.8_cm,r_0.9_cm,r_1.0_cm,r_1.1_cm,r_1.2_cm,r_1.3_cm,r_1.4_cm,r_1.5_cm,r_1.6_cm,r_1.7_cm,r_1.8_cm,r_1.9_cm,r_2.0_cm
0,28,28,28,28,28,28,28,28,28,28,28,28,28,28,28,28,28,28,28,28,28
1,28,28,28,28,28,28,28,28,28,28,28,28,28,28,28,28,28,28.000000000001151,28.000000006135188,28.000003096298212,28.000186639019319
2,28,28,28,28,28,28,28,28,28,28,28,28,28,28,28,28.000000000000004,28.000000000016485,28.000000007085152,28.000000893064652,28.00003565273343,28.000525291048358
3,28,28,28,28,28,28,28,28,28,28,28,28,28,28,28.000000000000053,28.000000000017604,28.000000002982034,28.000000219656375,28.000007262777117,28.000115206839808,28.000961383382108
4,28,28,28,28,28,28,28,28,28,28,28,28,28,28.000000000000053,28.000000000009173,28.00000000094326,28.00000005172334,28.000001529679267,28.000025251714778,28.000244302052828,28.001475458753248
5,28,28,28,28,28,28,28,28,28,28,28,28,28.000000000000025,28.000000000003517,28.000000000264471,28.00000001199593,28.000000329080873,28.000005565074282,28.000059701255243,28.000421776935649,28.00205628077186
6,28,28,28,28,28,28,28,28,28,28,28,28.000000000000018,28.000000000001155,28.000000000069839,28.000000002768648,28.000000071881072,28.000001234648511,28.000014281381947,28.000113915576478,28.000645607875157,28.002696273510821
7,28,28,28,28,28,28,28,28,28,28,28.000000000000004,28.000000000000348,28.000000000017849,28.000000000638973,28.000000015890379,28.000000275748274,28.000003376110357,28.000029624294889,28.000190051158288,28.000913657362094,28.003389879152497
8,28,28,28,28,28,28,28,28,28,28,28.000000000000092,28.000000000004476,28.000000000147828,28.000000003548745,28.000000061986594,28.000000793020444,28.00000750945626,28.000053363550563,28.000289479281808,28.001223892400926,28.004132794443521
9,28,28,28,28,28,28,28,28,28,28.000000000000021,28.000000000001112,28.000000000034358,28.000000000799933,28.000000014023311,28.00000018570724,28.000001870636279,28.000014471746617,28.000087036900233,28.000413041589304,28.001574443145554,28.004921559768459
10,28,28,28,28,28,28,28,28,28.000000000000007,28.000000000000277,28.000000000008029,28.000000000181942,28.000000003193083,28.000000043454381,28.000000460472009,28.000003825000043,28.000025126344347,28.000131947787619,28.000561220664988,28.001963608942901,28.005753314942368
11,28,28,28,28,28,28,28,28,28.000000000000068,28.000000000001894,28.000000000041744,28.000000000731951,28.000000010177381,28.000000112455236,28.000000991889358,28.000007028073057,28.000040324526204,28.000189185528164,28.00073425313656,28.002389846697447,28.006625644182389
12,28,28,28,28,28,28,28,28.000000000000014,28.000000000000448,28.000000000009674,28.000000000169042,28.000000002389324,28.000000027329207,28.000000253622918,28.000001918128056,28.00001189193571,28.000060881221682,28.000259652426955,28.000932205569672,28.002851754551738,28.007536471861478
13,28,28,28,28,28,28,28.000000000000007,28.000000000000099,28.00000000000227,28.00000000003935,28.000000000562999,28.000000006625307,28.000000064195593,28.000000513630358,28.000003407946362,28.000018854292193,28.000087561069865,28.000344091253151,28.001155026209943,28.003348055264102,28.008483989537318
14,28,28,28,28,28,28.000000000000004,28.000000000000028,28.000000000000533,28.000000000009248,28.000000000133355,28.000000001605645,28.000000016136013,28.000000135543964,28.000000954470561,28.000005657163399,28.000028366085818,28.000121071757935,28.000443110211616,28.001402580484626,28.003877581029972,28.0094666034299
15,28,28,28,28,28,28.000000000000011,28.000000000000128,28.000000000002196,28.000000000031807,28.000000000389846,28.000000004038952,28.000000035380697,28.000000262483685,28.000001653882084,28.000008884377344,28.000040881512145,28.000162061842349,28.000557204635225,28.001674676153197,28.004439260116119,28.01048289501658
16,28,28,28,28,28,28.000000000000025,28.000000000000533,28.00000000000766,28.000000000095024,28.000000001009301,28.000000009164271,28.000000071160798,28.000000473375469,28.000002705065299,28.000013326427819,28.000056850305221,28.000211121538783,28.000686775406542,28.00197108101111,28.005032105297882,28.01153159121678
17,28,28,28,28,28.000000000000011,28.000000000000131,28.000000000001862,28.000000000023309,28.000000000252445,28.000000002362398,28.000000019085018,28.000000133196661,28.000000804476617,28.00000421583783,28.000019233987601,28.000076712056536,28.000268785231619,28.000832144313598,28.002291535553265,28.005655203973035,28.012611541278513
18,28,28,28,28.000000000000004,28.000000000000039,28.000000000000462,28.000000000005777,28.000000000063391,28.000000000607876,28.000000005079944,28.000000036979277,28.000000234661794,28.000001300316722,28.000006307418548,28.000026867515302,28.000100892134412,28.000335534839021,28.000993566889708,28.002635762259533,28.006307709659108,28.013721698369309
19,28,28,28,28.000000000000014,28.000000000000114,28.000000000001446,28.000000000016037,28.000000000156628,28.00000000134623,28.000000010164307,28.000000067389628,28.000000392648836,28.000002013823647,28.000009112971203,28.000036493645354,28.00012979890408,28.000411803650891,28.00117124309082,28.003003472317907,28.006988834695342,28.014861104866533
20,28,28,28,28.000000000000021,28.000000000000377,28.000000000004103,28.000000000040558,28.000000000356358,28.000000002775177,28.000000019119881,28.000000116516087,28.000000628547689,28.000003006222435,28.000012776018384,28.000048382076638,28.000163821997237,28.000497980291222,28.00136532612024,28.003394370512829,28.007697843988812,28.01602888045883
21,28,28,28.000000000000011,28.000000000000103,28.000000000001062,28.000000000010608,28.000000000094616,28.000000000755342,28.000000005377935,28.000000034098441,28.000000192497371,28.00000096832251,28.000004346748167,28.000017448834125,28.000062802963868,28.000203331351408,28.000594412576092,28.001575929760651,28.00380815883684,28.008434049621851,28.017224212350424
22,28,28,28.000000000000032,28.000000000000291,28.000000000002828,28.000000000025324,28.000000000205784,28.000000001505132,28.000000009875954,28.000000058053264,28.000000305670373,28.000001442696089,28.000006112228693,28.000023290874889,28.000080024729144,28.00024867677978,28.000701411204041,28.001803134571389,28.004244539204567,28.009196806130145,28.018446347021396
23,28.000000000000004,28.000000000000018,28.000000000000082,28.000000000000767,28.000000000006892,28.000000000056424,28.000000000420926,28.000000002841446,28.00000001730152,28.000000094897732,28.000000468799211,28.000002087236513,28.000008386554036,28.000030467285189,28.000100312300972,28.000300188012655,28.000819253212093,28.002046992997091,28.004703215379354,28.009985506434838,28.019694583425878
24,28.000000000000011,28.000000000000021,28.000000000000231,28.000000000001929,28.000000000015692,28.000000000118263,28.000000000815582,28.000000005114806,28.00000002907818,28.000000149663173,28.00000069726876,28.000002942359803,28.00001126007718,28.000039147510041,28.00012392570536,28.000358175034037,28.000948185163981,28.002307533671555,28.005183894398833,28.010799578274241,28.020968267204204
25,28.000000000000021,28.000000000000075,28.000000000000568,28.000000000004484,28.000000000033655,28.000000000234834,28.000000001506404,28.000000008827268,28.000000047107363,28.000000228650251,28.000001009236971,28.000004053253921,28.000014828972407,28.000049504038202,28.000151118977644,28.000422928634659,28.001088426052693,28.00258476501746,28.005686287598319,28.011638481086127,28.022266785772132
26,28.000000000000064,28.000000000000203,28.000000000001361,28.000000000009841,28.000000000068397,28.000000000444516,28.000000002666511,28.000000014674075,28.000000073858391,28.000000339569844,28.000001425746781,28.000005469742305,28.000019194580922,28.000061711273695,28.000182139323005,28.000494721095965,28.001240169946623,28.002878678306896,28.006210111352239,28.012501703247043,28.023589564078883
27,28.000000000000181,28.000000000000494,28.000000000003048,28.000000000020442,28.000000000132513,28.000000000806086,28.000000004543736,28.0000000235896,28.00000011245983,28.000000491672179,28.000001970803119,28.000007246100679,28.000024462754471,28.00007594452034,28.000217226478334,28.000573806967598,28.001403588413037,28.003189250283878,28.006755087598137,28.013388759606212,28.024936060905024
28,28.000000000000419,28.000000000001126,28.000000000006477,28.000000000040483,28.000000000245876,28.00000000140648,28.000000007482388,28.000000036797637,28.000000166790926,28.000000695859502,28.000002671407287,28.000009440825018,28.000030743210548,28.000092379105958,28.000256612290499,28.000660423916706,28.001578832675285,28.003516445324827,28.007320944153626,28.01429918933972,28.026305765725549
29,28.000000000000963,28.00000000000243,28.000000000013092,28.000000000076788,28.000000000438867,28.000000002370399,28.000000011948039,28.000000055864685,28.000000241570035,28.000000964781407,28.000003557557406,28.000012116370819,28.000038148914907,28.000111189622285,28.000300520437339,28.000754793592186,28.001766035560262,28.003860217292761,28.007907414918858,28.015232554028774,28.02769819594787
30,28.000000000002082,28.000000000005031,28.000000000025363,28.000000000140066,28.000000000756295,28.000000003871591,28.000000018554974,28.000000082754752,28.000000342438799,28.000001312912499,28.000004662218995,28.000015338873798,28.000046795497529,28.00013254926812,28.000349166260943,28.000857122486103,28.001965313261898,28.004220511139202,28.008514239991229,28.016188435928896,28.029112894462305
31,28.000000000004299,28.000000000009955,28.000000000047262,28.000000000246633,28.000000001262567,28.000000006146212,28.000000028096373,28.000000119885392,28.000000476040132,28.000001756611425,28.000006021267779,28.000019177856753,28.000056800706087,28.000156629292995,28.000402756704801,28.000967602786091,28.002176766923146,28.00459726426298,28.009141165698381,28.017166436425931,28.030549427497089
32,28.000000000008534,28.000000000018957,28.000000000084981,28.000000000420531,28.000000002047553,28.000000009507687,28.000000041576136,28.000000170183473,28.000000650090325,28.000002314164703,28.000007673412295,28.000023705930005,28.000068283892581,28.000183598517378,28.000461490321996,28.001086413210633,28.002400484079917,28.00499040769726,28.00978794458031,28.018166174628572,28.032007382689464
33,28.000000000016264,28.000000000034813,28.000000000147921,28.000000000696247,28.000000003233865,28.000000014363724,28.000000060242947,28.000000237140398,28.000000873442779,28.000003005811088,28.000009660093042,28.000028998488208,28.000081365545444,28.000213622946305,28.000525557362195,28.001213719813773,28.002636539936592,28.005399867097935,28.010454335318176,28.019187286123287,28.033486367409395
34,28.000000000029935,28.000000000061871,28.00000000024993,28.0000000011221,28.000000004985267,28.000000021234886,28.000000085625409,28.000000324865489,28.000001156143437,28.000003853750105,28.000012025366075,28.000035133410847,28.000096166862299,28.000246865451288,28.000595139904814,28.001349676754245,28.002884998517683,28.005825563600446,28.011140102635828,28.020229421843514,28.03498600725494
35,28.000000000053337,28.000000000106709,28.000000000410903,28.000000001764299,28.000000007516238,28.0000000307747,28.000000119568014,28.000000438136802,28.00000150947734,28.000004882135936,28.000014815774783,28.000042190770486,28.000112809362712,28.000283485512352,28.000670412027635,28.001494427026401,28.003145913707879,28.006267414563123,28.011845017180995,28.021292247041032,28.036505944698551
36,28.000000000092239,28.000000000179025,28.000000000658819,28.000000002711715,28.000000011102724,28.000000043791108,28.000000164267203,28.000000582448848,28.000001946006694,28.000006117058607,28.000018080213053,28.000050252550764,28.000131414537755,28.000323639010563,28.000751540001374,28.001648103154398,28.003419330195754,28.006725334216064,28.012568855391834,28.022375440345144,28.038045837861791
37,28.0000000001552,28.000000000292751,28.000000001032166,28.000000004081496,28.000000016094063,28.000000061268942,28.000000222307357,28.000000764056605,28.000002479599946,28.000007586512627,28.000021869781225,28.000059402375847,28.000152103536987,28.000367478070412,28.000838682508608,28.001810827847557,28.003705284319899,28.007199234215495,28.013311399349629,28.023478692910839,28.039605359419404
38,28.000000000254591,28.000000000467601,28.00000000158288,28.000000006025381,28.000000022925846,28.000000084393285,28.000000296696207,28.000000990016055,28.000003125453411,28.000009320356568,28.000026237638057,28.000069725250921,28.000174996885612,28.000415150938622,28.000931990876516,28.001982714622496,28.004003804842259,28.007689024132016,28.014072436625135,28.024601707632318,28.041184195596419
39,28.000000000407898,28.000000000730704,28.000000002379739,28.000000008736798,28.000000032133823,28.000000114573488,28.000000390899416,28.000001268220601,28.000003900104673,28.000011350262813,28.000031238849587,28.000081307316417,28.000200214234688,28.000466801900576,28.001031609321629,28.002163868387438,28.004314913643856,28.008194611870287,28.014851760119384,28.025744198425965,28.042782045263095
40,28.000000000639385,28.000000001118835,28.000000003512483,28.000000012458976,28.000000044369006,28.000000153467813,28.000000508873704,28.000001607432043,28.000004821436189,28.000013709657054,28.000036930236462,28.000094235619962,28.000227874149346,28.000522571236822,28.001137675203648,28.002354385981327,28.004638626335282,28.008715904016707,28.015649167901561,28.026905889589301,28.044398619135428
41,28.000000000982084,28.000000001681091,28.000000005096474,28.000000017493793,28.000000060413321,28.000000203008,28.000000655098333,28.000002017307633,28.00000590867327,28.000016433653837,28.000043370223977,28.000108597901185,28.000258093917235,28.000582595195358,28.001250319276402,28.002554356685927,28.00497495282735,28.009252806158539,28.01646446304985,28.028086515195231,28.046033639022376
42,28.000000001480224,28.000000002481841,28.000000007277894,28.000000024211239,28.000000081195893,28.000000265423843,28.000000834604673,28.000002508422586,28.000007182375697,28.000019558986843,28.000050618694292,28.000124482391215,28.000290989381551,28.00064700598578,28.001369665939048,28.002763862706058,28.005323897849095,28.009805223161258,28.017297453492944,28.029285818533804,28.047686837137778
43,28.000000002192106,28.000000003604391,28.000000010239685,28.000000033059806,28.00000010781006,28.000000343267242,28.000001053003697,28.00000309228782,28.000008664422662,28.000023123934778,28.000058736841872,28.000141977627244,28.000326674798639,28.000715931794375,28.001495833486334,28.002982979616899,28.005685461412995,28.010373059405449,28.018147951853457,28.030503551601399,28.049357955476214
44,28.000000003193353,28.000000005154959,28.000000014207981,28.000000044577352,28.00000014153051,28.000000439436125,28.000001316511312,28.000003781364018,28.000010377993128,28.000027168244355,28.000067787032155,28.000161172279299,28.000365262713842,28.000789496813209,28.001628934355857,28.00321177678628,28.00605963924291,28.010956218996366,28.019015775293763,28.03173947462378,28.051046745233819
45,28.000000004580823,28.000000007267349,28.0000000194593,28.000000059402709,28.000000183831034,28.000000557197389,28.000001631971422,28.000004589070773,28.000012347540544,28.000031733050474,28.000077832665262,28.000182154992405,28.000406863858682,28.000867821284594,28.001769075370021,28.003450317765715,28.006446423157684,28.011554605942059,28.019900745365902,28.032993355619141,28.052752966281986
46,28.000000006476977,28.000000010108195,28.000000026328298,28.000000078287886,28.000000236402183,28.000000700209178,28.000002006876187,28.000005529791707,28.000014598763237,28.000036860795227,28.000088938045163,28.000205014242127,28.00045158706525,28.000951021556144,28.001916357971819,28.003698660655786,28.006845801420294,28.012168124308406,28.020802687865714,28.034264969992932,28.054476386682126
47,28.000000009034682,28.000000013882563,28.000000035216008,28.000000102110594,28.000000301169138,28.000000872542316,28.000002449384613,28.000006618876601,28.000017158571882,28.000042595146045,28.00010116825273,28.00022983819953,28.000499539192308,28.00103921014308,28.00207087845579,28.003956858453211,28.00725775906275,28.012796678357859,28.021721432690089,28.035554100154862,28.056216782229299
48,28.000000012442939,28.000000018840581,28.000000046599084,28.000000131887543,28.000000380309455,28.000001078700006,28.000002968336791,28.000007872637141,28.000020055050946,28.000048980913206,28.000114589028552,28.00025671461713,28.000550825076068,28.001132495803823,28.002232728186787,28.0042249593584,28.007682278161109,28.01344017265631,28.022656813702032,28.036860535182118,28.057973936055109
49,28.000000016932919,28.000000025284283,28.000000061039142,28.000000168787718,28.000000476270376,28.000001323636834,28.000003573267378,28.000009308342349,28.000023317420997,28.000056063969524,28.000129266658334,28.000285730716001,28.000605547479601,28.001230983612057,28.002401993815273,28.004503007081897,28.008119338112333,28.014098512183011,28.023608668597429,28.038184070481933,28.05974763822886
50,28.000000022784562,28.000000033575095,28.00000007919267,28.000000214145928,28.000000591785991,28.000001612776277,28.000004274415968,28.000010944209748,28.000026975997272,28.000063891169894,28.000145267865062,28.000316973087241,28.000663807058888,28.001334775037932,28.002578757484208,28.004791041123561,28.008568915876349,28.014771602417888,28.024576838776948,28.039524507486533,28.061537685400474
51,28.000000030334039,28.000000044142102,28.000000101821712,28.000000269476754,28.000000729893724,28.000001952026413,28.000005082734379,28.000012799392735,28.000031062145805,28.000072510272663,28.000162659709201,28.000350527606507,28.000725702341853,28.001443968033541,28.002763097025451,28.005089097027355,28.009030986190364,28.015459349412946,28.025561169224407,28.040881653374843,28.063343880476701
52,28.000000039980922,28.000000057490034,28.000000129804175,28.00000033648822,28.00000089395099,28.000002347796112,28.000006009894886,28.000014893969379,28.000035608240797,28.000081969860936,28.000181509486559,28.000386479343891,28.000791329702022,28.00155865711578,28.002955086159179,28.005397206645213,28.009505521794384,28.016161659870676,28.026561508383004,28.042255320783678,28.065166032284093
53,28.000000052197176,28.000000074209048,28.000000164145586,28.000000417095936,28.000001087650332,28.000002807006805,28.000007068290802,28.000017248922184,28.000040647616373,28.00009231926828,28.000201884645154,28.000424912505082,28.000860783363176,28.001678933460131,28.003154794668614,28.005715398342694,28.009992493589859,28.016878441183472,28.027577708046277,28.043645327583366,28.067003955312789
54,28.000000067535886,28.000000094984113,28.000000205990506,28.000000513436913,28.000001315034275,28.000003337104495,28.00000827103846,28.000019886120356,28.000046214521035,28.00010360850542,28.000223852699513,28.000465910365556,28.000934155394443,28.001804884987894,28.003362288577375,28.006043697218175,28.010491870817109,28.017609601485994,28.02860962324727,28.045051496636447,28.06885746943809
55,28.000000086640203,28.000000120604717,28.000000256634038,28.000000627883285,28.000001580510002,28.000003946071168,28.000009631977914,28.00002282830059,28.000052344071229,28.000115888187828,28.000247481148012,28.000509555209561,28.001011535710504,28.001936596455586,28.003577630323218,28.006382125312768,28.011003621221544,28.018355049700741,28.0296571121496,28.046473655567134,28.070726399655715
56,28.000000110253598,28.000000151975691,28.000000317534166,28.000000763055972,28.000001888862254,28.000004642432405,28.000011165668294,28.000026099042632,28.000059072203143,28.000129209468675,28.000272837404637,28.000555928289351,28.001093012088678,28.002074149546473,28.003800878912308,28.006730701783066,28.011527711181028,28.019114695563285,28.030720035949827,28.047911636569712,28.072610575864836
57,28.000000139229968,28.000000190127832,28.000000390323677,28.000000921837792,28.000002245265758,28.000005435264857,28.000012887383825,28.000029722746373,28.000066435626554,28.000143623973081,28.00029998872979,28.000605109780654,28.001178670180622,28.002217622958291,28.004032090074396,28.007089443080289,28.012064105842214,28.019888449653877,28.031798258779162,28.04936527620924,28.074509832641077
58,28.000000174544123,28.000000236228928,28.000000476822358,28.000001107386449,28.000002655297052,28.000006334202496,28.000014813107896,28.000033724607217,28.000074471778177,28.000159183734539,28.000329002166442,28.000657178745502,28.001268593530316,28.002367092491859,28.004271316410783,28.007458363115621,28.012612769242146,28.020676223420995,28.032891647609041,28.050834415237098,28.076424009027662
59,28.0000002173025,28.00000029159489,28.00000057904915,28.000001323147341,28.000003124945671,28.000007349441844,28.000016959526167,28.000038130590706,28.000083218775238,28.000175941132913,28.000359944479271,28.000712213098438,28.001362863594181,28.002522631138977,28.004518607538149,28.007837473419009,28.013173664423814,28.021477929202444,28.034000072159277,28.052318898413006,28.07835294833442
60,28.000000268754562,28.000000357701424,28.000000699234398,28.000001572865607,28.000003660623484,28.000008491744296,28.00001934401633,28.000042967404916,28.000092715369863,28.000193948838085,28.000392882104045,28.000770289584565,28.001461559769098,28.002684309168401,28.004774010218206,28.008226783275195,28.013746753529716,28.022293480236229,28.035123404814087,28.05381857435053,28.080296497964909
61,28.000000330303777,28.000000436195442,28.00000083983203,28.000001860598395,28.00000426917509,28.000009772440244,28.0000219846401,28.000048262474916,28.000103000904328,28.000213259752059,28.000427881093014,28.000831483753228,28.001564759419075,28.002852194217844,28.005037568502857,28.008626299883083,28.01433199792076,28.023122790691421,28.036261522129767,28.055334092907728,28.082302582890943
62,28.000000403520175,28.000000528907517,28.000001003531395,28.000002190724643,28.000004957882307,28.000011203424343,28.000024900125233,28.000054043909714,28.000114115265902,28.000233926960938,28.000465007078347,28.000895869947655,28.001672537899932,28.003026351349675,28.005309323802436,28.009036028407632,28.01492935818683,28.023965777438281,28.037414526794379,28.056872100707384,28.084362139304517
63,28.000000490150988,28.000000637862872,28.000001193269082,28.000002567957285,28.000005734474868,28.000012797160714,28.000028109859766,28.000060340480236,28.000126098846863,28.000256003683049,28.0005043252254,28.00096352128979,28.001784968603406,28.003206843170226,28.005589315071042,28.009455972197035,28.015538795078339,28.024822407571598,28.038583484152788,28.0584369741009,28.086460969443088
64,28.000000592132707,28.000000765293407,28.000001412240536,28.000002997352876,28.000006607135393,28.000014566679233,28.000031633875572,28.000067181587873,28.000138992500055,28.000279543219708,28.000545900192481,28.001034509664883,28.001902122977615,28.003393729885101,28.005877578882004,28.009886133065226,28.016160279035532,28.025692827762963,28.039769857067338,28.060029230796495,28.088593923693686
65,28.000000711602901,28.000000913649515,28.000001663911302,28.000003484321212,28.000007584504708,28.000016525573102,28.000035492834158,28.00007459723637,28.000152837498799,28.000304598911541,28.00058979609814,28.001108905717231,28.002024070565234,28.003587069383034,28.006174149597989,28.010326513320408,28.016793816054147,28.02657737526728,28.040974776972927,28.061648437318617,28.090757973458928
66,28.00000085091192,28.000001085611601,28.000001952028128,28.000004034634422,28.000008675686427,28.000018687995112,28.000039708011357,28.000082618003155,28.000167675497391,28.000331224096104,28.000636076489737,28.001186778845927,28.002150879038759,28.003786917324899,28.006479059867271,28.010777121318856,28.017439467557963,28.02747647252475,28.04219898167457,28.063293941376422,28.092951035730291
67,28.000001012634559,28.000001284101664,28.000002280629499,28.000004654435223,28.000009890250428,28.000021068653247,28.000044301281566,28.00009127501097,28.000183548492739,28.000359472067892,28.000684804315082,28.001268197203181,28.002282614239455,28.003993327300599,28.006792341905786,28.011237978500688,28.018097348164588,28.028390540430426,28.043442915515239,28.064965064021752,28.09517155078953
68,28.0000011995816,28.000001512294538,28.000002654056043,28.000005350244741,28.000011238235665,28.000023682805203,28.000049295101274,28.000100599899572,28.000200498787297,28.000389396040696,28.000736041896975,28.001353227695578,28.002419340231533,28.0042063511615,28.007114029551573,28.011709124077967,28.018767610367028,28.029319955420096,28.044706822723441,28.066661156178004,28.097418284772708
69,28.000001414811177,28.000001773628938,28.000003076960333,28.000006128969698,28.000012730152154,28.000026546252183,28.000054712492197,28.00011062479771,28.000218568953301,28.00042104911223,28.000789850910522,28.00144193599084,28.002561119397544,28.004426039603132,28.007444160494114,28.012190615928215,28.019450427249609,28.030265035206803,28.045990813011347,28.068381613398181,28.099690224257387
70,28.000001661639867,28.00000207181829,28.000003554316397,28.000006997908862,28.000014376982062,28.000029675331948,28.000060577024009,28.000121382295458,28.000237801798232,28.0004544842309,28.000846292363672,28.001534386535479,28.002708012603449,28.004652442947599,28.007782778025504,28.012682528620552,28.02014597843986,28.031226037980357,28.047294905664899,28.070125877563964,28.101986512686487
71,28.000001943653707,28.0000024108612,28.000004091428675,28.000007964758915,28.000016190180204,28.000033086911195,28.000066912796775,28.000132905416969,28.000258240331725,28.000489754164946,28.000905426582296,28.001630642592716,28.002860079447387,28.004885611996787,28.008129932000017,28.013184949889443,28.020854440252933,28.03220316773654,28.048619058478241,28.071893433606753,28.104306410772782
72,28.000002264718727,28.000002795051547,28.000004693940593,28.00000903761973,28.000018181673656,28.000036798377327,28.000073744423158,28.000145227593645,28.000279927733672,28.000526911473951,28.000967313202079,28.001730766308974,28.003017378579059,28.005125598805677,28.008485679001339,28.013697976731969,28.021575979510079,28.033196581189767,28.049963187258708,28.073683805331111,28.106649269377513
73,28.000002628991233,28.000003228988369,28.000005367842583,28.000010224998888,28.000020363860841,28.000040827629562,28.000081097010405,28.000158382637782,28.000302907323814,28.000566008483574,28.001032011170309,28.001834818811837,28.003179968056298,28.005372457283045,28.008850081916492,28.014221711745954,28.02231074993017,28.034206394835675,28.051327179219289,28.075496551008847,28.109014510558282
74,28.000003040927826,28.000003717585169,28.000006119479629,28.000011535815844,28.000022749609816,28.000045193069663,28.000088996142271,28.000172404716842,28.000327222532885,28.000607097264243,28.00109957876036,28.001942860338559,28.00334790570448,28.00562624357277,28.009223209091783,28.014756259983905,28.023058890471582,28.035232691426955,28.052710901965963,28.077331259375786,28.111401614080663
75,28.000003505294888,28.0000042660789,28.000006955558266,28.000012979405103,28.000025352256003,28.00004991359215,28.000097467860925,28.000187328328384,28.00035291687567,28.000650229615101,28.001170073600775,28.002054950386668,28.003521249441299,28.005887016215262,28.00960513328943,28.01530172645765,28.023820524834068,28.036275525494247,28.054114209902217,28.079187546151452,28.113810107195775
76,28.000004027177784,28.000004880038485,28.000007883153156,28.000014565519141,28.000028185599351,28.000055008574019,28.000106538648769,28.000203188275673,28.000380033926188,28.000695457054157,28.001243552718059,28.002171147874868,28.003700057546382,28.006154836133632,28.00999593059273,28.015858214197962,28.024595761636462,28.037334928102005,28.055536948841077,28.081065050965904,28.116239556784585
77,28.000004611989603,28.00000556537292,28.000008909712971,28.000016304330565,28.000031263900894,28.000060497864286,28.000116235410442,28.000220019644232,28.000408617295768,28.000742830815312,28.001320072591938,28.002291511304584,28.003884388864577,28.0064297664732,28.010395679328113,28.016425822825955,28.025384695096871,28.038410910822694,28.056978959196474,28.082963434736662,28.118689563352472
78,28.000005265479356,28.000006328338827,28.000010043065913,28.000018206433658,28.000034601878777,28.00006640177309,28.000126585454936,28.000237857779464,28.000438710614098,28.000792401852841,28.001399689220463,28.002416098912466,28.004074302938164,28.006711872335401,28.010804459072119,28.017004647561979,28.026187405953085,28.039503469009762,28.058440078284953,28.084882377426485,28.121159756269993
79,28.000005993739915,28.00000717554758,28.000011291424567,28.000020282845547,28.000038214703835,28.000072741060531,28.000137616478039,28.000256738265822,28.000470357514281,28.000844220853164,28.001482458190765,28.0025449688039,28.00426986006994,28.007001220449421,28.011222349786127,28.017594778574267,28.027003962460689,28.040612584506896,28.059920142018509,28.086821576113969,28.123649789927086
80,28.000006803215218,28.000008113971909,28.000012663390279,28.000022545006633,28.000042117994699,28.00007953692543,28.000149356545052,28.000276696907228,28.0005036016214,28.000898338252352,28.001568434750897,28.002678179064908,28.004471121333331,28.007297878818928,28.01164943106885,28.018196300554237,28.027834421414102,28.041738227944208,28.06141898616487,28.088780743306298,28.126159340549599
81,28.000007700707229,28.000009150952025,28.000014167957055,28.000025004780657,28.000046327812484,28.000086810993874,28.000161834074163,28.000297769709505,28.000538486544816,28.000954804258569,28.001657673880683,28.002815787851222,28.004678148536602,28.007601916354972,28.012085781521026,28.018809292493245,28.028678829171561,28.042880360645498,28.062936447248006,28.090759605476663,28.128688103589958
82,28.000008693382245,28.000010294201232,28.00001581451485,28.000027674454135,28.000050860655101,28.000094585307771,28.000175077820295,28.000319992864714,28.000575055874773,28.001013668878848,28.001750230357807,28.002957853450567,28.004891004143794,28.007913402512575,28.012531478236713,28.019433827634053,28.029537222631063,28.04403893617188,28.064472363166498,28.092757901815546,28.131235791609644
83,28.000009788776683,28.000011551810964,28.00001761285235,28.000030566735393,28.000055733451219,28.000102882313318,28.000189116859911,28.000343402737631,28.000613353182253,28.001074981948022,28.001846158817258,28.00310443432036,28.005109751169162,28.008232406949631,28.012986596399784,28.02006997352153,28.030409630129096,28.045213901619913,28.06602657365697,28.094775383133751,28.133802132471661
84,28.000010994802498,28.000012932255359,28.000019573159246,28.0000336947531,28.000060963553949,28.000111724849742,28.000203980576639,28.000368035854461,28.000653422021927,28.001138793158152,28.00194551380153,28.003255589104757,28.005334453055688,28.008558999214639,28.013451208964639,28.020717792114347,28.03129607226948,28.046405198731414,28.067598920641998,28.096811810886543,28.136386867775386
85,28.000012319751878,28.000014444395319,28.000021706028036,28.000037072054372,28.000066568734294,28.000121136138169,28.000219698647975,28.00039392889359,28.000695305937647,28.001205152087334,28.00204834980121,28.003411376631458,28.005565173542326,28.008893248465771,28.013925386417124,28.02137733995632,28.032196562683737,28.047612764810342,28.069189248459011,28.098866956322961,28.138989751542759
86,28.000013772301678,28.000016097482103,28.000024022455381,28.000040712602544,28.000072567174453,28.000131139770719,28.000236301032842,28.000421118677973,28.000739048469296,28.001274108227275,28.00215472128836,28.003571855896865,28.005801976526858,28.009235223212578,28.014409196584623,28.022048668377352,28.033111108739941,28.048836533526686,28.070797404030724,28.100940599709698,28.141610549044099
87,28.000015361517185,28.000017901160344,28.000026533842906,28.000044630774511,28.000078977460955,28.000141759700014,28.000253817960537,28.000449642169883,28.000784693161638,28.001345711008447,28.002264682738296,28.00373708603308,28.006044925924662,28.009584991096048,28.014902704521308,28.022731823732876,28.034039712168923,28.050076435551833,28.072423236950169,28.10303252966931,28.144249035834513
88,28.000017096855355,28.000019865470591,28.000029251997557,28.000048841357692,28.000085818577706,28.000153020229149,28.000272279920715,28.000479536467203,28.000832283573846,28.001420009822134,28.00237828864223,28.003907126264775,28.00629408553133,28.009942618700105,28.015405972437765,28.023426847650661,28.034982369627524,28.051332399101401,28.074066599531758,28.105142542586371,28.146904996902705
89,28.000018988167589,28.000022000851338,28.000032189131492,28.000053359546691,28.000093109899009,28.000164946002098,28.000291717654573,28.000510838801073,28.000881863289042,28.001497054038605,28.002495593511799,28.004082035859142,28.006549518892598,28.0103081713916,28.015919059663201,28.024133777276614,28.035939073208709,28.052604350405986,28.075727346837915,28.107270442068966,28.149578225910123
90,28.000021045702088,28.000024318140596,28.000035357861684,28.000058200939854,28.000100871182759,28.000177561994665,28.000312162147054,28.000543586534643,28.000933475923436,28.001576893021589,28.002616651876561,28.004261874071496,28.006811289182327,28.010681713185122,28.01644202263374,28.024852645518507,28.036909810905833,28.0538922141181,28.077405336683171,28.109416038459994,28.152268524512099
91,28.000023280105541,28.000026828577013,28.000038771208956,28.000063381535345,28.000109122563526,28.000190893506076,28.000333644620095,28.000577817162657,28.000987165134596,28.001659576138579,28.002741518274359,28.004446700086795,28.007079459089763,28.011063306633666,28.016974914908328,28.02558348128807,28.037894567026303,28.05519591364887,28.079100429614126,28.111579148403273,28.154975701768873
92,28.000025702424665,28.000029543800643,28.000042442596857,28.000068917727315,28.000117884545926,28.000204966150886,28.000356196526482,28.000613568311458,28.001042974629257,28.001745152768429,28.00287024723815,28.004636572959967,28.007354090712596,28.011453012733472,28.017517787198315,28.026326309739304,28.038893322576993,28.0565153714705,28.08081248887963,28.113759594438001,28.157699573600755
93,28.000028324107014,28.000032475853104,28.000046385850066,28.000074826301667,28.000127177998046,28.000219805851671,28.000379849544931,28.000650877739741,28.001100948169405,28.001833672304151,28.003002893275809,28.004831551554233,28.007635245462662,28.011850890857037,28.018070687421716,28.027081152497164,28.039906055595029,28.057850509353706,28.082541380384104,28.115957204647358,28.16043996232748
94,28.000031157001374,28.000035637177469,28.000050615192496,28.000081124431887,28.000137024145154,28.000235438832256,28.000404635575638,28.000689783339237,28.001161129577124,28.001925184152388,28.003139510846722,28.005031694480632,28.007922983981185,28.012256998700881,28.01863366076563,28.027848027874889,28.040932741449911,28.059201248578102,28.084286972637461,28.118171812333117,28.163196696244526
95,28.000034213357903,28.000039040617654,28.000055145245078,28.000087829674673,28.000147444563535,28.000251891611377,28.000430586736485,28.000730323135414,28.001223562737771,28.002019737729686,28.003280154335613,28.005237060039399,28.008217366063604,28.012671392247881,28.019206749756634,28.028626951080948,28.041973353116358,28.060567510112978,28.086049136700147,28.120403255717918,28.16596960924052
96,28.000037505827756,28.000042699417584,28.000059991023402,28.000094959965562,28.000158461174578,28.000269190996839,28.0004577353596,28.000772535287968,28.001288291601806,28.002117382456259,28.003424878024269,28.005447706162968,28.008518450592383,28.013094125741269,28.019789994337398,28.029417934416767,28.043027861423298,28.061949214774771,28.087827746124919,28.122651377670007,28.168758540446984
97,28.000041047462208,28.000046627219863,28.000065167935073,28.000102533614506,28.000170096239245,28.000287364080251,28.000486113988387,28.000816458090693,28.001355360184142,28.002218167745973,28.00357373606138,28.005663690363711,28.008826295482841,28.01352525167378,28.020383431947508,28.030220987457977,28.04409623527037,28.063346283356378,28.08962267689714,28.12491602545775,28.171563333929782
98,28.000044851711802,28.000050838064226,28.000070691776802,28.000110569301523,28.000182372352505,28.000306438231984,28.000515755374526,28.000862129970933,28.001424812562664,28.002322142995546,28.003726782432643,28.005885069683632,28.009140957632372,28.013964820780014,28.020987097605179,28.031036117231491,28.045178441834484,28.064758636746621,28.091433807373683,28.127197050514216,28.174383838395372
99,28.000048932424729,28.000055346385718,28.000076578731449,28.000119086072338,28.000195312438347,28.000326441096465,28.000546692475215,28.000909589488444,28.001496692874788,28.002429357571156,28.003884070929669,28.00611190064771,28.009462492880058,28.014412882041871,28.021601023993743,28.03186332837889,28.046274446747645,28.066186196024034,28.093261018220062,28.12949430822859,28.177219906934621
100,28.000053303845469,28.000060167012748,28.000082845364993,28.000128103333978,28.000208939744521,28.000347400587639,28.000578958450308,28.000958875334003,28.001571045313835,28.002539860794872,28.00404565511932,28.006344239218407,28.009790955967166,28.014869482693495,28.022225241545836,28.032702623317689,28.04738421427469,28.067628882552604,28.095104192349293,28.13180765773717,28.180071396765147
101,28.000057980612656,28.000065315164683,28.000089508623184,28.000137640850422,28.000223277837861,28.000369344884906,28.00061258665967,28.001010026327009,28.001647914122568,28.002653701927702,28.004211588312266,28.006582140756088,28.010126400511684,28.015334668242101,28.022859778532201,28.033554002384104,28.048507707453371,28.069086618044125,28.096963214858615,28.134136961749885,28.1829381690236
102,28.00006297775672,28.000070806449092,28.000096585828022,28.000147718738475,28.000238350599865,28.000392302429244,28.000647610660224,28.001063081411829,28.001727343584957,28.002770930151499,28.004381923533142,28.006825659985346,28.010468878991343,28.01580848249413,28.023504661146358,28.034417463961674,28.04964488821749,28.070559324610812,28.098837972969864,28.13648208639211,28.185820088576875
103,28.000068310697621,28.00007665685925,28.000104094674494,28.000158357463459,28.000254182222076,28.000416301919106,28.000684064202698,28.00111807965445,28.001809378018869,28.002891594552469,28.004556713491855,28.007074850959867,28.010818442721437,28.016290967574868,28.024159913586871,28.035293004616253,28.050795717532967,28.072046924829078,28.100728355970496,28.138842901035023,28.188717023817382
104,28.000073995242218,28.000082882771217,28.00011205322696,28.000169577835091,28.000270797201829,28.000441372306707,28.000721981228498,28.001175060238079,28.001894061766631,28.003015744102271,28.004736010554712,28.007329767032509,28.011175141843662,28.016782163959359,28.024825558141199,28.036180619215482,28.051960155506336,28.073549341780765,28.10263425515463,28.141219278151528,28.19162884649333
105,28.000080047581353,28.000089500940671,28.000120479915548,28.000181401003452,28.000288220338131,28.000467542794212,28.000761395865691,28.001234062457076,28.001981439183922,28.003143427639163,28.004919866719455,28.007590460833015,28.011539025322875,28.017282110505743,28.025501615262296,28.037080301032848,28.053138161476642,28.075066499085679,28.104555563768688,28.143611093188486,28.194555431558928
106,28.000086484286953,28.000096528499885,28.000129393532628,28.000193848454927,28.00030647672753,28.00049484282972,28.00080234242504,28.001295125711554,28.002071554629577,28.003274693850059,28.005108333589664,28.007856984243165,28.011910140940238,28.017790844486459,28.026188103646941,28.03799204185718,28.054329694113623,28.076598320937471,28.106492176955758,28.146018224433419,28.197496657017901
107,28.000093322309098,28.000103982954538,28.00013881322916,28.000206942008163,28.000325591759946,28.000523302103431,28.000844855395979,28.001358289501269,28.002164452454537,28.003409591251835,28.005301462350022,28.008129388374822,28.012288535290519,28.018308401622249,28.026885040312404,28.038915832095288,28.055534711507065,28.078144732134096,28.1084439917013,28.148440552889255,28.200452403777177
108,28.000100578972628,28.000111882180224,28.000148758510978,28.000220703810204,28.000345591114776,28.000552950543664,28.000888969441696,28.001423593417975,28.002260176989083,28.003548168172696,28.005499303745292,28.008407723555894,28.012674253788891,28.018834816121267,28.027592440667565,28.039851660856655,28.056753171232589,28.079705658092529,28.110410906782558,28.150877962172377,28.203422555530693
109,28.00010827197395,28.000120244419151,28.000159249235121,28.000235156332497,28.000366500756844,28.000583818312577,28.000934719394078,28.00149107713791,28.002358772530791,28.003690472734551,28.005701908059763,28.008692039315854,28.013067340675946,28.019370120715667,28.028310318582299,28.040799516039442,28.05798503042185,28.081281024868019,28.11239282271907,28.153330338406892,28.206406998637451
110,28.000116419377875,28.000129088276797,28.00017030560619,28.000250322366927,28.000388346932336,28.000615935802248,28.000982140249238,28.001560780415069,28.002460283332816,28.003836552834517,28.005909325094297,28.008982384367162,28.013467839018755,28.019914346697384,28.029038686461611,28.041759384425639,28.059230245842162,28.082870759178078,28.114389641719971,28.155797570109129,28.209405621987855
111,28.000125039613646,28.000138432717993,28.000181948172493,28.000266225022095,28.000411156164851,28.000649333629745,28.001031267160283,28.001632743070232,28.002564753589027,28.003986456129052,28.006121604156029,28.009278806609082,28.01387579073517,28.020467523961731,28.029777555298264,28.042731251726327,28.060488773918674,28.084474788393319,28.116401267645315,28.158279548130022,28.212418316942362
112,28.000134151472025,28.000148297063784,28.000194197822452,28.000282887719219,28.000434955251258,28.000684042633154,28.001082135433169,28.001707004984951,28.00267222742325,28.004140230015768,28.006338794033827,28.009581353105496,28.014291236590289,28.021029681040567,28.030526934749236,28.043715102684942,28.061760570824703,28.086093040568411,28.118427605951823,28.160776165529473,28.215444977184671
113,28.000143774101325,28.000158700987502,28.00020707578075,28.00030033418836,28.000459771257564,28.000720093866217,28.001134780518832,28.001783606090061,28.002782748874687,28.004297921619248,28.006560942991079,28.00989007009218,28.014714216222604,28.021600845144363,28.031286833183035,28.044710921115207,28.063045592497708,28.087725444430713,28.120468563657315,28.163287317526049,28.218485498668876
114,28.000153927004025,28.000169664511304,28.00022060360461,28.000318588464392,28.000485631514564,28.000757518593595,28.001189238007353,28.001862586357692,28.002896361886268,28.004459577775503,28.006788098749208,28.010205002966885,28.01514476815175,28.022181042197388,28.032057257742732,28.045718689976809,28.064343794699074,28.089371929394495,28.122524049294896,28.165812901402923,28.22153977951179
115,28.000164630033151,28.000181208002523,28.000234803180039,28.000337674883102,28.000512563613732,28.00079634828602,28.001245543621469,28.00194398579173,28.003013110291363,28.004625245016157,28.007020308474019,28.010526196285937,28.015582929794149,28.022770296876953,28.03283821440407,28.046738391436882,28.065655133056616,28.091032425564475,28.12459397287051,28.16835281643057,28.224607719906526
116,28.000175903388588,28.000193352169852,28.000249696717955,28.000357618077043,28.000540595402406,28.000836614614194,28.00130373320852,28.002027844417409,28.003133037801874,28.00479496955775,28.00725761877074,28.010853693770276,28.016028737484024,28.023368632648879,28.033629708018804,28.047770006909257,28.066979563086271,28.092706863730427,28.126678245829389,28.170906963813536,28.227689222064736
117,28.000187767613461,28.000206118059783,28.000265306750403,28.000378442971581,28.000569754979619,28.000878349444125,28.001363842734325,28.002114202272491,28.003256187995504,28.00496879728566,28.007500075668691,28.011187538299069,28.016482226485795,28.023976071805485,28.034431742375514,28.048813517122454,28.068317040242125,28.094395175375176,28.128776781011858,28.173475246605548,28.23078419012068
118,28.000200243590349,28.000219527052739,28.000281656126617,28.000400174780683,28.000600070691124,28.000921584830795,28.001425908274829,28.002203099396734,28.003382604304139,28.005146773744375,28.007747724617996,28.011527771917848,28.016943431016511,28.024592635500579,28.035244320239773,28.049868902153715,28.069667519932942,28.096097292666812,28.130889492621755,28.176057569662021,28.2338925300804
119,28.000213352537692,28.000233600859428,28.00029876800923,28.000422839002841,28.000631571125059,28.000966353013037,28.001489966009508,28.002294575822688,28.003512330001531,28.005328944123121,28.008000610477342,28.011874435835459,28.0174123842603,28.025218343786232,28.03606744340977,28.050936141489125,28.071030957564929,28.097813148463555,28.133016296185385,28.178653839563662,28.237014149735895
120,28.000227116005846,28.000248361516892,28.000316665870198,28.000446461416633,28.000664285106634,28.001012686406717,28.001556052212543,28.002388671565122,28.003645408192593,28.005515353248406,28.008258777514182,28.012227570435872,28.017889118392638,28.025853215645746,28.036901112749984,28.052015214048321,28.072407308549888,28.09954267630269,28.135157108523916,28.18126396457895,28.240148958626051
121,28.000241555874389,28.000263831385762,28.000335373488003,28.000471068077974,28.000698241695108,28.001060617601407,28.001624203248522,28.002485426615348,28.003781881806376,28.00570604557748,28.008522269402892,28.01258721528739,28.018373664607189,28.026497269041357,28.0377453282555,28.05310609825241,28.073796528357743,28.101285810420222,28.137311845733596,28.183886845951424,28.243236068906516
122,28.000256694344376,28.000280033142307,28.000354914938942,28.000496685309777,28.000733470171209,28.00111017934427,28.001694455552176,28.00258488091669,28.003921793568601,28.005901065170168,28.008791129198613,28.012953409120154,28.018866053096133,28.027150520893116,28.038600089022797,28.054208771979599,28.07519857244694,28.103042483356397,28.139480142202085,28.186513806829943,28.246286673189456
123,28.000272553940217,28.000296989780512,28.000375314599879,28.000523339705992,28.000770000042841,28.001161404547869,28.0017668456385,28.002687074377143,28.004065186017598,28.006100455710779,28.009065399370471,28.013326189878597,28.019366313129868,28.027812987190075,28.039465393387914,28.055323212709904,28.076613395457972,28.10481256608043,28.141660419255789,28.189139047365522,28.249318463263165
124,28.000289157502039,28.000314724604234,28.000396597139609,28.000551058121502,28.000807861032598,28.001214326274503,28.001841410082989,28.002792046845162,28.004212101476565,28.006304260478775,28.00934512177346,28.013705594696791,28.019874473036193,28.028484682970049,28.040341238897771,28.0564493972063,28.078040939122413,28.106595704256694,28.143850599520778,28.191761653584816,28.252337693261087
125,28.000306528182644,28.000333261224057,28.000418787515684,28.000579867668716,28.000847083074031,28.001268977731733,28.001918185516288,28.002899838104074,28.004362582048859,28.006512522347666,28.009630337654531,28.01409165991566,28.020390560230791,28.029165622361454,28.04122762228819,28.057587299138561,28.079481099674258,28.10839130438443,28.146049028826063,28.194381919681117,28.255347940905398
126,28.000324689443552,28.000352623553368,28.000441910970146,28.000609795712819,28.000887696306048,28.001325392265624,28.001997208616199,28.003010487862923,28.004516669609107,28.006725283778621,28.009921087652199,28.014484421091783,28.020914601236854,28.029855818595451,28.042124539017109,28.058736882213569,28.080933702836788,28.110198667010035,28.148254554720666,28.197000422042738,28.258351593142873
127,28.000343665050902,28.000372835804093,28.000465993025106,28.000640869866892,28.000929731067224,28.001383603353933,28.002078516099598,28.003124035747554,28.004674405794717,28.006942586814841,28.010217411796777,28.014883913006596,28.021446621700711,28.030555283929079,28.04303198179861,28.059898091419853,28.082398506691316,28.112017096515373,28.150466399699322,28.199617775623885,28.26135038071088
128,28.000363479071414,28.000393922482608,28.000491059478311,28.000673117986935,28.000973217889999,28.001443644599252,28.002162144714426,28.003240521291954,28.004835831997823,28.007164473076436,28.010519349511327,28.015290169675154,28.021986646388839,28.03126402934199,28.043949938149179,28.061070847243251,28.083875221175649,28.113845955213083,28.152684043093331,28.202234562723611,28.264345626886758
129,28.000384155868218,28.000415908385506,28.000517136398656,28.000706568166816,28.001018187494854,28.001505549722097,28.00224813123166,28.003359983929773,28.005000989357672,28.007390983755997,28.010826939612869,28.015703224351185,28.022534699133079,28.031982063915144,28.044878387711105,28.062255044645536,28.085363529968546,28.115684681609604,28.154907137854835,28.204851313680631,28.267338381527427
130,28.000405720096651,28.000438818595235,28.000544250121539,28.000741248733139,28.001064670784306,28.001569352553908,28.002336512437534,28.003482462986074,28.005169918753477,28.007622159614577,28.011140220313415,28.016123109520681,28.023090802687708,28.032709393951315,28.045817300169396,28.063450555696818,28.086863108367425,28.117532791182153,28.157135454846454,28.207468504993063,28.270329500490799
131,28.000428196699993,28.000462678475795,28.000572427244194,28.000777188240026,28.00111269883697,28.001635087030145,28.00242732512562,28.003607997669338,28.00534266079757,28.007858040978128,28.011459229218669,28.016549856872295,28.023654978480074,28.033446022004846,28.046766634172545,28.06465723414534,28.088373635752099,28.119389869743028,28.159368846155079,28.210086563033993,28.273319695983623
132,28.000451610905081,28.000487513668229,28.00060169462099,28.00081441546379,28.001162302901385,28.001702787183255,28.002520606089149,28.003736627063727,28.005519255829064,28.008098667733709,28.011784003321338,28.016983497234456,28.02422724627387,28.034191946006629,28.047726337225097,28.065874920445001,28.089894803565286,28.121255564681164,28.161607220100922,28.212705869318921,28.27630957076919
133,28.000475988217957,28.000513350086191,28.00063207935851,28.000852959397598,28.001213514389949,28.001772487135696,28.002616392113424,28.003868390121578,28.005699743907627,28.008344079324843,28.01211457898491,28.017424060473228,28.024807623781101,28.034947158606315,28.048696346363798,28.067103446512498,28.091426319814442,28.123129575923045,28.163850524558406,28.215326765937593,28.279299641620952
134,28.000501354419395,28.000540213911314,28.00066360881074,28.000892849245975,28.001266364872688,28.001844221092945,28.002714719968314,28.004003325656129,28.005884164807437,28.008594314744357,28.012450991914026,28.017871575353851,28.02539612627357,28.035711646791714,28.049676589330037,28.068342639769803,28.092967911246916,28.125011647840818,28.166098735317476,28.217949560424373,28.282290356512657
135,28.000527735560301,28.000568131588558,28.000696310574007,28.000934114419334,28.001320886071053,28.001918023336593,28.002815626400835,28.004141472334396,28.006072558010665,28.008849412523578,28.012793277109452,28.018326069376826,28.02599276623614,28.036485391772157,28.050666985981756,28.069592326411684,28.094519324091063,28.126901562173153,28.168351847829001,28.220574530101786,28.285282107444282
136,28.00055515795713,28.000597129821518,28.00073021248204,28.000976784528326,28.001377109851653,28.001993928217388,28.00291914812794,28.004282868670167,28.006264962700069,28.009109410716171,28.013141468808048,28.018787568600704,28.026597553086191,28.037268369087304,28.051667449793456,28.070852333955777,28.096080323812231,28.128799131977708,28.170609871409319,28.223201925832811,28.288275240147051
137,28.000583648187199,28.00062723556756,28.000765342600705,28.001020889378278,28.001435068219937,28.002071970148354,28.003025321829362,28.004427553016807,28.006461417750128,28.009374346875251,28.013495600407992,28.019256097464929,28.027210492982867,28.038060548911336,28.052677889317984,28.07212249308186,28.097650694257588,28.130704196667555,28.172872825182271,28.225831975188672,28.291270061478745
138,28.000613233083911,28.000658476033042,28.000801729222939,28.001066458963461,28.001494793313956,28.002152183597996,28.003134184140404,28.004575563559865,28.006661961715889,28.009644258023854,28.013855704385207,28.019731678627377,28.027831588720993,28.038861896466287,28.053698209520924,28.073402638982152,28.099230236589872,28.132616617810594,28.175140734977152,28.228464885202605,28.294266845461063
139,28.000643939731908,28.000690878668266,28.000839400863416,28.001113523461317,28.001556317397991,28.002234603083398,28.003245771644934,28.004726938308892,28.00686663281914,28.009919180618741,28.014221812204454,28.020214332824203,28.028460839707002,28.039672372514548,28.054728312972014,28.074692612285123,28.100818768050086,28.134536275632758,28.177413631112842,28.231100844726289,28.297265838055484
140,28.000675795462186,28.000724471162542,28.000878386253255,28.001162113226709,28.001619672856236,28.002319263163486,28.003360120867942,28.00488171508858,28.007075468931543,28.010199150508384,28.014593954229557,28.020704078757685,28.029098242006391,28.040491933892856,28.05576810088165,28.075992259639371,28.102416120661243,28.136463066126876,28.179691546793073,28.233740026447112,28.300267261012827
141,28.000708827847095,28.000759281439088,28.000918714334674,28.001212258786101,28.001684892186493,28.00240619843219,28.00347726826822,28.005039931528565,28.007288507554456,28.010484202886428,28.014972159637114,28.02120093301593,28.029743788452809,28.041320534058251,28.056817473972799,28.077301434032307,28.104022139963625,28.138396898662485,28.181974516925063,28.236382588620476,28.30327131502743
142,28.0007430646953,28.000795337649837,28.000960414255456,28.001263990831642,28.001752007993758,28.002495443511545,28.003597250230339,28.005201625051907,28.00750578579558,28.010774372242064,28.015356456337866,28.021704910026084,28.030397468804189,28.042158123617774,28.057876333197793,28.078619994923873,28.105636683824176,28.140337693990272,28.184262577235259,28.23902867656853,28.306278182365975
143,28.000778534046638,28.000832668170286,28.001003515363561,28.001317340215309,28.001821052983889,28.002587033044772,28.003720103056281,28.005366832861913,28.007727340342772,28.01106969230991,28.015746870908984,28.022216022037963,28.031059269928896,28.043004650827182,28.058944580326887,28.07994780825722,28.107259621322637,28.142285382553926,28.186555763604328,28.241678423991505,28.309288029088194
144,28.000815264166988,28.000871301594159,28.001048047201511,28.001372337942939,28.001892059957154,28.002681001689051,28.003845862956446,28.005535591927615,28.007953207435989,28.011370196020366,28.016143428536584,28.022734279131576,28.031729176012469,28.043860062061306,28.060022118434798,28.081284746370901,28.108890831704812,28.144239903054473,28.188854111573537,28.244331954125247,28.312301006939911
145,28.000853283542984,28.000911266728135,28.001094039500856,28.001429015168281,28.001965061801741,28.002777384108157,28.003974566039901,28.005707938967426,28.008183422837128,28.011675915451885,28.016546152971927,28.023259689252409,28.032407168782207,28.04472430224255,28.061108852270237,28.082630687821091,28.110530203432901,28.14620120127891,28.191157656008123,28.246989380732938,28.315317254917318
146,28.000892620876716,28.00095259258639,28.001141522176479,28.001487403186925,28.002040091487203,28.002876214964804,28.004106248303717,28.005883910431443,28.00841802179896,28.0119868817868,28.016955066501406,28.023792258268202,28.033093227737385,28.045597315224217,28.062204688535957,28.08398551715802,28.112177633328709,28.148169229113325,28.193466430852538,28.249650808975343,28.318336900608418
147,28.000933305080366,28.000995308385196,28.001190525320901,28.001547533430248,28.002117182057656,28.00297752891251,28.004240945621572,28.006063542482298,28.008657039033832,28.012303125271721,28.017370189929164,28.024331990041109,28.033787330377042,28.0464790441318,28.063309536102871,28.085349124681041,28.113833025794762,28.150143943691219,28.195780468946584,28.252316336188326,28.32136006137036
148,28.000975365270794,28.001039443537394,28.0012410791986,28.001609437459258,28.002196366625039,28.003081360587153,28.004378693731407,28.006246870975264,28.00890050868292,28.012624675183471,28.017791542572184,28.024878886512624,28.034489452421568,28.047369431662901,28.064423306166137,28.086721406177723,28.11549629210975,28.152125306667156,28.198099801897101,28.254986052572978,28.324386845352464
149,28.001018830764036,28.001085027646809,28.001293214240135,28.001673146958343,28.002277678361857,28.003187744597977,28.004519528222279,28.006433931437375,28.009148464286678,28.012951559800737,28.018219142266659,28.025432947798009,28.035199568026041,28.048268420349732,28.065545912351297,28.088102262651404,28.1171673497917,28.154113283601855,28.200424459997823,28.257660041806496,28.327417352381183
150,28.001063731069824,28.001132090502697,28.001346961036337,28.001738693728935,28.002361150494032,28.0032967155182,28.004663484520606,28.006624759046446,28.009400938756638,28.013283806380922,28.018653005382969,28.025994172286946,28.035917649984942,28.049175952790574,28.066677270783327,28.08949160004537,28.118846122017978,28.156107843428849,28.202754472178984,28.260338381593389,28.330451674746076
151,28.001110095885942,28.001180662074063,28.001402350332349,28.001806109683063,28.002446816293276,28.003408307875137,28.004810597875689,28.006819388609706,28.00965796434912,28.013621441142956,28.019093146850121,28.026562556749454,28.036643669925279,28.050091971847824,28.067817300119536,28.090889328968739,28.120532537104708,28.158108958001346,28.20508986598432,28.263021144156045,28.333489897886743
152,28.001157955092591,28.001230772503881,28.001459413021628,28.001875426836715,28.00253470906922,28.003522556139682,28.00496090334449,28.007017854542589,28.009919572641788,28.013964489257638,28.01953958019072,28.027138096446063,28.037377598483587,28.051016420806342,28.068965921544255,28.092295364429258,28.122226528056064,28.160116601727012,28.207430667574741,28.265708396656919,28.336532100971048
153,28.001207338746759,28.001282452103339,28.001518180139833,28.001946677303106,28.002624862161323,28.003639494715415,28.005114435776218,28.007220190848152,28.010185794512864,28.014312974842738,28.019992317560018,28.027720785235672,28.038119405469885,28.051949243512883,28.070123058754746,28.093709625580225,28.123928032145241,28.162130751230276,28.20977690173412,28.26840020159467,28.339578357436846
154,28.001258277076317,28.001335731345996,28.001578682858639,28.002019893285688,28.002717308930251,28.003759157927298,28.005271229796723,28.007426431097301,28.010456660123122,28.014666920963165,28.020451369789683,28.028310615681729,28.038869060018769,28.052890384494656,28.071288637932028,28.09513203547683,28.125636990533433,28.16415138505776,28.212128591886088,28.271096617163948,28.342628735477557
155,28.00131080047435,28.001390640861761,28.001640952479388,28.002095107071014,28.002812082749237,28.003881580009985,28.005431319792716,28.007636608410035,28.010732198901117,28.015026349636376,28.020916746436097,28.02890757915668,28.039626530726835,28.05383978905499,28.072462587695856,28.09656252084314,28.127353347930654,28.166178483430549,28.214485760121935,28.273797697575475,28.345683298467208
156,28.001364939493111,28.001447211430968,28.001705020426666,28.002172351021432,28.002909216994947,28.004006795095822,28.0055947398961,28.007850755437705,28.011012439530898,28.015391281841559,28.021388455831399,28.029511665943772,28.040391785779271,28.054797403353337,28.073644839050001,28.098001011848986,28.12907705228589,28.168212028025945,28.216848427233916,28.27650349334985,28.348742105346279
157,28.001420724838109,28.001505473978199,28.001770918241736,28.002251657567449,28.003008745038031,28.004134837202621,28.00576152396852,28.008068904346821,28.01129740994331,28.015761737533737,28.021866505137414,28.030122865334427,28.041164793061782,28.055763174465518,28.074835325318176,28.099447441902075,28.130808054514329,28.170252001794534,28.219216612753094,28.279214051578265,28.351805210960251
158,28.001478187362046,28.001565459566091,28.001838677575833,28.002333059200083,28.003110700233677,28.004265740221353,28.005931705586118,28.008291086803396,28.011587137308194,28.016137735658692,28.022350900399495,28.030741165723803,28.04194552026912,28.056737050441228,28.076033982080094,28.100901747443828,28.13254630823052,28.172298388781627,28.221590334987223,28.281929416178265,28.354872666391099
159,28.001537358058599,28.001627199388938,28.001908330183227,28.002416588462737,28.003215115911484,28.004399537903403,28.006105318024868,28.00851733396042,28.01188164803326,28.016519294176568,28.02284164660492,28.03136655469752,28.042733934986686,28.057718980326573,28.077240747091242,28.102363867772826,28.134291769548195,28.1743511740118,28.223969611066913,28.284649628090079,28.357944519203109
160,28.001598268056096,28.001690724766295,28.001979907914169,28.002502277943005,28.003322025365339,28.004536263848173,28.006282394246476,28.008747676446063,28.012180967762937,28.016906430083708,28.023338747737604,28.031999019115243,28.043530004773775,28.058708914195229,28.078455560213303,28.103833744869924,28.136044396867028,28.176410343354803,28.226354456984978,28.287374725485705,28.36102081371002
161,28.001660948611185,28.001756067136313,28.002053442707656,28.002590160264194,28.003431461843213,28.004675951490675,28.006462966885127,28.008982144353514,28.012485121380017,28.017299159437297,28.023842206833319,28.032638545189357,28.044333697236119,28.059706803167526,28.079678363340093,28.105311323234648,28.137804150685216,28.178475883415487,28.228744887638715,28.290104743954601,28.364101591208378
162,28.001725431102265,28.001823258049058,28.00212896658411,28.002680268076812,28.003543458536758,28.004818634089155,28.0066470682345,28.009220767231991,28.01279413300891,28.017697497381423,28.02435202603467,28.033285118560606,28.045144980092385,28.060712599423375,28.080909100322298,28.10679654972909,28.139570993424911,28.18054778143436,28.231140916872331,28.292839716678063,28.367186890195395
163,28.001791747022764,28.001892329159574,28.00220651163772,28.002772634049645,28.003658048570728,28.004964344713098,28.006834730236335,28.009463574080751,28.013108026023016,28.018101458176087,28.024868206644225,28.033938724364273,28.045963821225556,28.061726256202515,28.08214771689277,28.10828937344063,28.141344889287982,28.182626025211462,28.233542557518653,28.295579674576821,28.370276746550537
164,28.001859927974369,28.00196331222088,28.002286110028717,28.002867290860884,28.00377526499242,28.005113116231414,28.007025984469145,28.00971059334308,28.013426823051766,28.018511055225655,28.025390749177195,28.034599347296492,28.046790188735216,28.062747727805782,28.083394160592253,28.109789745544184,28.143125804110742,28.184710603029291,28.235949821440716,28.298324646459367,28.373371193718381
165,28.001930005660004,28.002036239076652,28.002367793975417,28.002964271188898,28.003895140761191,28.00526498130111,28.00722086213867,28.009961852903352,28.013750545991272,28.018926301109211,28.025919653411311,28.035266971671344,28.047624050976459,28.063776969586367,28.084648380697406,28.111297619182384,28.144913705244338,28.186801503593987,28.238362719571253,28.301074659147883,28.376470262861517
166,28.002002011876954,28.002111141654193,28.002451595746443,28.0030636077033,28.004017708737923,28.005419972355611,28.007419394066972,28.010217380081716,28.014079216012121,28.019347207609318,28.026454918438702,28.03594158148498,28.0484653766093,28.064813937949346,28.085910328147531,28.11281294933174,28.146708561414492,28.188898715961496,28.240781261953639,28.303829737622124,28.379573983037673
167,28.002075978509115,28.002188051956487,28.002537547652008,28.00316533305519,28.004143001674478,28.005578121594972,28.007621610686751,28.010477201637627,28.014412853577234,28.019773785745659,28.026996542709071,28.03662316045288,28.049314134609862,28.065858590322836,28.087179955478231,28.114335692720765,28.148510342656749,28.191002229518112,28.243205457777378,28.306589905096505,28.38268238128822
168,28.002151937519884,28.002267002054708,28.002625682035834,28.003269479868074,28.004271052203539,28.005739460975317,28.007827542032697,28.010741343767478,28.014751478452027,28.020206045803477,28.027544524076696,28.037311692064794,28.050170294310107,28.066910885153249,28.08845721675408,28.115865807711668,28.150319020194321,28.193112033917398,28.245635315415512,28.309355183147606,28.385795482794361
169,28.002229920944593,28.00234802408049,28.002716031266697,28.003376080728351,28.004401892828227,28.005904022198791,28.008037217734614,28.011009832105799,28.01509510971923,28.020643997365116,28.028098859845105,28.038007159628979,28.051033825420134,28.067970781885723,28.0897420675017,28.117403254204284,28.152134566351194,28.195228119044025,28.248070842460979,28.312125591810606,28.38891331099169
170,28.002309960882403,28.002431150217681,28.002808627729582,28.003485168175768,28.004535555912483,28.006071836705491,28.008250667013922,28.011282691730241,28.01544376579599,28.021087649339723,28.028659546803897,28.038709546304304,28.051904698039682,28.069038240942017,28.091034464652573,28.118947993559473,28.15395695448569,28.197350474988234,28.250512045757652,28.314901149656549,28.392035887661162
171,28.002392089488698,28.002516412694408,28.002903503817173,28.003596774694199,28.004672073671166,28.006242935664094,28.008467918677564,28.01155994716316,28.01579746444801,28.021537009992983,28.029226581271239,28.039418835143056,28.052782882681107,28.070113223703583,28.092334366479278,28.120499988504456,28.155786158902629,28.199479092007632,28.252958931435263,28.317681873889047,28.39516323304451
172,28.002476338966961,28.0026038437748,28.003000691921017,28.003710932702155,28.004811478160594,28.006417349963986,28.008689001114639,28.011841622376657,28.016156222806543,28.021992086976539,28.029799959130358,28.04013500912264,28.05366835028039,28.071195692489074,28.093641732538501,28.122059203057262,28.15762215478847,28.201613960502875,28.255411504940348,28.320467780419975,28.398295365933123
173,28.002562741560407,28.002693475750458,28.003100224422599,28.003827674543512,28.004953801269785,28.006595110208806,28.008913942294956,28.012127740799524,28.016520057386185,28.02245288735585,28.0303796758616,28.040858051170655,28.054561072201846,28.072285610529828,28.094956523619079,28.123625602463015,28.159464918160065,28.20375507100151,28.257869771064328,28.323258883932322,28.401432303740656
174,28.002651329544126,28.002785340932384,28.003202133684717,28.003947032478258,28.005099074710749,28.006776246707645,28.009142769764026,28.012418325320169,28.016888984100056,28.022919417639692,28.030965726582377,28.041587944203265,28.05546102025675,28.073382941951344,28.09627870168141,28.125199153106472,28.161314425784827,28.205902414124047,28.260333733976683,28.326055197969463,28.404574062609356
175,28.00274213521616,28.002879471641947,28.003306452042274,28.004069038673432,28.005247330010793,28.006960789470767,28.009375510644922,28.01271339829707,28.017263018279468,28.023391683805929,28.031558106071572,28.042324671138289,28.05636816669659,28.074487651744803,28.097608229814455,28.126779822469008,28.163170655153007,28.208055980581367,28.262803397248057,28.328856734975858,28.40772065745492
176,28.002835190889257,28.002975900202504,28.003413211793571,28.004193725194234,28.005398598504126,28.007148768203184,28.009612191636339,28.013012981564572,28.017642174690074,28.023869691328063,28.032156808801943,28.0430682149231,28.057282484222643,28.075599705746878,28.098945072184144,28.128367579059219,28.165033584417124,28.210215761151375,28.26527876387852,28.331663506367807,28.410872102049826
177,28.002930528882327,28.003074658930725,28.003522445191312,28.004321123994877,28.005552911323409,28.007340212298725,28.009852839012005,28.013317096440659,28.018026467549976,28.024353445202436,28.032761828970173,28.043818558556783,28.058203945988232,28.076719070614672,28.100289193983944,28.129962392354027,28.166903192345785,28.212381746665375,28.267759836324327,28.334475522591386,28.414028409090001
178,28.00302818151135,28.003175780127545,28.003634184433849,28.004451266910735,28.005710299394021,28.007535150838322,28.010097478624786,28.013625763738062,28.018415910547112,28.024842949968484,28.033373160514188,28.04457568509768,28.059132525591437,28.077845713802812,28.101640561401325,28.131564232764365,28.168779458300332,28.214553928004534,28.27024661651641,28.337292793157065,28.417189590233559
179,28.003128181081323,28.003279296069877,28.003748461656233,28.004584185648671,28.005870793424215,28.007733612581539,28.010346135902772,28.013939003769103,28.018810516856639,28.02533820973931,28.033990797151397,28.045339577696655,28.060068197086601,28.078979603539945,28.102999141558531,28.133173071557152,28.170662362168308,28.216732296075424,28.272739105892438,28.340115326717356,28.420355656191759
180,28.003230559876915,28.003385239001407,28.003865308921711,28.004719911780217,28.006034423901479,28.0079356259678,28.010598835856634,28.014256836359046,28.019210299157741,28.025839228217219,28.034614732387158,28.0461102195944,28.061010934969978,28.080120708806632,28.104364902489813,28.134788880838929,28.172551884357585,28.218916841814885,28.275237305409636,28.342943131083619,28.423526616746233
181,28.003335350158657,28.003493641128809,28.003984758218063,28.004858476738335,28.006201221090631,28.008141219117817,28.010855603087037,28.014579280862307,28.019615269660736,28.026346008730627,28.035244959556124,28.046887594156686,28.061960714196843,28.081268999326095,28.105737813107044,28.136411633509859,28.174448005761121,28.221107556186112,28.277741213963012,28.345775398151588,28.4266533467401
182,28.003442584135556,28.003604534594103,28.004106841429149,28.004999911788154,28.006371215004314,28.00835041980455,28.011116461757084,28.014906356137221,28.020025440083248,28.026858554209067,28.035881471790983,28.047671684831208,28.062917510121785,28.082424445487629,28.107117843111965,28.138041303175921,28.176350707677486,28.223304428258295,28.280250601387078,28.348605193604911,28.429744969817737
183,28.003552293984338,28.00371795149438,28.004231590356536,28.005144248051987,28.006544435433284,28.008563255491538,28.011381435641731,28.015238080608714,28.020440821727014,28.027376867271474,28.036524262116266,28.048462475237848,28.063881298576575,28.083587018406526,28.108504963039838,28.13967786418084,28.178259971087993,28.22550739680003,28.282764255751115,28.351427906338198,28.432815859919984
184,28.003664511822112,28.003833923854309,28.004359036691227,28.005291516480355,28.006720911917306,28.00877975330442,28.011650548100761,28.015574472243316,28.02086142545383,28.027900950200426,28.037173323415988,28.049259949124309,28.06485205580978,28.084756689847943,28.109899144170715,28.141321291293711,28.180175766861264,28.227716217967743,28.285280560807006,28.354242871682921,28.435871145872095
185,28.003779269702466,28.003952483622342,28.0044892120107,28.005441747850522,28.006900673746426,28.00899994003667,28.011923822090665,28.015915548568113,28.021287261711159,28.028430804971478,28.03782864846178,28.050064090386776,28.065829758494466,28.085933432218994,28.111300358453573,28.142971557731904,28.182098029386044,28.2299304540782,28.287798241008417,28.357050399675497,28.438913791510721
186,28.003896599606854,28.004073662662293,28.004622147770977,28.005594972759887,28.007083749956642,28.009223842148884,28.012201280169016,28.016261326680972,28.021718340547444,28.028966433270817,28.038490229927966,28.050874883076574,28.066814383721674,28.087117218534566,28.11270857807261,28.144628629556593,28.184026636298107,28.232149581307954,28.290316425042327,28.359851026551478,28.441945796716507
187,28.0040165334362,28.004197492745131,28.004757875298964,28.005751221619491,28.007270169325857,28.009451485768526,28.012482944499165,28.016611823260696,28.022154671626932,28.029507836511929,28.039158060405494,28.051692311405819,28.067805908990501,28.088308022312031,28.114123774205982,28.146292458541662,28.185961410807138,28.234373078377036,28.292834543335353,28.362645318181496,28.44496862914384
188,28.004139103002583,28.004324005540745,28.004896425784921,28.005910524647977,28.007459960370209,28.00968289668991,28.012768836855098,28.016967054577258,28.022596264244147,28.030055015851595,28.039832132414809,28.052516359751628,28.068804312182802,28.089505817284927,28.115545914993181,28.147962977449989,28.187902137379655,28.236600470359484,28.295352232675484,28.365433812256761,28.447983425779519
189,28.00426434002101,28.004453232610047,28.005037830275278,28.006072911865779,28.00765315134073,28.009918100374655,28.013058978626539,28.017327036501868,28.023043127337978,28.030607972205011,28.040512438417753,28.053347012656101,28.069809571496187,28.090710576860456,28.116974963318533,28.149640099161978,28.189848579456324,28.238831343315983,28.297869269002643,28.368217003104178,28.450991100751374
190,28.004392276101342,28.004585205397049,28.005182119665466,28.006238413089545,28.007849770220453,28.010157121952314,28.013353390824335,28.017691784517027,28.023495269505275,28.031166706260201,28.041198970827672,28.054184254816171,28.070821665305019,28.091922273368287,28.11841087508591,28.151323718777601,28.19180049380191,28.241065344975087,28.30038552252984,28.370995339956483,28.453992409883902
191,28.004522942740468,28.004719955221315,28.005329324693147,28.006407057926943,28.008049844721604,28.010399986221422,28.013652094085813,28.018061313726538,28.023952699014075,28.031731218491505,28.041891722016711,28.055028071054117,28.071840571937322,28.093140877240021,28.119853598289353,28.153013717232866,28.193757640650787,28.243302179458656,28.302900927824862,28.373769230089842,28.456987991615598
192,28.004656371314454,28.004857513270395,28.005479475931569,28.006578875771613,28.008253402283387,28.010646717650726,28.013955108680438,28.018435638865299,28.024415423816308,28.032301509171926,28.042590684317286,28.055878446259744,28.07286626937794,28.094366356263659,28.121303072899938,28.154709965367569,28.195719790029614,28.24554160004735,28.305415464056683,28.376539043180557,28.459978394193559
193,28.004792593071144,28.004997910592579,28.005632603783233,28.006753895798596,28.008460470069835,28.010897340380758,28.014262454515492,28.018814774308982,28.024883451560033,28.032877578383491,28.043295850015003,28.056735365300643,28.073898734933611,28.095598675018977,28.122759231362092,28.156412327696732,28.197686725429211,28.247783402045975,28.307929141246678,28.379305115633986,28.462964095141114
194,28.004931639122614,28.005141178089872,28.005788738473736,28.006932146959841,28.008671074968102,28.011151878225487,28.014574151141812,28.019198734083595,28.025356789600881,28.03345942602493,28.044007211329795,28.057598812903304,28.07493794489648,28.096837794529229,28.124221999490956,28.158120665669195,28.199658245596538,28.250027416139456,28.31044199089699,28.382067754665318,28.465945515086464
195,28.005073540438158,28.005287346511079,28.00594791004589,28.007113657980156,28.00888524358696,28.011410354674428,28.014890217759731,28.019587531874755,28.025835445012529,28.034047051815019,28.04472476038346,28.058468773511127,28.075983874240279,28.098083672138571,28.125691297595452,28.159834840271511,28.201634165020415,28.25227350270152,28.312954059531375,28.384827241805738,28.468923028009225
196,28.005218327837284,28.005436446445199,28.006110148354129,28.007298457353272,28.009103002255614,28.011672792894664,28.015210673224843,28.019981181036606,28.026319424595673,28.034640455290877,28.045448489153785,28.059345231132522,28.077036496374461,28.09933626157277,28.127167041647283,28.161554714029972,28.203614313743707,28.254521546973418,28.315465403961024,28.387583835956967,28.471896969207783
197,28.005366031982948,28.005588508315007,28.006275483059046,28.007486573338337,28.009324377022701,28.011939215733289,28.015535536053935,28.020379694600358,28.02680873488514,28.035239635799954,28.046178389417161,28.060228169189536,28.078095782966535,28.10059551314265,28.128649144417455,28.163280152503976,28.205598536719151,28.256771454988616,28.317976087927892,28.390337776032336,28.474867641432429
198,28.00551668337506,28.00574356237091,28.006443943622337,28.007678033956591,28.00954939365554,28.012209645719846,28.015864824430729,28.02078308528203,28.027303382154507,28.03584459248615,28.046914452682852,28.061117570376055,28.079161703832071,28.10186137404779,28.130137516534649,28.165011025360791,28.207586692895784,28.259023150170243,28.320486179687876,28.393089283218515,28.477835319743701
199,28.005670312344183,28.005901638684893,28.006615559301828,28.007872866988198,28.009778077639698,28.01248410506896,28.016198556211609,28.02119136548945,28.027803372417836,28.036455324268864,28.04765667012105,28.062013416534366,28.080234226898206,28.103133788755706,28.131632067416941,28.16674720705803,28.209578654176831,28.261276570576584,28.322995750312895,28.395838562883419,28.480800255317387
200,28.005826949045538,28.006062767144986,28.006790359146965,28.008071099969577,28.010010454178701,28.012762615683016,28.016536748930925,28.021604547327911,28.028308711428114,28.03707182981714,28.048405032490994,28.062915688555968,28.081313318223735,28.104412699402229,28.133132706066966,28.168488577290933,28.211574304394961,28.263531666570962,28.325504872371258,28.398585806243435,28.48376267863679
201,28.005986623453097,28.006226977449646,28.006968371994311,28.008272760190746,28.01024654819388,28.013045199154963,28.016879419806109,28.022022642604682,28.028819404672738,28.037694107519485,28.049159530071428,28.063824366306385,28.082398942063296,28.105698046198558,28.134639341751534,28.17023502125296,28.213573538290365,28.265788398856863,28.328013618961077,28.401331191815004,28.486722802127623
202,28.006149365354084,28.006394299102631,28.007149626463459,28.008477874692957,28.010486384324512,28.013331876771005,28.017226585742304,28.02244566283191,28.029335457365811,28.038322155450974,28.049920152595966,28.06473942857459,28.083491060969912,28.106989767834531,28.136151884566495,28.171986429732979,28.215576260522646,28.26804673685173,28.330522063018762,28.404074886668816,28.489680822326267
203,28.00631520434353,28.006564761407965,28.007334150953103,28.008686470266674,28.010729986927998,28.013622669513314,28.017578263336297,28.022873619227823,28.029856874437389,28.038955971338254,28.0506868891962,28.065660853048954,28.084589635929071,28.108287801861987,28.13767024588444,28.173742699083462,28.217582384751243,28.270306657358176,28.333030276833867,28.406817047505662,28.492636921663234
204,28.006484169819341,28.006738393465231,28.007521973637417,28.008898573449542,28.01097738008027,28.013917598062619,28.017934468879787,28.023306522716268,28.030383660520386,28.039595552524545,28.051459728354232,28.066588616316125,28.085694626511039,28.109592085047858,28.139194338706442,28.175503731115185,28.219591832796645,28.272568143443838,28.33553833168525,28.409557821601048,28.495591269988903
205,28.006656290977311,28.006915224165081,28.007713122462626,28.009114210524796,28.011228587576216,28.014216682800473,28.018295218361981,28.023744383924448,28.030915819935487,28.040240895936254,28.052238657865392,28.067522693878271,28.086805991031152,28.110902553693467,28.140724077940082,28.177269432949394,28.221604533871407,28.274831183478604,28.338046297564919,28.412297347646398,28.498544025901339
206,28.006831596806546,28.00709528218502,28.007907625143798,28.009333407519716,28.011483632930116,28.014519943811429,28.018660527470963,28.024187213179168,28.03145335667498,28.040891998051897,28.053023664811832,28.068463060187558,28.087923686714934,28.112219143919273,28.14225938060698,28.179039716828495,28.223620423879694,28.277095770333343,28.340554242992422,28.415035756484205,28.501495337869272
207,28.007010116085183,28.007278595985291,28.008105509161872,28.009556190204176,28.011742539376176,28.014827400884755,28.019030411594731,28.024635020501886,28.03199627438595,28.041548854873554,28.053814735543753,28.069409688690747,28.089047669863575,28.113541791924987,28.143800166005768,28.180814499904447,28.225639444767346,28.279361900678857,28.343062234878733,28.417773171775643,28.504445345231666
208,28.007191877376084,28.007465193805164,28.008306801760831,28.009782584089486,28.012005329868991,28.015139073515797,28.019404885820851,28.025087815602269,28.032544576353022,28.042211461902376,28.054611855672309,28.070362551888334,28.090177896017813,28.114870434210964,28.145346355811135,28.182593704002684,28.227661543948876,28.281629574423555,28.345570338454021,28.420509710572755,28.507394179027003
209,28.007376909023087,28.007655103659381,28.008511529945228,28.010012614427279,28.012272027083899,28.015454980907034,28.019783964935403,28.025545607870754,28.033098265481467,28.042879814118336,28.055415010071599,28.071321621401456,28.091314320114755,28.116205007768016,28.1468978741336,28.184377255383627,28.229686673793509,28.283898794233096,28.348078617223894,28.423245483829653,28.510341962723071
210,28.007565239147286,28.007848353334786,28.008719720477735,28.010246306208504,28.012542653417288,28.015775141968415,28.020167663420967,28.026008406370444,28.033657344281391,28.043553905964554,28.056224182888243,28.072286868043836,28.092456896635365,28.117545450239788,28.148454647551347,28.186165084507799,28.231714791159725,28.286169565112406,28.350587132945481,28.425980596865308,28.513288812868769
211,28.007756895643638,28.008044970387282,28.008931399876971,28.010483684162399,28.012817230986705,28.016099575317423,28.020555995454096,28.026476219828602,28.034221814853044,28.044233731335886,28.057039357557695,28.07325826189598,28.093605579742039,28.118891700061187,28.150016605119728,28.187957125805891,28.233745856972444,28.288441894042947,28.353095945620929,28.428715149782736,28.516234839676127
212,28.007951906177659,28.00824498213882,28.00914659441538,28.010724772755669,28.013095781630785,28.016428299278623,28.020948974901842,28.02694905662803,28.034791678873919,28.044919283572209,28.057860516826373,28.074235772381488,28.094760323405897,28.120243696573702,28.151583678359,28.189753317453128,28.235779835843271,28.290715789675136,28.355605113508275,28.431449237844234,28.519180147531451
213,28.008150298182482,28.008448415674717,28.009365330117372,28.010969596191497,28.013378326908988,28.016761331882712,28.021346615318024,28.027426924798405,28.03536693758743,28.045610555455429,28.058687642778544,28.075219368343735,28.095921081524807,28.121601380121291,28.15315580122536,28.191553601150126,28.237816695727165,28.292991262064593,28.358114693144334,28.43418295181089,28.522124835450793
214,28.008352098855962,28.00865529784112,28.009587632757427,28.01121817840864,28.013664888101108,28.017098690865133,28.021748929938965,28.027909832007996,28.03594759179358,28.046307539210812,28.059520716867549,28.076209018121997,28.097087808030146,28.122964692126736,28.154732910067821,28.193357921913478,28.239856407615633,28.29526832244736,28.360624739375691,28.436916378247993,28.525068997484443
215,28.008557335157988,28.008865655242513,28.009813527858348,28.01147054308046,28.013955486206676,28.017440393664522,28.022155931679055,28.028397785555523,28.036533641840723,28.047010226509887,28.060359719948327,28.077204689626356,28.098260456988708,28.124333575160783,28.156314943581318,28.195166227871582,28.241898945243737,28.297546983029036,28.36313530539212,28.439649599817812,28.528012723102531
216,28.008766033808158,28.00907951423957,28.010043040689752,28.011726713613932,28.014250141943872,28.017786457420264,28.022567633125597,28.02889079236288,28.037125087621472,28.047718608481492,28.06120463231769,28.078206350410138,28.099438982682457,28.125707972974308,28.157901842734741,28.196978470080904,28.24394428486686,28.299827256847809,28.365646442774874,28.442382695507273,28.530956097483394
217,28.008978221283385,28.009296900947106,28.010276196266407,28.011986713148538,28.014548875748361,28.018136898970148,28.022984046534241,28.029388858968765,28.037721928569265,28.048432675722108,28.062055433751325,28.079213967737939,28.100623339687441,28.127087830537768,28.159493550711733,28.198794602347629,28.245992405025191,28.302109157615771,28.368158201535177,28.44511574086955,28.5338992018266
218,28.009193923815729,28.009517841231975,28.010513019346657,28.012250564555071,28.014851707771896,28.018491734847679,28.023405183824124,28.029891991522984,28.038324163657304,28.04915241830934,28.062912103542935,28.080227508650879,28.101813482942433,28.128473094066216,28.161090012843111,28.200614581059167,28.248043286338014,28.304392699591286,28.370670630158632,28.447848808237104,28.536842113623401
219,28.009413167390324,28.009742360711222,28.01075353443094,28.012518290434372,28.015158657880704,28.018850981279236,28.023831056573378,28.030400195781692,28.038931791399055,28.049877825817529,28.063774620543981,28.081246940028684,28.103009367810124,28.129863711035551,28.16269117653626,28.202438365024715,28.25009691131666,28.306677897467921,28.373183775650972,28.450581966918044,28.539784906903698
220,28.00963597774345,28.009970484750266,28.01099776576028,28.012789913115949,28.015469745653675,28.019214654181052,28.024261676014781,28.030913477103891,28.039544809851279,28.050608887335901,28.064642963203564,28.082272228646865,28.104210950128149,28.131259630188577,28.164296991202992,28.204265915328399,28.252153264200196,28.308964766282276,28.375697683584207,28.453315283371861,28.54272765245447
221,28.00986238036068,28.010202238461133,28.011245737314702,28.013065454656509,28.015784990380464,28.019582769156184,28.02469705303162,28.031431840448533,28.040163216617795,28.051345591487301,28.06551710960801,28.083303341232181,28.105418186257175,28.132660801538059,28.165907408186801,28.206097195186313,28.254212330798673,28.311253321328422,28.378212398143088,28.456048821378083,28.545670418028376
222,28.010092400475049,28.01043764670078,28.011497472811705,28.013344936838319,28.016104411059199,28.019955341491336,28.025137198154351,28.031955290373489,28.040787008856562,28.052087926449701,28.066397037519643,28.084340244510219,28.106631033114684,28.134067176356609,28.167522380689608,28.207932169822655,28.256274098367872,28.313543578096624,28.38072796217071,28.458782642176924,28.548613268514579
223,28.010326063065271,28.010676734069342,28.011752995704732,28.013628381167702,28.016428026394614,28.020332386153978,28.025582121556802,28.032483831033328,28.041416183284152,28.05283587997523,28.067282724415374,28.085382905258406,28.107849448220115,28.135478707178436,28.169141863701064,28.209770806331587,28.258338555457403,28.315835552190013,28.383244417213518,28.461516804633689,28.551556266142221
224,28.010563392854255,28.010919524908655,28.012012329181594,28.013915808873058,28.016755854795424,28.020713917789195,28.026031833054073,28.033017466181715,28.042050736187885,28.053589439415784,28.068174147523454,28.086431290341338,28.109073389707831,28.136895347770785,28.170765813925691,28.211613073581681,28.260405691831416,28.318129259299099,28.385761803565558,28.464251365337692,28.55449947059477
225,28.010804414307273,28.011166043300477,28.012275496162694,28.014207240903087,28.017087914372041,28.021099950717108,28.026486342100444,28.033556199172523,28.042690663434534,28.054348591744038,28.069071283857969,28.087485366751146,28.110302816354459,28.138317053123377,28.172394189717274,28.213458942104058,28.262475498353531,28.320424715143997,28.388280160309698,28.466986378733161,28.557442939169732
226,28.011049151630349,28.011416313064903,28.01254251929949,28.014502697924971,28.017424222934366,28.02149049893001,28.026945657787032,28.034100032960819,28.043335960479556,28.055113323575899,28.069974110255057,28.088545101648279,28.111537687603807,28.139743779432365,28.174026951008582,28.215308383982205,28.264547966880475,28.322721935426419,28.390799525361242,28.469721897242255,28.560386726926208
227,28.011297628768652,28.01167035775871,28.012813420972702,28.01480220032224,28.017764797989322,28.02188557609017,28.027409788841648,28.034648970107867,28.043986622380803,28.055883621194397,28.070882603403206,28.089610462387476,28.112777963572956,28.141175484073326,28.175664059249481,28.217161372771184,28.26662309019353,28.325020935806172,28.393319935505978,28.472457971353315,28.563330886787845
228,28.011549869404796,28.011928200673676,28.013088223290499,28.015105768192861,28.018109656738623,28.022285195527903,28.027878743628239,28.035203012784752,28.044642643809937,28.056659470571706,28.071796739874376,28.090681416548964,28.114023605066606,28.142612125580538,28.177305477343623,28.219017883405925,28.268700861914322,28.327321731866746,28.395841426439556,28.47519464972277,28.566275469663651
229,28.011805896957185,28.01218986483488,28.01336694808677,28.015413421347233,28.018458816076599,28.022689370239409,28.02835253014651,28.03576216277655,28.045304019064751,28.057440857391875,28.072716496154786,28.091757931967347,28.115274573587872,28.144053663623541,28.178951169585819,28.220877892114384,28.27078127642751,28.329624339085452,28.39836403280621,28.477931979271222,28.569220524561249
230,28.012065734578357,28.012455372998975,28.013649616919249,28.015725179306138,28.018812292588017,28.023098112885265,28.028831156032734,28.036326421488177,28.045970742082947,28.058227767073333,28.073641848672459,28.092839976754338,28.116530831342075,28.145500058980179,28.180601101603347,28.22274137634275,28.272864328818809,28.331928772813683,28.400887788235064,28.48067000526477,28.572166098681116
231,28.012329405153206,28.012724747652456,28.013936251067623,28.016041061298669,28.019170102546244,28.0235114357898,28.029314628561963,28.03689578995181,28.046642806456621,28.059020184790192,28.074572773820552,28.093927519315017,28.11779234123459,28.146951273508243,28.182255240303512,28.224608314693299,28.274950014826345,28.334235048264119,28.403412725372668,28.483408771383193,28.575112237494803
232,28.012596931297356,28.012998011009969,28.014226871531783,28.016361086260289,28.019532261910943,28.023929350938722,28.029802954647096,28.037470268830297,28.047320205443992,28.059818095495125,28.075509247989739,28.09502052837983,28.119059066885068,28.148407270123656,28.18391355380864,28.226478686831268,28.277038330755936,28.336543180476539,28.405938875923248,28.486148319822977,28.578058984866857
233,28.012868335355307,28.013275185012322,28.014521499029751,28.016685272830909,28.01989878632714,28.024351869980791,28.03029614084522,28.038049858429517,28.048002931986993,28.06062148393767,28.076451247579548,28.096118973000941,28.120330972605618,28.149868012765388,28.185576011420014,28.228352473460873,28.279129273476332,28.338853184330539,28.408466270671468,28.488888691322892,28.581006383079476
234,28.013143639398756,28.013556291324878,28.014820153995935,28.017013639352864,28.020269691122817,28.02477900422527,28.030794193356165,28.038634558701158,28.048690978722473,28.061430334687365,28.077398749032014,28.097222822586694,28.121608023417554,28.15133346637468,28.187242583551164,28.230229656227802,28.281222840329281,28.341165074508307,28.4109949395237,28.491629925271866,28.583954472960723
235,28.013422865224634,28.013841351335572,28.01512285657908,28.017346203869241,28.020644991308437,28.025210764644207,28.031297118029372,28.039224369255091,28.049384337998763,28.062244632150065,28.078351728840765,28.098332046896946,28.122890185030737,28.152803596863176,28.188913241695193,28.23211021769675,28.283319029123717,28.343478865504952,28.41352491152908,28.494372059734562,28.586903293909987
236,28.013706034353437,28.014130386153141,28.015429626640593,28.017682984122075,28.02102470157531,28.025647161871554,28.031804920365175,28.039819289365045,28.050083001888442,28.063064360588687,28.079310163576842,28.09944661606492,28.124177423848348,28.154278371088449,28.190587958368951,28.233994141278362,28.285417838073595,28.345794571607211,28.416056214914356,28.497115131531995,28.589852883991927
237,28.013993168027305,28.014423416605251,28.015740483752577,28.018023997550653,28.021408836294754,28.026088206204371,28.032317605519619,28.04041931797844,28.050786962203194,28.063889504140796,28.080274029903652,28.100566500602497,28.12546970695626,28.155757756825764,28.192266707072278,28.235881411187734,28.287519265770179,28.348112206891045,28.418588877109812,28.49985917628825,28.592803279988523
238,28.014284287208152,28.014720463236625,28.016055447196141,28.01836926129036,28.021797409518008,28.026533907604811,28.032835178309647,28.04102445372575,28.051496210507089,28.064720046833834,28.081243304589748,28.101691671404684,28.126767002113489,28.157241722742462,28.193949462250529,28.237772012405475,28.289623311155509,28.350431785218834,28.421122924773403,28.502604228474702,28.595754517448501
239,28.014579412575905,28.015021546307263,28.016374535959464,28.018718792170603,28.022190434974444,28.026984275699558,28.033357643215506,28.041634694928092,28.052210738131212,28.065555972606152,28.0822179645318,28.102822099765412,28.128069277750026,28.158730238370104,28.195636199242568,28.239665930615708,28.291729973473526,28.352753320226153,28.423658383823231,28.505350321478435,28.598706630765843
240,28.01487856452664,28.015326685790605,28.016697768736389,28.019072606714317,28.022587926072916,28.027439319783994,28.033885004388626,28.04225003960844,28.052930536186338,28.066397265317473,28.0831979867583,28.103957757370985,28.129376502949469,28.16022327408011,28.197326894256474,28.241563152189244,28.29383925226546,28.35507682532948,28.42619527945422,28.508097487623395,28.601659653201221
241,28.015181763170848,28.015635901371901,28.017025163924782,28.019430721136594,28.022989895901031,28.027899048823183,28.034417265655513,28.042870485500224,28.053655595576924,28.067243908767111,28.084183348447471,28.105098616310265,28.130688647443428,28.161720801057413,28.199021524325275,28.243463664133504,28.295951147332058,28.357402313718939,28.428733641325561,28.51084836193435,28.604770563387302
242,28.015489028331135,28.015949212445911,28.01735673962455,28.019793151343311,28.023396357225181,28.028363471454131,28.034954430523307,28.043496030056303,28.054385907012747,28.068095886705642,28.085174026935015,28.106244649073894,28.132005681598812,28.163222791276105,28.200720067275483,28.245367454062471,28.298065658729087,28.359729804314128,28.431274228749356,28.513625144408191,28.608010275077806
243,28.015800379541378,28.016266638116083,28.017692513637012,28.020159912931096,28.023807322491617,28.028832595988899,28.035496502185936,28.044126670459296,28.055121461023209,28.068953182851217,28.086169999728131,28.107395828560016,28.133327576409776,28.164729217475273,28.202422501690766,28.24727451017333,28.300182789179093,28.36205947667916,28.433820934813081,28.516442611755487,28.611332928023685
244,28.016115836044381,28.01658819719237,28.018032503462994,28.020531021186109,28.024222803826586,28.029306430417037,28.036043483529813,28.044762403630475,28.055862247968619,28.0698157809008,28.087171244512625,28.108552128072951,28.134654303484883,28.166240053134963,28.204128806888924,28.249184821936925,28.30230257514841,28.364392093386257,28.436378942200228,28.519302931458778,28.614722189437153
245,28.016435416790337,28.016913908189746,28.018376726301739,28.020906491083736,28.024642813037492,28.029784982408952,28.036595377140024,28.04540322623939,28.056608258052329,28.070683664542383,28.088177739161456,28.109713521323478,28.135985835035836,28.167755272456098,28.205838963076015,28.251098386338025,28.304425171020572,28.366729035644706,28.438952344014091,28.522205154463347,28.618168638943583
246,28.016759140435322,28.017243789326798,28.018725199049822,28.021286337288274,28.025067361614013,28.030268259319278,28.037152185306724,28.046049134713225,28.057359481332252,28.071556817466298,28.089189461742119,28.110879982428248,28.137322143866786,28.16927485038239,28.207552952610055,28.253015225639142,28.306550913616434,28.369071959926284,28.44154394010954,28.525147605943438,28.621665933321385
247,28.017087025339716,28.017577858524284,28.019077938300153,28.021670574152822,28.025496460729386,28.030756268190366,28.037713910031453,28.046700125246097,28.058115907732081,28.072435223375965,28.090206390523296,28.112051485908683,28.138663203372946,28.170798762851149,28.209270763841648,28.254935410027656,28.308680314887638,28.371422514180654,28.444155564669998,28.528128514533755,28.625209425494923
248,28.017419089566804,28.017916133403819,28.019434960341151,28.022059215719299,28.025930121242059,28.031249015756103,28.038280553033669,28.047356193808184,28.058877527051973,28.073318865997855,28.091228503980791,28.113228006691639,28.140008987587617,28.172326987628193,28.210992397498345,28.256859072573835,28.31081401162125,28.373782198232284,28.446788390998975,28.531146195862178,28.628795522804744
249,28.017755350881377,28.018258631286738,28.01979628115593,28.022452275718646,28.026368353697354,28.031746508445821,28.038852115757241,28.048017336154814,28.059644328979015,28.07420772909099,28.092255780803288,28.11440952011986,28.141359471361582,28.173859505957921,28.212717873642994,28.258786411955438,28.312952708898841,28.376152316497489,28.449443146594714,28.53419910216444,28.63242134089592
250,28.018095826748556,28.018605369192926,28.020161916421827,28.022849767571209,28.026811168329413,28.032248752388373,28.039428599377121,28.048683547835278,28.060416303097188,28.075101796455801,28.093288199899749,28.115596001992557,28.142714630771636,28.175396304884341,28.214447237092202,28.260717685633196,28.315097134041935,28.378533976256573,28.452120256328726,28.537285827125221,28.636084499086493
251,28.018440534332626,28.018956363839873,28.020531881509857,28.023251704387324,28.027258575063318,28.032755753416339,28.0400100048059,28.049354824201647,28.061193438897028,28.076001051943077,28.094325740413119,28.116787428665308,28.144074443798047,28.176937379797465,28.216180560276072,28.262653198172593,28.317248004281478,28.380928104405399,28.454819937910035,28.540405096316526,28.639782989386383
252,28.018789490495937,28.019311631641813,28.020906191484478,28.02365809896796,28.027710583517369,28.033267517070403,28.040596332700499,28.050031160417291,28.061975725784965,28.076905479463914,28.095368381748994,28.117983777237608,28.145438891234583,28.178482736740335,28.217917943524586,28.264593288209763,28.319406006369558,28.383335470433583,28.457542265467314,28.543555753366054,28.64351508930973
253,28.019142711798111,28.019671188709019,28.021284861103325,28.024068963805654,28.028167203005545,28.033784048603781,28.041187583468794,28.050712551465285,28.062763153092771,28.07781506300303,28.096416103629263,28.119185025840746,28.146807957723411,28.180032394144138,28.219659513378815,28.266538316271646,28.321571784889105,28.385756709415713,28.460287213106692,28.546736746086147,28.647279300424053
254,28.019500214495135,28.020035050847099,28.021667904817328,28.024484311085519,28.028628442540015,28.034305352986799,28.041783757276239,28.051398992156805,28.063555710087449,28.078729786638565,28.097468886180355,28.120391154017618,28.148181632793445,28.181586383867351,28.22140541963072,28.268488654317128,28.323745936519522,28.388192343085318,28.463054684984041,28.549947113679842,28.651074303988555
255,28.019862014538766,28.020403233556657,28.022055336770727,28.02490415268646,28.029094310834004,28.034831434911524,28.042384854052489,28.052090477139355,28.064353385982773,28.079649634572736,28.098526710062526,28.12160214317268,28.149559911793652,28.183144751526324,28.223155831672528,28.270444677341789,28.325929008338502,28.390642798046301,28.465844536179215,28.553185975549098,28.65489892818637
256,28.020228127575958,28.020775752032844,28.022447170801485,28.025328500182535,28.029564816304536,28.035362298796521,28.042990873497995,28.052787000905571,28.065156169953756,28.080574591176894,28.099589556639177,28.122817977053543,28.150942796643385,28.184707556239086,28.224910934680516,28.272406756891268,28.328121498409555,28.393108421237176,28.468656587744764,28.556452521602903,28.658752122894768
257,28.020598568948483,28.021152621165232,28.022843420441529,28.025757364844416,28.030039967075531,28.035897948791558,28.043601815090824,28.053488557802556,28.065964051155639,28.081504641053474,28.100657408180982,28.124038642230182,28.152330296367772,28.186274869913046,28.226670925892456,28.274375256220836,28.330323857852086,28.39558949292682,28.47149063743753,28.559746003920996,28.662632940181304
258,28.020973353692671,28.021533855537736,28.023244098917502,28.026190757641039,28.030519770980845,28.036438388782624,28.044217678093421,28.054195142042612,28.066777018749132,28.082439769116593,28.101730248096619,28.125264128541122,28.153722427402879,28.187846776195805,28.228436011171507,28.27635052687927,28.332536493731883,28.398086237469112,28.474346467412197,28.563065729648308,28.666540518994804
259,28.021352496539265,28.021919469428695,28.023649219151395,28.026628689241459,28.031004235567583,28.036983622396782,28.04483846156009,28.054906747716078,28.067595061933314,28.083379960690714,28.102808061177065,28.126494429478104,28.15511921368336,28.189423369230475,28.230206401973824,28.278332906390812,28.334759772260966,28.400598832233243,28.477223849886407,28.566411054902289,28.670474072831539
260,28.021736011913482,28.022309476811099,28.024058793761419,28.027071170016669,28.03149336809939,28.037533653007447,28.045464164344793,28.055623368806788,28.068418169986934,28.084325201623976,28.103890833841042,28.127729542498674,28.156520686553183,28.191004752320961,28.231982312712521,28.280322716739352,28.336994022095176,28.403127415100371,28.480122551351631,28.56978137949228,28.67443287962832
261,28.022123913935115,28.022703891352979,28.024472835063051,28.027518210041702,28.031987175559973,28.038088483739685,28.046094785110146,28.056344999211081,28.069246332318532,28.08527547841371,28.104978554371794,28.128969469257566,28.157926884519085,28.192591036561854,28.233763958528659,28.282320263539841,28.339239537602445,28.405672090656246,28.483042335607244,28.57317614238675,28.678416273542897
262,28.022516216418882,28.023102726417914,28.024891355070125,28.027969819097848,28.03248566465674,28.038648117476065,28.046730322337563,28.057071632760852,28.070079538525135,28.086230778340219,28.106071213135298,28.130214215752982,28.159337852879379,28.194182339498312,28.235551553458116,28.284325835713133,28.341496581964098,28.408232935325778,28.485982965983123,28.576594817802469,28.682423638150865
263,28.022912932874881,28.023505995065673,28.025314365496158,28.02842600667493,28.032988841824601,28.0392125568629,28.047370774339253,28.057803263251198,28.070917778459187,28.087191089603248,28.107168802770872,28.131463792391813,28.160753643267789,28.195778783863695,28.237345308946125,28.28633970550101,28.343765390055768,28.41081000167809,28.488944206996688,28.580036911796729,28.686454400715487
264,28.023314076509124,28.023913710053048,28.025741877755781,28.028886781973853,28.033496713230118,28.039781804317165,28.04801613927199,28.058539884472307,28.071761042300849,28.088156401456697,28.108271318352845,28.13271821398871,28.162174313145812,28.197380496402758,28.239145432635517,28.288362128715384,28.346046171127991,28.413403322090534,28.491925825593064,28.583501959258008,28.690508027283318
265,28.023719660224319,28.024325883834759,28.026173902966281,28.029352153909144,28.034009284775763,28.040355862034328,28.048666415153139,28.059281490245915,28.072609320635461,28.089126704338835,28.109378757519362,28.133977499700681,28.163599925255085,28.198987606794109,28.240952127423871,28.290393345191344,28.348339111263126,28.416012911800944,28.494927592017678,28.586989521282806,28.694584018549872
266,28.024129696620736,28.024742528564563,28.02661045194936,28.029822131111896,28.03452656210483,28.040934731997073,28.049321599879327,28.060028074466207,28.073462604534221,28.090101989993517,28.110491120565541,28.135241672904126,28.165030547051728,28.200600246687731,28.242765590758975,28.292433579374247,28.350644375593767,28.418638771448482,28.497949280421235,28.590499182887207,28.698681906351926
267,28.024544197997191,28.025163656096471,28.027051535232957,28.030296721932778,28.035048550606579,28.041518415985479,28.049981691247538,28.06077963114431,28.074320885635675,28.091082251579873,28.111608410502431,28.13651076102931,28.166466250144627,28.202218548853583,28.244586014114685,28.294483040971667,28.352962110309115,28.421280889239142,28.50099066929381,28.594030550975333,28.702801250616485
268,28.024963176352244,28.025589277986125,28.027497163053336,28.030775934445362,28.03557525542216,28.042106915588192,28.050646686978734,28.061536154455645,28.075184156226236,28.092067483768709,28.112730633086422,28.137784795364428,28.167907109748398,28.203842646428406,28.246413582604767,28.296541925641698,28.355292444481709,28.423939242813443,28.50405154176951,28.59758325251752,28.70694163667617
269,28.025386643385485,28.026019405492317,28.027947345357312,28.031259776449794,28.036106681451063,28.042700232215349,28.051316584743962,28.062297638789666,28.076052409318322,28.093057682824192,28.113857796818429,28.1390638108325,28.169353204156099,28.205472672263099,28.248248474732428,28.298610415710616,28.357635491708706,28.426613800817016,28.507131685807163,28.601156932940576,28.711102672950638
270,28.025814610498976,28.026454049578653,28.02840209180464,28.031748255476753,28.036642833358396,28.043298367112708,28.051991382192512,28.063064078800814,28.076925638724948,28.094052846671573,28.114989912918929,28.140347845751357,28.170804614236271,28.207108758354135,28.250090862237808,28.300688680895739,28.359991351601028,28.429304524254036,28.510230894291578,28.604751254679172,28.715283988895422
271,28.026247088798861,28.026893220915461,28.028861411770766,28.032241378791902,28.037183715582994,28.043901321377533,28.05267107698235,28.063835469460514,28.077803839129192,28.095052974948036,28.116126995276829,28.141636941579215,28.172261422962997,28.208751035368188,28.251940910043349,28.302776879020954,28.36236011110579,28.43201136761888,28.51334896506166,28.608365895896686,28.719485233225313
272,28.026684089097195,28.027336929881784,28.029325314349659,28.032739153400797,28.03772933234649,28.044509095976021,28.053355666812216,28.06461180610885,28.078687006147415,28.096058069038456,28.11726906037903,28.142931142655655,28.173723714980426,28.210399632241099,28.253798776263071,28.304875156709855,28.364741845697395,28.434734279872782,28.516485700896467,28.612000549331512,28.723706072333361
273,28.027125621913807,28.027785186567638,28.029793808357184,28.033241586054309,28.038279687663309,28.045121691762027,28.05404514945489,28.065393084505168,28.079575136385891,28.097068132096947,28.118416127224538,28.144230495942935,28.175191576201446,28.212054675839084,28.255664612258588,28.306983650052786,28.367136620457998,28.437473205295863,28.519640909471082,28.615654921247916,28.727946188869957
274,28.02757169747855,28.028238000776494,28.030266902334567,28.033748683254739,28.038834785351703,28.045739109497351,28.054739522791479,28.066179300876936,28.080468227489877,28.098083169054906,28.119568217225449,28.145535050770533,28.17666509344085,28.213716290679436,28.257538562738311,28.309102485246349,28.369544491048842,28.440228084218084,28.522814403283817,28.619328730489922,28.73220528047921
275,28.028022325733634,28.028695382028015,28.0307446045524,28.034260451262369,28.039394629045674,28.046361349872925,28.05543878484599,28.066970451966615,28.081366278186067,28.099103186617285,28.120725354097754,28.146844858583961,28.17814435407891,28.215384598700041,28.259420765888855,28.31123177920631,28.371965504591536,28.442998853653911,28.526005999563342,28.623021707619028,28.736483058661683
276,28.02847751633621,28.029157339560996,28.031226923015026,28.034776896102763,28.039959222207955,28.046988413531238,28.056142933820311,28.067766535075833,28.082269288317331,28.100128193247318,28.121887563743375,28.148159972701162,28.179629445758074,28.217059719077454,28.26131135353425,28.313371640148617,28.374399700458415,28.445785447845875,28.529215520160129,28.626733594134823,28.740779247758635
277,28.028937278661267,28.029623882336764,28.031713865465246,28.035298023574938,28.040528568143959,28.047620301089754,28.056851968128893,28.068567548106223,28.083177258869394,28.101158199139729,28.12305487412549,28.149480448078961,28.181120456113305,28.218741768089071,28.263210451315462,28.315522168135228,28.376847110978527,28.44858779872834,28.532442791427659,28.630464141771075,28.745093584045588
278,28.029401621804848,28.03009501904274,28.032205439389752,28.035823839259933,28.041102670016663,28.04825701316485,28.057565886432794,28.069373489596774,28.084090191990281,28.102193216185274,28.12422731514053,28.150806341090977,28.182617472531334,28.220430859008616,28.265118178881284,28.317683455588131,28.379307762076913,28.451405836332221,28.535687644098537,28.634213111851235,28.749425814909447
279,28.029870554587511,28.030570758096584,28.032701652024901,28.03635434853042,28.041681530862334,28.048898550396402,28.058284687672771,28.070184358757437,28.085008091002798,28.103233257927918,28.125404918488833,28.152137709317508,28.184120581935989,28.222127102029546,28.267034650085868,28.319855587772789,28.381781673855638,28.454239489139891,28.538949913158135,28.637980274695632,28.753775698098003
280,28.03034408555822,28.031051107650551,28.033202510363061,28.036889556560777,28.042265153606859,28.049544913472385,28.059008371101083,28.07100015549894,28.085930960410938,28.104278339515957,28.126587717545167,28.153474611347058,28.185629870596756,28.223830604211759,28.268959973190928,28.322038643254185,28.384268861124021,28.457088684397394,28.542229437716458,28.641765409074171,28.758143001032476
281,28.030822222998626,28.031536075596435,28.033708021159583,28.037429468338029,28.042853541082916,28.050196103153645,28.059736936311694,28.07182088045813,28.08685880589907,28.105328477646633,28.12777574722989,28.154817106591956,28.187145423964242,28.225541469454825,28.27089425107188,28.324232694319917,28.386769333869609,28.459953348377717,28.545526060878952,28.645568301711947,28.762527500193123
282,28.031304974927664,28.032025669570768,28.034218190940109,28.037974088673195,28.043446696047393,28.050852120298593,28.060470383269436,28.072646535021146,28.087791634328063,28.106383690508494,28.12896904388128,28.15616525511091,28.188667326517209,28.227259798481338,28.272837581423957,28.326437807388235,28.389283097704769,28.462833406625087,28.548839629617834,28.649388746816715,28.766928980534423
283,28.031792349106706,28.032519896960761,28.034733026008823,28.03852342221359,28.04404462119961,28.051512965887575,28.06120871233653,28.073477121340463,28.088729453722795,28.107443997716917,28.130167645130665,28.157519117450509,28.190195661641969,28.228985688849171,28.274790056968875,28.328654043374627,28.391810154244993,28.465728784145941,28.552169994644871,28.653226545667241,28.771347234982866
284,28.032284353045164,28.033018764910587,28.035252532457008,28.039077473455507,28.044647319199687,28.052178641046687,28.06195192429745,28.074312642349,28.089672273256443,28.108509420248414,28.131371589781249,28.158878754496019,28.19173051152335,28.230719234970273,28.276751765656421,28.330881458041098,28.394350501465631,28.468639405586256,28.555517010287566,28.657081506220951,28.775782063959323
285,28.032780994006686,28.033522280328324,28.035776716172318,28.03963624675761,28.045254792687125,28.052849147070972,28.06270002038146,28.075153101770304,28.090620103230233,28.109579980373077,28.132580917691239,28.160244227334722,28.19327195705311,28.232460528141932,28.278722790861906,28.333120102320581,28.396904134023099,28.471565195383871,28.558880534368388,28.660953442753936,28.780233274943999
286,28.033282279015559,28.034030449893145,28.036305582848442,28.040199746354503,28.045867044299467,28.053524485447014,28.063453002283765,28.075998504126328,28.091572955050747,28.110655701585976,28.133795669659715,28.161615597126531,28.194820077747586,28.234209656584007,28.280703211580622,28.335370022627753,28.399471043557316,28.474506077907588,28.562260428085988,28.664842175517922,28.784700682063782
287,28.033788214864018,28.034543280063446,28.036839137995589,28.040767976371097,28.04648407669103,28.054204657874234,28.064210872183097,28.076848854739591,28.092530841201565,28.111736608537139,28.135015887319991,28.162992924992309,28.196374951687417,28.235966705489489,28.282693102613514,28.337631261136313,28.402051218950145,28.477461977567192,28.565656555902194,28.668747530437496,28.789184105731582
288,28.034298808119921,28.035060777085278,28.037377386951189,28.041340940837003,28.047105892551372,28.054889666285291,28.06497363275793,28.077704159733905,28.093493775214164,28.112822726962669,28.136241613036319,28.164376271906963,28.197936655461707,28.237731757076379,28.28469253474897,28.339903856047499,28.404644646573878,28.480432818917585,28.569068785431142,28.672669338817112,28.793683372297981
289,28.034814065134963,28.035582947001362,28.037920334891329,28.041918643701354,28.047732494623521,28.055579512865418,28.065741287200222,28.078564426031544,28.094461771635608,28.113914083615288,28.137472889805547,28.165765698603757,28.199505264125431,28.239504890646952,28.286701574938657,28.342187841837994,28.407251310512812,28.483418526745478,28.572496987332315,28.676607437072796,28.798198313734769
290,28.035333992053193,28.036109795660387,28.03846798684221,28.042501088847651,28.04836388572209,28.056274200071023,28.06651383922809,28.079429661349106,28.095434845995531,28.115010706195928,28.138709761162037,28.167161265483333,28.201080851161212,28.241286182648214,28.288720286469115,28.344483249499039,28.409871192775832,28.486419026151104,28.575941035205922,28.680561666472627,28.802728767329292
291,28.035858594820255,28.036641328726983,28.039020347692329,28.043088280108972,28.049000068751003,28.056973730646888,28.067291293095561,28.080299874189606,28.096413014769947,28.116112623285481,28.139952271088632,28.168563032534824,28.20266348845464,28.243075706739159,28.290748729126037,28.346790106753375,28.412504273480966,28.489434242612234,28.579400805492828,28.684531872903335,28.807274575412197
292,28.036387879193544,28.037177551692608,28.039577422205323,28.043680221283307,28.049641046720332,28.057678107640889,28.068073653598276,28.081175073829876,28.097396295342435,28.117219864279196,28.141200463937707,28.169971059272669,28.204253246284456,28.244873533862282,28.292786959345506,28.349108438243963,28.415150531008965,28.492464102031089,28.582876177382012,28.68851790666681,28.811835585122211
293,28.036921850752311,28.037718469886379,28.040139215032656,28.044276916148625,28.050286822762875,28.058387334418704,28.06886092607985,28.082055270309596,28.098384705967469,28.11833245932257,28.142454384351332,28.171385404669262,28.205850193306034,28.246679732310056,28.294835030366023,28.351438265730891,28.417809942168951,28.495508530789753,28.58636703271727,28.692519622265973,28.816411648157221
294,28.037460514907902,28.038264088485953,28.040705730726398,28.044878368478074,28.050937400150712,28.059101414678182,28.069653116437316,28.082940474418791,28.099378265732103,28.119450439246616,28.143714077183123,28.17280612709212,28.207454396541156,28.248494367795438,28.296892992378677,28.353779608279424,28.420482482351865,28.498567455797335,28.589873255905172,28.696536878201872,28.821002620539559
295,28.038003876915685,28.038814412529959,28.041276973752982,28.045484582054979,28.051592782309637,28.059820352459102,28.070450231119999,28.083830697678977,28.1003769945155,28.120573835509674,28.14497958743706,28.1742332842643,28.209065921386777,28.250317503524492,28.298960892655209,28.356132482406704,28.423168125641066,28.501640804515027,28.593394733835467,28.700569536813436,28.825608362433659
296,28.038551941886197,28.039369446929808,28.041852948506467,28.046095560687565,28.05225297283399,28.060544152154513,28.071252277131098,28.084725952327567,28.101380912950745,28.121702680137826,28.146250960199815,28.17566693321443,28.210684831613825,28.252149200266025,28.301038775684162,28.358496902246333,28.425866844942842,28.504728504992279,28.596931355796798,28.704617464098117,28.830228737940214
297,28.039104714796935,28.0399291964819,28.042433659322025,28.046711308223639,28.052917975500808,28.06127281852039,28.072059262026912,28.085626251299871,28.102390042385437,28.122837005667396,28.147528240579216,28.177107130235477,28.212311189373757,28.253989516422639,28.303126683299265,28.360872879697432,28.42857861210026,28.507830485894136,28.600483013396897,28.70868052954912,28.83486361491034
298,28.03966220050458,28.040493665880362,28.043019110489649,28.047331828565021,28.053587794282993,28.06200635668359,28.07287119391389,28.086531608209317,28.10340440484222,28.123976845090183,28.148811473648468,28.178553930850921,28.213945055210672,28.255838508101824,28.305224654800071,28.363260424559975,28.431303397993119,28.510946676521538,28.604049600487112,28.712758606006677,28.839512864777141
299,28.040224403758046,28.04106285973026,28.043609306267896,28.047957125681002,28.054262433360446,28.062744772146782,28.073688081442118,28.087442037325257,28.104424022980236,28.125122231804419,28.150100704400739,28.180007389792728,28.215586488081076,28.257696229184848,28.307332727058448,28.365659544648082,28.434041172617139,28.514077006822387,28.607631013094583,28.716851569531414,28.844176362413723
300,28.04079132920976,28.041636782559554,28.044204250897323,28.048587203623391,28.054941897135091,28.063488070799618,28.074509933806489,28.088357553556559,28.105448920055824,28.126273199554717,28.151395977682249,28.181467560953411,28.21723554535534,28.259562731398013,28.309450934654084,28.36807024595138,28.436791905210129,28.517221407424838,28.611227149338546,28.720959299228898,28.848853985932095
301,28.041362981435572,28.042215438838792,28.044803948619158,28.049222066542296,28.055626190240677,28.064236258918761,28.075336760734064,28.089278172426685,28.106479119891215,28.127429782405656,28.152697338184559,28.182934497407665,28.218892282869959,28.261438064384997,28.311579309948062,28.370492532690339,28.439555564277118,28.520379809630409,28.614837905470715,28.725079695085441,28.853426139400518
302,28.041939364927764,28.04279883297443,28.045408403669629,28.049861718681324,28.056315317537287,28.064989343158054,28.076168572464169,28.090203910037118,28.107514646816504,28.128592014664129,28.154004830359572,28.184408251342745,28.220556754900304,28.263322275739831,28.313717883170213,28.372926407422138,28.442332117647197,28.523552140853475,28.618462623730313,28.729195765039776,28.857914873077522
303,28.042520484136094,28.043386969350131,28.046017620321294,28.050506164417907,28.057009284148396,28.065747330578798,28.077005379767989,28.091134783073734,28.108555525664297,28.129759930869866,28.15531849841992,28.185888874086547,28.222229014231058,28.265215411123965,28.315866682571258,28.375371871190211,28.445121530753809,28.526738206788153,28.622098262102778,28.73329617037583,28.862355008609782
304,28.043106343462807,28.043979852321652,28.046631602877515,28.051155408256236,28.057708095449854,28.066510228631373,28.077847193918917,28.092070808763378,28.109601781713586,28.130933565733159,28.156638386282602,28.187376416071452,28.22390911215177,28.267117514294817,28.318025734465721,28.377828923019422,28.447923742974101,28.52993736980336,28.625740798272385,28.737379173006826,28.866758891675417
305,28.043696947280438,28.044577486234623,28.047250355689915,28.051809454843195,28.058411757082094,28.06727804516029,28.078694026686989,28.093012004855719,28.110653440660602,28.132112954101334,28.157964537543364,28.188870926831804,28.225597098489441,28.26902862717402,28.32019506318818,28.380297555243207,28.450738603599426,28.533148521840111,28.629387040772627,28.74144540909619,28.871133607938862
306,28.044292299945088,28.045179875437761,28.047873883170961,28.052468308979147,28.05912027495668,28.0680507884035,28.079545890327893,28.093958389600115,28.111710528585199,28.133298130921787,28.159296995448006,28.190372454997235,28.22729302163394,28.270948789873827,28.322374690192451,28.382777740038438,28.453565822753763,28.536370345861588,28.633034783834081,28.745496069225034,28.875483902307977
307,28.044892405809556,28.045787024295805,28.048502189806168,28.053131975627984,28.059833655262217,28.06882846699104,28.080402797571264,28.094909981722406,28.112773071918394,28.13448913120699,28.160635802866199,28.191881048287982,28.228996928556782,28.27287804054798,28.324564631184039,28.385269412245549,28.456404977020139,28.539601531780697,28.636682558091962,28.749532419346721,28.879813230015703
308,28.045497269236385,28.046398937202362,28.049135280166006,28.053800459926872,28.060551904469467,28.06961108994275,28.081264761608566,28.095866800401929,28.113841097411015,28.13568599000158,28.161981002267719,28.193396753510651,28.230708864793804,28.274816414797851,28.32676489131703,28.387772458022688,28.459255547723149,28.542840882904017,28.640329398446475,28.753555660591772,28.884124245815023
309,28.046106894610755,28.047015618592479,28.04977315891745,28.054473767195248,28.061275029335697,28.070398666665312,28.082131796080365,28.096828865248632,28.11491463210319,28.136888742351157,28.163332635700598,28.194919616547697,28.232428874326811,28.276763944453865,28.328975459948715,28.39028671285125,28.462116964023615,28.546087351676992,28.643974680509437,28.757566891891784,28.888419066472007
310,28.046721286353144,28.047637072955045,28.050415830835092,28.05515190294328,28.062003036908365,28.071191206948612,28.083003915063426,28.097796196280509,28.115993703295075,28.138097423272981,28.164690744769622,28.196449682325596,28.234156999292662,28.278720655849995,28.331196306559082,28.392811966732975,28.464988638028135,28.549340041294258,28.647618011182711,28.761567105908945,28.892699427377572
311,28.047340448931831,28.048263304844813,28.051063300811936,28.055834872879831,28.062735934528163,28.071988720961482,28.083881133057353,28.098768813901192,28.117078338518539,28.139312067727975,28.166055370611485,28.197986994738578,28.235893279485005,28.280686567919425,28.333427378633527,28.3953479731748,28.467869989365497,28.552598192665009,28.651259156415616,28.765557196489286,28.896966781383178
312,28.047964386875059,28.048894318894245,28.051715573869661,28.056522682919752,28.063473729831301,28.072791219246845,28.084763464971054,28.09974673887805,28.118168565509912,28.140532710593135,28.167426553860221,28.19953159650704,28.23763775168198,28.282661690477752,28.335668601481906,28.397894459111225,28.470760460777704,28.55586116712978,28.654897992422164,28.769537968988438,28.901222365694665
313,28.048593104782988,28.049530119824912,28.052372655168547,28.057215339190741,28.064216430751276,28.073598712716358,28.085650926108965,28.100729992320481,28.119264412183433,28.141759386632771,28.16880433459486,28.201083528961021,28.239390448877707,28.284646022931557,28.337919879558946,28.400451134244687,28.473659527077022,28.559128428824611,28.658534472565396,28.773510150873303,28.90546724842898
314,28.049226607339225,28.050170712458605,28.05303455001685,28.057912848039468,28.064964045519964,28.074411212644552,28.086543532157123,28.101718595658649,28.120365906605056,28.142992130465711,28.170188752261623,28.202642831752573,28.241151399509953,28.286639553530662,28.340181098784839,28.403017699021273,28.476566699410785,28.562399528701221,28.662168604633788,28.77747440136546,28.909702362124236
315,28.049864899322152,28.050816101728021,28.053701263879777,28.058615216037285,28.065716582668177,28.075228730662527,28.08744129916926,28.102712570622522,28.12147307696587,28.144230976525655,28.171579845566708,28.204209542518232,28.242920626770768,28.288642259141863,28.342452129335467,28.405593851065714,28.479481526702781,28.565674090645771,28.665800434652059,28.781431319933237,28.913928528959755
316,28.050507985615745,28.051466292687099,28.054372802388016,28.059322449985398,28.066474051025676,28.076051278751333,28.088344243552594,28.103711939220787,28.122585951553976,28.145475959011694,28.172977652339753,28.205783696516587,28.244698148050627,28.290654105470594,28.344732828597952,28.408179290180374,28.482403595181744,28.568951799647575,28.669430035495587,28.785381453651848,28.918146479799859
317,28.0511558712201,28.052121290520919,28.055049171345676,28.060034556919341,28.067236459720661,28.076878869234868,28.089252382053676,28.10471672371985,28.123704558723716,28.146727111826461,28.174382209370371,28.207365326267144,28.246483974554163,28.292675047650139,28.347023044045788,28.41077372200553,28.485332526764864,28.572232391993754,28.673057498812732,28.789325303459663,28.922356868850425
318,28.051808561261531,28.052781100555158,28.055730376737838,28.060751544113167,28.068003818178802,28.077711514772503,28.090165731743983,28.105726946621829,28.124828926860758,28.147984468501392,28.175793552227013,28.208954461218216,28.248278111087433,28.294705031060513,28.349322615871909,28.413376860669931,28.48826797693912,28.575515647044291,28.676682929019321,28.793263329547969,28.926560285418319
319,28.052466061002182,28.053445728265142,28.056416424737648,28.061473419082919,28.06877613612172,28.078549228351406,28.091084310005346,28.106742630641644,28.125959084342291,28.149248062109852,28.17721171506636,28.210551127458288,28.250080556002228,28.296743992297273,28.351631379345243,28.415988430622996,28.491209632334154,28.578801380363757,28.680306438930696,28.797195955996365,28.930757263314792
320,28.053128375849386,28.054115179284405,28.057107321712788,28.062200189589735,28.069553423565132,28.079392023278441,28.092008134514657,28.107763798682281,28.127095059491452,28.150517925168973,28.178636730441287,28.212155347483797,28.251891301285895,28.298791860225609,28.353949166849862,28.418608167780011,28.494157208191119,28.582089438061594,28.683928146614118,28.801123574729438,28.934948288407519
321,28.053795511364317,28.054789459412873,28.057803074231657,28.062931863642419,28.070335690816488,28.080239913171788,28.09293722322829,28.10879047380763,28.128236880525296,28.15179408953292,28.180068629117109,28.213767140033081,28.253710332774197,28.300848557051484,28.356275809591203,28.421235820150109,28.497110445901605,28.585379692121329,28.687548173078394,28.805046548906191,28.939133804796548
322,28.05446747327046,28.055468574624431,28.058503689068861,28.063668449499449,28.071122948472198,28.081092911951988,28.093871594365165,28.109822679212868,28.129384575497408,28.153076586281738,28.181507439903271,28.215386519980626,28.255537630444479,28.302913999359021,28.358611139030778,28.423871148146624,28.500069110671905,28.588672036422754,28.691166640490277,28.808965215899693,28.943314220058404
323,28.055144267461376,28.056152531074218,28.059209173210437,28.064409955670811,28.071915207414428,28.081951033832606,28.094811266389051,28.110860438191693,28.130538172235042,28.154365445608548,28.182953189505078,28.217013498291845,28.257373168777491,28.304988099100544,28.360954988057184,28.426513924604023,28.503032989322953,28.591966383439125,28.694783670893507,28.812879889872548,28.947489909586615
324,28.055825900008251,28.056841335105304,28.05991953385842,28.065156390918943,28.072712478807386,28.082814293310157,28.095756257989233,28.111903774100576,28.131697698272323,28.155660696708185,28.184405902399046,28.218648082033216,28.259216917165315,28.30707076451873,28.363307191924129,28.429163934587294,28.506001888257785,28.595262661480234,28.698399385278538,28.816790864016884,28.951661220240247
325,28.056512377166744,28.057534993255011,28.060634778435102,28.065907764259588,28.07351477409324,28.083682705153347,28.096706588059615,28.112952710319927,28.132863180780024,28.156962367670431,28.18586560073431,28.220290274431772,28.261068840346979,28.309161900987551,28.365667588983847,28.431820975060727,28.508975631608784,28.59856081237843,28.702013902903747,28.82069841251332,28.955828473446562
326,28.057203705383557,28.058233512260596,28.06135491458663,28.06666408496196,28.074322104987278,28.084556284391361,28.097662275676164,28.114007270212298,28.13403464649387,28.158270485380719,28.187332304261403,28.221940074976146,28.262928898853609,28.311261411765862,28.36803602125006,28.434484854468614,28.511954059558271,28.601860789533571,28.705627340801463,28.824602792254225,28.959991967864426
327,28.057899891302345,28.058936899064697,28.062079950186348,28.067425362548459,28.075134483472731,28.085435046301289,28.098623340072432,28.115067477078341,28.135212121642891,28.159585075430641,28.188806030286901,28.223597479548957,28.264797049449758,28.313369198667427,28.370412334826483,28.437155392263488,28.514937026813755,28.605162556243393,28.709239813420609,28.828504244372869,28.964151981696457
328,28.058600941769374,28.059645160820093,28.062809893337487,28.068191606794027,28.075951921794712,28.086319006394355,28.099589800613519,28.116133354110946,28.136395631878763,28.160906162038238,28.1902867936506,28.225262480583606,28.266673245566828,28.31548516265887,28.372796380224205,28.43983241839463,28.517924401217897,28.608466084276149,28.71285143238191,28.832402995606312,28.968308774703889
329,28.059306863838579,28.060358304894134,28.063544752375527,28.068962827724761,28.076774432453746,28.087208180401259,28.10056167676829,28.117204924347902,28.137585202207337,28.162233767979806,28.191774606725989,28.226935067242412,28.268557437722009,28.317609204379309,28.37518801257243,28.442515772773191,28.520916062502021,28.611771352670104,28.716462306326193,28.836299259497412,28.972462589945202
330,28.060017664776147,28.061076338872699,28.064284535869927,28.069739035616124,28.077602028198172,28.088102584256028,28.101538988079842,28.118282210623725,28.138780856923692,28.163567914534859,28.193269479443114,28.228615225610614,28.27044957391513,28.319741224583385,28.377587091741109,28.44520530473368,28.523911901174948,28.61507834672318,28.720072540830703,28.840193237456258,28.976613655282787
331,28.060733352064627,28.061799270563519,28.065029252625475,28.070520240990536,28.078434722016038,28.089002234078833,28.102521754134777,28.119365235521343,28.139982619551539,28.164908621442969,28.194771419328507,28.230302938897381,28.272349600000179,28.321881124522818,28.379993482405276,28.447900872507422,28.526911817518297,28.618387057115392,28.72368223836548,28.84408511971797,28.980762184724718
332,28.06145393340665,28.06252710799918,28.065778911683008,28.071306454614241,28.079272527125983,28.08990714615776,28.10350999453139,28.12045402132452,28.141190512787855,28.166255906872465,28.196280431559341,28.231998187639785,28.274257460031219,28.324028806273883,28.382407054062874,28.450602342710145,28.529915720676019,28.621697479145642,28.727291498282707,28.847975086209164,28.984908379622354
333,28.062179416728032,28.063259859439587,28.06653352231967,28.072097687493709,28.080115456967242,28.090817336929156,28.104503728846975,28.121548589971347,28.142404558453254,28.167609787401073,28.197796519031343,28.233700949907803,28.276173096580703,28.326184173010351,28.384827681006396,28.453309589846526,28.532923527840978,28.625009612085329,28.730900416838995,28.851863307319977,28.989052429720125
334,28.062909810180578,28.063997533373954,28.067293094048686,28.072893950871226,28.080963525189052,28.091732822957528,28.105502976604885,28.122648963009084,28.143624777447091,28.168970278004899,28.199319682434517,28.235411201508061,28.278096451037879,28.328347129241148,28.387255242268406,28.456022495829703,28.535935163504874,28.628323458602168,28.73450908723424,28.855749944617234,28.993194514114883
335,28.063645122144226,28.064740138522254,28.068057636618498,28.073695256219963,28.081816745638807,28.09265362091406,28.106507757241058,28.123755161551003,28.144851189709609,28.170337392059828,28.20084992034057,28.237128916183906,28.280027463875381,28.330517580995053,28.389689621530273,28.45874094952713,28.53895055880329,28.63163902428688,28.738117599673018,28.859635151469572,28.997334802082825
336,28.064385361228751,28.065487683836153,28.068827160011228,28.074501615238034,28.082675132349607,28.0935797475545,28.107518090070656,28.124867206235962,28.146083814190398,28.171711141351981,28.202387229296303,28.238854065808908,28.281966074891042,28.33269543597136,28.392130707014093,28.461464846331193,28.541969650922912,28.634956317239062,28.741726041434337,28.863519073617578,29.001473453826467
337,28.065130536274943,28.066240178499321,28.069601674440626,28.075313039842101,28.083538699526777,28.094511219696383,28.108533994255268,28.125985117190456,28.14732266882271,28.173091536095775,28.203931603920953,28.240586620572476,28.283912223426128,28.334880603661507,28.394578391362185,28.464194087753697,28.544992382563866,28.638275347704045,28.745334496947397,28.867401849695383,29.005610621151916
338,28.065880656355176,28.066997631927357,28.070381190349391,28.076129542160047,28.084407461533861,28.095448054195931,28.10955548877066,28.127108913993808,28.148567770503643,28.174478584958983,28.205483037006008,28.242326549156893,28.285865848562295,28.337072995445613,28.397032571507705,28.466928581043284,28.548018701451117,28.641596127754319,28.748943047872032,28.871283611708243,29.009746448083767
339,28.066635730773616,28.067760053766985,28.071165718405883,28.076951134523149,28.085281432877721,28.09639026792453,28.110582592375465,28.128238615646367,28.149819135079888,28.175872295093679,28.207041519616713,28.244073818905552,28.287826889297897,28.33927252466615,28.399493148537609,28.469668238825079,28.551048559892134,28.644918671012135,28.752551773182681,28.875164485469224,29.013881071421714
340,28.067395769065538,28.06852745389466,28.071955269499927,28.077777829457212,28.086160628193053,28.097337877745126,28.111615323581354,28.129374240541789,28.151076777339973,28.177272672173903,28.208607041194284,28.245828395979949,28.289795284700602,28.34147910667614,28.401960027549094,28.472412978767412,28.554081914387549,28.648242992417789,28.756160749255411,28.879044590988919,29.018014621231575
341,28.06816078099671,28.069299842414999,28.072749854738678,28.078609639673722,28.087045062226753,28.098290900488738,28.112653700623401,28.130515806439654,28.152340711007,28.178679720433134,28.21017958965734,28.247590245515198,28.291770974058736,28.343692658887598,28.404433117507718,28.475162723250708,28.557118725242542,28.651569107997172,28.75977004995362,28.882924042864598,29.022147221336137
342,28.068930776561405,28.070077229657919,28.073549485441006,28.079446578059464,28.087934749821095,28.099249352930904,28.113697741433217,28.1316633304452,28.153610948742497,28.180093442712451,28.211759151503454,28.249359331755219,28.293753896992005,28.345913100778496,28.406912331096795,28.477917399083545,28.560158956266424,28.654897034703581,28.763379746717021,28.886802950591381,29.026278989697641
343,28.069705765980224,28.070859626175572,28.074354173131582,28.080288657666035,28.088829705896973,28.10021325176859,28.114747463613064,28.132816828990496,28.154887502151109,28.181513840507634,28.213345711907497,28.251135618183739,28.295743993560261,28.348140353902586,28.409397584573551,28.480676937224125,28.56320257447155,28.658226790253995,28.766989908646387,28.890681418874522,29.030410038804064
344,28.070485759697224,28.07164704273854,28.075163929534323,28.081135891698608,28.089729945436847,28.101182613597576,28.115802884411984,28.133976317819045,28.156170381789622,28.182940914019071,28.214939254817306,28.252919067644942,28.297741204356619,28.35037434188671,28.411888797626581,28.48344127252178,28.566249549803668,28.661558392989399,28.77060060258718,28.894559547913424,29.03454047601744
345,28.071270768376589,28.072439490331586,28.075978766565388,28.081988293504434,28.090635483467491,28.102157454890257,28.116864020702934,28.135141811972517,28.157459597178487,28.184374662202938,28.216539763047685,28.254709642458209,28.299745470591699,28.352614990421198,28.414385893234275,28.486210343470493,28.569299854890371,28.66489186174848,28.774211893212197,28.898437433669674,29.038670403900628
346,28.072060802898367,28.073236980148451,28.076798696325248,28.082845876560512,28.091546335042519,28.103137791974369,28.117930888962842,28.136313325782172,28.158755156818497,28.185815082824597,28.218147218369445,28.256507304519019,28.301756734159571,28.354862227237934,28.416888797528404,28.488984091987898,28.572353464824616,28.668227215765508,28.777823843100702,28.902315168103694,29.042799920503114
347,28.072855874353746,28.074039523586258,28.077623731090302,28.083708654461081,28.092462515225161,28.10412364101251,28.11900350525417,28.137490872862372,28.160057068208815,28.187262172511574,28.21976160159516,28.258312015394203,28.303774937697991,28.357115982085745,28.419397439661147,28.491762463203905,28.575410356960191,28.671564474576062,28.781436512815723,28.906192839400124,29.046929119632267
348,28.07365599403964,28.074847132239118,28.078453883303958,28.084576640904633,28.09338403907099,28.105115017982492,28.120081885208332,28.138674466106458,28.161365337867686,28.18871592680723,28.221382892661797,28.260123736409362,28.305800024638003,28.359376186699073,28.421911751675314,28.494545405264422,28.578470510727932,28.674903657936571,28.785049960979087,28.910070532174739,29.051058091100604
349,28.074461173453201,28.075659817891822,28.079289165567644,28.085449849681069,28.094310921610816,28.106111938657925,28.121166044009385,28.139864117683295,28.162679971353146,28.190176340223978,28.22301107071219,28.261942428734965,28.307831939253568,28.36164277476756,28.424431668376371,28.497332869136471,28.581533907451806,28.678244785743125,28.788664244345501,28.913948327681119,29.055186920973021
350,28.075271424284995,28.076477592512127,28.080129590630648,28.086328294657989,28.095243177833726,28.107114418590601,28.122255996381742,28.141059839039322,28.164000973289003,28.191643406297352,28.224646114169119,28.263768053455934,28.309870626690582,28.363915681893236,28.426957127212134,28.500124808443779,28.58460053020573,28.681587877977499,28.7922794178718,28.917826303980412,29.059315691766137
351,28.076086758411464,28.07730046824237,28.080975171379439,28.087211989766885,28.096180822670732,28.108122473094451,28.123351756580238,28.142261640902984,28.165328347391849,28.193117117638131,28.226288000803681,28.26560057163325,28.31191603298965,28.366194845547575,28.429488068160023,28.502921179315063,28.587670363682257,28.684932954658461,28.795895534782094,28.921704536099455,29.063444482633916
352,28.076907187887894,28.078128457391628,28.081825920827558,28.088100948989794,28.097123870978436,28.109136117228744,28.124453338378494,28.143469533286826,28.166662096495731,28.194597465984042,28.227936707806951,28.267439944372992,28.313968105117759,28.368480205033247,28.432024433610408,28.505721940219271,28.5907433940449,28.688280035782604,28.799512646635264,28.925583096203805,29.067573369572091
353,28.077732724939864,28.078961572426376,28.082681852104184,28.088995186345198,28.098072337523259,28.110155365783818,28.125560755062001,28.144683525495548,28.168002222581595,28.196084442250765,28.229592211851923,28.269286132876861,28.316026790979627,28.370771701436237,28.434566168261295,28.508527051833411,28.593819608820159,28.69162914128988,28.803130803385798,28.92946205373406,29.071702425576095
354,28.078563381954144,28.079799825960848,28.083542978442576,28.089894715874365,28.09902623696658,28.111180233268264,28.126674019422811,28.145903626134903,28.169348726805765,28.197578036579781,28.231254489151162,28.271139098489328,28.318092039428759,28.373069277581379,28.43711321901867,28.511336476915584,28.596898996791943,28.694980291028322,28.806750053441768,28.933341475538693,29.075831720795506
355,28.079399171470037,28.080643230747459,28.084409313168795,28.090799551627658,28.099985583849747,28.112210733895608,28.127793143753312,28.14712984311964,28.170701609528088,28.199078238387195,28.232923515516465,28.272998802747292,28.320163800280103,28.375372877987296,28.439665534894079,28.514150180174116,28.59998154789298,28.698333504717848,28.81037044372427,28.937221426010055,29.079961322692032
356,28.080240106169647,28.081491799666573,28.085280869689765,28.091709707650843,28.100950392579843,28.113246881572834,28.12891813984287,28.148362183684505,28.172060870341486,28.200585036410342,28.234599266412001,28.274865207420177,28.322242024314328,28.377682448819634,28.442223066910405,28.516968128153085,28.603067253113537,28.701688801923307,28.813992019722328,28.94110196720364,29.084091296176943
357,28.081086198867251,28.082345545715437,28.086157661480989,28.092625197971714,28.101920677416725,28.114288689891207,28.130049018977399,28.149600654397663,28.173426508101894,28.202098418751195,28.236281717000345,28.276738274540797,28.324326663274736,28.379997937843619,28.444785768016441,28.51979028913421,28.606156104427225,28.705046202036485,28.817614825542979,28.944983158940321,29.088221703727527
358,28.081937462499734,28.083204481997914,28.087039702074801,28.093546036586666,28.102896452459234,28.115336172115278,28.131185791936172,28.150845261171241,28.174798520956905,28.203618372921873,28.23797084219472,28.278617966445481,28.326417669872708,28.382319294378973,28.44735359299386,28.52261663302238,28.609248094698533,28.708405724247722,28.821238903965593,28.948865058926177,29.092352605525544
359,28.082793910115516,28.084068621713044,28.087927005047842,28.094472237447448,28.103877731632856,28.116389341174884,28.132328468992917,28.152096009276072,28.176176906375971,28.205144885886433,28.2396666167013,28.280504245800053,28.328514997780815,28.384646469252193,28.449926498376453,28.525447131255987,28.612343217617248,28.711767387532277,28.824864296489398,28.952747722846166,29.096484059563245
360,28.083655554863185,28.084937978143294,28.088819584008728,28.095403814448591,28.104864528678707,28.117448209658811,28.133477059918349,28.153352903356957,28.177561661179265,28.206677944099315,28.241369015056971,28.282397075622008,28.330618601624781,28.386979414751703,28.452504442375414,28.528281756724187,28.615441467637851,28.715131210637576,28.828491043377916,28.956631204451806,29.100616121742686
361,28.084522409992108,28.085812564655033,28.089717452598091,28.096340781427795,28.105856857156251,28.118512789823217,28.134631573998284,28.154615947463583,28.178952781581803,28.208217533557718,28.243078011679078,28.284296419313268,28.332728436986546,28.389318084596169,28.455087384820864,28.531120483702097,28.618542839934722,28.718497212080514,28.832119184498264,28.960515954420956,29.104772882776928
362,28.085394488792144,28.086692394637698,28.090620624426471,28.097283152102602,28.106854730379794,28.119583093530469,28.135792019978609,28.155885145005502,28.180350263160367,28.20976363977805,28.244793580843218,28.286202240625546,28.334844460342559,28.391662433837968,28.457675287037272,28.533963287721789,28.621647330305382,28.721865411024922,28.835748870363606,28.964405418327502,29.108949935204727
363,28.086271804656203,28.08757748156642,28.091529113137451,28.098230940135039,28.107858161487183,28.120659132325624,28.13695840615371,28.157160498855866,28.181754100972519,28.211316247924962,28.246515696810444,28.28811450376984,28.336966629140409,28.394012418899734,28.460268111845071,28.536810145559691,28.624754935540068,28.72523585100236,28.839380730555611,28.96830190306413,29.113140301083934
364,28.087154371018798,28.088467838940247,28.09244293234525,28.099184159069143,28.108867163378733,28.121740917379128,28.138130740316008,28.158442011309781,28.183164289523443,28.212875342781981,28.24824433379321,28.290033173367185,28.339094901726494,28.396367997478126,28.462865823452049,28.539661035244201,28.627865658098958,28.728608664611389,28.843015591144567,28.972205783048789,29.117341523018695
365,28.088042201356487,28.089363480282621,28.093362095635356,28.100142822332725,28.109881748721918,28.122828459497573,28.139309029775834,28.159729684115536,28.184580822807643,28.21444090879891,28.249979465998926,28.291958214476356,28.341229237347559,28.398729128516468,28.465468387432171,28.542515936959163,28.630979518971817,28.731984079000192,28.846654110296903,28.976116954064292,29.121552200691351
366,28.088935309175934,28.090264419129397,28.094286616552804,28.101106943226661,28.110901929943758,28.123921769121583,28.140493281367803,28.161023518491149,28.186003694334939,28.21601293012213,28.251721067655701,28.293889592604184,28.343369596136824,28.401095772171391,28.468075770864441,28.545374835706159,28.634096567542667,28.735362363198451,28.850296747255673,28.980035199360309,29.125771403617385
367,28.089833708001986,28.091170669016989,28.095216508590607,28.102076534914744,28.111927719223718,28.125020856324554,28.14168350145783,28.162323515141189,28.187432897155684,28.217591390623411,28.253469113036079,28.295827273714092,28.345515939100984,28.403467889815104,28.470687942866412,28.548237724721549,28.63721688043972,28.738743784703647,28.853943812444403,28.983960286024338,29.129998459907647
368,28.090737411365748,28.092082243470468,28.096151785178442,28.103051610413811,28.112959128487269,28.126125730811875,28.142879695950615,28.16362967427353,28.188868423885431,28.219176273927342,28.255223576479001,28.297771224233312,28.34766822811379,28.405845444127593,28.473304875525859,28.551104607735706,28.64034055376672,28.742128588002121,28.857595514345391,28.987891993328578,29.13423285755972
369,28.091646432792718,28.092999155991915,28.097092459671586,28.104032182584461,28.113996169400028,28.127236401920996,28.144081870297569,28.164941995616086,28.190310266728762,28.220767563437299,28.256984432409947,28.299721411060283,28.349826425929571,28.408228399316233,28.475926544923208,28.553975499325325,28.643467694401107,28.745516987451605,28.861251992348155,28.991830120222787,29.138474191859526
370,28.092560785791076,28.093921420048868,28.098038545340167,28.105018264122148,28.115038853362545,28.128352878621996,28.145290029505112,28.166260478433419,28.191758417502328,28.222365242359892,28.258751655359781,28.301677801575273,28.351990496231867,28.410616721438419,28.478552931908769,28.556850423818943,28.646598412972832,28.748909166996338,28.864913338603618,28.995774486160364,29.142722134172281
371,28.093480483840043,28.094849049062947,28.098990055358634,28.106009867548721,28.116087191505589,28.129475169518571,28.146504178143243,28.167585121543258,28.19321286765722,28.223969293728459,28.260525219983119,28.30364036365896,28.354160403721906,28.413010378758507,28.481184022506199,28.559729413488405,28.649732818828351,28.752305282655445,28.86857961288084,28.999724929741436,29.146976411606758
372,28.094405540378485,28.09578205639864,28.099947002795645,28.10700700520443,28.117141194685985,28.130603282849794,28.147724320354538,28.168915923332779,28.194673608300551,28.225579700425275,28.262305101077597,28.30560906572321,28.356336114243668,28.415409342072341,28.483819807913424,28.562612506492876,28.652871016908811,28.755705466122841,28.872250852192643,29.003681306572648,29.151236793948378
373,28.095335968793599,28.096720455352493,28.100909400604213,28.108009689240408,28.118200873483026,28.131737226492184,28.148950459863208,28.170252881774744,28.196140630216394,28.227196445203244,28.264091273605636,28.307583876756787,28.358517594928266,28.417813584941122,28.486460284196159,28.565499744983722,28.656013105973273,28.759109828261529,28.87592707744961,29.007643487203655,29.155503084327616
374,28.096271782409911,28.097664259142206,28.101877261612174,28.109017931611554,28.11926623819539,28.132877007962218,28.150182599984483,28.171595994443408,28.197613923885946,28.228819510707442,28.265883712720399,28.309564766383804,28.360704814337407,28.420223083820677,28.489105451805763,28.568391173480943,28.659159177654335,28.762518462296484,28.879608298216336,29.011611355234251,29.15977511228489
375,28.097212994478468,28.098613480896425,28.102850598513104,28.110031744069897,28.12033729883845,28.134022634419285,28.151420743634024,28.172945258530117,28.199093479507518,28.230448879497359,28.267682393796708,28.311551704932075,28.362897742591063,28.422637818086017,28.491755314988982,28.571286837542544,28.662309316171253,28.765931446646373,28.883294515906357,29.015584805604462,29.164052728855363
376,28.098159618166264,28.099568133644532,28.103829423857537,28.111051138158352,28.121414065142098,28.135174112668967,28.152664893337548,28.174300670858816,28.200579287016019,28.232084534070058,28.269487292467122,28.313544663506054,28.365096351468878,28.425057769965477,28.494409881162206,28.574186782734298,28.665463598431277,28.769348847300673,28.88698572605599,29.019563743144914,29.168335802802876
377,28.099111666546051,28.100528230306757,28.104813750044489,28.112076125205032,28.122496546549137,28.136331449166764,28.153915051240521,28.175662227901267,28.202071336102513,28.233726456885364,28.271298384662749,28.315543614058946,28.367300614476033,28.427482924400078,28.497069160308126,28.577091053880988,28.668622094339746,28.772770719771984,28.890681919981741,29.02354808135976,29.172624217666016
378,28.100069152586343,28.10149378368483,28.105803589313545,28.113106716317855,28.12358475221389,28.137494650021964,28.155171219117964,28.177029925792258,28.203569616234226,28.235374630392734,28.273115646656667,28.317548529457685,28.369510506873191,28.429913268859366,28.499733164429895,28.579999694514751,28.671784867198447,28.77619711075036,28.894383086018983,29.027537741364203,29.176917869410993
379,28.101032089141754,28.102464806452673,28.106798953737098,28.114142922379571,28.124678691001279,28.138663721001905,28.156433398384248,28.178403760344839,28.205074116674883,28.237029037059873,28.274939055108501,28.319559383540007,28.371726005680131,28.43234879313194,28.502401907049105,28.582912746466306,28.674951974178903,28.779628059519702,28.898089210437643,29.031532650956752,29.181216664533785
380,28.102000488943656,28.10344131114763,28.107799855213152,28.11518475404332,28.12577837148638,28.13983866753647,28.157701590103141,28.179783727065526,28.206584826505733,28.238689659402972,28.276768587108897,28.321576151159171,28.373947089645711,28.434789489092939,28.505075402773389,28.58583024962417,28.678123466834695,28.783063599084265,28.901800278055077,29.035532743854084,29.185520518606879
381,28.102974364591265,28.104423310161994,28.108806305458366,28.116232221728431,28.126883801954172,28.14101949472288,28.158975794997843,28.181169821169892,28.208101734647364,28.240356480018118,28.278604220221776,28.323598808215333,28.376173739194098,28.43723535046923,28.507753666931944,28.588752241796094,28.681299391590578,28.786503757100512,28.905516272710194,29.039537959035883,29.189829355061903
382,28.103953728542951,28.10541081573491,28.109818316001657,28.117285335616831,28.127994990399873,28.142206207330638,28.160256013461325,28.182562037598295,28.209624829882248,28.242029481612995,28.280445932522746,28.325627331673825,28.378405936354209,28.439686372613554,28.51043671527103,28.59167875863367,28.684479790196338,28.78994855667327,28.909237177641373,29.043548240167727,29.194143104152605
383,28.10493859310802,28.106403839944612,28.110835898178028,28.118344105649559,28.129111944529328,28.143398809806889,28.1615422455667,28.183960371032111,28.211154100877792,28.243708647038183,28.28229370263265,28.327661699570626,28.380643664676683,28.442142552291717,28.513124563702718,28.594609833608459,28.687664700154546,28.793398017026746,28.912962975762596,29.047563535100025,29.198461702098029
384,28.105928970438665,28.10740239470104,28.111859063122779,28.119408541523914,28.130234671759929,28.144597306281749,28.162834491078016,28.185364815910095,28.212689536209773,28.245393959317745,28.28414750974645,28.329701891008458,28.382886909143327,28.444603887481094,28.515817228092502,28.597545498027834,28.690854155126075,28.796852154075573,28.916693649867902,29.051583795427767,29.202785090355313
385,28.106924872522512,28.108406491738791,28.112887821766193,28.120478652690693,28.131363179221779,28.145801700574204,28.164132749461107,28.186775366445367,28.214231124385964,28.247085401678266,28.286007333656467,28.331747886142143,28.385135656069725,28.447070377184687,28.518514724092,28.60048578108848,28.694048185300669,28.800310980892231,28.920429182775933,29.05560897611397,29.207113215015529
386,28.10792631117539,28.109416142610506,28.1139221848285,28.121554448352065,28.132497473759109,28.14701199619806,28.16543701989486,28.188192016642414,28.215778853869661,28.248782957576125,28.287873154769521,28.333799666154587,28.387389893004954,28.449542021264218,28.521217067011527,28.60343070995226,28.697246817727695,28.803774508094385,28.924169557434311,29.059639035163947,29.21144602629515
387,28.108933298034504,28.110431358680572,28.11496216281531,28.122635937459616,28.133637561932169,28.148228196368283,28.166747301282694,28.189614760314591,28.217332713102966,28.250486610722202,28.289744954118284,28.33585721322585,28.389649608632009,28.452018820291158,28.523924271721633,28.606380309831465,28.700450076614086,28.807242744176889,28.927914756999431,29.063673933336815,29.21578347809422
388,28.109945844552051,28.111452151119334,28.116007766013354,28.123723128712861,28.13478345001932,28.149450304007583,28.168063592264431,28.191043591101575,28.218892690529231,28.252196345104004,28.29162271336736,28.337920510497437,28.39191479267145,28.454500775414981,28.526636352576894,28.609334604078427,28.703657983593718,28.810715695799587,28.931664764897128,29.067713633888157,29.220125527608502
389,28.110963961989075,28.112478530897427,28.117059004486546,28.124816030557938,28.135935144019399,28.150678321753258,28.169385891228188,28.19247850248691,28.220458774614762,28.253912145005163,28.293506414815049,28.339989542033152,28.394185435788646,28.456987888245195,28.529353323356581,28.612293614277885,28.706870557974181,28.814193368038563,28.935419564867679,29.071758102338503,29.224472134986499
390,28.111987661409838,28.113510508780745,28.118115888072541,28.125914651186864,28.137092649654527,28.151912251964408,28.170714196322685,28.193919487815322,28.222030953869201,28.255633995021334,28.295396041389449,28.342064292776321,28.396461529506382,28.459480160751738,28.532075197227154,28.615257360343122,28.710087816953003,28.817675764588568,28.93917914099039,29.075807306276531,29.228823263045964
391,28.113016953676329,28.114548095325482,28.119178426379406,28.12701899853678,28.138255972373017,28.15315209672918,28.172048505469565,28.195366540309976,28.223609216865459,28.257361880075468,28.297291576644046,28.344144748507119,28.398743066118715,28.461977595167337,28.53480198670664,28.61822586061183,28.713309775829682,28.821162887960789,28.942943477707452,29.079861215165817,29.233178876995513
392,28.114051849443399,28.115591300873788,28.120246628782816,28.128129080289892,28.139425117352751,28.154397857872638,28.173388816375887,28.196819653089261,28.225193552257274,28.259095785427665,28.299193004745675,28.34623089579577,28.401030038613754,28.464480193915946,28.537533703658543,28.621199131943378,28.716536448172334,28.824654739617003,28.94671255982523,29.083919800197751,29.237538944232934
393,28.115092359154193,28.116640135549751,28.121320504423757,28.129244903873605,28.140600089504918,28.15564953696455,28.1747351265467,28.198278819183088,28.226783948795781,28.260835696683486,28.301100310461639,28.34832272195748,28.403322440601166,28.466987959546348,28.540270359284857,28.624177189807796,28.719767845977493,28.828151320105217,28.950486372520437,29.087983034146522,29.241903434142959
394,28.116138493035681,28.117694609255462,28.122400062206069,28.130366476460789,28.141780893477723,28.156907135327447,28.176087433297507,28.199744031548985,28.22838039534544,28.26258159980145,28.303013479146117,28.350420215007336,28.405620266241218,28.469500894668251,28.543011964121927,28.627160048375586,28.723003979825272,28.831652629186379,28.954264901342167,29.092050891230439,29.246272317906161
395,28.117190261095061,28.118754731667952,28.123485310794976,28.131493804970827,28.142967533660855,28.158170654045151,28.177445733766884,28.201215283086984,28.22998288089644,28.264333481094113,28.304932496719793,28.352523363615003,28.407923510187693,28.472019001915061,28.545758528057323,28.630147720597844,28.726244858990317,28.835158665912751,28.958048132202332,29.096123347012551,29.250645568367986
396,28.118247673116141,28.119820512236096,28.124576258615562,28.132626896070544,28.144160014189854,28.159440093971082,28.178810024928573,28.202692566654047,28.23159139457703,28.266091327230537,28.306857349653004,28.354632157063264,28.410232167529927,28.474542283897247,28.548510060333349,28.633140218283696,28.729490491568562,28.83866942872848,28.961836051374483,29.100200378285955,29.255023159881901
397,28.119310738656186,28.120891960177971,28.125672913851655,28.13376575617572,28.145358338950899,28.160715455736838,28.180180303603635,28.204175875077695,28.233205925663892,28.26785512523578,28.308788024945983,28.356746585206452,28.412546233741029,28.477070743167914,28.551266569562024,28.636137552175256,28.732740884581883,28.842184915543267,28.965628645484678,29.104281962980153,29.259405068186222
398,28.12037946704298,28.121969084478437,28.126775284444985,28.134910391452642,28.14656251158566,28.161996739760777,28.181556566472278,28.205665201169023,28.234826463591652,28.269624862489312,28.31072451010867,28.358866638430356,28.414865704629563,28.479604382192285,28.554028063740777,28.639139732018396,28.735996044076305,28.845705123801594,28.969425901502781,29.108368080072378,29.263791270287051
399,28.121453867372274,28.123051893887123,28.127883378094623,28.136060807820051,28.147772535496468,28.163283946256715,28.182938810085513,28.207160537734882,28.236452997960722,28.271400526721589,28.312666793139705,28.360992307613763,28.417190576296008,28.482143203323197,28.556794550271356,28.642146766629878,28.739255975209097,28.849230050540118,28.973227806731309,29.112458709509138,29.268181744356774
400,28.122533948506231,28.12414039691734,28.128997202257437,28.137217010951911,28.148988413852003,28.164577075242665,28.184327030875828,28.208661877587829,28.238085518541642,28.273182106006949,28.314614862504406,28.363123584094726,28.419520845100408,28.484687208789584,28.559566035983643,28.645158663952692,28.742520682311714,28.852759692424677,28.97703434879282,29.116553832147734,29.272576469660503
401,28.12361971907033,28.125234601843509,28.130116764147026,28.138379006278825,28.150210149592056,28.16587612654931,28.185721225169118,28.210169213559425,28.239724015285148,28.274969588762993,28.31656870711539,28.365260459630171,28.421856507611846,28.487236400662212,28.562342527148726,28.648175431128852,28.745790168994379,28.85629404582571,28.98084551562232,29.120653429662244,29.276975426431267
402,28.124711187453592,28.126334516701892,28.131242070735805,28.139546798992292,28.151437745434269,28.167181099828777,28.187121389193628,28.211682538505737,28.241368478319487,28.276762963736356,28.318528316308662,28.367402926371739,28.424197560598024,28.489790780866759,28.565124029511168,28.651197074532956,28.749064438163494,28.85983310681473,28.984661295450657,29.124757484524327,29.28137859585215
403,28.125808361806286,28.127440149288784,28.132373128754736,28.140720394046774,28.152671203879184,28.168491994562956,28.188527519090819,28.213201845318622,28.243018897957878,28.278562220000122,28.32049367982497,28.369550976829981,28.426544000982403,28.492350351156194,28.567910548302443,28.654223599836456,28.752343492112189,28.863376871228784,28.988481676796948,29.128865979920938,29.285785959947479
404,28.126911250039463,28.128551507160527,28.133509944694712,28.141899796163287,28.153910527216464,28.169808810072034,28.18993961092475,28.214727126932793,28.24467526469881,28.280367346943244,28.322464787787926,28.371704603847249,28.428895825824174,28.494915113110995,28.570702088266451,28.657255012049877,28.755627332560447,28.866925334688823,28.992306648455425,29.132978899715454,29.290197501536262
405,28.128019859825091,28.129668597634058,28.13465252480842,28.1430850098332,28.15515571753096,28.171131545522289,28.191357660690056,28.216258376331318,28.246337569225584,28.282178334261435,28.32444163068585,28.373863800574899,28.431253032299566,28.497485068135322,28.573498653678076,28.660291315561395,28.758915960697891,28.870478492624148,28.996136199485786,29.137096228406456,29.294613204180575
406,28.129134198594731,28.130791427786136,28.135800875111027,28.144276039321195,28.156406776708415,28.172460199934562,28.192781664322087,28.217795586554637,28.248005802409743,28.283995171949723,28.326424199350679,28.376028560441771,28.433615617672082,28.500060217446713,28.576300248365484,28.66333251418888,28.762209377243437,28.874036340307573,28.999970319201307,29.1412179510722,29.299033052115607
407,28.130254273540718,28.131920004454987,28.136955001382983,28.145472888669811,28.157663706441806,28.173794772191595,28.194211617703377,28.219338750703372,28.249679955307442,28.285817850291199,28.328412484941079,28.378198877137329,28.435983579283338,28.502640562080607,28.579106875729423,28.66637861120773,28.765507582469759,28.87759887286516,29.003808997158973,29.14534405334518,29.303457030219725
408,28.131380091616904,28.133054334241326,28.138114909172295,28.146675561703496,28.158926508237286,28.175135261045316,28.19564751667075,28.220887861942835,28.251360019158223,28.28764635984756,28.330406478924871,28.38037474459064,28.438356914537486,28.505226102890379,28.581918538763148,28.669429609385162,28.76881057623757,28.881166085293373,29.007652223149282,29.149474521378416,29.307885123973382
409,28.132511659537141,28.134194423507481,28.139280603795125,28.147884062031572,28.160195183420125,28.176481665125657,28.197089357025806,28.22244291351214,28.253045985388084,28.289480691451125,28.332406173057532,28.382556156939053,28.440735620871944,28.507816840536783,28.584735240074078,28.672485511032455,28.772118358056431,28.8847379724955,29.011499987184692,29.15360934178873,29.312317319387358
410,28.133648983780002,28.135340278382323,28.140452090341391,28.149098393054487,28.161469733140891,28.177833982945156,28.198537134535748,28.224003898719378,28.254737845599003,28.291320836191812,28.334411559372661,28.384743108528752,28.44311969577031,28.510412775507682,28.587556981898199,28.675546318003637,28.775430927068491,28.88831452926296,29.015352279493015,29.157748501666561,29.316753603019201
411,28.134792070585718,28.136491904758778,28.141629373674007,28.150318557965932,28.162750158381357,28.179192212908948,28.199990844946434,28.225570810954498,28.256435591575602,28.293166785410303,28.336422630156989,28.386935593874647,28.445509136721789,28.513013908100245,28.590383766124624,28.678612031762007,28.778748282128692,28.891895750325013,29.019209090503999,29.1618919885026,29.321193961879725
412,28.135940925962583,28.137649308300428,28.14281245843582,28.151544559759685,28.164036459960261,28.18055635331757,28.201450483980103,28.227143643680812,28.258139215272088,28.295018530685585,28.338439377946038,28.389133607669891,28.447903941242998,28.515620238443937,28.593215594304066,28.681682653365606,28.782070421774439,28.895481630322561,29.023070410845982,29.16603979020989,29.325638383464607
413,28.137095555684049,28.138812494439158,28.144001349049013,28.152776401232021,28.165328638539521,28.181926402377215,28.202916047348463,28.22872239044737,28.259848708817813,28.296876063826783,28.3404617954983,28.391337144746601,28.450304106840452,28.518231766486707,28.596052467675559,28.684758183531194,28.785397344299124,28.899072163851525,29.026936231331526,29.170191895056121,29.330086855669006
414,28.138255965295304,28.139981468381873,28.145196049721918,28.154014084988169,28.16662669462923,28.183302358201587,28.204387530749724,28.230307044880643,28.261564064505738,28.298739376863359,28.342489875793344,28.393546200085602,28.45270963102891,28.520848492012082,28.598894387170905,28.687838622621548,28.788729047729067,28.902667345444076,29.030806542955737,29.174348291680122,29.334539366810681
415,28.139422160111529,28.141156235109275,28.146396564449518,28.155257613445492,28.16793062859421,28.184684218821676,28.205864929879976,28.231897600694037,28.263285274794711,28.300608462034944,28.344523612007556,28.395760768783482,28.455120511303537,28.523470414633422,28.601741353441092,28.690923970698012,28.792065529879402,28.906267169598937,29.034681336882521,29.178508969038926,29.33899590556452
416,28.140594145224028,28.142336799382043,28.147602897019649,28.156506988839229,28.169240440658331,28.186071982187286,28.207348240430751,28.233494051681397,28.265012332300749,28.302483311784094,28.346562997512461,28.397980846058548,28.457536745151188,28.526097533804556,28.604593366859994,28.694014227514938,28.795406788342664,28.909871630771633,29.038560604442829,29.182673916414757,29.343456460972735
417,28.141771925499725,28.143523165740898,28.14881505101452,28.157762213226402,28.170556130911127,28.187465646175887,28.20883745809833,28.235096391723363,28.266745229796243,28.30436391874505,28.348608025853345,28.400206427225307,28.459958330031828,28.528729848819701,28.607450427547956,28.697109392560385,28.798752820529419,28.913480723394631,29.042444337122674,29.186843123375301,29.34792102239647
418,28.142955505586844,28.144715338512292,28.150033029816417,28.159023288490985,28.171877699311668,28.188865208594056,28.210332578581891,28.236704614782273,28.268483960203024,28.30625027573765,28.350658690746961,28.402437507697417,28.462385263385674,28.53136735882137,28.610312535376341,28.700209465055007,28.802103623662777,28.917094441871484,29.046332526560807,29.19101657977588,29.352389579519723
419,28.144144889915342,28.145913321809306,28.151256836609956,28.160290216348294,28.17320514569515,28.190270667185633,28.211833597591326,28.238318714906626,28.270228516590095,28.308142375756159,28.352714986062551,28.404674082966626,28.464817542619112,28.534010062802114,28.613179689988488,28.703314443986478,28.805459194811792,28.920712780592932,29.050225164538087,29.195194275725932,29.356862122308772
420,28.145340082702656,28.147117119537405,28.152486474387619,28.161562998349858,28.174538469776373,28.191682019632847,28.213340510845246,28.239938686226171,28.271978892167166,28.310040211963713,28.354776905819886,28.406916148605752,28.467255165111787,28.536657959612292,28.616051890803959,28.706424328107875,28.808819530885312,28.924335733930654,29.05412224297535,29.199376201591907,29.361338641017007
421,28.146541087964167,28.148326735405213,28.153721945961614,28.162841635896577,28.175877671164088,28.193099263570979,28.214853314084589,28.241564522962264,28.273735080289686,28.311943777691347,28.356844444183707,28.409163700262802,28.469698128216336,28.539311047970859,28.618929137041846,28.709539115968788,28.812184628661431,28.927963296253544,29.058023751302787,29.20356102264363,29.365739239018886
422,28.147747909483133,28.149542172894542,28.154963253933907,28.1641261302087,28.177222749330433,28.194522396556593,28.216372003038678,28.243196219391194,28.275497074419846,28.313853066397623,28.358917595424192,28.411416733624819,28.472146429227497,28.541969326439922,28.621811427699331,28.712658805895277,28.81555448475817,28.931595458866784,29.061929307353058,29.207737445099614,29.3700787281314
423,28.148960550865159,28.150763435315117,28.156210400751725,28.165416482382231,28.17857370366788,28.195951416124124,28.217896573480093,28.244833769895912,28.277264868173621,28.315768071711084,28.360996353956352,28.413675244457295,28.474600065425399,28.544632793474957,28.624698761608705,28.715783396041981,28.818929094444382,28.935232131229469,29.065836933581053,29.211897953513066,29.374380458104991
424,28.150179015507927,28.151990525774401,28.157463388677478,28.166712693358843,28.179930533458734,28.197386319754209,28.219427021191006,28.246477168929609,28.279038455281892,28.317688787389905,28.363080714300157,28.415939228567375,28.477059034044029,28.547301447399089,28.627591137412448,28.718912884006389,28.822308435810985,28.938872925895108,29.069743995739763,29.216041450705291,29.378652748040899
425,28.151403306613606,28.153223447190115,28.158722219801625,28.168014763938938,28.181293237888006,28.198827104885524,28.220963341973114,28.248126411022938,28.280817829594611,28.31961520732354,28.365170671081497,28.41820868180659,28.479523332278077,28.549975286413961,28.630488553486224,28.722047263659718,28.825692426906631,28.942517140369883,29.073648414273983,29.220168424923301,29.382900399247209
426,28.15263342719274,28.154462202294241,28.159986896046885,28.169322694785976,28.182661816047368,28.200273768917878,28.222505531648757,28.249781490782446,28.282602985076331,28.321547325526222,28.367266219025343,28.420483600066049,28.481992957281857,28.552654308581566,28.6333910072896,28.725186516097168,28.829080892899714,28.946163932000669,29.077548767505142,29.224279733963467,29.387126646062757
427,28.153869380068283,28.155706793637101,28.161257419172436,28.170636486430745,28.184036266939081,28.201726309214905,28.224053586061789,28.25144240288898,28.284393915802006,28.323485136130856,28.369367352949372,28.422763979271814,28.484467906163562,28.555338511690032,28.636298493406844,28.728330598104044,28.83247356979734,28.949812462386152,29.081444125088815,29.228376284486444,29.391333859312361
428,28.15511116787955,28.156957223591416,28.162533790778149,28.171956139275537,28.185416589479765,28.203184723106759,28.225607501078319,28.253109142095902,28.286190615952702,28.325428633383005,28.371474067757852,28.425049815379708,28.486948175955089,28.558027892822299,28.639211000289059,28.731479434542006,28.835870130072745,28.95346196835208,29.08533389294119,29.232458938702809,29.395523872755536
429,28.156358793086316,28.158213494356445,28.163816012308761,28.173281653598245,28.186802782503889,28.204649007892499,28.227167272587312,28.25478170322728,28.28799307981151,28.327377811635273,28.373586358435688,28.427341104364984,28.489433763514764,28.560722447509999,28.64212850670738,28.734632916957214,28.839270211418508,28.95711178611695,29.089217703685033,29.236528489028178,29.399698159489581
430,28.15761225797295,28.159475607962104,28.165104085058051,28.174613029556355,28.18819484476732,28.206119160842391,28.228732896500947,28.256460081176105,28.289801301759436,28.329332665341706,28.375704220041662,28.429637842196925,28.491924665313316,28.56342216854507,28.645050978991339,28.737790907060305,28.842673440186335,28.960761352102189,29.093095343871695,29.240585655681535,29.403857935938682
431,28.1588715646525,28.160743566273105,28.166398010172966,28.17595026719091,28.189592774950558,28.207595179199984,28.230304368754972,28.258144270902342,28.291615276271514,28.331293189052353,28.377827647698382,28.431940024783295,28.494420877083389,28.566127044678648,28.647978369567348,28.740953242654282,28.846079447850293,28.964410194486035,29.096966705278593,29.244631091511827,29.408004228708418
432,28.160136715070795,28.162017370993127,28.167697788657673,28.177293366430288,28.190996571661888,28.20907706018404,28.231881685308824,28.259834267431032,28.293434997912811,28.333259377407124,28.37995663657486,28.434247647870329,28.496922393350744,28.568837059439986,28.650910616806677,28.744119744274638,28.849487881394737,28.968057921446384,29.100831752607085,29.248665389100093,29.412137918838361
433,28.161407711010675,28.16329702366885,28.169003421377656,28.178642327093979,28.192406233440501,28.210564800990372,28.233464842145789,28.261530065850341,28.295260461334504,28.335231225127906,28.382091181856001,28.436560706891328,28.499429206901514,28.571552190249889,28.6538476458879,28.747290221382315,28.852898409224416,28.971704209491051,29.104690501365429,29.252689087784567,29.416259773077588
434,28.162684554095982,28.164582525694161,28.170314909063649,28.179997148896206,28.193821758759292,28.212058398793527,28.235053835272833,28.263231661309529,28.297091661269373,28.337208727007393,28.384231278695012,28.438879196769314,28.501941308249123,28.574272407884092,28.656789370288362,28.750464477683572,28.856310724139579,28.97534879273454,29.108543002440069,29.256702680197748,29.420370466594314
435,28.163967245795781,28.165873878314159,28.171632252315579,28.181357831449453,28.195243146027725,28.213557850748245,28.236648660720597,28.264939049016807,28.298928592526686,28.339191877892308,28.386376922144624,28.441203111683588,28.504458685152976,28.576997676298767,28.65973569364338,28.753642315412655,28.85972454417411,28.978991453597523,29.112389331558902,29.260706617972922,29.424470599570054
436,28.165255787428404,28.167171082629206,28.172955451606448,28.182724374267945,28.196670393594435,28.215063153990979,28.238249314543037,28.266652224236996,28.300771249985232,28.341180672659242,28.388528107067771,28.443532444819716,28.50698132223248,28.579727952761608,28.662686511689607,28.756823538610394,28.863139612268082,28.982632014983775,29.116229581668822,29.264701316662752,29.428560710002579
437,28.166550180165466,28.168474139598935,28.174284507286099,28.184096776770964,28.198103499749767,28.21657430564111,28.239855792817139,28.268371182288547,28.302619628584132,28.343175106181903,28.390684828030903,28.445867188122012,28.509509200690037,28.582463188206173,28.66564171414705,28.760007955593281,28.866555695254817,28.986270333649045,29.120063857404251,29.268687159998187,29.432641283724941
438,28.167850425035926,28.169783050046231,28.175619419585001,28.185475038286146,28.199542462728246,28.218091302802176,28.241468091642297,28.270095918540026,28.304473723310462,28.345175173288876,28.392847079184094,28.448207332062555,28.512042298149382,28.585203327757249,28.668601186466194,28.763195380705522,28.869972582387064,28.989906294705499,29.123892271178068,29.272664503519668,29.436712762203925
439,28.169156522930081,28.171097814661085,28.176960188617802,28.186859158052567,28.200987280710827,28.219614142562843,28.24308620713941,28.271826428405344,28.306333529182794,28.347180868712329,28.395014854133475,28.450552865439761,28.514580588604524,28.587948311363412,28.671564811378165,28.766385635493023,28.873390083683777,28.993539807084016,29.127714940330119,29.276633677681367,29.440775548792313
440,28.170468474603435,28.172418434004449,28.178306814387042,28.188249135223892,28.202437951827118,28.22114282199788,28.244710135449669,28.273562707337366,28.308199041230299,28.349192187028525,28.397188145813345,28.452903775217575,28.517124042467387,28.590698074476983,28.674532470217319,28.769578549440087,28.876808028257674,28.997170799773347,29.131531985020228,29.280594990514768,29.444830013821488
441,28.171786280680564,28.173744908512081,28.179659296786596,28.189644968871256,28.203894474157423,28.222677338168683,28.246339872732602,28.27530475081997,28.310070254467519,28.351209122592792,28.399366946363443,28.455260046403637,28.519672626685271,28.593452548739712,28.677504044054896,28.772773960417254,28.880226262669677,29.000799218626668,29.135343526633189,29.284548729962754,29.448876498863296
442,28.173109941659021,28.17507723849819,28.181017635605055,28.191046657986181,28.20535684573473,28.224217688123868,28.247975415163584,28.277052554357802,28.311947163864708,28.35323166947062,28.401551247014989,28.457621661969011,28.522226304921222,28.596211662660547,28.680479414641162,28.775971714859686,28.883644649339622,29.00442502372308,29.139149686640216,29.288495165889927,29.452915320221205
443,28.174439457913014,28.176415424159128,28.182381830529199,28.192454201483347,28.206825064546432,28.225763868899193,28.249616758930173,28.278806113463698,28.313829764314036,28.355259821366399,28.403741037990347,28.459988602810895,28.524785037784628,28.598975342259873,28.683458465157763,28.779171667740712,28.887063065068194,29.008048187201346,29.142950585789333,29.292434551809439,29.456946771811346
444,28.175774829697065,28.177759465577005,28.183751881147099,28.193867598203141,28.208299128535966,28.227315877517331,28.251263900227624,28.280565423643655,28.315718050592388,28.357293571553299,28.405936308418561,28.462360847752546,28.527348783089924,28.601743511662953,28.686441080816405,28.782373682427902,28.890481399684269,29.011668691428991,29.146746343493916,29.296367126399552,29.460971127627804
445,28.177116057149739,28.179109362723139,28.185127786951444,28.195286846914328,28.2097790356042,28.228873710986957,28.252916835252854,28.282330480379507,28.317612017322066,28.359332912805954,28.408137046268138,28.464738373573326,28.529917496129119,28.604516093640022,28.689427149336112,28.785577630462178,28.893899554802065,29.015286527437084,29.150537077373809,29.300293114848994,29.46498864387333
446,28.178463140297062,28.180465115461541,28.186509547342485,28.196711946316341,28.211264783610531,28.230437366301366,28.254575560197413,28.284101279109443,28.319511658929798,28.36137783733766,28.410343238296687,28.467121155066014,28.53249112995297,28.607293010093194,28.692416561307773,28.788783391267547,28.89731744268606,29.018901693608321,29.154322902938048,29.304212730037417,29.468999560772044
447,28.17981607905611,28.181826723552266,28.18789716163116,28.198142895041567,28.212756370373796,28.232006840436391,28.25624007123897,28.285877815206668,28.321416969605444,28.3634283367427,28.412554870016486,28.469509165114925,28.535069635653151,28.610074182493065,28.695409210468721,28.791990851818507,28.900734985216062,29.02251419456023,29.158103933363556,29.30812617358464,29.473004104142856
448,28.181174873238287,28.183194186654656,28.189290629041817,28.199579691657434,28.21425379367269,28.233582130347536,28.257910364531408,28.287660083956332,28.323327943260544,28.3654844019458,28.414771925677847,28.471902374794738,28.537652962639669,28.612859532256596,28.698404993885863,28.795199906277563,28.904152112964592,29.026124040221372,29.161880279359028,29.312033636766248,29.477002486738296
449,28.182539522552759,28.184567504330552,28.190689948715082,28.201022334668231,28.215757051245927,28.235163232966336,28.259586436193558,28.289448080531105,28.325244573488341,28.367546023159203,28.416994388267803,28.474300753482275,28.540241058906361,28.615648981073409,28.701403812075053,28.798410455626357,28.907568764367703,29.029731245042747,29.165652049078922,29.315935301330239,29.480994909418293
450,28.183910026609563,28.185946676047333,28.192095119710444,28.202470822516819,28.217266140791775,28.236750145195831,28.2612682822968,28.291241799966159,28.327166853525735,28.369613189847538,28.419222239521417,28.476704268975897,28.542833871281598,28.618442451187853,28.704405569074293,28.80162240730041,28.910984884972965,29.033335827311994,29.16941934807172,29.319831340235304,29.484981562196495
451,28.185286384922804,28.18733170118098,28.19350614100869,28.203925153585946,28.218781059967295,28.238342863905267,28.262955898851509,28.293041237133799,28.329094776217939,28.371685890700487,28.421455459944561,28.479112887620069,28.545431345662777,28.621239865640419,28.707410172476099,28.804835674828261,28.914400426760388,29.036937808565067,29.173182279261113,29.323721918313691,29.488962625164
452,28.186668596913627,28.188722579018808,28.194923011514284,28.20538532619938,28.220301806386949,28.239941385923917,28.264649281792703,28.29484638671812,28.331028333986072,28.373764113613024,28.423694028846786,28.481526574433417,28.548033427235072,28.624041148471232,28.710417533423289,28.808050177476726,28.917815347531878,29.040537213086509,29.176940942955241,29.327607192864786,29.492938269301387
453,28.188056661913201,28.190119308762348,28.196345730057423,28.206851338622734,28.221828377620664,28.241545708034177,28.266348426964992,28.296657243190115,28.332967518797869,28.375847845672315,28.425937924381842,28.483945293237475,28.550640060674528,28.626846224892379,28.71342756657879,28.811265839907378,28.921229610357567,29.04413406747544,29.180695436872778,29.331487314194533,29.496908657207683
454,28.189450579165477,28.191521889529856,28.197774295396052,28.20832318906389,28.223360771191505,28.243155826963918,28.268053330106937,28.298473800783416,28.334912322141907,28.377937073151834,28.428187123595819,28.48636900678493,28.553251190333391,28.629655021428125,28.716440190071651,28.814482591847259,28.924643183080008,29.047728400275638,29.184445856183771,29.335362426100524,29.500873943746306
455,28.190850347829823,28.192930320358769,28.199208706217494,28.209800875673093,28.224898984572562,28.244771739378002,28.269763986834892,28.300296053471111,28.336862735006125,28.380031781513065,28.430441602482315,28.488797676885518,28.555866760405795,28.632467466022685,28.719455325421446,28.817700367777089,28.928056037877571,29.051320241668197,29.188192293563326,29.339232666302468,29.504834276609262
456,28.192255966983581,28.19434460020803,28.200648961139873,28.211284396542592,28.226443015183222,28.246393441869252,28.271480392626859,28.302123994944161,28.338818747860447,28.382131955412977,28.432701336040921,28.491231264526373,28.55848671507615,28.635283488126657,28.722472897454892,28.820919106638637,28.931468150867897,29.054909623199155,29.191934839247953,29.343098166837908,29.508789796832534
457,28.193667435624384,28.195764727960075,28.202095058713383,28.212773749705988,28.227992860385228,28.248020930948964,28.273202542806608,28.303957618591294,28.340780350642419,28.384237578715261,28.434966298337063,28.493669729987271,28.561110998655529,28.638103018770231,28.725492834218109,28.824138751554969,28.934879501738781,29.058496577532242,29.195673581094489,29.34695905443289,29.512740639275627
458,28.195084752672329,28.197190702422809,28.203546997421093,28.214268933137078,28.229548517477909,28.249654203037096,28.274930432527881,28.305796917480727,28.342747532747023,28.386348634506813,28.437236462564464,28.496113032951012,28.563739555701918,28.640925990614768,28.728515066878202,28.827359249567198,28.938290073421332,29.062081138243069,29.199408604645473,29.35081545083364,29.516686933044287
459,28.196507916971939,28.198622522331178,28.205004775679605,28.215769944748327,28.231109983693145,28.251293254452079,28.276664056759142,28.307641884343656,28.344720283019914,28.388465105118275,28.439511801109099,28.498561132607701,28.566372331126704,28.643752337988904,28.731539529619845,28.830580551387172,28.941699851795857,29.065663339641986,29.203139993196405,29.35466747310932,29.520628801872398
460,28.197936927293945,28.200060186348658,28.206468391839358,28.217276782389039,28.232677256189842,28.252938081400508,28.278403410268741,28.309492511559395,28.346698589753291,28.39058697214703,28.441792285612852,28.501013987754202,28.569009270291126,28.646581996914765,28.734566159540837,28.833802611162525,28.945108825418675,29.069243216613518,29.206867827862961,29.358515233936096,29.52456636447862
461,28.199371782336907,28.201503693068513,28.207937844184695,28.218789443843129,28.234250332048166,28.254588679966705,28.280148487610614,28.311348791142031,28.348682440684481,28.392714216483043,28.444077887037714,28.503471556888638,28.571650319092484,28.649414905123205,28.737594896544596,28.837025386253757,28.94851698527297,29.072820804476891,29.210592187649596,29.36235884185961,29.528499734892563
462,28.200812480728324,28.202953041014474,28.209413130933267,28.220307926826091,28.235829208262967,28.256245046102098,28.281899283111358,28.313210714731266,28.350671823001274,28.394846818340866,28.446368575729363,28.505933798291494,28.574295424024946,28.65225100204475,28.740625683230178,28.840248837043049,28.951924324573842,29.076396138889699,29.214313149517832,29.366198401509379,29.532429022715519
463,28.202259021025679,28.204408228641434,28.210894250235452,28.221832228982102,28.23741388173735,28.25790717561501,28.283655790857939,28.315078273583264,28.352666723345884,28.396984757288831,28.448664321477672,28.508400670106777,28.576944532246138,28.655090228810643,28.743658464789476,28.843472926738375,28.955330838556947,29.07996925573428,29.218030788451003,29.370034013827802,29.536354333402837
464,28.203711401717271,28.205869254335795,28.21238120017335,28.223362347880609,28.239004349276055,28.259575064160554,28.285418004686058,28.31695145856343,28.354667127822015,28.399128012280858,28.450965093576976,28.510872130416953,28.579597591632041,28.657932528242149,28.7466931889021,28.846697621192437,28.958736524293958,29.083540191026767,29.221745177519736,29.373865776274716,29.540275768512675
465,28.205169621222645,28.207336116415505,28.213873978759406,28.224898281012582,28.240600607578486,28.261248707230717,28.287185918169858,28.318830260141752,28.356673022004951,28.401276561690064,28.453270860883897,28.513348137309983,28.582254550820576,28.660777844831845,28.749729805633226,28.849922888737328,28.96214138053028,29.08710898084145,29.225456387945187,29.377693783012145,29.544193425928633
466,28.206633677892604,28.2088088131296,28.215372583934609,28.226440025786388,28.242202653231676,28.262928100145036,28.288959524613151,28.320714668390391,28.35868439095373,28.403430383342521,28.45558159187177,28.515828648939426,28.584915359247063,28.663626124720462,28.752768267335099,28.85314870003209,28.965545407539647,29.090675661246596,29.229164489160148,29.381518125073168,29.548107400061774
467,28.208103570009055,28.210287342657548,28.216877013566414,28.227987579523528,28.24381048270341,28.264613238041704,28.290738817041383,28.32260467298233,28.360701219224413,28.405589454551258,28.457897254683786,28.518313623580799,28.587579967174914,28.66647731567026,28.755808528550066,28.856375027917899,28.968948606989265,29.094240268247322,29.232869548868877,29.385338890521162,29.552017782040238
468,28.209579295784962,28.211771703108795,28.218387265446957,28.229540939454509,28.245424092335224,28.266304115868344,28.292523788192931,28.324500263189016,28.362723490882114,28.407753752149713,28.460217817187022,28.520803019691392,28.590248325731196,28.669331367042574,28.758850545913031,28.859601847266095,28.972350981793788,29.097802837720245,29.236571633107555,29.389156164619255,29.555924659912325
469,28.211060853363101,28.213261892521103,28.219903337289949,28.231100102713693,28.247043478335289,28.268000728374432,28.294314430514685,28.326401427884768,28.364751189520014,28.409923252527211,28.462543247017791,28.52329679594845,28.592920386914404,28.672188229757175,28.761894278063437,28.862829134868619,28.9757525360274,29.101363405387968,29.240270806298213,29.392970029946355,29.559828118779919
470,28.212548240814904,28.214757908858807,28.221425226727714,28.232665066334544,28.248668636771839,28.269703070104125,28.296110736157594,28.328308155550037,28.366784298275991,28.412097931661812,28.464873511626269,28.5257949112906,28.595596103609921,28.675047856260328,28.764939685559796,28.866056869319962,28.9791532748192,29.104922006779255,29.243967131301797,29.396780566527735,29.563728240952248
471,28.214041456139778,28.216259750011787,28.222952931308772,28.234235827245016,28.250299563566202,28.271411135388032,28.297912696970165,28.330220434272324,28.368822799847784,28.414277765154203,28.467208578325717,28.528297324966942,28.598275429612535,28.677910200494253,28.767986730787523,28.869285030886065,28.982553204235064,29.108478677182404,29.247660669475053,29.40058785197856,29.567625106115358
472,28.215540497262484,28.217767413792373,28.224486448493607,28.235812382261972,28.251936254486512,28.273124918338453,28.299720304498916,28.33213825175617,28.37086667651517,28.41646272825982,28.469548414325558,28.530803996556426,28.600958319617437,28.68077521785326,28.771035377887834,28.872513601427794,28.985952331223988,29.112033451637277,29.251351480714671,29.404391961586512,29.571518791424726
473,28.217045362031485,28.21928089793332,28.226025775651539,28.237394728086482,28.253578705141724,28.274844412843255,28.301533549985294,28.334061595327523,28.372915910156497,28.418652795919826,28.471892986772264,28.533314886004877,28.603644729232471,28.683642865151761,28.774085592676748,28.875742564291272,28.989350663522657,29.115586364900654,29.255039623507994,29.408192968432889,29.575409371647154
474,28.218556048217199,28.220800200085623,28.227570910057292,28.238982861298712,28.255226910975022,28.276569612559634,28.303352424363013,28.335990451939594,28.374970482267653,28.420847942793902,28.474242262789602,28.535829953657718,28.606334614983378,28.686513100586541,28.7771373425647,28.878971904206942,28.992748209572749,29.11913745142073,29.258725154982706,29.411990943502541,29.579296919287913
475,28.220072553508601,28.222325317814782,28.229121848886475,28.240576778352708,28.256880867258893,28.278300510911567,28.305176918260905,28.337924808184148,28.377030373982734,28.423048143287492,28.476596209504621,28.53834916027316,28.609027934303104,28.689385883697376,28.780190596494986,28.882201607223909,28.996144978475133,29.122686745330864,29.262408130946042,29.415785955756849,29.583181504672492
476,28.221594875510814,28.223856248598082,28.230678589211987,28.24217647557159,28.258540569089725,28.280037101085355,28.307007022002605,28.339864650299027,28.379095566092726,28.425253371581348,28.478954794081666,28.540872467047489,28.611724645531947,28.692261175330323,28.783245324871885,28.885431660622842,28.999540979920656,29.126234280430392,29.266088605929877,29.419578072229562,29.587063196056757
477,28.223123011742821,28.225392989821888,28.232241128000172,28.243781949142409,28.260206011381776,28.281779376024581,28.308842725605651,28.341809964175699,28.381166039064752,28.427463601662289,28.481317983758011,28.543399835641932,28.614424707918548,28.695138937600294,28.786301499486381,28.888662052825236,29.002936224117548,29.129780090164012,29.269766633237129,29.423367358126431,29.590942059741575
478,28.224656959632771,28.226935538776811,28.23380946210586,28.245393195111564,28.261877188864357,28.283527328431255,28.310684018788795,28.343760735373863,28.383241773062444,28.429678807344068,28.483685745857027,28.545931228180066,28.617128081597709,28.698019133852696,28.789359093472275,28.891892773357849,29.006330721775505,29.133324207629901,29.273442264970949,29.427153876867035,29.594818160116937
479,28.226196716516604,28.228483892655884,28.235383588269151,28.247010209379596,28.263554096074841,28.285280950758548,28.312530890968109,28.345716949126153,28.385322747964501,28.431898962301549,28.486058047832159,28.548466607285881,28.619834727600349,28.7009017286267,28.792418081220713,28.895123812741424,29.00972448401183,29.136866665548229,29.277115552087519,29.430937690205926,29.598691559802877
480,28.227742279632359,28.230038048548913,28.23696350311014,28.248632987697157,28.265236727357678,28.287040235214938,28.314383331267855,28.347678590355276,28.387408943384365,28.434124040085955,28.488434857269802,28.551005936069327,28.622544607823571,28.703786687619139,28.795478438350688,28.898355162477625,29.013117522356591,29.140407496278662,29.280786544417179,29.434718858251976,29.602562319666582
481,28.229293646124017,28.231598003445942,28.238549203131413,28.250261525666577,28.266925076865345,28.288805173766406,28.316241328526697,28.349645643687897,28.389500338694454,28.436354014158777,28.490816141926299,28.553549178153858,28.625257685033262,28.706673977650869,28.798540141641055,28.901586814965633,29.016509848685786,29.143946731801414,29.284455294287653,29.438499245756027,29.606539371651976
482,28.230850813011813,28.233163754207574,28.240140684688573,28.251895818712889,28.268619138531353,28.290575758112954,28.318104871279772,28.35161809344336,28.391596913020908,28.438588857889325,28.493201869722803,28.556096297661867,28.627973922835203,28.709563566623736,28.801603168980112,28.904818763457364,29.019901475206616,29.147484407858986,29.288122359566632,29.442294288787796,29.610602574832303
483,28.232413777226913,28.2347352975994,28.241737944023996,28.253535862117204,28.270318906103817,28.292351979724245,28.319973947798548,28.35359592367984,28.393698645296421,28.440828544611154,28.495592008797527,28.558647259251632,28.630693285685751,28.712455423499534,28.804667499317674,28.908051002008772,29.023292416101821,29.151020671384998,29.291790471543319,29.446114272853613,29.614720151547957
484,28.233982535581763,28.23631263026234,28.243340977237324,28.255181650987854,28.272024373118558,28.29413382981625,28.321848546072996,28.355579118183133,28.395805514254917,28.443073047619247,28.497986527499897,28.561202028101988,28.633415738862361,28.71534951825689,28.807733112620713,28.911283525935648,29.026682709070631,29.154556073542231,29.295463255454976,29.449960736017008,29.618880806236298
485,28.235557084772434,28.237895748714919,28.244949780287762,28.256833180263129,28.273735532903324,28.29592129935854,28.323728653823519,28.357567660484381,28.397917498454259,28.44532234019438,28.500385394410248,28.563760569919769,28.636141248452951,28.718245821863079,28.810799989957722,28.914516336116531,29.030072473715453,29.158091594414561,29.299143580097088,29.45383305383471,29.623078037419479
486,28.237137421374552,28.239484649349237,28.246564348990088,28.258490444707899,28.275452378576038,28.297714379075732,28.325614258507343,28.359561533871926,28.400034576292821,28.447576395620931,28.502788578353144,28.566322850941734,28.638869781341672,28.721144306273004,28.813868114352275,28.917749451295492,29.033461956278135,29.161628404775904,29.302833416763022,29.457730097416402,29.627307477807978
487,28.238723541839256,28.241079328426842,28.248184679010816,28.260153438910606,28.277174903043591,28.299513059449527,28.327505347324959,28.361560721403205,28.402156726025556,28.449835187203767,28.505196048409413,28.568888837935695,28.641601305201288,28.72404494458744,28.816937473425799,28.92098292376981,29.036851524550517,29.165167669286152,29.306534066329231,29.461650670237834,29.631565936004709
488,28.240315442489138,28.242679782074855,28.249810765864495,28.261822157280328,28.278903099000818,28.301317330720881,28.329401907227055,28.363565205916473,28.404283925779538,28.452098688284135,28.507607773927084,28.571458498201988,28.644335788518561,28.726947711616198,28.820008063805673,28.924216849750785,29.040241632982511,29.168710449594336,29.310246370733282,29.465593635608645,29.635850951129012
489,28.241913119514191,28.244286006281943,28.251442604910164,28.263496594044231,28.280636958929925,28.303127182892762,28.331303924921425,28.365574970042502,28.406416153568941,28.454366872254536,28.510023724531454,28.574031799581388,28.647073200711752,28.729852585008832,28.823079895933169,28.927451371222585,29.04363278343882,29.172257671631996,29.313970862145464,29.469557950821788,29.640160553256663
490,28.243516568967969,28.245897996894513,28.253080191347888,28.265176743245206,28.282376475100154,28.304942605732986,28.333211386880269,28.367589996216196,28.408553387309532,28.456639712572905,28.512443870135723,28.576608710483367,28.649813512406414,28.732759546849326,28.826152997802723,28.930686671203819,29.047025493254132,29.175810124297392,29.317707862390723,29.473542670778226,29.644493121018836
491,28.245125786763612,28.24751574961299,28.254723520215592,28.266862598739774,28.284121639567822,28.306763588777578,28.335124279347429,28.369610266687854,28.410695604832597,28.458917182776144,28.514868180955506,28.57918919995501,28.652556695898081,28.735668585409186,28.829227416929779,28.933922965622667,29.050420272775245,29.179368471163151,29.321457549131182,29.477546941226873,29.648847291042497
492,28.246740768670108,28.249139259988162,28.256372586385904,28.26855415419627,28.285872444176654,28.308590121334209,28.33704258834593,28.37163576353452,28.412842783898434,28.461199256494005,28.517296627533032,28.581773237810708,28.6553027257766,28.738579696732781,28.832303220524462,28.937160494260482,29.053817611253923,29.182933266382651,29.325219999931662,29.481569989256251,29.653221897459137
493,28.24836151030857,28.250768523417669,28.258027384563402,28.270251403093237,28.287628880558369,28.310422192485991,28.338966299685445,28.373666468670958,28.414994902209571,28.463485907464754,28.519729180778249,28.584360794830062,28.658051579635693,28.74149288583078,28.835380494318969,28.940399512288966,29.057217968653447,29.186504970639714,29.328995222652818,29.485611113668341,29.65761592912812
494,28.249988007148776,28.25240353514269,28.259687909281809,28.271954338718071,28.289390940133551,28.312259791095453,28.340895398969881,28.375702363860547,28.417151937424084,28.465777109555066,28.522165812033556,28.586951843020806,28.660803238786933,28.744408167384758,28.838459340482764,28.943640283000153,29.060621771738617,29.190083965787995,29.332783176132928,29.489669676122919,29.662028499110274
495,28.251620254505653,28.254044290244728,28.261354154901603,28.273662954165996,28.29115861411287,28.314102905808742,28.342829871605069,28.377743430726113,28.419313867169734,28.468072836786952,28.524606493166488,28.589546355928945,28.663557688898759,28.747325565964108,28.841539875082777,28.946883071976355,29.064029412858932,29.193670567457875,29.336583784776227,29.493745093401429,29.66645882183353
496,28.253258247536039,28.25569078364251,28.263026115607673,28.275377242339161,28.292931893498356,28.315951525059948,28.344769702806381,28.379789650760888,28.421480669059967,28.470373063374183,28.527051196689715,28.592144308970546,28.666314920509848,28.750245115838748,28.844622225424743,28.950128142570566,29.067441250337545,29.197265035806847,29.34039694901108,29.497836830689177,29.670906195602132
497,28.254901981235594,28.257343010089222,28.264703785407242,28.277097195946041,28.294710769085086,28.317805637075619,28.346714877606598,28.381841005339773,28.423652320712577,28.472677763770104,28.529499895904671,28.594745679762667,28.669074929395453,28.753166860475396,28.847706527451049,28.953375752525343,29.07085760991118,29.200867584553809,29.344222552738326,29.501944395800123,29.675369989085226
498,28.256551450435811,28.259000964169708,28.26638715812809,28.278822807501061,28.296495231463073,28.319665229879572,28.348665380863707,28.383897475731541,28.425828799772717,28.474986912728411,28.531952565064042,28.597350448429879,28.67183771676687,28.756090851789612,28.850792923349772,28.956626151628356,29.074278786749968,29.204478388383905,29.348060468612335,29.506067334293128,29.679849630803318
499,28.258206649801274,28.260664640298085,28.26807622741676,28.280554069324509,28.298285271019243,28.321530291297549,28.350621197269184,28.385959043112248,28.428010083940734,28.477300485375387,28.534409179542319,28.599958597869168,28.674603289329923,28.759017149280432,28.853881559435273,28.959879580059265,29.077705047643665,29.208097589201472,29.351910562064884,29.510205225229374,29.684344600474592
500,28.259867573827069,28.262334032715309,28.269770986737246,28.282290973542509,28.300080877939731,28.323400808962489,28.352582311356631,28.388025688580424,28.430196151005752,28.479618457292641,28.536869716007363,28.6025701139631,28.677371659212756,28.761945819090478,28.856972584312874,28.963136267346531,29.081136633295568,29.211725301302852,29.355772694190406,29.514357677539635,29.688854422080613
501,28.261534216836345,28.264009135487168,28.27147142936964,28.284033512087376,28.301882042212373,28.32527677031965,28.354548707511018,28.390097393174557,28.43238697888491,28.481940804607515,28.539334152585791,28.60518498573931,28.680142843791707,28.764876933046526,28.860066147311869,28.966396431767635,29.084573760587396,29.215361615703205,29.359646723885522,29.518524326876605,29.693378658136325
502,28.263206572978149,28.265689942502284,28.273177548409219,28.285781676698125,28.30368875362938,28.327158162632333,28.356520369978888,28.392174137893257,28.434582545668654,28.484267504089406,28.541802469015021,28.607803205467253,28.682916865422516,28.767810567718051,28.863162397213436,28.969660280135187,29.088016624727153,29.219006603664859,29.363532509366845,29.522704832934537,29.697916905034955
503,28.264884636225418,28.267376447470443,28.274889336765533,28.287535458921163,28.305501001790248,28.329044972987845,28.358497282879668,28.394255903718488,28.436782829671163,28.486598533247314,28.54427464677596,28.610424768701044,28.685693751119306,28.770746803533417,28.866261481206127,28.972928007788852,29.091465401240782,29.222660319704918,29.367429909349056,29.526898877086797,29.702468789055509
504,28.266568400373124,28.269068643921095,28.276606787161892,28.289294850111283,28.307318776104971,28.330937188304087,28.360479430218323,28.396342671641623,28.438987809484594,28.488933870425988,28.546750669205004,28.613049674275047,28.688473532195278,28.773685723955758,28.869363544038446,28.976199798761996,29.0949202478266,29.226322804133233,29.371338783908421,29.531106160313637,29.707033962982127
505,28.268257859036684,28.270766525201982,28.278329892134877,28.291059841432716,28.309142065797488,28.332834795336574,28.362466795899408,28.398434422692478,28.441197464036307,28.491273494898685,28.549230521584033,28.615677924256591,28.691256243877717,28.776627414725123,28.872468727349833,28.979475826084485,29.098381306061466,29.229994085184217,29.375258995102261,29.535326401386239,29.711612103233339
506,28.269953005650599,28.272470084478073,28.280058644034234,28.292830423860682,28.310970859909556,28.334737780686506,28.364459363742913,28.400531137971253,28.443411772648393,28.49361738695362,28.551714191204823,28.618309523857306,28.694041924908515,28.779571963181599,28.875577169174132,28.982756252186075,29.101848702937524,29.233674180777022,29.379190407391434,29.539559335292257,29.716202907446895
507,28.271653833467166,28.274179314730716,28.281793035022886,28.29460658818294,28.312805147305006,28.336646130809353,28.366457117501849,28.402632798682962,28.445630715097597,28.495965527972142,28.554201667409846,28.62094448131446,28.696830617147256,28.782519457666304,28.878689003569878,28.986041229345339,29.105322552250598,29.237363100015504,29.38313288794529,29.543804711839346,29.720806092379416
508,28.273360335555584,28.275894208756871,28.283533057077186,28.296388325001768,28.314644916674428,28.338559832024664,28.368460040881459,28.404739386173709,28.447854271674281,28.498317900497373,28.556692941611516,28.623582807751035,28.699622365185935,28.785469986993125,28.881804360346973,28.989330900160422,29.108802955861396,29.241060844483023,29.387086306860077,29.548062294403529,29.725421392057498
509,28.275072504801109,28.277614759168717,28.285278701987458,28.298175624736256,28.316490156540528,28.34047887052678,28.370468117560133,28.406850881968392,28.450082423239358,28.50067448829186,28.55918800729048,28.626224517017647,28.702417215978532,28.788423639990476,28.884923364885751,28.992625398038896,29.112290004828974,29.244767409333043,29.391050537291513,29.552331858823763,29.73004855618106
510,28.276790333904465,28.279340958393334,28.287029961358666,28.299968477624841,28.318340855263816,28.342403232396482,28.372481331211603,28.408967267809135,28.452315151278889,28.503035276386733,28.561686859978916,28.62886962552404,28.705215218485641,28.791380505094747,28.888046138017195,28.995924847692731,29.115783780450951,29.248482784244114,29.395025455536814,29.556613192396252,29.734687348693544
511,28.278513815381562,28.281072798672717,28.288786826611489,28.301766873728283,28.320197001049188,28.344332903613846,28.374499665528667,28.411088525694229,28.454552437954785,28.505400251118246,28.564189497224341,28.631518152059083,28.708016423342244,28.79434067001317,28.891172795979084,28.99922936563107,29.119284355178927,29.252206954204674,29.399010941058265,29.560906092997296,29.739337546562126
512,28.280242941563269,28.282810272063955,28.290549288983559,28.303570802933098,28.32205858195309,28.346267870072129,28.376523104248047,28.413214637916958,28.456794266151164,28.507769400153478,28.56669591853921,28.634170117606999,28.710820882549871,28.797304221440143,28.894303450418338,29.00253906063752,29.122791793440573,29.255939900187641,29.403006876477122,29.565210368294657,29.743998938695729
513,28.281977704595608,28.284553370439717,28.292317339531138,28.305380254955359,28.323925585891356,28.348208117592755,28.378551631176133,28.415345587103463,28.459040619515761,28.510142712506116,28.569206125339896,28.63682554516415,28.713628649193126,28.800271244817324,28.897438208425623,29.005854034228271,29.126306152384451,29.259681599740077,29.407013147547712,29.56952583503077,29.748671324972328
514,28.283718096440055,28.286302085488966,28.294090969130956,28.307195219345104,28.325798000647954,28.350153631941012,28.380585230215011,28.417481356249183,28.461291482496229,28.512520178542932,28.57172012087706,28.639484459558464,28.716439777179481,28.803241824132087,28.900577172596083,29.009174381091007,29.129827482555825,29.263432027497583,29.411029643114738,29.573852318370463,29.753354515364318
515,28.285464108874109,28.288056408717917,28.295870168482569,28.309015685491037,28.327675813884198,28.352104398842823,28.382623885389087,28.419621928753749,28.463546840370789,28.514901789980957,28.574237910158104,28.642146887272766,28.71925432100349,28.806216041755015,28.903720441116043,29.01250018950309,29.133355828500395,29.267191155620942,29.415056255053472,29.578189651315963,29.758048329165373
516,28.287215733492193,28.289816331451341,28.297654928110965,28.310841642625956,28.329559013148842,28.354060404001913,28.384667580871408,28.421767288454085,28.465806679274767,28.517287539878335,28.576759499865002,28.6448128562722,28.722072335528669,28.809193978303075,28.906868107864646,29.015831541733224,29.136891229319893,29.270958954184255,29.41909287820161,29.582537674165888,29.762752594282286
517,28.288972961706769,28.291581844834145,28.299445238369579,28.31267307983266,28.331447585888817,28.356021633117841,28.386716301010075,28.423917419654948,28.468070986220692,28.519677422616255,28.579284898266486,28.647482395838814,28.724893875795185,28.812175712538203,28.910020262533624,29.019168514417046,29.140433719160765,29.274735391498144,29.423139410281394,29.586896234034381,29.767467146614244
518,28.290735784749788,28.293352939833255,28.301241089443774,28.314509986050275,28.333341519460625,28.357988071904437,28.388770030354006,28.426072307157092,28.470339749113439,28.522071433874704,28.581814115127713,28.650155536413866,28.727718996847837,28.815161321289363,28.913176990754945,29.022511178910609,29.143983327656887,29.278520434392277,29.427195751818353,29.591265184410712,29.772191829489316
519,28.292504193674507,28.295129607239971,28.303042471354804,28.316352350081477,28.335240801142387,28.359959706108484,28.390828753677972,28.428231936282444,28.472612956759949,28.524469570602417,28.584347161618727,28.652832309449042,28.730547753583544,28.81815087939599,28.916338374234343,29.025859601621502,29.147540080328302,29.282314048460023,29.431261806057634,29.595644384757939,29.776926493155589
520,28.294278179357502,28.296911837672514,28.304849373964039,28.31820016059984,28.33714541814631,28.361936521528634,28.39289245600693,28.430396292897242,28.474890598875625,28.526871830983502,28.586884050222665,28.655512747264073,28.733380200611951,28.821144459664467,28.91950449088732,29.029213844324737,29.151103998952134,29.286116198279959,29.435337478879656,29.600033700136112,29.781670994306292
521,28.296057732501261,28.298699621579146,28.306661786977905,28.320053406158063,28.339055357631842,28.363918504034348,28.394961122638815,28.432565363430939,28.477172666084059,28.529278214398079,28.589424794644703,28.658196882917292,28.736216392140051,28.824142132847321,28.922675414977512,29.032573964449544,29.154675101883399,29.289926847597041,29.439422678715541,29.604433000869808,29.786425195665537
522,28.297842843637007,28.300492949241569,28.308479699953139,28.321912075196554,28.340970606718905,28.365905639584454,28.397034739166273,28.434739134893306,28.479459149914586,28.531688721381911,28.59196940972291,28.660884750081532,28.739056381864135,28.82714396762811,28.925851217254177,29.035940015356022,29.158253404359755,29.29374595949119,29.443517316462945,29.608842162230363,29.791188965594227
523,28.299633503127847,28.302291810778744,28.310303102302427,28.323776156052393,28.342891152501668,28.367897914245827,28.399113291497272,28.436917594888822,28.481750042796051,28.534103353582751,28.594517911339654,28.663576382928206,28.741900222876527,28.830150030620111,28.929031965090928,29.039312046593469,29.161838918775025,29.297573496521114,29.447621305402066,29.613261064145878,29.795962177733674
524,28.301429701172619,28.30409619615126,28.312131983300759,28.325645636968993,28.344816982062454,28.369895314211323,28.401196765873724,28.43910073162737,28.484045338045945,28.536522113714064,28.597070316336438,28.666271816022565,28.744747967588953,28.833160386377696,28.932217722621697,29.042690104136192,29.165431654919576,29.301409420844088,29.451734561114055,29.6176895909406,29.800744710688139
525,28.3032314278095,28.305906095165632,28.313966332091617,28.32752050610555,28.346748082485604,28.37189782581785,28.403285148890365,28.441288533935587,28.486345029860612,28.538945005509696,28.599626642428518,28.668971084217112,28.747599667652079,28.836175097403942,28.935408550876204,29.046074230623841,29.169031620228644,29.305253694342092,29.455857001399359,29.622127631067492,29.805536447698188
526,28.305038672921047,28.307721497479992,28.315806137694707,28.329400751547944,28.348684440872017,28.373905435563096,28.405378427508829,28.443480991259104,28.488649113294326,28.541372033672111,28.602186908127226,28.671674222572648,28.750455373916044,28.839194224189988,28.93860450790941,29.049464465546119,29.17263881994776,29.309106278687278,29.45998854620138,29.626575076914765,29.810337276412437
527,28.306851426238971,28.309542392609508,28.317651389013218,28.331286361319126,28.350626044353124,28.375918130121963,28.40747658907242,28.445678093667752,28.490957584243439,28.543803203825657,28.604751132662937,28.674381266270615,28.753315136373207,28.842217825236016,28.941805648927222,29.052860845448354,29.176253257336125,29.312967135438914,29.464129117531165,29.631031824579228,29.815147088613269
528,28.308669677349378,28.31136876993223,28.31950207484164,28.333177323389815,28.352572880104869,28.377935896362434,28.409579621319381,28.447879831857627,28.493270439426819,28.5462385224677,28.607319335910443,28.677092250534738,28.756179004114806,28.845245957083716,28.945012026410879,29.0562634041178,29.179874933840452,29.316836226117928,29.468278639393382,29.635497773666231,29.819965779978482
529,28.310493415698616,28.313200618695642,28.321358183874136,28.335073625689688,28.354524935361699,28.379958721360442,28.411687512393723,28.450086197149886,28.495587676363368,28.548677996919601,28.609891538319385,28.679807210562924,28.759047025299413,28.848278674354653,28.948223690235174,29.059672172751597,29.183503849246115,29.320713512267403,29.472437037716134,29.63997282711038,29.824793249869209
530,28.312322630599677,28.315037928023649,28.323219704713331,28.33697525611867,28.35648219743009,28.381986592413519,28.413800250854074,28.452297181487399,28.497909293348314,28.551121635279088,28.612467760849224,28.68252618146612,28.761919247127761,28.851316029790556,28.951440687781282,29.063087180112674,29.187140001814502,29.324598955505021,29.476604240283745,29.644456891009497,29.829629401134643
531,28.314157311238993,28.316880686923938,28.325086625879315,28.338882202558263,28.35844465370181,28.384019497053679,28.415917825681429,28.454512777429962,28.500235289428659,28.553569446372908,28.615048024906937,28.685249198211842,28.764795715822622,28.854358074295838,28.954663064046212,29.066508452676604,29.190783388409844,29.328492517569089,29.480780176671633,29.648949874468684,29.834474139929345
532,28.315997446682612,28.318728884294813,28.326958935818237,28.340794452882694,28.360412291667458,28.386057423061363,28.418040226288628,28.456732978151784,28.502565664380235,28.556021439709209,28.617632352280722,28.687976295560556,28.767676476600709,28.857404856976196,28.957890861756862,29.069936014792045,29.194434004642691,29.332394160375184,29.484964778178377,29.653451689428589,29.839327375510557
533,28.317843025884645,28.320582508934177,28.328836622912654,28.342711994970688,28.362385098928574,28.388100358474784,28.420167442521862,28.458957777429323,28.504900418678037,28.558477625432765,28.620220765091691,28.690707508033402,28.770561573677263,28.860456425191202,28.961124121462404,29.073369888784388,29.198091844945719,29.336303846031594,29.489157977770557,29.65796225055751,29.844189020116268
534,28.319694037694926,28.322441549547626,28.330719675491,28.344634816716741,28.364363063209801,28.390148291600486,28.422299464665084,28.461187169633362,28.507239553470814,28.56093801428127,28.622813285739934,28.693442869866647,28.773451050254252,28.863512824596715,28.964362881632802,29.076810095084035,29.201756902682384,29.340221536876896,29.49335971002364,29.662481475113523,29.849058988804384
535,28.321550470866303,28.324305994756365,28.332608081837019,28.346562906042475,28.366346172371617,28.39220121102494,28.424436283445562,28.463421149721892,28.509583070555021,28.563402617539296,28.625409936847195,28.696182414963424,28.776344948508086,28.866574099190107,28.967607178762041,29.080256652358933,29.205429170257258,29.344147195516406,29.497569911060392,29.667009282804219,29.853937199289767
536,28.323412314064552,28.326175833107445,28.334501830200722,28.34849625090785,28.368334414420019,28.394259105619405,28.426577890029684,28.465659713223374,28.511930972345144,28.565871447000983,28.628010741223498,28.698926176879155,28.779243309605942,28.869640291360156,28.970857047440852,29.083709577587872,29.209108639164061,29.348080784825857,29.501788518506359,29.671545595707602,29.858823571856586
537,28.325279555876133,28.328051053081932,28.336400908807796,28.350434839322162,28.370327777518327,28.396321964550086,28.428724276027008,28.467902856228591,28.514283261848334,28.568344514926864,28.630615721814252,28.701674188777577,28.782146173695583,28.872711441930274,28.974112520454032,29.087168886185196,29.212795300089532,29.352022267985774,29.506015471431464,29.676090338138959,29.863718029203586
538,28.327152184817471,28.329931643104551,28.338305305870101,28.352378659355072,28.37232624999724,28.398389777284279,28.430875433488254,28.470150575376447,28.516639942636306,28.570821834005429,28.633224901661876,28.704426483408064,28.785053579913917,28.875787590205885,28.977373628859386,29.090634592088172,29.216489142977203,29.355971608494048,29.510250710301897,29.680643436556846,29.868620496337766
539,28.329030189344575,28.33181759155363,28.340215009595997,28.354327699146875,28.374329820363531,28.400462533594698,28.433031354901743,28.47240286783936,28.519001018818802,28.573303417318421,28.63583830387244,28.707183093087323,28.787965566397126,28.878868774019168,28.980640402059965,29.094106707835657,29.220190157083927,29.359928770175951,29.514494176935663,29.685204819477555,29.873530900477917
540,28.330913557861599,28.333708886769955,28.342130008200339,28.356281946919623,28.37633847731118,28.402540223567801,28.435192033194401,28.474659731311753,28.521366495016242,28.575789278299396,28.638455951569757,28.709944049666568,28.790882170280909,28.881955029775373,28.983912867892531,29.097585244673546,29.223898331062472,29.363893717206597,29.518745814449176,29.68977441736229,29.878449170925276
541,28.332802278742133,28.335605517078019,28.344050289925089,28.358241390995953,28.378352209736246,28.404622837611949,28.437357461730798,28.476921163999489,28.523736376342399,28.578279430716517,28.641077867887947,28.712709384542702,28.793803427734396,28.885046392505465,28.987191052687471,29.101070212607016,29.227613652993714,29.367866414117351,29.523005565645089,29.694351359172888,29.88332681192119
542,28.334696340296961,28.337507470754236,28.345975843008841,28.360206019770025,28.380371006708302,28.406710366426989,28.439527634276953,28.479187164573293,28.526110668344494,28.580773888600774,28.643704075896185,28.715479128594769,28.796729373925462,28.888142895871145,28.990474981308626,29.104561620450838,29.231336110405596,29.37184682391576,29.527273149196503,29.698928738305792,29.888172741055783
543,28.336595730845545,28.339414736098306,28.34790665575747,28.362175821776365,28.382394857535399,28.408802801062311,28.441702545048344,28.481457732204827,28.52848937702823,28.583272666265522,28.646334598622801,28.718253312225322,28.799660043090242,28.891244572266352,28.99376467727993,29.108059475959774,29.235065689639498,29.37583486040652,29.531547317730894,29.703501940395476,29.893001053349103
544,28.338500438685088,28.341327301402455,28.349842716513727,28.364150785659248,28.384423751731838,28.410900132880759,28.443882188667427,28.483732866515897,28.530872508799256,28.585775778244336,28.64896945899763,28.721031965317167,28.802595468512255,28.894351452819674,28.997060162799823,29.111563785617953,29.238802366255225,29.379830257779194,29.535826426901149,29.708070243030846,29.897816734158738
545,28.340410452110696,28.343245154971527,28.351784013677015,28.366130900191308,28.386457679033953,28.413002353569194,28.446066560166152,28.486012567571379,28.533260070447348,28.58828323927116,28.651608679836684,28.723815117233311,28.80553568254636,28.8974635674439,29.000361458753513,29.115074552782055,29.242546079108802,29.383832559543951,29.540109169644808,29.712633886699216,29.902622637385583
546,28.342325759425378,28.345168285132981,28.353730535712987,28.368116154281974,28.388496629405651,28.415109455138808,28.448255654978883,28.488296835863295,28.535652069122822,28.590795064253605,28.654252283820615,28.726602796810187,28.808480716634293,28.900580944862021,29.003668584371454,29.118591772245466,29.246296710424144,29.387841224689403,29.544394638755513,29.717193336955138,29.907420669090353
547,28.344246348949902,28.34709668024664,28.355682271162912,28.370106536985396,28.390540593043433,28.417221429925004,28.450449468934877,28.490585672294959,28.538048512313537,28.593311268247703,28.656900293474866,28.729395032352453,28.811430601317767,28.903703612561593,29.006981556087318,29.122115423287134,29.250054088142143,29.391855715128237,29.548682225764026,29.721749090560849,29.912212213019902
548,28.346172209032719,28.349030328714456,28.357639208652781,28.372102037508053,28.392589560380763,28.419338270586596,28.452647998250388,28.492879078165025,28.540449407822688,28.59583186643399,28.65955273115167,28.7321918516285,28.814385366237136,28.906831596568754,29.010300385612005,29.125645465099172,29.253818001432801,29.395875538813577,29.55297152695664,29.726301618511613,29.916998328954843
549,28.34810332805964,28.350969218990038,28.359601336902202,28.374102645215903,28.394643522092061,28.421459970104461,28.454851239520291,28.495177055151803,28.542854763747265,28.598356874094858,28.662209619013389,28.734993281864096,28.817345040089592,28.909964920968907,29.013625077823921,29.129181835990625,29.257588218195412,29.399900264244963,29.557262277008537,29.730851350865532,29.921779859147922
550,28.350039694463536,28.352913339588138,28.361568644732969,28.376108349641214,28.396702469096066,28.42358652177985,28.457059189709668,28.497479605297549,28.545264588457218,28.600886306593214,28.664870979016701,28.737799349727798,28.820309650516702,28.913103607218979,29.016955629137922,29.132724455538177,29.261364499253265,29.403929521052092,29.561554304791265,29.735398675087417,29.926557491591669
551,28.351981296733758,28.354862679093806,28.363541121077432,28.378119140488899,28.398766392558773,28.425717919232014,28.459271846144865,28.499786730993026,28.547678890575384,28.603420179352131,28.667536832895976,28.74061008129901,28.823279223909584,28.916247673390775,29.0202920266583,29.136273228206843,29.265146608379883,29.407962994870545,29.56584750378029,29.73994393896163,29.931331800492863
552,28.353928123425518,28.356817226171486,28.365518754986525,28.380135007642494,28.400835283895844,28.427854156395501,28.461489206504567,28.50209843496221,28.550097678958025,28.605958507835201,28.670207202143288,28.743425502009792,28.826253785141546,28.91939713348556,29.0236342481276,29.139828047421247,29.268934318592414,29.412000420170646,29.570141812539084,29.74448745488947,29.936103272903999
553,28.355880163168944,28.358776969573743,28.367501535637466,28.382155941169717,28.402909134774653,28.429995227517164,28.463711268810517,28.50441472024729,28.55252096267607,28.608501307526819,28.672882107981707,28.746245636556296,28.829233357262805,28.922551996927801,29.026982262485138,29.143388799341221,29.272727415759224,29.416041573225698,29.574437201227138,29.74902950406096,29.940872327767675
554,28.357837404677994,28.360741898149886,28.369489452341135,28.384181931327642,28.404987937115791,28.432141127152629,28.4659380314183,28.506735590193831,28.554948750996655,28.611048593911391,28.675561571328956,28.749070508783145,28.832217961194694,28.925712268267088,29.030336030801237,29.14695536612258,29.276525700442477,29.420086265587514,29.578733662193947,29.753570340408729,29.945639329640926
555,28.359799836759169,28.362712000854227,28.371482494549234,28.386212968567474,28.407071683094223,28.434291850162538,28.468169493007881,28.509061048436152,28.557381053364974,28.613600382450123,28.67824561274946,28.751900141546113,28.835207615455047,28.928877947102077,29.03369550744145,29.150527628541557,29.280328988397589,29.424134338438989,29.583031203633315,29.758110194030184,29.950404598636979
556,28.361767448319839,28.364687266754093,28.373480651860966,28.388249043538927,28.409160365140004,28.436447391708494,28.47040565257409,28.511391098882978,28.559817879385555,28.616156688554121,28.680934252394486,28.754734556565573,28.8382023359407,28.932049028186071,29.037060641276305,29.154105468011181,29.284137110392589,29.428185657855696,29.587329844915022,29.762649274123575,29.955168418198227
557,28.36374022837645,28.366667685037559,28.375483914029452,28.390290147094149,28.411253975938688,28.438607747248643,28.472646509417132,28.513725745702864,28.562259238802969,28.61871752755307,28.683627509932613,28.757573774281845,28.84120213577836,28.935225501671123,29.040431376849252,29.1576887680909,29.28794991160855,29.432240110798787,29.591629613218423,29.767187771535351,29.959931041107033
558,28.365718166062361,28.368653245020891,28.377492270967828,28.392336270291505,28.413352508431281,28.440772912533177,28.474892063132888,28.516064993309762,28.564705141481024,28.621282914659233,28.686325404473276,28.760417813720785,28.844207025240163,28.938407353445921,29.0438076554661,29.161277415596931,29.291767250775557,29.436297601739206,29.595930541098081,29.771725860949427,29.964692694240625
559,28.367701250635442,28.370643936155687,28.379505712754938,28.394387404398671,28.415455955813947,28.442942883599382,28.477142313603164,28.518408846348031,28.567155597380246,28.623852864926288,28.689027954485955,28.763266692378394,28.847217011732084,28.941594565548311,29.047189416160172,29.164871301317842,29.295588999161112,29.440358049935618,29.600232664793033,29.776263702717799,29.969453582257422
560,28.369689471485277,28.372639748035596,28.381524229640728,28.396443540895575,28.417564311537344,28.445117656766659,28.479397260985714,28.520757309676942,28.569610616533236,28.626427393204338,28.691735177719742,28.766120426128293,28.850232099836163,28.944787116600377,29.050576596526909,29.168470320492666,29.299415039568434,29.44442138713254,29.604536022903144,29.780801444458973,29.974213890690478
561,28.371682818140197,28.374640670402943,28.383547812051262,28.398504671476974,28.419677569305541,28.447297228631129,28.481656905704096,28.523110388354471,28.572070209017792,28.629006514091849,28.694447091126996,28.768979029156302,28.853252291401276,28.94798498224802,29.053969133426332,29.172074373088765,29.303245265355535,29.448487555643677,29.608840655418373,29.785339222432246,29.978973788473432
562,28.373681280273839,28.376646693154704,28.385576450593426,28.400570788054619,28.421795723074933,28.449481596060131,28.483921248437024,28.525468087619977,28.574534384928086,28.631590241886066,28.697163710792822,28.771842513918536,28.856277585666742,28.951188135591252,29.057366963578829,29.175683363939243,29.307079579484991,29.452556506733089,29.613146602997844,29.789877162736364,29.98373343004813
563,28.375684847711543,28.378657806348553,28.387610136059326,28.402641882759145,28.423918767052506,28.451670756186399,28.486190290107441,28.527830412876014,28.577003154343842,28.634178590532887,28.699885051872947,28.774710891124244,28.859307979414606,28.954396547596669,29.06077002405322,29.179297202755091,29.310917893629099,29.456628199278136,29.617453906451058,29.794415382342262,29.98849295710642
564,28.377693510436284,28.38067400020816,28.38964885943026,28.404717947941588,28.426046695694033,28.45386470640182,28.488464031870933,28.530197369668873,28.579476527298077,28.636771573577597,28.702611128541733,28.777584169743257,28.8623434671434,28.957610187479879,29.064178252649018,29.182915804045134,29.314760127353814,29.460702598671091,29.621762606367213,29.79895398998006,29.9932525000346
565,28.379707258594301,28.382695265128472,28.391692611880348,28.40679897617461,28.428179503701834,28.456063444351042,28.490742475103644,28.532568963668076,28.58195451374365,28.639369204117838,28.705341953951248,28.780462357032661,28.865384041249946,28.960829023052934,29.067591588200752,29.186539086991569,29.318606207376853,29.464779675877526,29.626072742827532,29.80349308692443,29.998012179167276
566,28.381726082500471,28.384721591680485,28.393741384779965,28.408884960253367,28.430317186022311,28.45826696792447,28.493025621389371,28.534945200644849,28.584437123519699,28.641971494760007,28.708077540201121,28.783345458578847,28.868429692213713,28.964053021037643,29.07100997081973,29.19016697529467,29.322456066888524,29.468859406628123,29.630384355188777,29.808032767692126,30.002772105875323
567,28.383749972643241,28.386752970615714,28.395795169698687,28.410975893196056,28.432459737843075,28.460475275250978,28.495313472506112,28.53732608644976,28.586924366318154,28.644578457580042,28.710817898320041,28.786233478354298,28.871480408780812,28.967282147342523,29.074433342072084,29.193799396985458,29.326309644939908,29.472941770751913,29.634697481940716,29.812573120645844,30.007532383478171
568,28.385778919689365,28.388789392870457,28.397853958408046,28.413071768244254,28.434607154589795,28.462688364690209,28.497606030412076,28.539711626989959,28.589416251650814,28.647190104087176,28.713563038253447,28.789126418780636,28.874536178145426,28.970516367319846,29.077861645126983,29.197436284229056,29.330166885869101,29.477026751571998,29.639012160589782,29.817114228554892,30.012293108081391
569,28.387812914488158,28.390830849569561,28.399917742883865,28.415172578862755,28.436759431922656,28.464906234824227,28.499903297230823,28.54210182820567,28.591912788817524,28.64980644519402,28.716312968864681,28.792024280805364,28.877596986125269,28.973755645978912,29.081294824840079,29.201077573107309,29.334027738807752,29.481114335440083,29.643328427604978,29.821656169060105,30.017054369245074
570,28.38985194807556,28.392877332029919,28.401986515308241,28.417278318739147,28.438916565732434,28.46712888444879,28.502205275235902,28.544496696046625,28.594413986876024,28.652427491191613,28.719067697943959,28.794927063983039,28.880662817327561,28.976999948172033,29.084732827809152,29.20472320340615,29.337892157235011,29.485204511326639,29.647646318378438,29.826199015095789,30.021816250585925
571,28.391896011677645,28.394928831763611,28.404060268071301,28.419388981783026,28.441078552136016,28.469356312564077,28.504511966835025,28.546896236448543,28.596919854613713,28.655053251729584,28.721827232224271,28.79783476655901,28.883733655304347,28.980249238755682,29.088175602408015,29.208373118409099,29.341760098572557,29.48929727046082,29.651965867200552,29.8307428352723,30.026578830317238
572,28.393945096714091,28.396985340480779,28.406138993772469,28.421504562124863,28.443245387471876,28.471588518364999,28.506823374553907,28.549300455310107,28.599430400521772,28.657683735801161,28.72459157740299,28.800747385554164,28.886809482697174,28.983503482729944,29.091623098801367,29.212027264695877,29.345631523816724,29.493392606017405,29.656287107249607,29.835287694221684,30.031342181729794
573,28.395999194801092,28.399046850092102,28.40822268522157,28.423625054114552,28.445417068294702,28.473825501230969,28.509139501019778,28.551709358470447,28.601945632771706,28.660318951733146,28.727360738169182,28.803664916850312,28.889890281371095,28.98676264535619,29.095075268940786,29.215685591946283,29.349506397209186,29.497490512851353,29.660610070595677,29.839833652905696,30.036106373612604
574,28.398058297754023,28.401113352710937,28.410311335439442,28.425750452319459,28.447593591370001,28.476067260715404,28.511460348944805,28.55412295168745,28.604465559194466,28.662958907180485,28.730134718235284,28.80658735527506,28.89297603253808,28.990026692255658,29.098532066545864,29.219348052751183,29.353384685941489,29.501590987271072,29.664934788214417,29.844380768891696,30.040871470624541
575,28.400122397589818,28.403184840655221,28.41240493765833,28.427880751522313,28.449774953668058,28.47831379653481,28.513785921109584,28.556541240616827,28.606990187261712,28.665603609123956,28.732913520371319,28.809514694684925,28.896066716871839,28.99329558949502,29.101993447077259,29.223014602431849,29.357266359882985,29.505694026834707,29.669261290004489,29.848929096608224,30.045637533636093
576,28.402191486529063,28.40526130644907,28.414503485321994,28.430015946718711,28.451961152357761,28.48056510855767,28.516116220346568,28.558964230792004,28.609519524069142,28.668253063871322,28.735697146441996,28.812446928047304,28.899162314614291,28.996569303658532,29.105459367700782,29.226685198865475,29.36115139133263,29.509799630172822,29.673589604811276,29.853478687578093,30.050404620036876
577,28.40426555699743,28.407342742823708,28.416606972085081,28.432156033113831,28.454152184799646,28.482821196792706,28.518451249523665,28.561391927606223,28.612053576325227,28.67090727706637,28.738485597449557,28.815384047517707,28.902262805660985,28.999847801889445,29.108929787233915,29.23035980233044,29.365039754825965,29.513907796865468,29.677919760459538,29.858029590602726,30.055172783971706
578,28.406344601627083,28.409429142718341,28.418715391812476,28.434301006119259,28.456348048538839,28.48508206137738,28.520791011528431,28.56382433629512,28.614592350339922,28.673566253696276,28.741278873573155,28.818326044513682,28.90536816964789,29.003131051940326,29.112404666103899,29.234038375353705,29.368931426927709,29.518018527298498,29.682251783778209,29.862581851960872,30.059942076600727
579,28.408428613257634,28.411520499280627,28.420828738578241,28.436450861349194,28.458548741297705,28.487347702566133,28.523135509252587,28.566261461921101,28.617135852016595,28.676229998103157,28.744076974210621,28.821272909785392,28.908478386026577,29.006419022207076,29.115883966296419,29.237720882568464,29.372826386055362,29.522131822551682,29.686585700631401,29.867135515578802,30.064712546317022
580,28.410517584936922,28.41361680586693,28.422947006664295,28.438605594616558,28.460754260968304,28.489618120718621,28.525484745576801,28.56870330935832,28.619684086845265,28.678898513996952,28.746879898020445,28.824224633483944,28.911593434134566,29.009711681758134,29.119367651303364,29.241407290577406,29.376724612312319,29.526247684294344,29.690921535949254,29.871690623192571,30.069484238953557
581,28.412611509921017,28.415718056041822,28.425070190558333,28.44076520192835,28.462964605604277,28.491893316287921,28.527838723356751,28.571149883280881,28.622237059900701,28.681571804472703,28.749687642963568,28.82718120522118,28.914713293249488,29.013009000347875,29.122855686067719,29.245097567834062,29.380626087354386,29.530366114709224,29.695259313760186,29.876247214480678,30.074257197948874
582,28.414710381674261,28.417824243577574,28.427198284951771,28.442929679480908,28.465179773412711,28.494173289808987,28.530197445409339,28.573601188150999,28.624794775840012,28.684249872026946,28.752500206344596,28.83014261412989,28.917837942644965,29.016310948431723,29.126348036928984,29.248791684522999,29.384530794253831,29.534487116413935,29.699599057222834,29.880805327198932,30.07903146451595
583,28.416814193869079,28.419935362453483,28.429331284737511,28.445099023655235,28.46739976274613,28.496458041887088,28.532560914499257,28.576057228207837,28.627357238901169,28.686932718574841,28.755317584852587,28.833108848921853,28.920967361643044,29.019617497178984,29.129844671569597,29.252489612444265,29.388438717368455,29.538610692385262,29.703940788656919,29.885364997311221,30.08380707780605
584,28.418922940385126,28.422051406854465,28.431469185006996,28.447273231011511,28.469624572093885,28.498747573186389,28.534929133326809,28.57851800745928,28.62992445290579,28.689620345470932,28.758139774601489,28.83607989793834,28.924101529652354,29.022928618471244,29.133345558958165,29.256191324914163,29.392349842241678,29.542736845910053,29.708284529575735,29.889926259092764,30.088584075034071
585,28.421036615307688,28.424172371168972,28.43361198104661,28.449452298283084,28.471854200073476,28.501041884419219,28.537302104517458,28.580983529676438,28.632496421264747,28.692312753530913,28.760966771167354,28.83905574919271,28.927240426196573,29.026244284895615,29.136850669297516,29.259896796679982,29.396264155518455,29.546865580544672,29.712630300715126,29.894489145219826,30.093362491587417
586,28.423155212927043,28.426298249987813,28.435759668334967,28.451636222371384,28.474088645422324,28.503340976334908,28.539679830609494,28.583453798384259,28.635073146978687,28.695009943049669,28.763798569627632,28.84203639042375,28.930384030960308,29.029564469752476,29.140359973971666,29.263606003812907,29.400181644827885,29.550996900049906,29.716978122064198,29.899053686888298,30.09814236117316
587,28.425278727735897,28.42842903810109,28.437912242538367,28.453825000339211,28.476327906988807,28.505644849709725,28.542062314045793,28.585928816859788,28.637654632647955,28.697711913825387,28.766635164595449,28.845021809128149,28.933532323802886,29.032889147037473,29.143873445495693,29.267318923641756,29.40410229872769,29.555130808371594,29.721328012892883,29.903619913878192,30.102923715893059
588,28.427407154427328,28.430564730495668,28.440069699506914,28.456018629404724,28.478571983724041,28.507953505337085,28.544449557164715,28.588408588127979,28.640240880478235,28.700418665179193,28.769476550253152,28.848011992599623,28.936685284786225,29.036218291437699,29.147391057468351,29.271035534671046,29.408026106620866,29.559267309598795,29.725679991779,29.908187854641746,30.1077065863511
589,28.42954048789294,28.43270532235282,28.442232035270681,28.458217106935397,28.480820874673253,28.510266944017193,28.546841562190391,28.590893114956845,28.642831892286551,28.703130195976666,28.772322720388413,28.851006927969806,28.939842894201632,29.039551878324165,29.150912784520816,29.274755816498494,29.411953058675561,29.563406407926209,29.730034076637047,29.912757536389424,30.112491001757189
590,28.431678723219271,28.434850809044178,28.444399246034433,28.460420430441079,28.483074578967475,28.512585166548774,28.549238331227301,28.593382399858669,28.645427669512401,28.705846504649447,28.775173668421992,28.854006602232523,28.94300513257831,29.042889883735,29.154438602274535,29.278479749760084,29.415883145779095,29.567548107638284,29.734390284741792,29.917328985144831,30.11727698999108
591,28.433821855684556,28.437001186128118,28.446571328172755,28.462628597567434,28.485333095815481,28.514908173720578,28.551639866253833,28.595876445089377,28.648028213226745,28.708567589215782,28.778029387437236,28.857011002272799,28.94617198069761,29.046232284362201,29.157968487297339,29.282207316067499,29.419816359481857,29.571692413086488,29.73874863275287,29.921902225808481,30.122064577677843
592,28.435969880756918,28.439156449347369,28.448748278226251,28.464841606089873,28.487596424495123,28.517235966300994,28.554046169112603,28.598375252643933,28.650633524138229,28.711293447301976,28.780889870215681,28.860020114907158,28.949343419619954,29.049579057544978,29.161502417053132,29.28593849792561,29.423752691916011,29.575839328650332,29.743109136743172,29.926477282244768,30.126853790293151
593,28.438122794088166,28.441316594622545,28.450930092894396,28.467059453905879,28.489864564346252,28.519568545033625,28.556457241511385,28.600878824264978,28.653243602609301,28.71402407616193,28.783755109252489,28.863033926886409,28.952519430670794,29.052930181242651,29.165040369873214,29.289673278714663,29.427692135794199,29.579988858748958,29.74747181221457,29.931054177295742,30.131644652174856
594,28.440280591512476,28.443481618050313,28.453116769032103,28.469282139029168,28.492137514761961,28.521905910626209,28.558873085012156,28.603387161436459,28.65585844866089,28.716759472698485,28.786625096794491,28.866052424940868,28.955699995472887,29.056285634030857,29.168582324903408,29.293411642599391,29.431634684317942,29.584141007795669,29.751836674127919,29.935632932877304,30.136437186640126
595,28.442443269039579,28.445651515896397,28.455308303642234,28.471509659582082,28.494415275182181,28.524248063747486,28.561293701033737,28.605900265393664,28.658478061988745,28.719499633481114,28.789499824851628,28.869075595778366,28.958885095929137,29.059645395075364,29.172128262080602,29.297153574518536,29.435580331182415,29.588295780211503,29.75620373691606,29.940213569986859,30.141231415990063
596,28.444610822852287,28.447826284592587,28.457504693871428,28.47374201378949,28.496697845085485,28.526595005017896,28.563719090843669,28.60841813712031,28.661102441970456,28.722244554766384,28.792379285229405,28.872103426119644,28.962074714244665,29.063009444123384,29.175678162085685,29.300899060110883,29.439529070505497,29.592453180392798,29.76057301451041,29.944796108780444,30.146027361602364
597,28.446783249300477,28.450005920730533,28.459705937003328,28.475979199971675,28.49898522398265,28.528946735005569,28.566149255558908,28.610940777355765,28.663731587679209,28.72499423251513,28.79526346954367,28.875135902703878,28.965268832918809,29.066377761482965,29.179232006316738,29.304648085691518,29.443480896815132,29.596613212713166,29.764944520356075,29.949380568595924,30.150825043956104
598,28.448960544896611,28.452190421056972,28.461912030453028,28.47822121653801,28.501277411410012,28.531303254220575,28.568584196143071,28.613468186597608,28.666365497893572,28.727748662409674,28.798152369241922,28.878173012307176,28.968467434751293,29.069750328009306,29.182789776854904,29.308400638206599,29.44743580501067,29.600775881509502,29.769318267431363,29.953966967999676,30.155624482686395
599,28.451142706311217,28.454379782468848,28.464122971761306,28.480468061980048,28.503574406921931,28.533664563108367,28.571023913403248,28.61600036510481,28.669004171109158,28.730507839873329,28.801045975626213,28.881214741760513,28.971670502845793,29.073127125087694,29.186351456428106,29.312156705188801,29.451393790327046,29.604941191070861,29.773694268268105,29.958555324831647,30.160425696636384
600,28.453329730366754,28.456574002007088,28.466338758588307,28.482719734865391,28.50587621008582,28.536030662047228,28.573468407991509,28.618537312904188,28.671647605549747,28.733271760083877,28.803944279865021,28.88426107795507,28.974878020605079,29.076508134617754,29.189917028387974,29.315916274734064,29.45535484831948,29.609109145637003,29.778072534965116,29.963145656229415,30.165228703884004
601,28.455521614040123,28.458773076858982,28.468559388715342,28.484976233839173,28.508182820483956,28.538401551351921,28.5759176804121,28.621079029803134,28.674295799186083,28.736040417997241,28.806847273017425,28.887312007860821,28.97808997173745,29.079893339004311,29.193486476687522,29.319679335474451,29.45931897484369,29.613279749397041,29.782453081593289,29.967739180855634,30.170105985799012
602,28.457718354426063,28.460977004321261,28.470784860007608,28.48723755758639,28.510494237676035,28.54077723123773,28.578371730989087,28.623625515362697,28.676948749715688,28.738813808332949,28.809754946020639,28.890367518509642,28.981306340228745,29.08328272111466,29.197059785825843,29.323445876519774,29.463286166014633,29.617453009217225,29.786836258979736,29.972346150552408,30.17504411512602
603,28.459919948778776,28.463185781841652,28.473015170455312,28.489503704872824,28.512810461240754,28.543157701864072,28.580830559913544,28.626176768949822,28.679606454620288,28.741591925634854,28.812667289749637,28.893427597048071,28.984527110382764,29.086676264303858,29.200636940860552,29.327215887471002,29.467256419346377,29.621629006165918,29.791223864839015,29.976973389557607,30.180021919641209
604,28.462126394474531,28.465399406981376,28.475250318136133,28.491774674507774,28.515131490739531,28.545542963300523,28.583294167213474,28.628732789712149,28.682268911145453,28.744374764253806,28.815584294999255,28.896492230714156,28.987752266789013,29.090073952372467,29.204217927362386,29.330989358705327,29.471229748054203,29.625808090537998,29.795618292296719,29.981621899838547,30.185031860617961
605,28.464337689013764,28.467617877417155,28.477490301217056,28.494050465346056,28.517457325719533,28.54793301553207,28.585762552762571,28.631293576591506,28.68493611631872,28.747162318368574,28.818505952504101,28.899561406851529,28.990981794326586,29.093475769559973,29.207802731483344,29.334766284246125,29.475206219929195,29.629990898365264,29.800021431066931,29.986291244732872,30.1900695900936
606,28.466553830015204,28.469841190935348,28.479735117948536,28.496331076282463,28.519787965709146,28.550327858456818,28.588235716281613,28.633859128329789,28.687608066959715,28.749954581998427,28.821432252950011,28.90263511291516,28.994215678160828,29.096881700550952,29.211391340531335,29.33854666995974,29.479185987131842,29.63417819270698,29.804434573865052,29.990980652184899,30.195132180790445
607,28.46877481521005,28.472069345426007,28.481984766658549,28.498616506246261,28.52212341021372,28.552727491884106,28.590713657340096,28.636429443474857,28.690284759690194,28.752751549015201,28.824363186984705,28.905713336476463,28.997453903744066,29.100291730586701,29.214983744733466,29.342330544004188,29.483169282802741,29.638370732689857,29.808858567495541,29.995689305443481,30.200217488374381
608,28.471000642436028,28.474302338877049,28.48423924574687,28.500906754195952,28.524463658711575,28.555131915532819,28.593196375357994,28.639004520386507,28.692966190943562,28.755553213154613,28.827298745227612,28.908796065228767,29.000696456838423,29.103705845846836,29.218579940178714,29.346117963723692,29.487156397796234,29.642569209150373,29.813293953535641,30.000416427633024,30.205323855483307
609,28.473231309631522,28.476540169368327,28.486498553679379,28.503201819114096,28.526808710650233,28.557541129030088,28.595683869607932,28.641584357242515,28.695652356974374,28.758359568027249,28.83023891827925,28.911883286996861,29.003943323599522,29.107124034207448,29.222179932022161,29.349909016894003,29.491147654616242,29.646774222692965,29.817741067650903,30.005161304976127,30.210449951431656
610,28.47546681482973,28.478782835065878,28.488762688982458,28.505501700002544,28.529158565442991,28.559955131910201,28.598176139217387,28.644168952044563,28.698343253867396,28.761170607128882,28.833183696731027,28.914974989760097,29.007194490765443,29.110546286309265,29.225783736982191,29.353703818568952,29.495143386107269,29.65098628293288,29.822200105763766,30.009923288816474,30.21559467803355
611,28.477707156152814,28.481030334216086,28.491031650237492,28.507806395877555,28.531513222465609,28.562373923613809,28.600673183171139,28.646758302624271,28.701038877546502,28.763986323850585,28.836133071177571,28.918071161702738,29.010449945971057,29.113972596730157,29.229391384644728,29.35750250566748,29.49914392058421,29.655205816233952,29.826671167986873,30.014701791324907,30.220757109109574
612,28.479952331806089,28.483282665140038,28.493305436075612,28.510115905765367,28.533872681053396,28.564797503487284,28.603175000313804,28.649352406649115,28.703739223783259,28.76680671148905,28.839087032235483,28.92117179130387,29.013709678167011,29.11740296504658,29.233002917604377,29.361305230971244,29.503149572321348,29.659433176261352,29.831154288240562,30.019496279075494,30.225936450030058
613,28.482202340072345,28.485539826227903,28.495584045172357,28.512430228697816,28.536236940498409,28.567225870782423,28.605681589352592,28.651951261628284,28.706444288205486,28.769631763258211,28.842045570573521,28.924276867474141,29.016973678099575,29.120837396632385,29.236618390664511,29.365112157468655,29.507160636228999,29.663668654681555,29.835649454103226,30.024306266635712,30.231132009643634
614,28.484457179306137,28.487801815933363,28.497867476242661,28.514749363708184,28.538606000046858,28.569659024656247,28.608192948860072,28.654554864918666,28.709154066305928,28.772461472303736,28.845008676958532,28.927386379734724,29.020241938789095,29.124275903129917,29.240237869465052,29.368923453549048,29.511177385193907,29.667912490800195,29.84015662080083,30.029131310704091,30.236343179666719
615,28.486716847928296,28.49006863276821,28.500155728035867,28.517073309827165,28.540979858896875,28.57209696417101,28.6107090772771,28.657163213730612,28.711868553451509,28.77529583172209,28.847976342319459,28.930500318426798,29.023514455960782,29.127718502608289,29.243861428807694,29.372739289093939,29.515200069217698,29.67216488003632,29.844675720951702,30.033971004906803,30.241569419451267
616,28.488981344420381,28.492340275297053,28.502448799330903,28.51940206607917,28.543358516196278,28.574539688294458,28.613229972915853,28.659776305134159,28.714587744893862,28.778134834586041,28.850948557830034,28.933618674937662,29.026791228393538,29.131165219439673,29.247489150870969,29.376559832474207,29.519228915755235,29.676425981061261,29.849206671380657,30.038824975337938,30.246810244491421
617,28.491250667319346,28.494616742132045,28.504746688931693,28.521735631478663,28.545741971040737,28.576987195900173,28.615755633962927,28.662394136065242,28.717311635781911,28.780978473978259,28.853925315007974,28.936741441924617,29.030072258162249,29.134616083957049,29.251121123491799,29.380385248352063,29.523264130674121,29.680695921726002,29.853749378058019,30.043692876747002,30.252065217458565
618,28.493524815212279,28.496898031927877,28.507049395662573,28.524074005026723,28.548130222471983,28.579439485768106,28.618286058482703,28.665016703332832,28.720040221177079,28.783826743032563,28.856906605824694,28.939868613522261,29.033357550781414,29.138071131979473,29.254757438582107,29.384215696058867,29.52730589952813,29.684974804093493,29.858303739771866,30.048574389226655,30.257333940990108
619,28.495803786731262,28.499184143376773,28.509356918364016,28.526417185707881,28.550523269476258,28.58189655658531,28.620821244420849,28.667644003626762,28.722773496071945,28.786679634983606,28.859892422821773,28.943000185523246,29.03664711524782,29.141530404234455,29.258398190714065,29.388051328513114,29.531354389058905,29.689262708570798,29.862869650704557,30.053469215401005,30.262616052041299
620,28.498087580548383,28.501475075203718,28.511669255888357,28.528765172486963,28.552921110982957,28.584358406946805,28.623361189608254,28.670276033526989,28.725511455412743,28.789537143223303,28.862882759228441,28.946136155524961,29.039940963996475,29.144993945731947,29.262043475898626,29.391892291540888,29.535409748733848,29.693559697331647,29.867447002334515,30.058377078010079,30.267911217282073
621,28.500376195370823,28.503770826161762,28.513986407095842,28.531117964306233,28.555323745863426,28.586825035356693,28.625905891765456,28.672912789514207,28.728254094125841,28.792399261362981,28.865877609074211,28.949276523036733,29.043239112783304,29.148461805129426,29.265693390562607,29.395738723497747,29.539472112236247,29.697865817160711,29.872035684848502,30.063297717828181,30.273219129303111
622,28.50266962993614,28.50607139502748,28.516308370850709,28.533475560082721,28.557731172929934,28.589296440229571,28.628455348507693,28.675554267982708,28.731001407148256,28.795265983298471,28.868876967291719,28.952421289547864,29.046541580515374,29.151934034118078,29.269348030700957,29.399590755097968,29.543541598881209,29.702181101843593,29.876635588194887,30.068230891852593,30.278539503446765
623,28.504967883007684,28.508376780596642,28.51863514601747,28.535837958705599,28.560143390934929,28.59177261989219,28.631009557350794,28.678200465254726,28.733753389461029,28.798137303276309,28.871880829808852,28.955570458563553,29.049848389045177,29.155410686833562,29.273007491167064,29.403448509401233,29.547618314961401,29.70650557419296,29.881246602867403,30.073176371709913,30.283872075124741
624,28.507270953370117,28.510686981679932,28.520966731457388,28.538205159033847,28.562560398570369,28.59425357258554,28.633568515717919,28.680851377597197,28.736510036125818,28.801013215959685,28.87488919362638,28.958724035604792,29.053159562932152,29.158891819307662,29.27667186511712,29.407312101942139,29.551702354985245,29.71083924770997,29.885868620451241,30.078133942285646,30.289216597599498
625,28.509578839825132,28.513001997098858,28.52330312602507,28.540577159894116,28.564982194467429,28.596739296467447,28.636132220947509,28.683507001240478,28.739271342323846,28.803893716491718,28.877902056879151,28.961882028176394,29.056475129186033,29.162377488971696,29.28034124358534,29.411181640948417,29.555793802797755,29.715182127963267,29.890501534011431,30.083103400534068,30.294572840112561
626,28.511891541187307,28.515321825681912,28.525644328565235,28.542953960078652,28.567408777196469,28.599229789615663,28.63870067030237,28.68616733239919,28.742037303395687,28.806778800554461,28.880919418881515,28.965044445712486,29.059795117007592,29.165867754211149,29.28401571515046,29.415057227597504,29.559892732601654,29.719534213782609,29.89514523839275,30.088084554412461,30.299940586237895
627,28.514209056280105,28.517646466260743,28.527990337909749,28.545335558343638,28.569840145267214,28.601725050031629,28.64127386097989,28.688832367294268,28.744807914881481,28.809668464421971,28.883941280157142,28.968211299502389,29.063119557530815,29.169362673970745,29.287695365685519,29.418938956308448,29.563999209885118,29.723895498269869,29.899799630428245,30.093077221939218,30.305319632463064
628,28.516531383932051,28.51997591766656,28.530341152874602,28.547721953407493,28.572276297129449,28.604225075644866,28.643851790123481,28.69150210217672,28.747583172560624,28.812562705008016,28.886967642455303,28.971382602601697,29.066448483569221,29.172862307402244,29.291380278175058,29.422826915059421,29.568113292267896,29.728265969661106,29.904464609077682,30.09808123035392,30.310709786954178
629,28.518858522972977,28.522310178726713,28.532696772257395,28.550113143949662,28.574717231173988,28.606729864318041,28.646434454835003,28.694176533352085,28.750363072490476,28.815461519906812,28.889998508753386,28.974558369730516,29.069781929370414,29.176366713558654,29.295070532595705,29.426721185719568,29.57223503026124,29.732645612052568,29.909140075510642,30.103096415374679,30.316110868486433
630,28.521190472230639,28.524649248261412,28.535057194834661,28.552509128609486,28.577162945734091,28.609239413852954,28.649021852188579,28.69685565720587,28.753147611043119,28.818364907426176,28.89303388324581,28.977738617161599,29.073119930383839,29.179875951135308,29.298766205852196,29.430621844382959,29.576364467942959,29.737034406007773,29.913825933147287,30.108122620543515,30.321522705520113
631,28.523527230527264,28.526993125080622,28.537422419359761,28.554909905985536,28.579613439087456,28.611753721997122,28.651613979245052,28.699539470229126,28.755936784939735,28.82127286661343,28.896073771322154,28.98092336260385,29.076462523043677,29.183390078249293,29.302467371748794,29.434528961694681,29.580501643566414,29.741432329082773,29.918522087674955,30.113159696635972,30.326945135378441
632,28.525868796676416,28.529341807981226,28.539792444560682,28.557315474635086,28.582068709458628,28.614272786451227,28.654210833067459,28.702227969043832,28.758730591281942,28.824185397274196,28.89911817953702,28.984112625084318,29.079809744567715,29.186909152250855,29.306174100988123,29.43844260316693,29.584646590112786,29.745839356284399,29.923228447046544,30.118207501125511,30.332378003510641
633,28.528215169480021,28.531695295744207,28.542167269138286,28.55972583307404,28.584528755021932,28.616796604877251,28.656812410736833,28.704921150427687,28.761529027580004,28.827102499984676,28.902167115572219,28.987306424829853,29.083161632771528,29.19043322956497,29.30988646119356,29.442362829484583,29.588799335789748,29.750255460464974,29.927944921461393,30.12326589769965,30.337821162836228
634,28.530566347725529,28.53405358713222,28.544546891764746,28.56214097977724,28.586993573905019,28.619325174907278,28.659418709368691,28.707619011338174,28.764332091777234,28.830024176096838,28.905220588192066,28.990504783149778,29.086518225900054,29.193962365563472,29.31360451695577,29.446289696798434,29.592959904473901,29.754680612652674,29.932671423330092,30.128334755830274,30.343274473172407
635,28.532922330183304,28.536416680887211,28.546931311082108,28.564560913178937,28.589463164192697,28.621858494152665,28.662029726129443,28.710321548935749,28.767139782272466,28.832950427740521,28.908278607196298,28.993707722320305,29.08987956246736,29.197496614449555,29.317328329885761,29.450223257009725,29.597128316130259,29.759114782359926,29.937407867236189,30.133413950363934,30.348737800690554
636,28.535283115604212,28.538784575728339,28.549320525701319,28.566985631673855,28.591937523931485,28.624396560214031,28.664645458253172,28.713028760605649,28.76995209793763,28.835881257817277,28.911341183365781,28.996915265472055,29.09324568111796,29.201036029177121,29.321057958691544,29.454163558036395,29.60130458716754,29.763557937822704,29.942154169883068,30.138503361172237,30.354211017463196
637,28.537648702717437,28.541157270350169,28.551714534201565,28.569415133618698,28.594416651134789,28.626939370691783,28.667265903058247,28.715740643977998,28.772769038131276,28.838816669988731,28.914408328405223,29.000127436483197,29.096616620504975,29.204580661390832,29.324793459262388,29.458110644060362,29.605488730754345,29.768010046206168,29.946910250038599,30.143602872835839,30.359694001057946
638,28.540019090228608,28.543534763421114,28.554113335129752,28.571849417333958,28.596900543788319,28.629486923196684,28.669891057963639,28.718457196946353,28.775590602709595,28.841756668662775,28.917480054886294,29.003344259877547,29.099992419176676,29.208130561372677,29.328534884751605,29.462064555764321,29.609680757120639,29.772471073800098,29.951676028481224,30.148712374341073,30.365186634147889
639,28.542394276817994,28.545917053582055,28.55651692700053,28.57428848110607,28.599389199856084,28.632039215360798,28.672520920504546,28.721178417684403,28.778416792033838,28.844701258975402,28.920556376189321,29.006565760728201,29.103373115477115,29.211685778005506,29.332282285666285,29.466025330553556,29.613880673824937,29.776940986182577,29.956451427942188,30.153831758807733,30.370688804166932
640,28.544774261139096,28.548304139445293,28.558925308296395,28.576732323190107,28.601882617286638,28.634596244848566,28.675155488347819,28.723904304661264,28.781247606975228,28.847650446770057,28.923637306444551,29.00979196456564,29.106758747456084,29.215246358746128,29.336035709958999,29.469993002766504,29.618088486000818,29.781419748365995,29.961236373047029,30.158960923235281,30.37620040299047
641,28.547159041817512,28.550696019593847,28.561338477468379,28.579180941812872,28.604380794019878,28.637158009367969,28.677794759306323,28.726634856654069,28.784083048915662,28.850604238573126,28.926722860473742,29.013022897293848,29.110149352794419,29.218812349613437,29.339795203121767,29.473967603867024,29.622304196570351,29.785907324915843,29.966030790256429,30.164099768278565,30.381721326656994
642,28.549548617449922,28.55309269258089,28.563756432936906,28.581634335176094,28.606883727993917,28.639724506681507,28.680438731352911,28.729370072759892,28.786923119747623,28.853562641568981,28.929813053732317,29.016258585108382,29.113544968732132,29.222383795178974,29.343560808280081,29.47794916263264,29.626527806450838,29.790403680064202,29.970834607807234,30.169248198029649,30.387251475098026
643,28.551942986603702,28.555494156929818,28.566179173093165,28.584092501460479,28.609391417152487,28.642295734617271,28.683087402632939,28.732109952404176,28.789767821868978,28.856525663571013,28.93290790225306,29.019499054425342,29.116945632015408,29.225960738574408,29.34733256628704,29.481937705318618,29.630759314722429,29.794908777792976,29.975647755654457,30.174406119834369,30.392790751914728
644,28.554342147816303,28.557900411134046,28.568606696300442,28.586555438829365,28.61190385945206,28.644871691079704,28.685740771477075,28.734854495350284,28.792617158179997,28.859493312994896,28.936007422590219,29.022744331806742,29.120351378835508,29.229543221489894,29.351110515814977,29.485933255831419,29.63499871881395,29.79942258193282,29.980470165414218,30.1795734440927,30.398339064132166
645,28.556746099595546,28.560311453657832,28.571039000896363,28.589023145433544,28.614421052869798,28.647452374060176,28.688398836411597,28.737603701703424,28.795471132072372,28.86246559882575,28.939111631766266,29.025994443903027,29.123762244796886,29.233131284198656,29.35489469344764,29.489935835864628,29.639246014626995,29.803945056213703,29.985301770307906,30.184750084114253,30.403896322028256
646,28.559154840420021,28.562727282937161,28.573476085195278,28.591495619415941,28.61694299541114,28.650037781646894,28.691061596168083,28.740357571914689,28.798329747419654,28.865442530588332,28.942220547221918,29.029249417395835,29.127178264879909,29.236724965572012,29.358685133765714,29.493945465038578,29.643501196674656,29.808476164330987,29.990142505109681,30.189935955961229,30.409462438943773
647,28.561568368739586,28.565147897380687,28.575917947490598,28.593972858916331,28.619469685117355,28.652627912034824,28.69372904969299,28.743116106784747,28.80119300856758,28.86842411831692,28.945334186765692,29.032509278940939,29.130599473404985,29.240324303096788,29.362481869433815,29.49796216103848,29.647764258214952,29.813015870006016,29.994992306093007,30.195130978296159,30.415037331099512
648,28.563986682976378,28.567573295371226,28.578364586057774,28.59645486207657,28.622001120073335,28.655222763535058,28.69640119615552,28.745879307464669,28.804060920320868,28.871410372523638,28.948452568526871,29.035774055120562,29.134025904009135,29.243929332900898,29.366284931283644,29.501985939734599,29.652035191360333,29.817564137030644,29.99985111098006,30.200335072251299,30.420620917441543
649,28.566409781526293,28.570003475267796,28.580815999157689,28.598941627046052,28.624537298415142,28.657822334583187,28.699078034953725,28.748647175454739,28.80693348792882,28.87440130416779,28.951575710912525,29.039043772402152,29.137457589628603,29.247540089780834,29.370094348392204,29.506016815291112,29.656313987174272,29.822120929304155,30.004718858893806,30.205548161310567,30.426213119502375
650,28.568837662760849,28.572438435407857,28.583272185040251,28.601433151987187,28.627078218337381,28.660426623747295,28.701759565720049,28.751419712602381,28.809810717070537,28.877396924625522,28.954703632565874,29.042318457099427,29.140894562484068,29.251156607230481,29.373910148158384,29.51005480027041,29.660600635761945,29.826686210866434,30.009595490311252,30.210770171196884,30.431813861268761
651,28.571270325028099,28.57487817410874,28.585733141947223,28.603929435080527,28.629623878100865,28.663035629737287,28.704445788329284,28.754196921103524,28.812692613842597,28.88039724565898,28.957836352319259,29.045598135323253,29.144336854054377,29.254778917463984,29.377732356385785,29.514099905756531,29.664895126385296,29.831259945946872,30.014480947012736,30.216001029736823,30.437423069020603
652,28.573707766656426,28.577322689671817,28.58819886811748,28.606430474531173,28.632174276039319,28.665649351409662,28.707136702897824,28.756978803492476,28.815579184737953,28.883402279387319,28.960973889166507,29.048882832968701,29.147784495089844,29.258407051457493,29.381560997342017,29.518152141411608,29.669197447495833,29.835842098961862,30.019375172045553,30.221240666802387,30.443040671268104
653,28.576149985955695,28.579771980384162,28.590669361790006,28.608936268573856,28.634729410566774,28.668267787776237,28.709832309790968,28.759765362642728,28.818470436633753,28.886412038256911,28.964116262217704,29.052172575667832,29.15123751558696,29.26204103897134,29.38539609383918,29.522211515596211,29.673507586847109,29.840432634562831,30.024278109674569,30.226489014178462,30.4486665985938
654,28.578596981221047,28.582226044522731,28.593144621209056,28.611446815479184,28.637289280184056,28.670890938008654,28.712532609622119,28.76255660175724,28.821366376771127,28.889426535013435,28.967263490672135,29.055467388776062,29.15469594479946,29.265680908589005,29.389237667291944,29.526278035427652,29.677825531531923,29.845031517637786,30.029189705346393,30.231746005501019,30.454300783584561
655,28.581048750736088,28.584684880357823,28.595624644628582,28.613962113559158,28.639853883484751,28.673518801443361,28.71523760325384,28.765352524362253,28.824267012739057,28.892445782676035,28.970415593788079,29.058767297348378,29.15815981123534,29.269326687746247,29.393085737778936,29.53035170685753,29.682151268046454,29.849638713331576,30.034109905650979,30.237011576171259,30.459943160732092
656,28.583505292775225,28.587148486155922,28.598109430316267,28.616482161172897,28.642423219162428,28.676151377588621,28.717947291801529,28.768153134302992,28.827172352457769,28.895469794507388,28.973572590845233,29.062072326108105,29.161629142650238,29.272978402763449,29.396940324114098,29.534432534762093,29.686484782364573,29.85425418706928,30.039038658277999,30.242285663258475,30.465593666320434
657,28.585966605608725,28.589616860184954,28.600598976559098,28.619006956732211,28.64499728601492,28.678788666125381,28.720661676628563,28.770958435731465,28.830082404160162,28.89849858399306,28.976734501129236,29.065382499444627,29.16510396606327,29.276636078878603,29.400801443888859,29.538520522980949,29.690826059960081,29.858877904553754,30.043975911989431,30.2475682054556,30.471252238377613
658,28.588432687505332,28.592090000717246,28.603093281667554,28.621536498707215,28.647576082951034,28.681430666913645,28.723380759349116,28.773768433101701,28.832997176375478,28.901532164813023,28.979901343896643,29.068697841384459,29.168584307751551,29.280299740278618,29.40466911354018,29.54261567440291,29.695175085877164,29.863509831787553,30.048921616577701,30.252859142986274,30.476918816568165
659,28.590903536736857,28.59456790603436,28.605592343980824,28.624070785631741,28.650159608995065,28.684077379994164,28.726104541824689,28.776583131159171,28.835916677911676,28.904570550820047,28.983073138356016,29.072018375583774,29.172070193261394,29.283969410131299,29.408543348397195,29.546717991013626,29.699531844762092,29.868149935075532,30.05387572283578,30.258158417551176,30.482593342133445
660,28.593379151582138,28.597050574431318,28.608096161871547,28.626609816108598,28.652747863291779,28.686728805591329,28.72883302616254,28.779402534932117,28.838840917838571,28.907613756016577,28.986249903644683,29.075344125314928,29.175561647414749,29.28764511061674,29.41242416273332,29.55082747395339,29.70389632090545,29.872798181032824,30.058838182524209,30.263465972263962,30.488275757819146
661,28.595859530337382,28.599538004226979,28.610604733756539,28.629153588820085,28.655340845115678,28.689384944119563,28.731566214716981,28.782226649726411,28.84176990547649,28.910661794540562,28.989431658818038,29.07867511346706,29.179058694327509,29.291326862965022,29.416311569817278,29.554944123568788,29.708268498279118,29.877454536594808,30.063808945002396,30.268780062698326,30.493864204782724
662,28.598344671298001,28.602030193746202,28.613118058079362,28.631702102511003,28.657938553853626,28.692045796163786,28.734304110065573,28.785055481095032,28.844703650358039,28.913714680621112,28.992618422804565,29.082011362509178,29.182561357389709,29.295014687457996,29.420205581932311,29.559067939435245,29.712648360532601,29.882118965120618,30.068787486828047,30.274086254222244,30.499377515507099
663,28.600834572796398,28.604527141357671,28.615636133348396,28.634255356026539,28.660540989041529,28.694711362513342,28.737046715038076,28.78788903486079,28.847642162244785,28.916772428592381,28.995810214423479,29.085352894520017,29.186069659315095,29.298708603501403,29.424106210466132,29.563198920442364,29.717035889491626,29.886791325993212,30.073771252233605,30.279374928161829,30.504845403760648
664,28.603329233184571,28.607028845456622,28.618158958119622,28.636813348294787,28.663148150345574,28.697381644140343,28.739794032690256,28.790727317084119,28.850585451089554,28.919835052853159,28.999007052346848,29.088699731159309,29.189583622126776,29.30240862962556,29.428013465915722,29.567337064334588,29.721431044998255,29.891471100558775,30.078756849361035,30.284644645580844,30.510278430453397
665,28.605828650844316,28.609535304475092,28.620686531006967,28.639376078336571,28.665760037570681,28.700056642205158,28.742546066304712,28.79357033405833,28.853533527026546,28.922902567854926,29.002208955091191,29.092051893669741,29.193103267175143,29.306114783518687,29.431927357814896,29.571482363694106,29.725833710311257,29.896157369044257,30.083741593759424,30.289895989112924,30.515682674224635
666,28.608332824191997,28.612046516886668,28.623218850686907,28.641943545269694,28.668376650663141,28.702736358056097,28.745302819386101,28.796418092299426,28.856486400356431,28.925974988085315,29.005415941004525,29.09540940287399,29.196628615149237,29.309827082025716,29.435847893934554,29.575634794437036,29.730243650255829,29.900849033381203,30.088723640111574,30.295130012932386,30.521062218143001
667,28.610841751683243,28.614562481211252,28.625755915903138,28.64451574831277,28.670997989712884,28.705420793228662,28.748064295655922,28.799270598535784,28.85944408153193,28.929052328052368,29.008628028254602,29.098772279172582,29.200159686082195,29.313545540997982,29.439775077808235,29.579794301139614,29.73466051602756,29.905545001134286,30.093701769863205,30.300347834697689,30.526420045178277
668,28.613355431817688,28.617083196019717,28.628297725470954,28.647092686788966,28.673624054955457,28.708109949444477,28.750830499047158,28.802127859697986,28.862406581143716,28.932134602269819,29.011845234818207,29.102140542541271,29.203696499325684,29.317270174764904,29.443708904609281,29.583960787345422,29.739083877777873,29.910244276220332,30.098675193512317,30.305550515865178,30.531758455440421
669,28.615873863143712,28.619608659938581,28.630844278281664,28.649674360129467,28.676254846773652,28.710803828609819,28.753601433698677,28.804989882908675,28.865373909906875,28.935221825243126,29.015067578471182,29.105514212522479,29.207239073438185,29.321000995073625,29.447649356652882,29.588134113841512,29.743513261323933,29.914945989342414,30.103643411259331,30.310739029999027,30.537079289680861
670,28.618397044263062,28.62213887165457,28.6333955733067,28.652260767876697,28.678890365698788,28.713502432813907,28.756377103949408,28.8078566754725,28.868346078647853,28.938314011456299,29.018295076777928,29.108893308197818,29.210787425926043,29.324738009597514,29.451596399893404,29.592314103059927,29.747948178037557,29.919649399398356,30.108606119776205,30.315914259262783,30.542384062892662
671,28.620924973835464,28.624673829919086,28.635951609601715,28.654851909687284,28.68153061241183,28.716205764326883,28.759157514332397,28.810728244866162,28.871323098291775,28.941411175359143,29.021527747077286,29.112277848122268,29.214341572807932,29.328481220292961,29.455549982092638,29.596500546708519,29.752388145789691,29.924353882356119,30.113563150654208,30.321077000850938,30.547674048493732
672,28.623457650583148,28.627213533552599,28.638512386310438,28.657447785334856,28.684175587744019,28.718913825597458,28.761942669568803,28.81360459872861,28.874304979850294,28.944513331354315,29.024765606459262,29.115667850202005,29.217901528030648,29.332230621916796,29.459510032645035,29.600693214205982,29.756832702198817,29.929058916533418,30.118514428898976,30.32622797578777,30.55295033534474
673,28.625995073295272,28.629757981448915,28.641077902668364,28.660048394712501,28.686825292677391,28.721626619250486,28.764732574561609,28.816485744851441,28.8772917344095,28.947620493782459,29.028008671726102,29.119063331508229,29.221467302803518,29.335986200906252,29.463476463674265,29.604891860616053,29.761281412279558,29.933764067577879,30.123459944663942,30.331367838000119,30.558213867503138
674,28.628537240832188,28.632307172579306,28.643648158006247,28.662653737835093,28.689479728344967,28.724344148084093,28.767527234389508,28.819371691169312,28.880283373117862,28.950732676903634,29.031256959330946,29.122464308029581,29.225038904928834,29.339747934722773,29.467449171991987,29.609096233429504,29.765733872047086,29.938468974838372,30.128399733958162,30.336497182556844,30.563465472749797
675,28.631084152129727,28.634861105996492,28.646223151753532,28.665263814841264,28.692138896030674,28.727066415066837,28.770326654300508,28.822262445750471,28.883279907173197,28.953849894871869,29.034510485290639,29.125870794381761,29.228616338203846,29.343515791643586,29.471428041455198,29.613306078019001,29.770189709728669,29.943173339561515,30.133333864865779,30.341616552922783,30.568705884098716
676,28.633635806203181,28.63741978083852,28.648802883441377,28.667878625995304,28.694802797169039,28.729793423334485,28.773130839705594,28.825158016787086,28.886281347808179,28.956972161701181,29.037769265073205,29.129282803496015,29.232199601937225,29.347289730931962,29.475412945458569,29.61752114188219,29.774648585372738,29.947876914807786,30.138262427829844,30.346726447253644,30.573935756085273
677,28.636192202151236,28.639983196332409,28.651387352705722,28.670498171688656,28.69747143334472,28.732525176186734,28.775939796172274,28.828058412585285,28.889287706272921,28.960099491220411,29.041033313462261,29.132700346307949,29.235788690607414,29.351069703316647,29.479403749370221,29.621741177768108,29.779110189464976,29.952579497062178,30.143185528764427,30.351827323767743,30.579155677307607
678,28.638753339159727,28.642551351797728,28.653976559289951,28.673122452441334,28.7001448062917,28.735261677083763,28.778753529417902,28.830963641554277,28.892298993813785,28.963231897016293,29.044302644404713,29.136123431470747,29.239383593674795,29.354855651683383,29.483400312756448,29.625965945883799,29.783574241084974,29.957280919286255,30.14810328402756,30.35691960532964,30.584366180366366
679,28.641319216505249,28.645124246649853,28.656570503047508,28.675751468903034,28.702822917892327,28.738002929642541,28.781572045302774,28.833873712194404,28.895315221647564,28.966369392365895,29.04757727085093,29.139552065105789,29.242984295522515,29.358647511879358,29.487402491368488,29.630195215456581,29.788040485856595,29.961981045043061,30.153015816657696,30.362003683432757,30.589567749968474
680,28.64388983355861,28.647701880403257,28.659169183944265,28.678385221854086,28.705505770176259,28.740748937633015,28.784395349822841,28.836788633083344,28.898336400930319,28.969511990158981,29.050857204593331,29.142986250601567,29.24659077552305,29.362445213594874,29.491410138861568,29.634428765697258,29.792508693784086,29.96667976367852,30.157923253711012,30.367079921588775,30.594760829371577
681,28.646465189788,28.650284252674396,28.661772602060633,28.681023712206194,28.708193365319008,28.743499704974035,28.787223449101639,28.839708412860336,28.901362542720697,28.97265970281293,29.054142456110949,29.146425988465221,29.250203008204618,29.366248681261627,29.495423108247138,29.638666386338375,29.796978657138503,29.971376986313025,30.162825724286147,30.372148658252275,30.599945825701994
682,28.649045284762185,28.652871363184559,28.664380757593584,28.683666941002873,28.71088570564039,28.746255235728899,28.790056349381604,28.842633060207664,28.904393657937725,28.975812542182585,29.05743303442685,29.149871276230268,29.25382096349734,29.370057834927206,29.499441253086641,29.642907877856096,29.801450188460695,29.976072642505105,30.167723358060819,30.377210209349194,30.605123114372912
683,28.651630118153246,28.65546321176247,28.666993650858359,28.686314909419817,28.713582793602754,28.749015534100614,28.792894057013982,28.845562583829448,28.907429757313857,28.97897051946903,29.060728946983897,29.153322108415971,29.257444607032049,29.373872591078598,29.503464428466074,29.647153051476693,29.805923118696047,29.980766677444795,30.172616284201837,30.382264870483624,30.610293042803942
684,28.654219689739428,28.658059798346684,28.669611282290052,28.688967618765016,28.716284631808918,28.751780604426592,28.795736578447894,28.848496992427791,28.910470851344538,28.982133645129192,29.064030199537818,29.156778476527318,29.261073900473146,29.377692863417543,29.50749249179999,29.651401729024368,29.810397295447093,29.985459049560134,30.177504630550651,30.387312918890817,30.61545593360723
685,28.656813999407571,28.660661122987911,28.672233652445019,28.69162507047858,28.718991222999779,28.754550451172825,28.798583920217627,28.851436294675924,28.913516950234502,28.985301928788779,29.067336796073498,29.160240369101608,29.26470880188144,29.381518563565038,29.511525303440639,29.655653742621514,29.814872581387959,29.990149728561978,30.182388523069861,30.392354615113994,30.620612087226078
686,28.659413047155443,28.663267185850867,28.674860762001956,28.694287266132434,28.721702570051711,28.757325078927202,28.80143608892854,28.854380499188636,28.916568063842131,28.988475379161144,29.07064873874446,29.163707771790992,29.268349266086197,29.385349601691079,29.51556272713907,29.659908934313076,29.81934885283189,29.994838693797313,30.187268085444209,30.397390204478064,30.625761784199206
687,28.662016833093855,28.665877987216312,28.677492611762933,28.696954207429638,28.724418675973336,28.760104492392173,28.80429309124116,28.857329614490538,28.919624201623645,28.991654003974062,29.073966027833617,29.167180667470717,29.271995245052906,29.389185887074586,29.519604630397982,29.664167155655498,29.823825998428308,29.999525932827357,30.19214343878269,30.402419918408494,30.630905287151236
688,28.664625357448621,28.668493527482546,28.680129202653998,28.699625896203649,28.727139543902119,28.762888696376379,28.807154933853813,28.860283648982445,28.922685372578083,28.994837809905576,29.077288661735061,29.170659036369155,29.275646688241839,29.393027328594858,29.523650884724653,29.668428267274749,29.828303917985401,30.004211440223777,30.197014701420105,30.407443975598397,30.636042842513156
689,28.667238620562244,28.671113807166861,28.682770535725862,28.702302334416988,28.729865177100244,28.765677695785456,28.810021623483806,28.863242610906649,28.925751585193911,28.998026802528457,29.080616636952666,29.174142856212988,29.279303542955716,29.396873835167415,29.527701365807843,29.672692138406131,29.832782521395746,30.008895216531982,30.201881988789189,30.412462583056925,30.64117468203737
690,28.669856622895512,28.67373882690686,28.685416612154036,28.704983524159886,28.732595578950022,28.768471495611788,28.812893166847054,28.866206508311084,28.928822847397974,29.001220986264929,29.083949948117279,29.177632102386426,29.282965754670354,29.400725316115121,29.531755953616731,29.676958646427209,29.837261727678889,30.013577267404631,30.206745413356078,30.417475937032652,30.646301024104616
691,28.672479365028735,28.676368587461358,28.688067433238942,28.70766946764833,28.735330752948723,28.771270100923218,28.815769570636395,28.869175349013137,28.931899166508188,29.004420364352384,29.087288588020382,29.181126748098833,29.286633267343646,29.404581681481197,29.535814532440277,29.681227676397839,29.841741464127509,30.018257602868456,30.211605084597604,30.422484223834541,30.651422074866115
692,28.675106847662956,28.679003089711195,28.690723000405558,28.710360167221864,28.738070702702579,28.774073516850692,28.818650841498897,28.872149140563696,28.934980549190175,29.007624938818751,29.090632547660007,29.184626764554807,29.290306023702037,29.408442842294935,29.539876990887972,29.685499120615653,29.846221665535005,30.022936236685801,30.216461109004019,30.427487620575398,30.656538029265874
693,28.677739071620685,28.68164233465982,28.693383315202979,28.713055625340818,28.740815431920325,28.776881748575079,28.82153698601239,28.87512789021218,28.938067001418514,29.010834710467364,29.093981816296509,29.188132121123974,29.293983965504914,29.412308710797404,29.543943221859731,29.689772878187689,29.850702273494793,30.027613185798117,30.22131359010179,30.432486295847564,30.661649071958138
694,28.680376037846749,28.684286323433529,28.696048379303445,28.715755844583189,28.743564944405858,28.779694801313028,28.824428010661499,28.878111604872561,28.941158528443019,29.014049678870709,29.097336381517394,29.191642785508957,29.297667033786212,29.416179200627209,29.54801312248637,29.694048854619371,29.855183235771989,30.032288469850737,30.226162628496787,30.437480410329574,30.666755378119284
695,28.683017747408556,28.686935057281563,28.69871819450125,28.718460827641056,28.746319244050373,28.782512680302123,28.827323921813385,28.881100291090927,28.944255134759239,29.017269842371732,29.100696229308483,29.195158723910531,29.301355169077006,29.420054226975569,29.552086594049516,29.698326961419646,29.859664505731637,30.036962110778607,30.231008321930229,30.442470117340481,30.671857114180536
696,28.685664201496312,28.689588537575855,28.701392762711148,28.721170577316407,28.749078334823743,28.785335390785306,28.830224725693391,28.884093955014858,28.947356824084213,29.020495198093048,29.104061344131075,29.198679901188044,29.305048311606104,29.423933706708986,29.556163541882484,29.702607115727368,29.86414604182724,30.041634132452437,30.235850765344992,30.447455563339282,30.676954438480191
697,28.688315401422937,28.692246765810484,28.704072085966438,28.72388509651649,28.751842220765198,28.788162937994702,28.833130428360942,28.887092602365044,28.950463599337766,29.023725741953619,29.107431709003507,29.202206281012934,29.308746401478015,29.427817558462337,29.560243875257932,29.706889239960795,29.868627807145238,30.046304560377489,30.240690050958843,30.45243688837461,30.682047501843844
698,28.690971348623656,28.694909743600846,28.70675616641666,28.726604388248699,28.754610905973507,28.790995327135068,28.836041035685753,28.890096238408901,28.953575462627423,29.026961468690065,29.110807305584459,29.205737826016541,29.312449378836583,29.431705702715334,29.564327507269471,29.711173261482916,29.873109768982605,30.050973421422071,30.245526268340317,30.457414226504863,30.687136448122928
699,28.693632044655224,28.697577472682408,28.709445006324778,28.729328455614731,28.757384394596322,28.793832563366699,28.838956553324788,28.893104867937488,28.95669241524017,29.030202371885927,29.114188114259154,29.20927449792736,29.31615718400224,29.435598061838697,29.568414354703425,29.715459112295989,29.877591898484681,30.055640743599053,30.250359504488774,30.462387706165117,30.692221414658199
700,28.696297491194926,28.700249954909204,28.712138608064034,28.732057301804371,28.76016269081925,28.796674651788532,28.841876986700207,28.896118495244469,28.959814457636849,29.033448444002179,29.117574114223185,29.21281625770181,29.319869757601115,29.439494560135998,29.572504337914456,29.719746728747445,29.882074170296306,30.060306555855085,30.255189843912003,30.467357450522378,30.697302532728582
701,28.698967690039208,28.702927192251916,28.714836974114359,28.734790930088845,28.762945798854499,28.799521597421059,28.844802340978301,28.899137124107959,28.962941589450942,29.036699676412344,29.120965283566981,29.216363065646966,29.323587040677008,29.443395123866878,29.576597380695528,29.724036051255361,29.886556562252693,30.064970887895093,30.260017368706631,30.472323577794985,30.702379927949284
702,28.701642643101856,28.70560918679551,28.717540107058216,28.737529343813421,28.765733722928896,28.802373405189375,28.847732621049509,28.902160757774944,28.966073809491526,29.03995605944101,29.124361599359368,29.219914881534802,29.327308974788217,29.447299681256013,29.580693410146939,29.728327024053137,29.891039055102787,30.069633770032489,30.264842158638196,30.477286201543198,30.707453720631005
703,28.704322352412049,28.708295940736694,28.720248009576309,28.74027254639001,28.76852646727205,28.805230079906426,28.850667831509398,28.905189398947488,28.969211115748145,29.043217582403337,29.127763037729498,29.223471664711511,29.331035502097425,29.451208162497444,29.58479235654719,29.732619594943653,29.895521632245458,30.074295233047895,30.269664291219769,30.482245430948584,30.712524026124228
704,28.707006820111875,28.710987456380884,28.722960684442693,28.743020541289077,28.771324036103938,28.808091626256431,28.853607976640966,28.908223049771916,28.972353505399955,29.046484233647849,29.131169573947428,29.227033374197571,29.334766565445836,29.455120499744609,29.588894153223176,29.73691371507347,29.900004279499374,30.07895530807485,30.274483841790332,30.487201371063126,30.717590955122425
705,28.709696048453168,28.713683736138393,28.725678134519033,28.745773332030744,28.774126433622143,28.810958048779035,28.85655306039947,28.911261711832655,28.975500974830403,29.049756000602247,29.13458118250032,29.230599968773383,29.338502108406875,29.459036627085752,29.592998736425191,29.741209338735406,29.904486984912737,30.083614026513189,30.279300883589393,30.49215412302285,30.722654613918817
706,28.712390039794276,28.716384782520613,28.728400362749007,28.748530922176194,28.776933663989489,28.813829351853904,28.85950308639778,28.914305386146015,28.978653519640634,29.053032869816715,29.13799783716631,29.234171407065439,29.3422420753446,29.462956480526461,29.597106045205869,29.745506423167292,29.908969738562213,30.088271419931772,30.284115487829748,30.497103784270763,30.727715104676417
707,28.715088796596564,28.719090598135875,28.731127372152272,28.751293315318648,28.779745731321466,28.816705539685525,28.862458057892407,28.917354073155472,28.981811134665065,29.056314827008986,29.141419511087843,29.237747647627561,29.345986411463603,29.466879997964206,29.601216021298715,29.74980492836168,29.913452532370407,30.092927519986279,30.288927723770275,30.502050448762894,30.732772525675347
708,28.717792321419978,28.72180118568437,28.733859165817538,28.754060515073682,28.782562639673657,28.819586616289417,28.865417977773106,28.920407772732318,28.984973813992085,29.059601857110348,29.144846176837511,29.24132864900578,29.349735062839429,29.47080711915223,29.605328609005571,29.754104816905368,29.917935359960946,30.097582358360899,30.293737658782952,30.50699420714016,30.737826971516174
709,28.72050061691851,28.724516547953101,28.736595746895858,28.756832525069754,28.785384393029418,28.822472585478689,28.868382848552457,28.923466484175741,28.988141550983382,29.062893944310012,29.14827780648336,29.244914369804874,29.353487976452612,29.474737785666953,29.609443755084577,29.758406053815317,29.922418216507666,30.102235966705429,30.29854535841989,30.511935146905071,30.742878533329769
710,28.723213685835034,28.727236687810034,28.73933711859295,28.759609348938309,28.788210995287958,28.825363450851814,28.871352672358128,28.926530206216455,28.991314338296476,29.066191072099759,29.151714371648914,29.248504768743633,29.35724510020955,29.478671940867962,29.613561408644649,29.762708606395673,29.9269010986105,30.106888376589698,30.303350886476391,30.516873352573686,30.747927298955503
711,28.725931530996842,28.729961608199076,28.742083284162522,28.762390990304283,28.791042450251929,28.828259215779063,28.874327450922308,28.929598937016706,28.994492167904191,29.069493223318688,29.15515584357885,29.252099804721446,29.361006382976292,29.482609529865108,29.617681521033234,29.767012444073615,29.931384004144498,30.111539619440556,30.308154305058004,30.521808905852627,30.7529733531515
712,28.728654155308657,28.732691312132513,28.744834246897298,28.765177452775564,28.793878761616316,28.831159883393806,28.877307185580378,28.932672674181955,28.997675031123002,29.072800380195872,29.158602193184571,29.255699436847781,29.364771774572166,29.486550499466581,29.621804045748132,29.771317538302981,29.935866932191608,30.116189726530354,30.312955674633194,30.526741885738602,30.758016777706292
713,28.73138156174727,28.735425802685178,28.747590010121598,28.767968739933409,28.796719932956968,28.834065456580891,28.880291877263382,28.935751414764109,29.000862918634162,29.076112524392869,29.16205339110261,29.259303624497896,29.36854122579371,29.490494798143519,29.625928938334624,29.775623862419387,29.940349882910695,30.120838728925488,30.317755054095191,30.531672368675032,30.763057651623903
714,28.734113753354954,28.738165082987326,28.750350577182815,28.770764855322202,28.79956596771947,28.836975937967349,28.883281526495182,28.938835155270915,29.004055820509823,29.079429637045845,29.165509407743102,29.262912327349106,29.372314688416768,29.494442375983365,29.63005615629416,29.779931391531111,29.94483285745229,30.125486657463416,30.322552500816688,30.536600428667132,30.768096051255629
715,28.736850733232018,28.740909156216674,28.753115951442517,28.773565802439599,28.802416869209559,28.839891329915751,28.886276133392997,28.941923891677977,29.007253726239007,29.082751698803001,29.168970213329313,29.266525505406833,29.376092115192392,29.498393184645625,29.634185659004988,29.784240102427265,29.949315857888401,30.130133542735436,30.327348070698164,30.541526137381009,30.773132050413221
716,28.739592504530552,28.743658025591785,28.755886136268398,28.776371584726707,28.805272640582139,28.842811634514348,28.889275697662903,28.945017619435745,29.010456624751388,29.086078689866156,29.172435777949232,29.270143119048011,29.379873459857436,29.502347177320136,29.638317407627252,29.788549973455854,29.953798887110796,30.134779415052982,30.332141818224862,30.546449564273729,30.778165720519947
717,28.742339070446313,28.746411694363584,28.758661135025054,28.779182205558389,28.808133284832479,28.845736853572095,28.892280218602604,28.948116333483608,29.013664504443842,29.089410590025924,29.175906071589477,29.27376512903944,29.38365867712394,29.50630430868183,29.642451365030791,29.79286098444592,29.958281948775717,30.139424304438396,30.336933796511097,30.55137077667764,30.783197130705524
718,28.745090434211136,28.749170165807421,28.761440951065246,28.781997668233902,28.810998804787527,28.848666988613001,28.89528969510253,28.951220028261595,29.016877353205079,29.09274737869697,29.179381064172524,29.277391496562387,29.387447722675027,29.510264534848211,29.64658749571888,29.79717311661933,29.962765047236704,30.144068240608846,30.341724057346955,30.55628983989553,30.788226347914645
719,28.747846599085609,28.751933443215361,28.764225587721249,28.784817975967233,28.813869203096232,28.851602040869111,28.898304125645563,28.954328697721515,29.020095158440959,29.096089034955781,29.182860725597955,29.281022183241401,29.391240553163218,29.514227813335683,29.650725765746699,29.801486352494649,29.967248187469934,30.14871125295674,30.34651265124775,30.561206817304093,30.79325343702536
720,28.750607568350212,28.754701529887182,28.767015048295644,28.787643131878379,28.816744482222941,28.854542011278642,28.901323508312903,28.957442335342709,29.023317907099489,29.099435537570159,29.186345025767114,29.284657151152949,29.395037126194183,29.51819410301696,29.65486614266144,29.805800675827825,29.971731375036182,30.153353370548086,30.35129962749162,30.566121770419532,30.798278460921576
721,28.753373345305551,28.757474429130323,28.769809336060487,28.790473138991928,28.819624644446613,28.85748690048835,28.904347840793356,28.960560934151975,29.026545585703598,29.10278686504212,29.18983393462748,29.288296362856364,29.398837400328141,29.522163364083394,29.659008595429906,29.810116071526579,29.976214616014449,30.157994622105598,30.356085035898708,30.571035632773992,30.803354149501363
722,28.756143933231662,28.760252144219159,28.772608454216922,28.793308000197786,28.822509691824429,28.860436708822341,28.907377120359516,28.963684486708299,29.029778180342483,29.106142995600859,29.193327422159335,29.291939781366761,29.402641335035419,29.526135557986375,29.663153094376533,29.814432525600036,29.980697916982322,30.162635038021122,30.360869170172965,30.575955902314359,30.8084707905901
723,28.758919335427464,28.763034678434266,28.775412405933796,28.796147718289529,28.825399626231022,28.863391436324662,28.910411343917421,28.966812985162889,29.033015676743812,29.109503907284207,29.196825458457035,29.295587370220431,29.406448890728509,29.530110647424571,29.667299611128552,29.818750025087233,29.985181285771681,30.16727470228696,30.36565337488857,30.580887584270528,30.813613041458318
724,28.761699555170534,28.765822035022076,28.778221194307523,28.798992295925103,28.828294449321582,28.866351082727203,28.913450507981405,28.969946421242682,29.036258060264686,29.112869577932653,29.200328013718696,29.299239093451916,29.410260028720888,29.534088596285653,29.671448118552544,29.823068558242198,29.989664741858402,30.171913894278504,30.370439426503506,30.585831451247923,30.818775467124663
725,28.764484595716286,28.768614217194155,28.781034822361441,28.8018417356271,28.831194162534626,28.86931564745699,28.916494608688527,28.973084786273141,29.039505315922181,29.116239985223217,29.203835058275278,29.302894915608285,29.414074711218472,29.538069369613602,29.675598590764903,29.82738811657758,29.994148344577773,30.176553100794738,30.375228734811738,30.590787228821245,30.823954951049583
726,28.767274460289411,28.771411228118545,28.783853293037538,28.804696039775532,28.834098767087205,28.872285129636094,28.919543641805323,28.976228071193177,29.042757428415268,29.119615106694049,29.207346562610372,29.306554801755109,29.4178929013047,29.542052933586191,29.679751003511807,29.831708700787065,29.998632214799766,30.18119290059467,30.380022274898536,30.595754398021644,30.829149407723957
727,28.770069152075212,28.774213070911316,28.786676609188273,28.807555210600817,28.837008263970695,28.875259528082168,28.922597602734982,28.979376266570014,29.046014382146105,29.122994919767805,29.210862497378304,29.310218717480851,29.421714562928408,29.5460392555702,29.683905335419126,29.83603032830742,30.003116532379295,30.185833869348269,30.3848206970411,30.600732406088817,30.834357320063461
728,28.772868674211153,28.777019748628089,28.789504773568691,28.81041925017734,28.839922653947113,28.878238841309418,28.925656486524929,28.982529362614002,29.049276161240698,29.126379401773718,29.21438283342064,29.313886628900743,29.42553966090729,29.550028304372205,29.688061570093954,29.840353038308287,30.007601519298646,30.190476532647711,30.389624429016678,30.605720728571193,30.839577523353402
729,28.775673029778307,28.779831264255726,28.792337788828704,28.813288160417166,28.842841937545764,28.881223067530129,28.928720287874697,28.985687349193388,29.052542749568886,29.129768529968473,29.217907541781383,29.317558502662948,29.42936816097578,29.554020050765899,29.692219698427273,29.844676892551369,30.012087420628955,30.195121350346067,30.394433748165802,30.610718885644591,30.844809089857943
730,28.778482221793052,28.782647620704182,28.795175657505606,28.816161943064248,28.845766115060602,28.884212204656652,28.931789001144079,28.988850215848913,29.055814130763626,29.133162281555919,29.221436593721609,29.321234305963852,29.43320002990934,29.558014468244142,29.696379720373638,29.849001973074309,30.016574489104066,30.19976871580004,30.399248829576909,30.615726444074106,30.850051259619931
731,28.781296253198835,28.785468820798453,28.798018382016917,28.819040599688982,28.848695186547776,28.887206250303741,28.934862620361518,28.992017951808275,29.05909028823967,29.136560633705834,29.22496996073502,29.324914006582301,29.437035235738897,29.562011533847532,29.700541645880094,29.853328378246829,30.021062974209045,30.204418961545993,30.404069778168047,30.620743013896885,30.855303396748461
732,28.784115126858051,28.788294867270789,28.800865964653394,28.821924131683058,28.851629151823811,28.890205201791439,28.93794113923262,28.995190546000405,29.062371205211605,29.139963563572163,29.228507614567508,29.328597572942787,29.440873748043941,29.566011228913677,29.704705494944047,29.857656218352925,30.025553115365899,30.209072367042619,30.408896649918024,30.625768243836418,30.86056496030044
733,28.786938845544224,28.791125762753058,28.803718407572372,28.824812540254833,28.85456801046411,28.893209056148134,28.941024551148928,28.998367987069486,29.065656864711233,29.143371048311437,29.232049527244193,29.332284974211316,29.444715538286388,29.570013539634342,29.708871297020853,29.861985611491868,30.030045137962031,30.213729166324722,30.41372946664131,30.630801816718591,30.86583548349677
734,28.789767411934168,28.7939615097693,28.80657571279141,28.827705826424875,28.85751176180186,28.896217810114081,28.944112849196706,29.00155026338879,29.06894724960479,29.146783065102589,29.235595671107042,29.335976180421458,29.448560580146129,29.574018457382586,29.713039090004237,29.86631668003017,30.034539251397561,30.218389555130639,30.418568226071542,30.635843445159125,30.871114558961292
735,28.792600828600595,28.796802110728624,28.809437882182166,28.830603991022034,28.860460404927363,28.899231460145195,28.947206026165887,29.004737363074376,29.07224234260989,29.150199591169621,29.239146018865565,29.339671162623905,29.452408849821715,29.57802597879834,29.717208918965969,29.870649547763083,30.039035648541965,30.223053697000356,30.423412908810793,30.640892867866715,30.87640182781146
736,28.795439098004788,28.799647567918214,28.812304917464697,28.833507034679798,28.863413938687675,28.902250002417073,28.950304074559025,29.007929273998524,29.075542126313277,29.153620603808253,29.242700543660145,29.343369893045679,29.456260326268591,29.582036105679986,29.721380834851928,29.874984337721251,30.043534505902169,30.227721728448305,30.428263483449076,30.645949846422024,30.881696971167973
737,28.798282222489554,28.80249788349672,28.815176820201874,28.836414957832957,28.866372361686636,28.905273432829322,28.953406986600395,29.011125983803389,29.078846583189147,29.157046080417643,29.246259219136359,29.347072345247938,29.460114991365405,29.586048844725024,29.725554893212426,29.879321170521166,30.048035984288315,30.232393763342035,30.433119910198144,30.651014162496821,30.886999703631918
738,28.80113020427244,28.805353059487782,28.818053591794307,28.839327760714671,28.869335672285203,28.908301747010061,28.956514754245088,29.014327479914666,29.082155695619416,29.160475998537429,29.249822019526874,29.350778494272667,29.463972830006764,29.590064207162381,29.729731153019898,29.883660163176323,30.052540229774998,30.23706989654514,30.437982143500324,30.656085615484457,30.892309768148507
739,28.803983045439249,28.808213097774036,28.820935233475442,28.842245443353914,28.872303868602064,28.911334940320714,28.959627369188329,29.017533749555835,29.085469445915795,29.163910335890332,29.253388919738597,29.354488316768919,29.467833830117932,29.594082208306901,29.733909675625409,29.888001428325509,30.057047374793459,30.241750206875267,30.442850133885536,30.661164020501548,30.897626931972976
740,28.806840747937741,28.811078000091147,28.823821746307065,28.845168005573111,28.875276948514689,28.91437300786097,28.962744822874956,29.020744779763007,29.088787816344421,29.167349070429321,29.256959895438666,29.358201791092554,29.471697982609925,29.598102867092969,29.738090523861686,29.89234507371253,30.061557539209534,30.246434759611986,30.447723829419161,30.666249206643773,30.902950983291092
741,28.809703313571699,28.81394776802237,28.826713131174994,28.848095446986211,28.878254909660434,28.917415944473991,28.965867106509151,29.023960557400663,29.092110789152848,29.170792180387821,29.260534923136795,29.361918897379702,29.475565281286812,29.602126205600765,29.742273761273097,29.896691201873033,30.066070831401785,30.251123608605518,30.452603176762459,30.671341015474706,30.908281728446738
742,28.812570743995238,28.816822402993232,28.829609388785279,28.851027766997056,28.881237749438142,28.920463744751778,28.968994211064615,29.027181069178539,29.095438346599277,29.174239644331902,29.264113980261463,29.365639617593295,29.479435722712449,29.606152248588533,29.746459451470258,29.901039909997206,30.070587349303924,30.255816798023861,30.457488121939626,30.676439299723793,30.913618989664037
743,28.815443040707407,28.819701906266637,28.832510519660421,28.85396496479791,28.88422546500988,28.923516403041063,28.972126127295216,29.030406301669586,29.098770470984235,29.177691441213543,29.267697045226608,29.369363935540541,29.483309306043559,29.610181023047339,29.75064765761314,29.905391289933188,30.075107181373838,30.260514363780946,30.462378610883285,30.681543922173454,30.918962603179544
744,28.818320205047133,28.822586278938175,28.835416524136296,28.856907039368618,28.887218053303123,28.926573913449126,28.975262845746226,29.033636241329493,29.102107144683863,29.181147550422558,29.271284097487484,29.373091836865843,29.487186032844239,29.614212557789767,29.754838441997205,29.909745428268913,30.079630407477609,30.265216334744625,30.467274589851129,30.686654754683396,30.924312417644568
745,28.821202238188405,28.825475521931839,28.838327402358939,28.859853989475642,28.890215511012943,28.929636269850416,28.978404356766248,29.036870874517096,29.105448350184307,29.184607951836277,29.274875117584706,29.376823309023401,29.491065906892189,29.618246883075798,29.759031865720566,29.91410240646152,30.084157099700324,30.269922733775037,30.472176005746441,30.691771677324731,30.929668292739919
746,28.824089141135836,28.828369635995976,28.84124315428204,28.862805813671844,28.893217834604904,28.932703465893269,28.981550650519949,29.040110187516319,29.108794070116549,29.188072625865306,29.278470087175833,29.380558341231254,29.494948933979902,29.622284030276941,29.763227988428966,29.918462301014703,30.088687323083803,30.274633578586773,30.477082806338164,30.696894577627955,30.935030098012291
747,28.826980914720401,28.831268621699479,28.844163779664424,28.865762510296097,28.896225020317889,28.935775495007128,28.984701717001272,29.04335416655853,29.112144287291219,29.191541553496247,29.282068989058526,29.384296924414457,29.498835121716045,29.62632403156671,29.767426868107908,29.922825183678817,30.093221136312629,30.279348882509314,30.481994940431253,30.70202334989844,30.940397711834095
748,28.829877559595577,28.83417247942841,28.847089278067966,28.868724077473519,28.899237064167451,28.9388523504104,28.987857546047668,29.046602797846074,29.115498984732934,29.195014716328778,29.285671807179916,29.388039051131955,29.50272447932895,29.630366919655415,29.771628560947693,29.927191121680931,30.097758592315962,30.284068655092053,30.486912357963494,30.707157894637053,30.94577102055262
749,28.832779076233795,28.837081209382909,28.850019648855888,28.871690513116079,28.902253961949658,28.941934025118609,28.991018127354952,29.049856067576275,29.118858145713364,29.198492096607399,29.289278526635851,29.391784715495096,29.506617017478096,29.634412727559059,29.775833121250606,29.931560177957781,30.10229973880805,30.288792902624863,30.491835010073142,30.712298118022407,30.951149917739855
750,28.835685464923206,28.83999481157424,28.852954891191253,28.874661814923204,28.905275709245071,28.945020511953324,28.99418345049282,29.053113961965625,29.122221753782707,29.201973677247693,29.29288913366134,29.395533913080971,29.510512748076319,29.638461488398718,29.780040601368924,29.935932411385341,30.10684461877775,30.293521628592657,30.49676284914494,30.717443931443555,30.95653430352376
751,28.83859672576456,28.842913285822462,28.855895004035759,28.877637980382961,28.908302301423284,28.94811180355142,28.997353504920916,29.056376467273829,29.125589792798884,29.205459441857084,29.296503615613684,29.399286640843055,29.514411684122859,29.642513235225991,29.784251051667795,29.940307877004791,30.111393270933284,30.298254834070278,30.501695828836521,30.722595251078161,30.961924083993502
752,28.841512858668775,28.84583663175405,28.858839986148929,28.880619006773667,28.911333733647886,28.951207892374978,29.000528280005202,29.059643569827507,29.128962246954408,29.208949374750059,29.300121960948491,29.403042897019592,29.518313839548004,29.646568000875025,29.788464520513536,29.944686626244881,30.115945730100318,30.302992518056815,30.506633904084623,30.727751997517853,30.967319170681321
753,28.844433863354343,28.848764848800077,28.861789836087574,28.883604891165458,28.914370000881785,28.954308770721518,29.003707765034836,29.062915256043475,29.132339100800959,29.21244346095888,29.303744159190437,29.406802681041398,29.522219229067581,29.650625817834623,29.792681054279683,29.949068707138863,30.120502027584124,30.307734677765879,30.511577031099009,30.732914095428438,30.972719480098952
754,28.847359739345389,28.851697936194544,28.864744552205529,28.88659563042269,28.917411097892938,28.957414430734826,29.006891949239005,29.066191512451084,29.135720339270939,29.215941686238807,29.307370200898827,29.41056599344029,29.52612786805047,29.654686718143893,29.796900697370802,29.95345416453144,30.125062191490095,30.312481308870353,30.516525167345613,30.738081473248279,30.978124933332285
755,28.850290485969808,28.85463589297304,28.867704132653699,28.889591221206242,28.920457019260422,28.960524864415916,29.010080821803928,29.069472325713942,29.139105947697381,29.219444037070755,29.311000077630979,29.414332835759012,29.530039772393046,29.658750733297882,29.801123492251634,29.95784304027919,30.129626247026707,30.317232405729708,30.521478271526966,30.743254062902448,30.983535455658963
756,28.853226102357986,28.857578717971904,28.87066857538063,28.892591659976613,28.923507759381206,28.963640063634767,29.013274371889938,29.072757682650089,29.142495911829016,29.222950500655838,29.314633781898294,29.418103210463411,29.533954958413787,29.662817894186979,29.805349479500034,29.962235373434787,30.134194216748128,30.321987961552026,30.526436303548099,30.748431799572316,30.988950976249878
757,28.856166587441564,28.860526409827528,28.873637878133348,28.89559694299729,28.92656331247716,28.966760020142047,29.016472588648099,29.076047570250868,29.145890217843398,29.226461064908484,29.318271307123677,29.421877120859758,29.537873442754329,29.666888231038161,29.809578697853286,29.966631200420974,30.138766120792884,30.32674796856066,30.531399224488752,30.75361462146606,30.994371427868252
758,28.85911193995274,28.863478966976004,28.876612038458365,28.898607066338265,28.929623672602283,28.969884725580979,29.019675461236524,29.079341975698554,29.14928885235787,29.229975718447122,29.321912647597902,29.42565457101502,29.541795242288096,29.67096177336574,29.813811184259215,29.971030555197981,30.143341977103127,30.331512418140999,30.536366996571733,30.758802469607321,30.999796746595859
759,28.862062158423711,28.866436387653202,28.87959105370328,28.901622025880204,28.932688833650438,28.973014171499404,29.022882978836215,29.082640886382421,29.152691802437275,29.233494450580995,29.325557798434339,29.429435565681185,29.54572037404078,29.675038549936961,29.818046973934131,29.975433469418643,30.14792180161546,30.336281300960131,30.541339583127787,30.763995287649522,31.005226871596015
760,28.865017241186518,28.869398669895023,28.882574921018531,28.904641817318733,28.935758789363263,28.976148349361871,29.026095130666459,29.085944289913577,29.156099055600002,29.237017251295427,29.329206755523735,29.433220110222951,29.549648855116757,29.679118588743162,29.822286100421206,29.979839972576691,30.152505608439871,30.341054607077432,30.546316948560499,30.769193021700154,31.010661744890363
761,28.867977186373171,28.872365811538025,28.885563637359542,28.907666436169087,28.938833533338375,28.979287250561757,29.029311905999677,29.089252174138288,29.159510599821481,29.240544111234595,29.332859515488696,29.437008210549426,29.553580702634164,29.68320191698038,29.826528595651876,29.984250092145583,30.157093410019236,30.345832326037581,30.551299058309567,30.774395620162565,31.016101311160419
762,28.870941991916411,28.875337810220682,28.888557199489465,28.910695877771523,28.941913059037965,28.98243086643318,29.032533294174993,29.092564527148479,29.162926423533694,29.244075021680956,29.336516075638876,29.440799873053596,29.557515933674285,29.687288561043587,29.830774490008722,29.988663853699908,30.161685217259407,30.350614446940543,30.556285878814482,30.779603033603173,31.021545517583572
763,28.873911655550046,28.878314663384245,28.89155560398158,28.913730137296099,28.944997359797043,28.9855791882629,29.035759284612421,29.095881337294131,29.166346515627819,29.247609974538026,29.340176433926914,29.444595104546934,29.561454565219424,29.691378546507742,29.83502381238381,29.993081281049626,30.166281039685511,30.355400958534531,30.561277377479886,30.784815214595735,31.026994313636859
764,28.876886174810618,28.88129636827491,28.894558847223006,28.91676920974886,28.948086428832625,28.988732207301993,29.038989866824579,29.099202593189752,29.169770865447994,29.251148962305177,29.343840588904833,29.448393912210019,29.565396614121919,29.69547189814006,29.839276590243074,29.997502396338074,30.170880885532078,30.360191849253983,30.566273522639115,30.790032117623639,31.032447650981005
765,28.879865547038996,28.884282921945921,28.897566925418221,28.919813089977772,28.95118025925245,28.991889914776959,29.042225030428035,29.102528283721327,29.173199462787398,29.254691978056325,29.347508539683901,29.452196303542333,29.569342097064734,29.699568639898782,29.843532849682223,30.001927220146833,30.175484761855415,30.364987107280289,30.571274283521941,30.795253698962746,31.037905483315644
766,28.882849769381775,28.887274321259454,28.900579834592495,28.922861772678477,28.954278844063708,28.995052301901069,29.045464765155181,29.105858398054188,29.176632297884957,29.258239015418368,29.3511802858926,29.456002286309062,29.573291030520217,29.703668794933357,29.847792615486558,30.006355771604365,30.180092674646247,30.369786720599681,30.57627963021999,30.800479916564239,31.04336776623586
767,28.885838838793898,28.890270562889715,28.903597570596443,28.925915252401044,28.957382176182122,28.998219359884807,29.048709060863146,29.109192925635689,29.180069361416106,29.26179006854656,29.35485582763938,29.45981186850274,29.57724343072919,29.707772385598552,29.852055911185928,30.010788068467388,30.184704628904832,30.374590677035393,30.581289533655692,30.805710729970418,31.048834457131928
768,28.88883275204121,28.893271643326042,28.906620129110426,28.928973523556426,28.960490248440649,29.001391079945844,29.051957907542757,29.11253185619854,29.183510644485214,29.265345132101874,29.358535165476194,29.463625058302831,29.581199313675008,29.711879433463725,29.85632275910887,30.015224127207187,30.189320628724353,30.379398964286249,30.586303965551206,30.810946100223898,31.054305515079903
769,28.891831505703138,28.896277558875997,28.909647505649083,28.932036580423084,28.963603053598248,29.004567453319144,29.055211295327236,29.115875179763886,29.186956138617457,29.268904201227862,29.362218300361828,29.467441864036193,29.585158695059871,29.715989959324027,29.860593180436734,30.01966396309345,30.193940677370726,30.384211569962591,30.591322898397621,30.816185989779594,31.059780900736094
770,28.894835096175651,28.899288305668815,28.912679695566137,28.935104417153738,28.966720584348678,29.00774847126667,29.058469214500146,29.11922288664304,29.19040583574937,29.272467271527105,29.365905233626936,29.471262294141255,29.589121590285316,29.720103983214184,29.864867195256323,30.024107590271985,30.198564777354001,30.389028481616506,30.596346305424991,30.821430362424454,31.065260576241513
771,28.897843519675732,28.902303879660298,28.915716694060357,28.938177027782704,28.969842833328713,29.010934125084869,29.061731655499273,29.12257496743414,29.193859728215656,29.27603433903834,29.369595966946957,29.475086357146971,29.593088014448998,29.724221524430156,29.869144822603545,30.028555021816508,30.20319293046823,30.393849686752581,30.601374160577787,30.826679183225902,31.070744505163095
772,28.90085677224322,28.90532427663517,28.918758496179407,28.941254406232098,28.972969793127131,29.014124406115837,29.064998608927517,29.125931413028049,29.197317808743385,29.279605400213388,29.373290502301558,29.478914061625154,29.59705798231122,29.72834260153487,29.87342608052186,30.033006269827268,30.20782513789008,30.398675172875976,30.606406438481343,30.831932418426955,31.076232652366283
773,28.903874849747542,28.908349492214015,28.921805096827484,28.944336546319921,28.976101456292035,29.017319305751464,29.068270065550955,29.129292214597957,29.200780070433602,29.283180451895753,29.376988841959172,29.482745416190156,29.601031508313419,29.732467232389478,29.877710986092733,30.037461345447479,30.212461400176569,30.403504927477535,30.61144311442489,30.837190035433562,31.081724984005362
774,28.906897747889584,28.911379521855753,28.924856490769212,28.947423441766254,28.979237815339719,29.020518815444422,29.071546016309433,29.132657363604881,29.204246506755396,29.286759491297641,29.380690988437134,29.486580429452367,29.605008606546036,29.736595434159845,29.881999555493394,30.041920258959607,30.217101717360613,30.408338938079858,30.616484164328455,30.842452002712527,31.087221467399932
775,28.909925462208161,28.91441436086436,28.92791267263695,28.950515086200955,28.982378862761546,29.023722926712164,29.074826452315012,29.136026851788543,29.207717111529504,29.290342515980399,29.384396944486269,29.490419110014891,29.608989290761265,29.740727223342414,29.88629180402657,30.046383019808015,30.221746088959343,30.413177192230744,30.621529564725893,30.847718289769936,31.09272207101311
776,28.912957988083885,28.917454004393012,28.930973636936045,28.953611473170231,28.985524591031812,29.026931631144794,29.078111364857541,29.139400671167145,29.211191878918584,29.293929523833384,29.388106713061127,29.494261466444307,29.612973574358666,29.744862615778182,29.890587746166801,30.050849636665461,30.226394514034268,30.41801967752782,30.62657929273837,30.852988867081972,31.098226764369489
777,28.915995320744269,28.920498447449564,28.934039378051086,28.956712596143877,28.988674992615181,29.03014492041115,29.0814007454067,29.142778814032607,29.214670803413959,29.297520513053453,29.391820297297368,29.498107507254499,29.616961470384535,29.749001626672719,29.89488739559846,30.055320117477574,30.231046991225512,30.422866381627617,30.631633326052626,30.858263706049449,31.103735518003123
778,28.919037455269709,28.923547684902768,28.937109890252444,28.959818448521894,28.991830059972553,29.033362786262298,29.084694585611416,29.146161272944148,29.218153879823152,29.301115482128399,29.395537700495694,29.501957240897408,29.620952991535262,29.753144270614694,29.899190765245855,30.059794469495451,30.235703518775022,30.427717292249795,30.636691642903354,30.863542778964028,31.109248303419584
779,28.922084386597501,28.926601711486629,28.940185167701884,28.962929023641689,28.994989785569526,29.036585220539862,29.087992877305073,29.149548040726721,29.221641103258044,29.304714429814062,29.399258926092148,29.505810675736601,29.624948150147695,29.757290561593678,29.903497867319587,30.064272699337454,30.240364094579569,30.432572397196548,30.641754222046892,30.868826058944745,31.114765093021521
780,28.925136109529024,28.929660521807612,28.943265204459568,28.966044314784352,28.998154161880663,29.039812215176777,29.091295612501362,29.152939110461652,29.225132469121792,29.308317355121311,29.402983977650166,29.509667820048669,29.628946958211085,29.761440513019529,29.907808713336898,30.068754813003512,30.245028716194895,30.43743168434689,30.646821042748957,30.874113519922972,31.120285860093691
781,28.928192618741758,28.932724110356961,28.946349994497155,28.969164315188525,29.001323181403773,29.043043762210296,29.094602783403708,29.156334475489441,29.228627973103141,29.311924257302088,29.406712858842695,29.513528682009852,29.63294942736831,29.765594137745687,29.912123314166191,30.073240815929932,30.24969738088215,30.442295141675629,30.651892082418492,30.879403952001919,31.125739175186123
782,28.931253908766891,28.935792471488448,28.949439531675754,28.972289018028416,29.004496836636985,29.04627985375706,29.097914382376775,29.159734129377043,29.232127611139642,29.315535135811093,29.410445573416574,29.517393269668094,29.636955568899456,29.769751448064476,29.916441680030164,30.077730712992235,30.254370085594608,30.447162754517294,30.656966986688577,30.884687244364542,31.13113826037614
783,28.934319974037859,28.938865599466993,28.952533809794815,28.975418416462556,29.007675120126603,29.049520482058281,29.101230401986921,29.163138065951191,29.23563137944295,29.319149990324181,29.414182125208583,29.521261590963892,29.640965393755202,29.773912455757959,29.920763820572297,30.082224508571258,30.259046825930138,30.452034435156765,30.66204397556443,30.889956663825402,31.136503969420467
784,28.937390808867896,28.941943488446356,28.955632822570006,28.978552503611667,29.010858024444122,29.052765639454773,29.104550834973718,29.166546279265717,29.239139274462239,29.322768820700361,29.417922518109926,29.525133653702305,29.644978912540132,29.778077172092988,29.925089744856244,30.086722206227655,30.263727581992988,30.456909830615952,30.667120682445749,30.895211214236234,31.141843722365401
785,28.940466407463354,28.945026132482489,28.958736563646553,28.981691272571641,29.014045542198023,29.056015318396089,29.107875674255112,29.169958763601464,29.242651292879092,29.326391626973447,29.421666756058947,29.529009465551937,29.648996135522577,29.782245607842174,29.929419461313554,30.091223805888809,30.268412280106563,30.461788306380338,30.67219523682094,30.900451317269589,31.147161795052423
786,28.943546763929767,28.948113525539647,28.96184502660541,28.984834716419282,29.017237666038238,29.059269511442626,29.111204912925547,29.17337551345965,29.246167431596248,29.330018409338496,29.425414843029088,29.532889034039254,29.653017072638967,29.78641777328,29.933752977180394,30.095729295774049,30.273100763446404,30.466669102819175,30.677266356523155,30.90567772504696,31.15246106372205
787,28.946631872278054,28.951205661496601,28.9649582049693,28.987982828217913,29.020434388660412,29.062528211267203,29.114538544253801,29.176796523555158,29.249687687726823,29.333649168138965,29.429166783017742,29.536772366543641,29.657041733494211,29.790593678074899,29.938090296762493,30.100238642102237,30.27779279539422,30.471551464189815,30.682333198835892,30.91089123389385,31.157743633099759
788,28.949721726430699,28.954302534152752,28.968076092208744,28.991135601022698,29.023635702809841,29.065791410656484,29.117876561680685,29.180221788809742,29.253212058583664,29.337283903854331,29.432922580035793,29.54065947029212,29.661070127340334,29.794773330915376,29.942431418538657,30.104751782298294,30.282488082454272,30.476434702093769,30.687395221853883,30.916092600890622,31.163011128226003
789,28.952816320227829,28.95740413723426,28.971198681747911,28.994293027885881,29.026841601285103,29.069059102512053,29.121218958816335,29.183651304345332,29.256740541669085,29.340922617088484,29.436682238097909,29.544550352350107,29.665102262995209,29.798956738764879,29.946776332004873,30.109268623771474,30.287186299947376,30.481318217056991,30.692452086648046,30.921282521044077,31.168264852288832
790,28.955915647433379,28.960510464400059,28.974325966970323,28.9974551018617,29.030052076941523,29.072331279851081,29.124565729437503,29.187085065477238,29.260273134664914,29.344565308558572,29.440445761212395,29.548445019598869,29.669138148657346,29.80314390581124,29.95112501521697,30.113789047021999,30.291887113001742,30.486201499308944,30.697503592032835,30.926461625264437,31.17350587948626
791,28.959019701741155,28.963621509247851,28.977457941224596,29.000621816011254,29.033267122694223,29.075607935806993,29.127916867484579,29.19052306770751,29.263809835422805,29.348211979084223,29.444213153368583,29.552343478686229,29.673177791597318,29.807334832313039,29.955477433507649,30.118312910980848,30.296590191208068,30.491084121124878,30.702549631316423,30.931630484614221,31.178735114562485
792,28.962128476780837,28.966737265320059,28.980594597829839,29.003793163406968,29.036486731521027,29.078889063629578,29.131272367058429,29.193965306718216,29.267350641954813,29.351862629576598,29.44798441851793,29.556245735938141,29.677221197745997,29.811529513555978,29.959833539349926,30.12284005892074,30.3012952179898,30.495965726465975,30.707590163071263,30.936789616604131,31.183953332757326
793,28.965241966123919,28.969857726109549,28.98373593008106,29.006969137137045,29.03971089646512,29.08217465668513,29.134632222417224,29.197411778364849,29.270895552424182,29.355517261026179,29.451759560544101,29.560151797224556,29.681268371223059,29.815727939066434,29.96419327314381,30.127370324035304,30.30600189586891,30.500846020405099,30.712625191567891,30.941939491541376,31.189161207427944
794,28.968360163289535,28.972982885065402,28.986881931254349,29.010149730309603,29.042939610637401,29.085464708456232,29.137996427973032,29.200862478669819,29.274444565135905,29.359175874487839,29.455538583217244,29.564061667783061,29.68531931386643,29.819930092151317,29.968556564577369,30.131903534172583,30.310709949048302,30.505724759642916,30.717654753064867,30.94708053827981,31.194359330292222
795,28.971483061750234,28.97611273559847,28.990032594611918,29.013334936056644,29.046172867218701,29.088759212541337,29.141364978288451,29.204317403815818,29.277997678526823,29.36283847106148,29.459321490130932,29.56797535201321,29.68937402480833,29.82413594973978,29.972923334272576,30.136439515695724,30.31541912430346,30.510601744151582,30.722678906098544,30.952213149359338,31.199548226554214
796,28.974610654937631,28.979247271086848,28.993187913407038,29.016524747537783,29.04941065946166,29.0920581626543,29.144737868072951,29.207776550139172,29.281554891154499,29.366505051866085,29.463108284620198,29.571892853253999,29.693432500134531,29.828345482512002,29.977293495547396,30.140978096428505,30.320129190623096,30.51547681015391,30.727697724850113,30.957337685386602,31.204728366124414
797,28.977742936247889,28.982386484881225,28.996347880888688,29.019719157943896,29.052652980692539,29.095361552623547,29.148115092179331,29.211239914122807,29.285116201684136,29.370175618006542,29.466898969664097,29.575814173563497,29.697494732642873,29.832558655230862,29.981666956114591,30.145519107848784,30.324839938278757,30.520349824246495,30.732711294221001,30.962454478808297,31.209900172530549
798,28.980879899047135,28.985530370310087,28.999512490306206,29.022918160500367,29.055899824312704,29.098669376391268,29.151496645599831,29.214707492388648,29.288681608872785,29.37385017053181,29.4706935477769,29.579739313515638,29.701560711708769,29.836775427221067,29.986043619636582,30.150062386648134,30.329551177550609,30.525220678503956,30.737719706285731,30.967563837140933,31.215064029917748
799,28.98402153667675,28.988678920684706,29.002681734913562,29.026121748470413,29.059151183800047,29.101981628012229,29.154882523462046,29.218179281689203,29.292251111550431,29.377528710386237,29.474492020893763,29.583668272021654,29.705630423237764,29.84099575293008,29.990423387128303,30.154607775840415,30.334262737275633,30.530089286339138,30.742723057661028,30.972666045776101,31.220220288737266
800,28.98716784245843,28.991832129304161,29.005855607973707,29.029329915157923,29.062407052710064,29.105298301652642,29.158272721024634,29.221655278897853,29.295824708597227,29.381211238353043,29.478294390254778,29.58760104618678,29.709703849713588,29.845219582550996,29.994806158157655,30.159155125411857,30.338974463316557,30.534955579165523,30.747721447686192,30.977761370338726,31.225369270205476
801,28.990318809699232,28.99498998945997,29.009034102762502,29.032542653910372,29.065667424676843,29.10861939158859,29.161667233672286,29.225135480997569,29.29940239891658,29.384897754992899,29.482100656294087,29.591537631205302,29.713780970314794,29.849446862649014,29.999191831854336,30.163704292693573,30.3436862170946,30.539819503597435,30.752714977029939,30.982850058735242,31.230511270040033
802,28.993474431696281,28.998152494440728,29.012217212572658,29.035759958121332,29.068932293413894,29.111944892204288,29.165066056910284,29.228619885067925,29.302984181404913,29.388588260579404,29.485910818538017,29.59547802029233,29.717861761080719,29.85367753676886,30.003580307753978,30.168255142539575,30.34839787419374,30.544681019074339,30.757703746631485,30.987932342949083,31.235646561612832
803,28.996634701741591,29.001319637536525,29.015404930717381,29.038981821233012,29.0722016527146,29.115274797990089,29.168469186358163,29.232108488270104,29.306570054917827,29.392282755033463,29.489724875515144,29.599422204651493,29.72194619511852,29.857911546014215,30.007971486486486,30.172807547330184,30.353109323042741,30.549540095889544,30.76268785694527,30.99300844059389,31.240775398558018
804,28.99979961312641,29.004491412043262,29.018597250533979,29.042208236738418,29.075475496452704,29.118609103539978,29.171876617742548,29.235601287829972,29.310160018233784,29.395981237858113,29.493542824679501,29.603370173474037,29.726034242836572,29.862148829589856,30.012365270332882,30.177361386854937,30.357820463691091,30.554396713533283,30.767667407388174,30.998078556273743,31.245898016981155
805,29.002969159145682,29.007667811266643,29.021794165387121,29.045439198183427,29.078753818582285,29.121947803548647,29.175288346888781,29.239098281019029,29.313754070015314,29.399683708075937,29.497364662350243,29.607321913970324,29.730125872198037,29.866389325293021,30.016761563646696,30.181916548098148,30.362531206702275,30.559250859332344,30.772642495956937,31.003142882755697,31.251014637302259
806,29.006143333102155,29.010848828526182,29.024995668672023,29.04867469916864,29.082036613137635,29.125290892808113,29.178704369711575,29.242599465133448,29.317352208769211,29.403390164170663,29.501190383667009,29.611277411424872,29.734221048978558,29.870632969953469,30.021160273179866,30.186472924981437,30.367241472149647,30.564102527284252,30.777613218939599,31.008201602012235,31.256125465863025
807,29.009322128310377,29.014034457158914,29.028201753817459,29.051914733350944,29.085323874232699,29.12863836620356,29.182124682204382,29.24610483747168,29.320954432806509,29.407100604034266,29.505019982560427,29.615236649269637,29.738319737021531,29.874879699824799,30.025561308331866,30.191030418078203,30.371951188701164,30.56895171705537,30.782579670705147,31.013254886151881,31.261230696331644
808,29.012505538100573,29.017224690523005,29.031412414288503,29.055159294445005,29.08861559606019,29.131990218708612,29.185549280427587,29.249614395310555,29.324560740203058,29.410815024920961,29.508853451738112,29.619199609174029,29.742421898487585,29.879129450925653,30.029964581322218,30.195588934300396,30.376660292798,30.573798433148838,30.787541943572919,31.018302898232527,31.266330510896747
809,29.015693555822303,29.020419522001127,29.034627643589197,29.058408376224371,29.091911772890416,29.135346445379987,29.188978160495889,29.253128135880875,29.328171128760978,29.414533423405675,29.512690782679794,29.623166271142701,29.746527494097652,29.883382159350401,30.034370007322927,30.20014838657826,30.381368727889747,30.578642684158606,30.792500127715599,31.023345793012794,31.271425081357002
810,29.018886174847932,29.023618945003712,29.037847435264919,29.061661972522348,29.095212399069542,29.138707041351289,29.192411318564321,29.256646056341829,29.331785595972061,29.418255795351563,29.516531965649193,29.627136613627144,29.750636483362818,29.887637761523269,30.038777504518666,30.204708693528591,30.386076443773042,30.583484482181575,30.79745431112487,31.028383717589033,31.276514570016495
811,29.022083388575947,29.026822952971983,29.041071782904549,29.064920077232603,29.098517469017363,29.142072001826065,29.195848750813422,29.260168153755362,29.335404138983648,29.421982135884548,29.52037698971586,29.631110613641454,29.754748824799261,29.891896194416031,30.043186994133308,30.209269779132487,30.390783395994067,30.588323842304426,30.802404579596452,31.033416811972831,31.28159913048831
812,29.025285190434072,29.030031539380726,29.044300680142413,29.06818268430942,29.101826977224711,29.145441322070049,29.199290453433619,29.263694425060709,29.339026754567282,29.425712439374582,29.524225842785462,29.63508824687948,29.758864476127254,29.896157395733486,30.047598400430839,30.213831572424787,30.395489545306333,30.593160782153706,30.807351016731506,31.038445209616398,31.286678908417286
813,29.028491573882196,29.033244697741072,29.047534120660018,29.071449787767552,29.105140918250179,29.148814997402894,29.202736422609217,29.267224867049531,29.342653439090761,29.429446699423593,29.528078511637091,29.63906948783178,29.76298339445481,29.900421304071102,30.052011650694897,30.218394007193975,30.400194857178345,30.597995321504314,30.812293703953248,31.043469037889707,31.29175404212814
814,29.031702532415103,29.036462421602703,29.050772098187455,29.074721381681904,29.108459286716464,29.152193023189099,29.206186654501721,29.27075947634188,29.346284188493559,29.433184908859854,29.531934981967051,29.643054309901629,29.767105536445339,29.904687859043616,30.056426675185911,30.222957021693755,30.404899301354238,30.602827481948562,30.81723272053933,31.048488418506953,31.296824663194823
815,29.034918059565008,29.039684704556318,29.054014606504637,29.077997460186644,29.111782077306177,29.155575394828443,29.209641145233327,29.274298249363017,29.349918998265217,29.436927059737364,29.535795238436958,29.647042685519228,29.771230858472752,29.908957001393595,30.060843407084615,30.227520558365384,30.40960285145167,30.607657286605384,30.822168143662537,31.053503467918137,31.301890896957879
816,29.038138148903865,29.042911540235412,29.057261639442146,29.08127801747402,29.115109284757036,29.158962107745886,29.213099890869938,29.277841182321808,29.353557863427685,29.440673143341311,29.539659264726549,29.651034586252269,29.775359316759406,29.913228673074329,30.06526178242072,30.232084563576535,30.41430548460735,30.612484759876974,30.827100048439497,31.05851429765784,31.306952862978711
817,29.041362794045494,29.046142922318129,29.060513190881867,29.084563047792816,29.118440903856758,29.162353157381126,29.216562887404582,29.281388271190131,29.357200778520518,29.444423150197249,29.543527043588323,29.655029982912701,29.779490867503132,29.917502817319487,30.069681739996607,30.236648987372025,30.419007181147748,30.617309927228284,30.832028507981622,31.063521014671498,31.312010675461824
818,29.04459198864738,29.049378844528693,29.063769254757268,29.087852545446314,29.121776929437267,29.165748539177574,29.220030130740845,29.284939511684208,29.360847737590269,29.448177070086221,29.547398556905886,29.65902884565854,29.783625466986717,29.921779378688942,30.07410322129881,30.241213783242095,30.423707924305535,30.6221328150109,30.836953593452694,31.068523721600389,31.317064443617046
819,29.047825726412228,29.052619300638561,29.067029825053236,29.091146504789755,29.12511735636842,29.16914824857113,29.223501616677051,29.288494899248306,29.364498734183869,29.451934892063871,29.551273785752375,29.663031144087945,29.787763071672625,29.926058303101115,30.078526170409297,30.245778907908985,30.42840769996447,30.626953450307553,30.841875374124925,31.073522517042573,31.322114271989861
820,29.051064001089305,29.05586428446734,29.070294895805702,29.094444920227641,29.128462179551608,29.172552280979129,29.226977340890837,29.292054429039318,29.368153761343549,29.455696604480043,29.555152710447544,29.667036847329886,29.791903638293892,29.930339537863389,30.08295053391862,30.250344321118657,30.433106496410826,30.631771860781576,30.846793917434404,31.078517495807244,31.327160260782787
821,29.054306806475481,29.059113789883401,29.07356446110094,29.097747786210398,29.131811393912781,29.175960631788936,29.230457298924652,29.295618095913852,29.371812811605242,29.459462195002541,29.559035310615656,29.671045924128482,29.796047123930297,29.934623031686129,30.087376260833395,30.254909985449348,30.437804304119858,30.636588074557309,30.85170928903915,31.083508749137895,31.332202506132841
822,29.057554136415966,29.062367810804211,29.076838515074439,29.101055097230891,29.135164994395367,29.179373296346796,29.233941486171862,29.299185894416805,29.375475876999641,29.46323165064257,29.562921565242505,29.675058342921993,29.800193486076012,29.93890873468936,30.09180330248471,30.259475866131254,30.442501115559256,30.641402120113046,30.856621552876156,31.088496364920356,31.337241100368775
823,29.060805984804933,29.06562634119647,29.080117051909632,29.104366847820636,29.138522975952938,29.182790269946643,29.237429897863286,29.302757818770935,29.379142949054419,29.467004957781135,29.566811452731919,29.679074071919096,29.804342682702689,29.943196598405525,30.09623161243622,30.264041930871965,30.447196925002373,30.646214026181962,30.861530771218494,31.093480427882014,31.342276132256199
824,29.064062345585352,29.068889375075454,29.0834000658358,29.107683032545186,29.141885333541332,29.186211547819198,29.240922529055869,29.306333862870872,29.382814018802346,29.470782102199685,29.570704950959737,29.683093079161896,29.808494672300959,29.947486575763666,30.100661146392998,30.268608149710417,30.451891728386716,30.651023821687524,30.866437004730727,31.098461019750697,31.347307687188525
825,29.067323212749102,29.072156906504663,29.086687551126271,29.111003645999858,29.145252062111187,29.189637125121358,29.244419374620879,29.309914020275464,29.386489076786599,29.474563069107717,29.574602037327043,29.687115332593489,29.812649413932057,29.951778621085051,30.105091862113884,30.273174494858942,30.456585523148782,30.655831535658372,30.871340312522964,31.103438219434572,31.352335847407218
826,29.070588580336441,29.075428929594821,29.089979502095911,29.114328682804796,29.148623156599953,29.193066996925673,29.247920429233698,29.313498284203728,29.390168113071002,29.478347843174266,29.578502688811938,29.691140800115022,29.816806867261459,29.956072690062264,30.109523719322873,30.277740940568506,30.461278308097878,30.660637197174193,30.876240752204581,31.108412103167126,31.357360692174545
827,29.073858442434851,29.078705438502205,29.093275913097937,29.117658137599612,29.151998611923943,29.196501158210857,29.251425687365852,29.317086647534012,29.393851117253085,29.482136408559132,29.582406882015782,29.695169449632548,29.820966992582321,29.960368739734928,30.113956679628547,30.282307463011129,30.465970083307976,30.665440835320723,30.881138379933116,31.113382744635679,31.362382297926288
828,29.077132793178126,29.081986427427278,29.09657677852125,29.120992005038282,29.155378422970667,29.199939603852211,29.254935143276192,29.320679102801044,29.397538078474188,29.485928748942218,29.586314593211178,29.699201249110544,29.825129750848326,29.964666728472359,30.118390706441311,30.286874040149449,30.470660849991809,30.670242479132718,30.886033250464905,31.118350215125183,31.367400738444385
829,29.080411626745057,29.085271890612884,29.099882092787109,29.124330279783713,29.158762584590932,29.203382328612339,29.25844879100336,29.324275642195641,29.401228985432926,29.489724847554747,29.590225798387458,29.703236166617135,29.829295103694921,29.968966615947583,30.122825764893207,30.291440651622576,30.475350610398113,30.675042157553136,30.890925417203722,31.12331458364163,31.372416085002744
830,29.083694937357205,29.088561822341472,29.103191850345038,29.127672956501872,29.162151091591319,29.206829327133455,29.261966624361172,29.327876257568022,29.404923826401088,29.493524687209227,29.594140473289613,29.707274170358343,29.833463013449645,29.973268363107429,30.127261821765757,30.296007278651306,30.480039367731365,30.679839899405724,30.895814932244825,31.12827591701388,31.37742840648583
831,29.086982719276669,29.091856216932563,29.106506045669086,29.131020029856082,29.165543938726803,29.210280593929671,29.265488636933679,29.331480940430247,29.408622589238451,29.497328250328959,29.598058593457857,29.711315228714174,29.837633443144671,29.977571932144034,30.13169884541723,30.300573903940503,30.484727126067611,30.684635733364779,30.900701846419221,31.133234279999002,31.382437769511956
832,29.09027496680482,29.095155068740866,29.109824673254465,29.134371494501575,29.168941120692946,29.213736123377885,29.269014822067724,29.335089681955822,29.412325261405822,29.501135518978533,29.601980134272754,29.715359310284413,29.841806356539777,29.981877286470919,30.136136805703138,30.305140511563195,30.489413890248141,30.689429687911364,30.905586209342133,31.138189735408545,31.387444238583083
833,29.093571674277772,29.098458372151487,29.113147727611835,29.137727345078929,29.172342632119527,29.217195909713997,29.272545172875152,29.338702472990995,29.416031829986139,29.504946474890861,29.605905070978661,29.719406383896494,29.845981718105651,29.986184390682318,30.140575673923422,30.309707086914287,30.494099665856066,30.694221791339736,30.910468069445475,31.143142344156395,31.392447876135336
834,29.096872836065177,29.101766121578173,29.11647520326423,29.141087576208793,29.175748467562897,29.220659947023751,29.276079682225067,29.342319304053692,29.419742281696607,29.508761099497065,29.609833378729189,29.723456418652901,29.850159493049226,29.990493210531145,30.145015422742699,30.314273616591599,30.498784459105583,30.699012071710303,30.915347474026536,31.148092165388928,31.397448742694039
835,29.100178446565447,29.105078311458279,29.119807094741219,29.144452182485463,29.179158621500065,29.224128229239714,29.279618342746883,29.345940165345315,29.423456602909461,29.512579373951841,29.6137650326081,29.727509383936635,29.854339647296282,29.994803712890125,30.149456026141184,30.318840088353316,30.503468276820549,30.703800556855754,30.920224469278516,31.153039256530235,31.402446896921674
836,29.103488500202822,29.108394936249429,29.123143396574616,29.147821158471366,29.182573088322368,29.227600750135601,29.283161146827936,29.349565046755355,29.427174779666903,29.516401279159606,29.617700007662059,29.731565249439338,29.858522147499027,29.999115865724839,30.153897459351032,30.323406491034152,30.508151126362822,30.708587274356116,30.92509910032992,31.157983673374289,31.407442395725361
837,29.106802991423983,29.111715990425783,29.126484103293699,29.151194498691027,29.18599186232878,29.231077503320776,29.286708086612308,29.35319393786834,29.430896797698818,29.52022679580201,29.621638278931258,29.73562398518277,29.862706961034437,30.003429638060421,30.158339698794972,30.327972814473782,30.51283301557762,30.713372251525509,30.929971411282295,31.162925470161973,31.412435294344725
838,29.110121914692979,29.115041468472782,29.129829209419675,29.15457219762564,29.189414937721828,29.234558482239205,29.290259154005113,29.356826827974732,29.434622642439873,29.524055904357631,29.625579821465433,29.739685561523576,29.866894055992038,30.007744999951512,30.162782722044462,30.332539049475393,30.517513952766752,30.718155515411173,30.934841445237314,31.167864699628481,31.417425646404482
839,29.113445264488451,29.118371364883963,29.133178709461326,29.157954249707146,29.192842308600344,29.238043680162779,29.293814340669449,29.360463706075951,29.438352299046272,29.527888585130952,29.62952461035902,29.743749949181549,29.871083401178439,30.012061922450492,30.167226507752495,30.337105187721924,30.522193946620678,30.722937092772778,30.939709244337816,31.172801413093431,31.422413504018344
840,29.116773035298007,29.121705674155255,29.13653259790938,29.161340649313193,29.196273968956344,29.241533090191897,29.297373638032415,29.364104560896532,29.442085752412474,29.531724818269296,29.633472620762191,29.747817119238547,29.875274966101095,30.016380377578091,30.171671035618395,30.341671221745717,30.526873006202813,30.727717010086728,30.944574849791156,31.177735660496676,31.427398917827507
841,29.120105221622591,29.125044390789057,29.139890869239547,29.164731390769241,29.199709912676937,29.245026705258638,29.30093703729241,29.367749380898506,29.445822987194749,29.53556458379439,29.637423827913938,29.751887043162242,29.879468720969967,30.020700338295001,30.176116286332316,30.346237144861892,30.531551140896703,30.732495293530796,30.949438302440729,31.182667760212873,31.432398197165202
842,29.123441817939174,29.128387509256946,29.143253517875721,29.168126468312696,29.203150133510547,29.248524518097074,29.304504529395174,29.371398154264195,29.449563987799685,29.539407861593137,29.641378207130227,29.755959692786213,29.883664636667035,30.025021778462936,30.180562241535281,30.350802951138022,30.536228360397164,30.73727196961892,30.954299717883167,31.187600056571359,31.43740837358439
843,29.126782818744623,29.131735024043184,29.146620538232494,29.171525876134467,29.206594625108156,29.252026521285568,29.308076105079394,29.375050868947184,29.453308738441415,29.543254631478892,29.645335733862286,29.760035040354548,29.887862684765469,30.029344672830987,30.185008883774984,30.355368635335299,30.540904674910333,30.742047081201576,30.959159535701701,31.192534123447977,31.442424739005599
844,29.130128218518678,29.135086929607773,29.149991924678467,29.174929608343035,29.210043380989326,29.255532707216492,29.31165175485188,29.378707512654287,29.457057223129826,29.547104873182956,29.649296383686515,29.764113058504545,29.892062837501229,30.033668996996948,30.189456196464139,30.359934192948927,30.545580098351493,30.746820731265306,30.964018328286528,31.197470227462833,31.447445643784143
845,29.133478011727128,29.138443220389487,29.153367671539172,29.178337658967752,29.213496394546809,29.259043068103576,29.315231468999382,29.382368072862711,29.460809425692489,29.550958566378323,29.653260132324494,29.76819372027601,29.896265067766105,30.037994727382834,30.193904163862587,30.364499620816719,30.550254657039016,30.751593086639932,30.968876554368148,31.202408311318301,31.452470153205731
846,29.1368321928169,29.141803890801004,29.156747773092242,29.181750021954539,29.216953659043735,29.262557595982095,29.318815237593213,29.386032536830061,29.464565329789416,29.554815690696206,29.657226955655965,29.772276999114506,29.900469349096369,30.042321841212821,30.19835277117345,30.369064918920458,30.554928396378056,30.756364342397482,30.973734537966099,31.207348241498707,31.457497650401582
847,29.140190756211105,29.145168935223925,29.16013222356268,29.185166691161726,29.220415167611122,29.266076282709385,29.322403050494202,29.389700891604427,29.468324918927411,29.558676225741571,29.661196829730688,29.776362868873619,29.90467565566216,30.046650316515542,30.202802004908985,30.373630092711185,30.559601380067939,30.761134692380512,30.978592502462043,31.212289873615958,31.462527692994684
848,29.143553696304224,29.148538348003996,29.163521017118221,29.188587660356287,29.223880913245811,29.269599119965747,29.325994897357866,29.393373124034337,29.472088176473793,29.562540151107822,29.665169730779024,29.780451303816509,29.908883962261594,30.050980132186428,30.207251853516585,30.378195154622318,30.564273684899231,30.765904314864514,30.983450601963057,31.217233071262019,31.46755994723884
849,29.146921007457177,29.151912123446252,29.166914147864816,29.192012923210132,29.227350888808562,29.27312609925573,29.329590767639871,29.397049220778783,29.475855085669963,29.566407446390699,29.669145635221867,29.7845422786177,29.913094244328263,30.055311268136244,30.211702308077072,30.38276012433634,30.568945394833317,30.770673367545943,30.988308943846498,31.222177711381807,31.472594151595448
850,29.150292683992525,29.155290255810289,29.170311609842283,29.195442473296684,29.230825087022634,29.276657211909658,29.333190650601608,29.400729168317071,29.479625629644271,29.570278091201388,29.673124519679568,29.788635768367296,29.917306477962111,30.059643705510421,30.21615336284065,30.387325028040433,30.573616596209622,30.775441987433091,30.993167603551822,31.227123684686951,31.477630095815869
851,29.153668720189664,29.158672739305604,29.173713397020084,29.198876304087801,29.23430350047251,29.280192449085476,29.33679453531597,29.404412952958577,29.483399791424549,29.574152065178762,29.677106360980805,29.79273174858065,29.921520639988966,30.063977426933231,30.22060501549095,30.391889897180178,30.578287374417197,30.780210292598507,30.998026634401938,31.232070894726878,31.482667607446523
852,29.157049110280212,29.162059568087084,29.177119503293341,29.202314408950809,29.237786121603062,29.283731801770816,29.340402410673196,29.408100560852365,29.487177553950023,29.578029348001156,29.681091136172196,29.796830195216813,29.925736708043729,30.068312416723142,30.225057267143338,30.396454767102586,30.582957811791996,30.784978384522145,31.00288607418511,31.237019256489347,31.487706542879991
853,29.160433848443358,29.165450736250541,29.180529922478883,29.205756781145798,29.241272942718819,29.287275260785435,29.344014265386896,29.411791977996632,29.490958900082973,29.58190991939777,29.685078822529672,29.80093108470636,29.929954660665587,30.072648661054512,30.229510122156963,30.401019675771185,30.587627986334734,30.789746350473177,31.007745949820166,31.241968694997283,31.492746780833095
854,29.163822928801416,29.168846237828436,29.183944648311655,29.209203413823225,29.2447639559837,29.290822816783653,29.347630088000034,29.415487190248072,29.49474381262003,29.585793759160151,29.689069397572876,29.805034393988411,29.934174477394787,30.076986148048046,30.233963587803569,30.405584662650352,30.592297971116889,30.794514265718785,31.012606280449056,31.246919143998916,31.497788217830141
855,29.16721634541544,29.172246066785672,29.187363674441098,29.212654300021615,29.248259153420761,29.294374460257227,29.351249866891141,29.419186183330996,29.498532274303006,29.589680847154064,29.693062839083044,29.809140100555208,29.938396138859094,30.081324867783266,30.238417673856553,30.410149767823196,30.596967834137622,30.799282195407024,31.017467079521623,31.251870544831498,31.502830764962514
856,29.170614092281035,29.175650217015644,29.190786994427931,29.216109432665704,29.251758526912468,29.297930181538298,29.354873590280388,29.422888942846271,29.502324267829859,29.59357116333241,29.69705912512477,29.813248182499084,29.942619626839225,30.085664812252169,30.242872392179319,30.414715031311317,30.601637638355111,30.804050196150207,31.022328356420907,31.256822845454121,31.507874345229808
857,29.174016163324257,29.179058682336333,29.194214601740995,29.219568804564542,29.255262068200906,29.301489970802425,29.358501246235821,29.426595454280378,29.506119775865557,29.59746468774928,29.70105823407048,29.817358618558522,29.946844924312906,30.090005975269683,30.24732775632571,30.41928049255063,30.60630744186971,30.808818317382741,31.027190117631022,31.261775999603294,31.512918891490742
858,29.177422552397655,29.182471456486613,29.197646489754252,29.223032408410052,29.258769768888399,29.305053818071944,29.362132822679492,29.430305703014035,29.50991878105328,29.601361400575357,29.705060144627073,29.821471388160841,29.951072015476996,30.094348352351936,30.251783781162406,30.42384619000639,30.610977298215314,30.813586602502845,31.032052367549685,31.266729966063838,31.517964344901159
859,29.180833253276521,29.185888533122775,29.201082651744159,29.226500236775649,29.262281620438291,29.308621713219274,29.365768307393758,29.434019674331285,29.513721266025968,29.605261282114654,29.70906483586381,29.825586471458536,29.955300885745984,30.098691940568383,30.256240482531584,30.428412160924157,30.615647256704609,30.818355089791421,31.036915109045605,31.271684708063056,31.52301065371228
860,29.184248259655334,29.189309905815115,29.204523080887046,29.229972282115188,29.265797614175838,29.312193645970531,29.369407688027511,29.437737353428144,29.51752721341834,29.609164312822468,29.713072287239964,29.829703849357639,29.959531521730561,30.10303673838461,30.260697876962116,30.432978441171311,30.620317362766293,30.823123813170806,31.041778343897434,31.276640192755487,31.528057772257128
861,29.187667565144274,29.192735568044874,29.207967770256879,29.233448536761998,29.269317741289441,29.31576960590909,29.373050952102528,29.441458725421942,29.521336605879576,29.61307047332409,29.717082478630847,29.833823503537086,29.96376391120134,30.107382745506829,30.26515598142592,30.437545065134344,30.624987658263429,30.827892802853455,31.046642073147183,31.281596390770474,31.533105660086541
862,29.191091163266051,29.196165513201176,29.211416712823027,29.236928992928256,29.2728419928319,29.319349582479465,29.3766980870199,29.445183775360455,29.52514942608645,29.616979744433781,29.721095390351106,29.837945416458602,29.967998043040176,30.111729962731129,30.269614813134698,30.442112065667342,30.629658181803443,30.832662085881871,31.051506297346116,31.286553275822214,31.53815428128344
863,29.194519047452729,29.199599734578282,29.214869901448328,29.240413642704439,29.276370359721856,29.322933564991043,29.380349080066527,29.448912488231436,29.528965656756782,29.62089210717355,29.725111003175954,29.842069571371042,29.972233907185661,30.116078391797426,30.274074389360887,30.446679474070503,30.634328969039057,30.837431686601306,31.056371016748148,31.291510824360358,31.543203603866118
864,29.19795121104298,29.203038225372985,29.218327328887437,29.243902478058924,29.279902832745531,29.326521542622189,29.384003918421815,29.452644848972483,29.532785280663418,29.624807542791643,29.729129298358433,29.846195952305003,29.976471494569072,30.120428035252623,30.278534727300041,30.451247320113378,30.639000052945345,30.842201627026739,31.061236231429984,31.296469015284217,31.548253599325292
865,29.201387647279272,29.206480978682187,29.221788987785121,29.247395490838013,29.283439402558432,29.330113504424386,29.387662589164485,29.456380842480975,29.536608280648242,29.62872603278003,29.733150257642702,29.850324544060673,29.980710797047095,30.124778896325786,30.282995843962365,30.455815632075428,30.643671464067232,30.846971927153213,31.06610194138916,31.301427829691988,31.553304242219131
866,29.204828349305483,29.209927987500752,29.225254870675048,29.250892672765882,29.286980059687409,29.333709439326473,29.391325079279603,29.460120453624427,29.540434639636231,29.632647558890721,29.737173863273743,29.854455332190284,29.984951807333527,30.129130978815748,30.28745775608726,30.460384436796204,30.648343230742867,30.851742605223333,31.070968146621198,31.30638725065846,31.558355509821567
867,29.208273310164568,29.213379244719434,29.228724969978543,29.254394015444831,29.290524794532711,29.337309336139189,29.394991375665729,29.463863667250866,29.544264340649296,29.636572103150232,29.741200098003063,29.858588302976045,29.989194518931992,30.133484286991223,30.291920480076463,30.464953759731358,30.653015379306179,30.856513677957299,31.075834847177873,31.311347263037799,31.563407381817868
868,29.211722522796414,29.216834743123034,29.232199278003616,29.25789951035571,29.294073597370318,29.340913183559653,29.398661465142283,29.467610468199393,29.548097366819697,29.640499647872812,29.745228945091402,29.862723443405191,29.99343892607034,30.137838825500481,30.296384031940452,30.469523625012766,30.657687934273223,30.861285160754345,31.080702043211499,31.316307853286087,31.568459840036265
869,29.215175980035983,29.220294475388858,29.235677786944233,29.261409148858522,29.29762645835439,29.344520970176198,29.402335334457078,29.471360841310723,29.551933701402785,29.644430175671026,29.749260388306997,29.866860741141313,29.997685023638066,30.142194599295291,30.300848427263531,30.474094055513696,30.662360918505374,30.866057067853049,31.085569734999343,31.321269009312406,31.573512868231219
870,29.2186336746115,29.223758434085152,29.239160488879556,29.264922922193069,29.301183367519737,29.348132684473214,29.406012970293862,29.475114771437664,29.555773327789559,29.648363669466196,29.753294411923935,29.871000184496143,30.001932807124259,30.146551613554692,30.305313681168546,30.478665072914087,30.667034353372006,30.870829412490892,31.090437922968839,31.326230720330571,31.578566451865957
871,29.222095599142961,29.227226611669884,29.242647375773622,29.268440821479967,29.304744314784809,29.351748314836303,29.409694359280135,29.478872243455502,29.559616229517719,29.652300112494782,29.757331000713965,29.875141762396748,30.006182272561386,30.150909873630532,30.309779808309454,30.483236697771126,30.671708258873899,30.8756022070041,31.095306607700504,31.331192976752892,31.583620577964933
872,29.225561746140766,29.230699000489672,29.246138439475054,29.27196283772172,29.308309289954455,29.355367849557389,29.413379487994892,29.482633242272094,29.563462390282485,29.656239488314846,29.761370139939363,29.879285464354844,30.010433416470846,30.155269384991026,30.3142468228558,30.487808949581126,30.676382653771991,30.880375462947161,31.100175789942011,31.336155770072299,31.588675234944755
873,29.229032108004471,29.234175592778815,29.249633671716929,29.275488961803919,29.311878282723022,29.358991276840069,29.417068342976474,29.486397752837924,29.56731179394664,29.660181780810515,29.76541181534277,29.883431280434003,30.014686235811116,30.159630153174348,30.318714738490772,30.492381846846069,30.681057555698267,30.885149191180201,31.105045470608246,31.341119092766728,31.593730412483072
874,29.23250667702203,29.237656380658791,29.253133064117112,29.279019184496889,29.315451282677778,29.362618584805279,29.4207609107305,29.490165760155396,29.571164424548172,29.664126974192179,29.769456013132697,29.887579201217392,30.018940727936045,30.163992183759966,30.323183568420699,30.496955407129438,30.685732981237862,30.889923401932059,31.109915650778969,31.346082938225042,31.598786101418842
875,29.235985445368904,29.241141356137639,29.256636608178376,29.282553496457162,29.319028279302245,29.366249761496668,29.424457177737477,29.493937249287839,29.575020266308233,29.668075052998368,29.773502719972441,29.891729217778373,30.023196890551109,30.168355482329503,30.32765332537187,30.50152964711242,30.690408946029308,30.894698104883773,31.114786331701577,31.351047300658255,31.603842293629022
876,29.239468405107289,29.244630511109484,29.260144295288782,29.286091888229166,29.322609261979611,29.369884794886254,29.428157130460576,29.497712205368572,29.578879303638676,29.672026002096317,29.777551922966563,29.895881321649199,30.027454721671244,30.172720054435565,30.332124021597778,30.506104582651126,30.695085464850003,30.899473309232857,31.119657514788155,31.356012175024286,31.608898981927219
877,29.242955548185918,29.248123837354605,29.263656116722551,29.289634350247393,29.326194219996616,29.373523672880268,29.431860755353064,29.501490613608389,29.582741521146271,29.675979806678079,29.781603609644748,29.900035504793387,30.031714219590818,30.177085905585436,30.336595668892244,30.510680228822991,30.699762551677402,30.904249023733836,31.12452920160823,31.360977556974543,31.613956159994448
878,29.246446866439889,29.251621326539471,29.267172063640885,29.293180872838491,29.329783142547399,29.377166383324759,29.43556803886554,29.505272459302979,29.586606903637399,29.679936452257888,29.785657767947178,29.904191759578005,30.035975382850602,30.181453041220532,30.341068278601572,30.51525659997619,30.70444021975446,30.909025256742957,31.129401393882606,31.36594344279656,31.619013822303703
879,29.249942351590018,29.25512297021643,29.270692127092449,29.29673144622306,29.333376018737003,29.380812914011287,29.439278967453507,29.509057727841469,29.590475436124638,29.683895924671631,29.789714386210807,29.908350078744188,30.040238210199352,30.185821466688211,30.345541861630341,30.519833709781874,30.709118481671283,30.913802016281565,31.134274093481675,31.370909829341286,31.624071964021503
880,29.253441995243705,29.258628759824813,29.274216298015201,29.300286060518715,29.33697283758594,29.38446325268281,29.442993527583763,29.512846404710924,29.594347103825921,29.68785821006734,29.793773453150894,29.912510455385306,30.044502700579748,30.190191187246519,30.35001642846688,30.524411571267031,30.7137973493857,30.918579310036193,31.13914730241159,31.375876714005294,31.629130580990839
881,29.256945788894679,29.262138686690928,29.277744567237235,29.303844705742147,29.340573588033902,29.38811738703923,29.446711705741382,29.516638475503647,29.598221892169416,29.691823294903312,29.797834957847602,29.916672882920416,30.048768853095211,30.194562208040537,30.35449198918932,30.528990196861034,30.718476834295718,30.923357145414954,31.144021022812517,31.380844094665829,31.634189669643021
882,29.260453723923593,29.265652742028948,29.281276925478398,29.307407371811969,29.34417825894413,29.391775304743202,29.450433488436204,29.520433925922276,29.602099786794017,29.69579116594042,29.801898889728847,29.920837355071562,30.053036666991463,30.19893453410036,30.358968553486037,30.533569598431153,30.723156947272429,30.928135529561825,31.14889525694829,31.385811969651446,31.639249226962981
883,29.263965791599198,29.269170916942283,29.284813363352345,29.310974048551888,29.347786839107787,29.395436993425395,29.454158862207972,29.524232741782889,29.605980773547902,29.699761810234296,29.80596523855624,29.925003865846982,30.057306141643512,30.203308170338943,30.363446130668375,30.538149787308917,30.727837698690969,30.932914469375874,31.153770007201135,31.390780337713071,31.644309250452274
884,29.267481983078071,29.272693202423607,29.288353871367416,29.314544725692834,29.351399317247846,29.399102440690363,29.457887813633796,29.528034909022598,29.609864838493024,29.703735215131765,29.810033994409022,29.92917240951272,30.061577276524218,30.207683121535275,30.367924729685598,30.542730774338441,30.732519098491093,30.937693971550576,31.158645276064,31.395749197970787,31.649369738060329
885,29.271002289406859,29.276219589357336,29.291898439929724,29.318119392876937,29.355015682023829,29.402771634121322,29.461620329331424,29.531840413699143,29.613751967899287,29.707711368259766,29.814105147671278,29.933342980584193,30.06585007120519,30.212059392344589,30.372404359138933,30.547312569887772,30.737201156181811,30.942474042571472,31.163521066134578,31.400718549907591,31.654430688178724
886,29.274526701522333,29.279750068519895,29.295447059344198,29.321698039659836,29.358635922035749,29.406444561285852,29.465356395966289,29.535649241997746,29.61764214824797,29.711690257521031,29.818178689016086,29.937515573799658,30.070124525328612,30.21643698728472,30.37688502729684,30.551895183893173,30.741883880895802,30.947254688750942,31.168397380107887,31.405688393321206,31.659492099579239
887,29.278055210253399,29.283284630582028,29.298999719817463,29.325280655514419,29.362260025828586,29.410121209740563,29.469096000254915,29.539461380231408,29.62153536622732,29.715671871084709,29.822254609393443,29.941690184109888,30.074400638603485,30.220815910741358,30.381366742108153,30.55647862587541,30.746567281401994,30.95203591623201,31.173274220770345,31.410658728311432,31.664553971399418
888,29.281587806322666,29.286823266110488,29.302556411460237,29.328867229834078,29.365887981896503,29.413801567035666,29.472839128969149,29.543276814843129,29.6254316087308,29.719656197378988,29.826332900017327,29.945866806662888,30.078678410794261,30.225196166967851,30.385849511216222,30.561062904964075,30.751251366129821,30.956817731000712,31.178151590993366,31.415629555257514,31.669616303114935
889,29.285124480346855,29.290365965568785,29.306117124288782,29.332457751935447,29.369519778687149,29.417485620720925,29.476585768942698,29.547095532411188,29.629330862858016,29.723643225084437,29.830413552349906,29.950045436781561,30.082957841700097,30.229577760077543,30.390333341973722,30.565648029934163,30.755936143212498,30.961600138912701,31.183029493726313,31.420600874779257,31.674679094489935
890,29.288665222840315,29.293912719320819,29.309681848228909,29.336052211062672,29.373155404605686,29.421173358348458,29.480335907071346,29.550917519645541,29.633233115907235,29.727632943124522,29.834496558094063,29.954226069962658,30.087238931162236,30.23396069405656,30.394818241453088,30.570234009206896,30.760621620478041,30.966383145682194,31.187907931992385,31.425572687742861,31.679742345586995
891,29.292210024215194,29.297463517631332,29.313250573117283,29.339650596390083,29.376794848019223,29.424864767478876,29.484089530320045,29.554742763393811,29.637138355376933,29.731625340659033,29.838581909176657,29.958408701852534,30.091521679041065,30.238344972755218,30.399304216462617,30.574820850889282,30.765307805495556,30.971166756910023,31.192786908880798,31.430544995219481,31.684806056714422
892,29.295758874784951,29.301018350669533,29.316823288705283,29.343252897026229,29.380438097260573,29.428559835683782,29.487846625722991,29.558571250637968,29.641046568959172,29.735620407075864,29.842669597742081,29.962593328245905,30.095806085221351,30.242730599897193,30.403791273554354,30.57940856277644,30.769994705571818,30.975950978078188,31.197666427543886,31.43551779848643,31.689870228429321
893,29.299311764765601,29.304577208510558,29.320399984661201,29.346859102017124,29.384085140632596,29.432258550550948,29.491607180388545,29.562402968497185,29.644957744538022,29.739618131983164,29.846759616138197,29.96677994506905,30.100092149599583,30.24711757907874,30.408279419039012,30.583997152378348,30.774682327778489,30.980735814564049,31.202546491190176,31.440491099001989,31.694934861506585
894,29.30286868427843,29.308140081138376,29.323980650573418,29.350469200349757,29.38773596641181,29.435960899687345,29.495371181500747,29.566237904226899,29.648871870185609,29.743618505202658,29.850851956908368,29.970968548372955,30.104379872080887,30.251505913771201,30.412768658994473,30.588586626932123,30.77937067896357,30.985521271645716,31.207427103080811,31.44546489839416,31.699999956925247
895,29.306429623352436,29.311706958448369,29.327565275953468,29.354083180955762,29.391390562852436,29.43966687072291,29.499138616321698,29.570076045218411,29.652788934157883,29.747621516761619,29.854946612781387,29.975159134324688,30.108669252575726,30.255895607325382,30.417258999276935,30.593176993415987,30.784059765762695,30.990307354506072,31.212308266524754,31.450439198449196,31.70506551585515
896,29.309994571926467,29.315277830249617,29.331153850238785,29.357701032714651,29.395048918190025,29.443376451314169,29.502909472194347,29.573917378999624,29.656708924892055,29.75162715688624,29.859043576661467,29.979351699196414,30.112960290992238,30.260286662972018,30.421750445531735,30.597768258567719,30.788749594617538,30.995094068242206,31.217189984873905,31.455414001094312,31.710131539635814
897,29.313563519852412,29.318852686268173,29.334746362796185,29.3613227444575,29.398711020644939,29.447089629146735,29.506683736543074,29.577761893232889,29.660631831001613,29.755635415994821,29.86314284162161,29.983546239361491,30.117252987236714,30.264679083826568,30.426243003200817,30.602360428892133,30.793440171780809,30.999881417866398,31.22207226152009,31.460389308391999,31.715198029770029
898,29.317136456897146,29.322431516149241,29.338342802924519,29.364948304970266,29.40237685842629,29.450806391939398,29.510461396876902,29.581609575716033,29.664557641273571,29.759646284690415,29.867244400892435,29.987742751282607,30.121547341206174,30.269072872890902,30.43073667753491,30.606953510680114,30.798131503334272,31.004669408314669,31.226955099889654,31.465365122522901,31.720264987903164
899,29.320713372746152,29.326014309460799,29.341943159858282,29.368577702997243,29.406046419734707,29.454526727445536,29.514242440788923,29.585460414379444,29.668486344663673,29.763659753755434,29.871348247857973,29.991941231510314,30.125843352790099,30.27346803305754,30.435231473598723,30.611547510012798,30.802823595190734,31.00945804444645,31.231838503441487,31.470341445783095,31.725332415820372
900,29.324294257005061,29.32960105569537,29.345547422770196,29.372210927244609,29.409719692766959,29.458250623458248,29.518026855960724,29.589314397287833,29.672417930293499,29.767675814142923,29.875454376042207,29.996141676668735,30.130141021861263,30.277864567111237,30.439727396285054,30.616142432784336,30.807516453116069,31.014247331055355,31.236722475660649,31.475318280563123,31.730400315421111
901,29.327879099210353,29.333191744280551,29.349155580781012,29.375847966388974,29.413396665722388,29.461978067814101,29.521814630163245,29.59317151263911,29.676352387449256,29.771694456977837,29.8795627791147,30.00034408346545,30.134440348287207,30.282262477737259,30.444224450315577,30.620738284694276,30.812210082717804,31.019037272861954,31.24160702221279,31.480296714260362,31.735534083080921
902,29.331467888807637,29.336786364557657,29.352767622939179,29.379488809058603,29.417077326785893,29.465709048377537,29.525605751241667,29.597031748747995,29.680289705562284,29.775715673533359,29.8836734508638,30.004548448665421,30.138741331910666,30.286661767514001,30.448722640248032,30.625335071265759,30.816904489470271,31.023827877007648,31.246492453042542,31.48528598686897,31.740721588577376
903,29.335060615189743,29.340384905819665,29.356383538258417,29.383133443870101,29.42076166416318,29.469443553073667,29.529400207144789,29.600895094071369,29.684229874230098,29.779739455248269,29.887786385211644,30.008754769105188,30.143043972564353,30.291062438928822,30.453221970492265,30.62993279786626,30.821599679745059,31.02861921758117,31.251380384226174,31.490292245644607,31.745943713194475
904,29.338657267676684,29.343987357291329,29.360003315698126,29.386781859409265,29.424449666061768,29.473181569869311,29.533197985905623,29.604761537188043,29.688172883195655,29.783765793706486,29.891901576195341,30.012963041677612,30.147348270060711,30.29546449437326,30.457722445313138,30.634531470010373,30.826295673755006,31.033411611635632,31.256272969452326,31.495316384459471,31.751193641864731
905,29.342257835524521,29.34759370813806,29.363626944172271,29.390434044239747,29.428141320699154,29.47692308677993,29.536999075646591,29.608631066801752,29.692118722347793,29.787794680635489,29.896019017964782,30.01717326333069,30.151654224193461,30.299867936149305,30.462224068915422,30.639131095974392,30.83099254064231,31.038205634131064,31.261171908486972,31.500357999149177,31.756467440136465
906,29.34586230792852,29.351203947469067,29.367254412552562,29.394089986906152,29.431836616305411,29.480668091871411,29.540803464579717,29.612503671739272,29.696067381717455,29.791826107901233,29.900138704777344,30.021385431063788,30.155961834737198,30.304272766490961,30.466726845988013,30.643731694223664,30.835690425417351,31.04300197461464,31.266078362639952,31.50541638372238,31.761762455728459
907,29.3494706740262,29.354818064340499,29.370885709671562,29.397749675936943,29.43553554112572,29.484416573261559,29.544611141006708,29.616379340948757,29.70001885147412,29.795860067503199,29.904260630992887,30.025599541924297,30.160271101451304,30.30867898768081,30.471230783321396,30.648333302865922,30.840389545875276,31.047801319169739,31.270993091121813,31.510490792119565,31.767076743867321
908,29.353082922900533,29.358436047758563,29.374520824325788,29.401413099847414,29.439238083422754,29.488168519121519,29.548422093318894,29.620258063497776,29.70397312192209,29.79989655156966,29.908384791069146,30.029815593005452,30.1645820241039,30.313086602408806,30.475735892484487,30.652935985908304,30.845090171660367,31.052604292172312,31.275916578051771,31.515580514949612,31.772408799395421
909,29.35669904358306,29.362057886682663,29.378159745278779,29.405080247142457,29.442944231478926,29.491923917677049,29.55223630999706,29.624139828571494,29.707930183497052,29.803935552353142,29.91251117955747,30.034033581448785,30.16889460255139,30.317495614472584,30.480242192741567,30.657539834383694,30.849792600724374,31.057411436714997,31.28084912189891,31.52068490004638,31.777757412844224
910,29.360319025057002,29.365683570028516,29.381802461264115,29.408751106319404,29.446653973598615,29.495682757209753,29.556053779611229,29.628024625470751,29.711890026762571,29.807977062226126,29.916639791099879,30.038253504459377,30.17320883691292,30.32190602975415,30.484749713326217,30.662144963553491,30.854497140133038,31.062223213692576,31.285790895413896,31.525803354589218,31.783121584706844
911,29.363942856260387,29.36931308667123,29.385448960988398,29.412425665870607,29.45036729811018,29.499445026058087,29.559874490820299,29.631912443610108,29.715852642406777,29.812021073677119,29.920770620429153,30.042475359346462,30.17752472785854,30.326317857293787,30.489258494639596,30.666751508018894,30.859204092645498,31.067040008982872,31.290741985064102,31.530935340963339,31.788500471390353
912,29.367570526089143,29.372946425448387,29.389099233134186,29.416103914286101,29.454084193368001,29.50321071261834,29.563698432371673,29.635803272515933,29.719818021239117,29.816067579307585,29.924903662375701,30.046699143600723,30.181842276992523,30.330731110259187,30.493768588388587,30.671359616337327,30.863913748194957,31.071862142844012,31.295702417796146,31.536080371116821,31.793893348394587
913,29.371202023400183,29.376583575163028,29.392753266362856,29.419785840056125,29.457804647754266,29.506979805345487,29.567525593100754,29.639697101824485,29.723786154187362,29.820116571830635,29.929038911885062,30.050924855013339,30.186161487289436,30.335145806682295,30.498280056902377,30.675969445938669,30.868626378991092,31.076689879609706,31.300672179116095,31.541238000660048,31.799299584887848
914,29.37483733701443,29.380224524586716,29.396411049317436,29.423471431673548,29.461528649680787,29.510752292753974,29.571355961930433,29.643593921279987,29.727757032295123,29.824168044072884,29.933176364050578,30.055152491834928,30.190482363533011,30.339561969896707,30.502792971891878,30.680581158787358,30.873342237233011,31.081523436429329,31.305651225450728,31.546407823580001,31.804718625337014
915,29.37847645571987,29.383869262462454,29.400072570625362,29.427160677636216,29.465256187590736,29.514528163418341,29.575189527870496,29.6474937207329,29.73173064672023,29.828221988981088,29.937316014163383,30.059382052962548,30.194804912708069,30.343979628686387,30.507307412957765,30.685194917903868,30.878061554327711,31.086362990834957,31.310639493024524,31.551589467555985,31.810149975637525
916,29.382119368274445,29.387517777507608,29.403737818901217,29.430853566449322,29.468987249960126,29.518307405973879,29.579026280017022,29.651396490138307,29.735706988734588,29.83227839963503,29.941457857778872,30.063613538140206,30.199129144320256,30.348398817194546,30.51182346600968,30.689810884644491,30.882784541140872,31.091208687242904,31.315636904097836,31.556782589883262,31.815593192619307
917,29.385766063409129,29.391170058416755,29.40740678274932,29.434550086627485,29.472721825299388,29.522090009117118,29.582866207551753,29.65530221955477,29.739686049726096,29.83633726926799,29.945601890799118,30.067846948160039,30.203455070623303,30.352819574627507,30.516341221716662,30.694429216717321,30.887511388915421,31.096060642325988,31.320643371336466,31.561986874016391,31.821047876015406
918,29.389416529830633,29.394826093864555,29.411079450766355,29.43825022669704,29.476459902154819,29.525875961606321,29.586709299741699,29.659210899143897,29.743667821203552,29.840398591295372,29.949748109566055,30.072082285048282,30.207782706748947,30.357241944825947,30.520860774093723,30.699050066775865,30.892242270457483,31.100918949479428,31.325658801056445,31.567202026600576,31.82651366202705
919,29.393070756224397,29.398485872508434,29.414755811543852,29.441953975197929,29.480201469109833,29.529665252261879,29.590555545938606,29.663122519170727,29.747652294804805,29.844462359350818,29.953896510960373,30.076319552225875,30.212112070749793,30.361665975759728,30.525382219250027,30.703673581444576,30.896977341457607,31.105783682571019,31.330683095609608,31.572427774908505,31.831990218133623
920,29.396728731257316,29.402149382991361,29.418435853670665,29.445661320685836,29.48394651478635,29.533457869966778,29.594404935579014,29.66703707000552,29.751639462308624,29.848528567328611,29.958047092501264,30.080558754641274,30.216443183570384,30.366091718979991,30.5299056542895,30.708299900683535,30.901716741881689,31.110654899084889,31.335716155132307,31.577663864620529,31.837477238860217
921,29.400390443580442,29.405816613944442,29.42211956573534,29.449372251733976,29.487695027845938,29.537253803666992,29.598257458184481,29.670954542126946,29.75562931565053,29.852597209432091,29.962199852443447,30.084799898866954,30.220776068944915,30.370519229051407,30.534431176397526,30.712929157474772,30.906460597347067,31.115532642660618,31.340757878760858,31.582910057948567,31.842974442405488
922,29.40405588183172,29.409487553989571,29.425806936328435,29.453086756934997,29.491446996991009,29.541053042372123,29.602113103362541,29.674874926127295,29.759621846942654,29.856668280225449,29.966354789865829,30.089042993160717,30.225110753246394,30.374948563002608,30.538958882090629,30.717561477695988,30.911209020408947,31.120416945227056,31.345808165560815,31.588166132000591,31.848481567792518
923,29.407725034638574,29.413162191741872,29.42949795404477,29.45680482490274,29.495202410966023,29.544855575156046,29.605971860808292,29.67879821271956,29.763617048496659,29.860741774686534,29.970511904749461,30.093288047495623,30.229447265304131,30.379379779808481,30.543488866598295,30.722196980118994,30.915962111763562,31.125307828823551,31.350866915236772,31.593431877337071,31.853998372433015
924,29.411397890620453,29.416840515812275,29.433192607485623,29.460526444273988,29.498961258558541,29.548661391157871,29.609833720306863,29.682724392746405,29.767614912849666,29.864817688259546,29.97467119804292,30.097535073559804,30.233785636195577,30.383812939907934,30.548021223370601,30.726835776524805,30.920719961367361,31.130205307113126,31.355934028632223,31.598707096717202,31.859524630095404
925,29.415074438391368,29.420522514809797,29.436890885260826,29.464251603710075,29.502723528600598,29.552470479583217,29.613698671736788,29.686653457191245,29.771615432792,29.868896016905897,29.978832671715299,30.101784084732291,30.238125899023874,30.388248104759782,30.552556043686639,30.73147797189495,30.925482649470005,31.135109386664258,31.361009408093668,31.603991603991549,31.865060129161673
926,29.418754666562258,29.424208177343957,29.440592775990918,29.46798029189862,29.506489209969796,29.556282829705804,29.617566705074559,29.690585397191196,29.775618601396882,29.872976757151704,29.98299632879381,30.106035096032855,30.242468088685673,30.392685336447361,30.557093416369646,30.736123664666245,30.930250247541711,31.140020068001945,31.366092957712368,31.609285223145083,31.870604671167378
927,29.422438563743427,29.427897492027096,29.444298268308962,29.471712497555092,29.510258291590869,29.560098430869672,29.621437810400156,29.694520204051688,29.779624412050524,29.877059906130754,29.987162173387496,30.11028812405425,30.246812241640278,30.397124697330234,30.561633427578489,30.740772947011063,30.935022819109953,31.144937346503337,31.371184583497666,31.614587787447451,31.876158069529456
928,29.426126118546811,29.431590447476431,29.448007350862788,29.475448209424489,29.514030762437145,29.563917272491743,29.62531197790387,29.698457869262551,29.783632858482015,29.881145461621749,29.991330210698084,30.114543186881491,30.251158395686165,30.401566249738227,30.566176160655349,30.745425905128151,30.939800420519479,31.149861213173658,31.376284193501142,31.619899138688929,31.881720148421337
929,29.429817319588235,29.43528703231642,29.451720012316628,29.479187416283015,29.517806611532464,29.567739344065163,29.629189197894,29.70239838451495,29.787643934792197,29.885233422079654,29.995500447018859,30.118800304001127,30.255506589746513,30.406010055706094,30.570721696025746,30.75008261954337,30.944583101618967,31.154791655303864,31.381391697891178,31.625219126501424,31.887290741795447
930,29.433512155489616,29.438987235180722,29.455436241353272,29.482930106939769,29.521585827953089,29.571564635163117,29.633069460805611,29.706341741719058,29.791657635481311,29.889323786661386,29.999672889723715,30.123059496203357,30.259856863664247,30.410456176741771,30.575270111139471,30.754743165415267,30.949370906385184,31.159728657035281,31.386507008991362,31.630547607748085,31.892869692521035
931,29.437210614881074,29.442691044714326,29.459156026675796,29.486676270238643,29.525368400830139,29.575393135443228,29.636952757210057,29.710287933022176,29.795673955474694,29.893416555245366,30.003847547246639,30.127320785478663,30.264209258008904,30.414904673629966,30.579821480449692,30.75940761283853,30.954163873482241,31.164672199837515,31.391630041290423,31.635884445978945,31.89845685162912
932,29.440912686403049,29.446398449575593,29.462879357009559,29.490425895060174,29.529154319352223,29.579224834652788,29.640839077825458,29.714236950826901,29.799692890146243,29.897511728444393,30.008024429051744,30.131584194911213,30.268563813898613,30.419355606270557,30.584375875424218,30.764076027138778,30.958962036758756,31.169622262910739,31.39676071143052,31.641229510947184,31.904052077652491
933,29.444618358708329,29.450109438438183,29.466606221104069,29.494178970323659,29.532943572768477,29.58305972263442,29.644728413527751,29.718188787809122,29.803714435338833,29.901609307612315,30.012203545596506,30.135849748572117,30.272920572837201,30.423809033545645,30.588933364578121,30.768748469154968,30.963765425693765,31.174578823531132,31.401898938182359,31.646582678173157,31.909655236038549
934,29.448327620464084,29.453823999993119,29.47033660773495,29.497935484989384,29.536736150391945,29.586897789332387,29.648620755362067,29.722143436935326,29.807738587382506,29.90570929484625,30.016384908290782,30.140117471414214,30.277279576563124,30.428265013205607,30.593494013518672,30.773424995511135,30.968574065808092,31.179541857360238,31.407044642413062,31.651943828540226,31.915266198609856
935,29.452040460353842,29.457542122950748,29.474070505705992,29.501695428061034,29.540532041603399,29.590739024799486,29.652516094554532,29.726100891478946,29.811765343108775,29.90981169298211,30.020568529450053,30.144387389170024,30.281640866916771,30.432723601783035,30.598057885006693,30.778105658870835,30.973387979024501,31.184511338701913,31.412197747044377,31.657312847937664,31.920884843094342
936,29.455756867079486,29.461263796042665,29.477807903851254,29.50545878858841,29.544331235855491,29.594583419204199,29.656414422523991,29.730061145035705,29.815794699862227,29.913916505586613,30.024754422247028,30.148659528253283,30.286004485717982,30.437184854519767,30.602625039024744,30.782790508181876,30.978207184000841,31.189487240731307,31.417358177005656,31.662689626929318,31.926511052693836
937,29.459476829363254,29.464989008023842,29.481548791037223,29.509225555670167,29.548133722677196,29.598430962838346,29.660315730893732,29.734024191537991,29.819826655510102,29.9180237369462,30.028942600660866,30.152933915662551,30.290370474653244,30.441648825308494,30.607195532853808,30.787479588911342,30.983031696435493,31.194469535696317,31.422525859182301,31.668074060447339,31.93214471568951
938,29.46320033594974,29.46871774767461,29.485293156165209,29.512995718456999,29.551939491678752,29.602281646124975,29.664220011503097,29.73799002526745,29.823861208447497,29.922133392050071,30.033133079423425,30.157210578891121,30.294738875181039,30.446115566657024,30.611769421159376,30.792172943260514,30.987861529327592,31.199458195077451,31.427700722359916,31.673466047526578,31.937785725105108
939,29.466927375607963,29.472450003802813,29.489040988173674,29.516769266154846,29.555748532556652,29.606135459626401,29.668127256418757,29.74195864086704,29.827898357601835,29.92624547657304,30.037325873966463,30.161489545839107,30.299109728439703,30.450585129653309,30.616346756075089,30.796870610376004,30.992696693234798,31.204453189747952,31.432882697170037,31.678865491040668,31.943433978371687
940,29.470657937133431,29.47618576524598,29.492792276040866,29.52054618802854,29.55956083509928,29.609992394052675,29.672037457945653,29.745930033350568,29.831938102432176,29.93035999685182,30.041521000365968,30.165770844733419,30.3034830751768,30.455057563956803,30.620927587297022,30.80157262653702,30.997537196477595,31.209454490084688,31.438071716030713,31.684272297486405,31.949089377061231
941,29.474392009350307,29.47992502087363,29.496547008787637,29.524326473405651,29.563376389192698,29.613852440269909,29.675950608637027,29.749904198110556,29.835980442926449,29.934476959860664,30.04571847528916,30.170054504053958,30.307858955685031,30.459532917791162,30.625511962171405,30.806279025331897,31.002383045335964,31.214462066078521,31.443267713091753,31.689686376774162,31.95475182662576
942,29.478129581113741,29.483667759589661,29.500305175480289,29.528110111680505,29.567195184826467,29.6177155893084,29.67986670130399,29.753881130925151,29.840025379597893,29.938596373186758,30.049918315942591,30.174340552462517,30.312237409741702,30.464011237939893,30.630099925782197,30.81098983783005,31.007234244237551,31.219475887437167,31.448470624179613,31.695107642026471,31.960421236148388
943,29.481870641312089,29.487413970334845,29.504066765233617,29.531897092318317,29.571017212099672,29.621581832370858,29.683785729024674,29.757860827964009,29.844072913479415,29.942718245003594,30.054120540020072,30.1786290187353,30.316618476555998,30.468492569750097,30.634691521040541,30.815705092744025,31.012090795927662,31.224495923672993,31.453680386741798,31.700536009392977,31.966097518116431
944,29.485615178869438,29.491163642089532,29.50783176721427,29.535687404859789,29.574842461227277,29.625451160840353,29.687707685151903,29.761843285791009,29.84812304611404,29.946842584041988,30.058325165653336,30.182919931705673,30.321002194731193,30.472976957147534,30.639286788771521,30.82042481657108,31.016952701608982,31.229522144168666,31.458896939793352,31.705971397892636,31.971780588231038
945,29.489363182748257,29.494916763876322,29.511600170644083,29.539481038925633,29.578670922546305,29.629323566288036,29.691632563320621,29.765828501366901,29.852175779545661,29.950969399561693,30.062532211363379,30.187213320207182,30.325388602226528,30.477464442651133,30.643885767800395,30.825149033734391,31.02181996108105,31.234554518242739,31.464120223863628,31.711413729256378,31.977470365217442
946,29.493114641952026,29.498673324763114,29.51537196480373,29.543277984221398,29.582502586522157,29.633199040480488,29.695560357454251,29.769816472050042,29.856231116307615,29.955098701322221,30.06674169601418,30.191509213022691,30.329777736327248,30.481955067392416,30.648488495035558,30.829877766711871,31.026692572863958,31.239593015205234,31.46935018094543,31.716862927784053,31.983166770653209
947,29.496869545527943,29.502433313865929,29.519147139036249,29.547078230542169,29.586337443754882,29.637077575387238,29.699491061771393,29.773807195597694,29.860289059411773,29.959230499553655,30.070953638765573,30.195807638832012,30.334169633612788,30.486448871134382,30.65309500555303,30.834611036168198,31.031570534325013,31.24463760441434,31.474586754443028,31.722318920198724,31.988869728793674
948,29.50062788257031,29.506196720352531,29.522925682751449,29.550881767778019,29.590175484985568,29.640959163186718,29.703424670788177,29.777800670160442,29.864349612330578,29.96336480492543,30.07516805903537,30.20010862618232,30.338564329954199,30.490945892308432,30.657705332669654,30.839348861042122,31.036453841746205,31.249688255293798,31.47982988912791,31.727781635555147,31.994579166467393
949,29.504389642223334,29.509963533445458,29.526707585429467,29.554688585918743,29.594016701102355,29.644843796273186,29.707361179324309,29.781796894282849,29.868412778986286,29.967501628518658,30.079384976454669,30.204412203437752,30.342961860482372,30.495446168030661,30.66231950802382,30.84409125867592,31.041342490451179,31.254744937391823,31.4850795310888,31.733251005094367,32.00029501290102
950,29.508154813684584,29.513733742425735,29.530492836625243,29.558498675059287,29.59786108314659,29.648731467262262,29.711300582504986,29.785795866897523,29.872478563733143,29.971640981795879,30.083604410831498,30.208718398751067,30.347362259585456,30.499949734137321,30.66693756164651,30.848838244901124,31.046236474872504,31.259807620399354,31.490335627688477,31.738726962152832,32.006017199615165
951,29.511923386208601,29.517507336636658,29.534281425972942,29.562312025404811,29.601708622318448,29.652622168995659,29.715242875762243,29.78979758731969,29.876546971341607,29.975782876573877,30.087826382116823,30.213027240034382,30.351765560900887,30.504456625213084,30.671559522028549,30.853589834127906,31.05113578862877,31.264876274177524,31.495598127522108,31.744209442063777,32.011745660308911
952,29.515695349110167,29.521284305487324,29.53807334319005,29.566128627275887,29.605559309982855,29.656515894547088,29.719188054838263,29.79380205524355,29.880618006983202,29.979927324994716,30.092050910365611,30.217338754923251,30.356171797302576,30.508966874619635,30.676185416194802,30.858346039445681,31.056040424612167,31.269950868789739,31.500866980371832,31.749698382047985,32.01748033073185
953,29.519470691768397,29.52506463845689,29.541868578082159,29.569948471113779,29.609413137674654,29.660412637225587,29.72313611578419,29.797809270733559,29.884691676212306,29.984074339499521,30.096278015709224,30.2216529707589,30.360581000905302,30.51348051452948,30.680815269763407,30.8631068726907,31.060950375039159,31.275031374512825,31.506142137169959,31.75519372114028,32.023221148600577
954,29.523249403630661,29.528848325098686,29.545667120547556,29.573771547485382,29.61327009710352,29.664312390578811,29.727087054959487,29.801819234216794,29.888767984949141,29.988223932802779,30.100507718326622,30.225969914567521,30.364993203065684,30.517997575957907,30.685449107006438,30.867872344518329,31.065865631507044,31.280117761852022,31.51142354996135,31.760695400110659,32.028968053508279
955,29.52703147421596,29.532635355043805,29.549468960581457,29.577597847088523,29.617130180159975,29.668215148398861,29.731040869034803,29.805831946478751,29.892846939464214,29.992376117863426,30.104740038406472,30.230289613026116,30.369408434370769,30.522518088791667,30.690086950922513,30.872642464501141,31.070786185079307,31.285210001572135,31.516711171858834,31.766203361357249,32.034720986799293
956,29.530816893120068,29.536425718006356,29.553274088281306,29.581427360756678,29.620993378918325,29.672120904721289,29.734997554984858,29.809847408649038,29.896928546358549,29.996530907865058,30.108974996135736,30.234612092467334,30.373826724661754,30.527042081825993,30.694728823274456,30.877417241153832,31.075712026290656,31.290308064684179,31.522004957018854,31.771717548878335,32.040479891541807
957,29.534605650018737,29.540219403786853,29.557082493850857,29.585260079464152,29.624859685642807,29.676029653831179,29.738957110091924,29.813865622198033,29.901012812548611,30.0006883161868,30.113212611660188,30.238937378842493,30.378248103019796,30.531569582792166,30.69937474466392,30.88219668203628,31.080643145238,31.295411922479914,31.527304860595645,31.777237908159897,32.046244712395527
958,29.538397734672952,29.544016402277524,29.560894167605383,29.589095994330524,29.628729092789921,29.679941390261352,29.742919531938007,29.817886588922427,29.905099745247401,30.004848356385548,30.117452905075655,30.243265497728434,30.382672597789831,30.536100618392098,30.704024734565095,30.886980793774878,31.085579531583786,31.300521546519086,31.532610838718941,31.782764386150294,32.052015395587006
959,29.542193136932706,29.547816703466225,29.564709099975975,29.592935096625357,29.632601593013188,29.683856108796018,29.746884818405022,29.821910310938826,29.909189351948839,30.009011042170702,30.121695896397799,30.247596474303243,30.387100236576771,30.540635214327313,30.708678811386989,30.891769582141631,31.090521174621653,31.305636908650346,31.537922848455278,31.788296931173303,32.05779188880885
960,29.545991846741757,29.551620297441282,29.568527281514438,29.596777377772742,29.63647717916621,29.687773804470648,29.750852967669555,29.82593679067201,29.913281640410066,30.013176387384249,30.125941605546586,30.25193033334288,30.391531046260003,30.545173395331105,30.713336992516048,30.896563052094468,31.095468063300689,31.31075798101018,31.543240847780499,31.79383549288228,32.063574141169489
961,29.549793854145758,29.555427174399618,29.572348702901426,29.600622829359118,29.640355844309376,29.691694472576106,29.754823978202584,29.829966030848681,29.917376618638578,30.017344405983255,30.130190052329624,30.256267099213705,30.395965053003959,30.549715185201872,30.717999294368795,30.901361207836032,31.100420186270593,31.315884736036175,31.548564792019569,31.799378239466066,32.069254644359674
962,29.553599149282238,29.559237324636708,29.576173354936145,29.604471443122161,29.644237581697009,29.695618108642769,29.758797848749467,29.833998034473044,29.921474294865188,30.021515112013773,30.134441256421663,30.260606795861985,30.400402282259307,30.554260606813738,30.72266573240508,30.906164052819999,31.105377531862878,31.321017142355785,31.553894137337672,31.804909943767797,32.074853286335845
963,29.557407722406957,29.563050738573008,29.58000122856285,29.608323210977122,29.648122384802654,29.699544708463208,29.762774578347685,29.838032804837077,29.925574677545185,30.025688519604508,30.138695237357478,30.264949446817081,30.404842758788892,30.558809682173042,30.727336321212206,30.910971589837011,31.110340086501523,31.326155058795301,31.559226194552288,31.810420461978357,32.080401440678337
964,29.561219563883796,29.566867406743778,29.583832314860498,29.612178125005737,29.652010247306375,29.703474268076725,29.766754166307312,29.842070345496541,29.929677775331292,30.029864642940048,30.142952014509994,30.269295075179308,30.409286506667996,30.563362432429123,30.732011074514705,30.915783820531658,31.115307813426739,31.33129794510462,31.564557391844591,31.815908284314453,32.085910263926202
965,29.565034664192961,29.57068731980727,29.587666605050607,29.616036177463283,29.655901163100051,29.707406783771347,29.770736612208601,29.846110660263513,29.933783597061797,30.034043496247666,30.147211607081051,30.273643703620781,30.413733549299931,30.56791887790385,30.736690005090157,30.920600741153777,31.120280595055256,31.336444837588889,31.569884904000602,31.821374034745777,32.091386181175658
966,29.568853013935492,29.574510468549128,29.591504090501282,29.619897360781692,29.659795126288657,29.711342252082268,29.774721915896169,29.850153753195759,29.93789215174619,30.038225093782007,30.151474034089993,30.277995354383677,30.418183909427878,30.572479038088016,30.741373123921001,30.925422330411287,31.125258188801592,31.34159458430867,31.575206791467842,31.826818834841365,32.096833510957602
967,29.572674603837683,29.578336843886671,29.595344762731187,29.623761667572605,29.663692131191429,29.715280669789816,29.778710077472912,29.854199628586212,29.942003448551134,30.042409449810634,30.155739314363547,30.282350049279504,30.422637609140409,30.57704293148042,30.746060437578819,30.930248533976652,31.130240232145901,31.346746039228833,31.580521776183065,31.832243873052484,32.102255410460302
968,29.576499424755418,29.582166436873184,29.599188613413251,29.627629090629966,29.667592172342591,29.719222033917294,29.782701097293788,29.858248290952506,29.946117496786943,30.046596578600415,30.160007466526572,30.286707809687559,30.427094669844177,30.581610575028041,30.750751943868615,30.935079254251896,31.13522627702779,31.35189815797543,31.585829032878095,31.837650278394111,32.107654315934695
969,29.58032746767844,29.585999238701977,29.60303563437834,29.631499622932612,29.671495244491854,29.723166341728348,29.786694975959385,29.862299745026593,29.950234305894526,30.050786494404655,30.16427850899337,30.291068656547004,30.431555112145535,30.586181983004472,30.755447627077949,30.939914348546043,31.140215828590229,31.357050029959119,31.591128042002399,31.84303908697968,32.1130321786369
970,29.584158723734514,29.589835240710403,29.606885817618622,29.635373257646492,29.675401342604626,29.72711359072423,29.790691714309411,29.866353995744547,29.954353885432823,30.054979211451045,30.168552459958416,30.295432610328756,30.436018955576799,30.590757165433693,30.760147454275526,30.94475363371523,31.14520837673307,31.362200879869029,31.596418491290382,31.848411238333327,32.118390605860355
971,29.587993184193497,29.593674434383789,29.610739155290883,29.639249988126632,29.679310461862006,29.731063778640756,29.794691313416067,29.870411048236498,29.958476245066656,30.059174743929852,30.172829337383,30.2997996909669,30.440486218135902,30.595336126353232,30.76485137337594,30.949596894217954,31.150203418209667,31.367350055918095,31.601700210825623,31.853767582180552,32.123730949768721
972,29.591830840471257,29.597516811359082,29.61459563971956,29.643129807919014,29.683222597660386,29.735016903445064,29.798693774577355,29.874470907816686,29.962601394554927,30.063373105981761,30.177109158972254,30.304169917730437,30.444956915669231,30.599918862247591,30.769559312950879,30.954443891012154,31.155200470617999,31.372497014316338,31.606973129201062,31.859108887737687,32.129054367620071
973,29.595671684133457,29.6013623634285,29.618455263399678,29.647012710762052,29.687137745610965,29.738972963332159,29.802699099310317,29.878533579973759,29.966729343739164,30.067574311683874,30.181391942135349,30.308543309027382,30.449431061168429,30.604505360863641,30.774271183384293,30.959294369929928,31.160199080468583,31.377641303408311,31.612237243701454,31.864435853294172,32.134361863713238
974,29.599515706899272,29.605211082542915,29.62231801899944,29.650898690587955,29.691055901538871,29.742931956721314,29.806707289344235,29.882599070361128,29.970860102531706,30.071778375031318,30.185677703921971,30.312919882143891,30.453908664062958,30.609095600516646,30.778986878937925,30.964148068831719,31.165198826984994,31.382782549293289,31.617492599940707,31.869749114910523,32.139654319503578
975,29.603362900644768,29.609062960815148,29.626183899362879,29.654787741523798,29.694977061482223,29.746893882252259,29.810718346613839,29.886667384787444,29.97499368090315,30.075985309911999,30.189966460931601,30.317299652938352,30.45838972958822,30.613689549867651,30.783706280235659,30.969004723363977,31.170199323388879,31.387920443361097,31.622739277303694,31.875049254081329,32.144932516327373
976,29.607213257406361,29.612917990523034,29.630052897512002,29.65867985789242,29.698901221690868,29.750858738781275,29.814732273252464,29.890738529206921,29.97913008886793,30.080195130071658,30.194258229195647,30.321682635512676,30.462874258274287,30.618287168101865,30.788429256893554,30.973864071435003,31.175200216478327,31.393054731649368,31.62797737870822,31.880336804381368,32.150197152579274
977,29.611066769383914,29.616776164112348,29.633925006648997,29.662575034213088,29.702828378624925,29.754826525377169,29.818749071585081,29.894812509709187,29.983269336466954,30.084407849067677,30.198553024035249,30.326068841884322,30.467362245585093,30.622888405433979,30.793155670087678,30.978725856509129,31.180201185166368,31.398185205994675,31.633207023335338,31.885612257135801,32.155448856952987
978,29.614923428943744,29.620637474199505,29.637800220158088,29.666473265201944,29.70675852895322,29.758797241317016,29.822768744121316,29.898889332508432,29.987411433746221,30.088623480209893,30.202850859901549,30.330458281683612,30.471853681718812,30.627493203834824,30.797885374900329,30.983589829939465,31.185201938539539,31.403311696689567,31.638428341311279,31.890876066265726,32.160688198953927
979,29.618783228621446,29.624501913574111,29.641678531607244,29.670374545772251,29.710691669551402,29.762770886081878,29.826791293548048,29.902969003931084,29.991556390730352,30.092842036490442,30.207151750207736,30.334850961890883,30.476348551544945,30.63210149787956,30.802618222415294,30.988455752613145,31.190202213689691,31.408434066284652,31.643641469745457,31.896128652492738,32.165915697444248
980,29.622646161124511,29.628369475201353,29.645559934749649,29.674278871034442,29.714627797500071,29.766747459352292,29.830816722721696,29.907051530401915,29.995704217390625,30.097063530502751,30.211455707159345,30.33924688662405,30.480846834673816,30.636713215677197,30.807354061530745,30.993323395964907,31.19520177342778,31.413552204504487,31.648846549922748,31.901370406918033,32.17113182744616
981,29.626512219334749,29.632240152224067,29.649444423525097,29.678186236295993,29.718566910082515,29.770726961003476,29.834845034659807,29.911136918427712,29.999854923607092,30.101287974352605,30.215762741590762,30.343646056982088,30.485348505631446,30.641328279817294,30.812092740490328,30.998192542544562,31.200200404053476,31.418666024014733,31.65404372521666,31.906601694113064,32.176337025762166
982,29.630381396310582,29.636113937964826,29.653331992060952,29.682096637061044,29.72250900478241,29.774709391100409,29.838876232531764,29.915225174578264,30.004008519124682,30.105515379563887,30.220072862815577,30.348048470947983,30.489853534119206,30.645946608290814,30.816834108139222,31.003062986248217,31.205197913247805,31.423775456904842,31.659233139548498,31.911822854787843,32.181531695635968
983,29.634253685289057,29.639990825927573,29.657222634673158,29.68601006902988,29.726454079281243,29.778694749892349,29.842910319648343,29.919316305464378,30.008165013504478,30.109745756983038,30.224386078495765,30.352454123345336,30.4943618853275,30.650568115358553,30.821578014954369,31.007934532326651,31.210194128101591,31.428880451719174,31.664414936234401,31.917034208126637,32.186716210688374
984,29.638129079687729,29.643870809799314,29.661116345866947,29.689926528098223,29.730402131455509,29.782683037806905,29.846947299450118,29.923410317713181,30.012324416071277,30.113979116684416,30.22870239452909,30.356863005837852,30.498873520286494,30.65519271236894,30.826324313892492,31.012806997223258,31.215188893268767,31.433980970929483,31.669589257126596,31.922236053852281,32.191890918284408
985,29.642007573106358,29.64775388345144,29.665013120337338,29.693846010356292,29.734353159373633,29.786674255443668,29.850987175494154,29.927507217940175,30.016486735857296,30.118215467879029,30.233021814961624,30.361275106979647,30.50338839624947,30.65982030849932,30.831072861026577,31.017680208251615,31.220182069295632,31.439076988882793,31.674756242037883,31.927428673991145,32.197056142305712
986,29.645889159328291,29.651640040940929,29.668912952969428,29.697768512087595,29.738307161292543,29.790668403566805,29.855029951439153,29.931607012718427,30.020651981544301,30.122454818829556,30.237344341924015,30.36569041230161,30.507906467084027,30.664450811419606,30.835823516033997,31.022554003201275,31.225173531107021,31.444168490056441,31.679916028315908,31.932612334434861,32.202212185552852
987,29.649773832321916,29.655529276511341,29.672815838838549,29.701694029767609,29.742264135653841,29.79466548309707,29.859075631028858,29.935709708545456,30.02482016140522,30.126697176773614,30.241669975590327,30.370108904425361,30.512427683659528,30.669084127882492,30.84057614256815,31.027428229903446,31.230163166629879,31.449255467555648,31.68506875052929,31.937787286335158,32.207359331849737
988,29.653661586241508,29.659421584593588,29.676721773210154,29.705622560062043,29.746224081079522,29.798665495102753,29.863124218073679,29.939815311808211,30.028991283246651,30.130942547856797,30.245998714159395,30.374530563200551,30.516951994224645,30.673720164240414,30.845330608523156,31.032302745762095,31.23515087555085,31.454337921846772,31.690214540261383,31.942953767335339,32.212497847856845
989,29.657552415428331,29.663316959806572,29.680630751539532,29.709554099824938,29.750186996367283,29.802668440789706,29.867175716430985,29.943923828746708,30.033165354352988,30.135190937074075,30.250330553852834,30.378955365857472,30.521479344774399,30.678358826906393,30.850086786221528,31.037177417267809,31.240136568178716,31.459415859658307,31.695353525974358,31.948112002681999,32.217627984678685
990,29.661446314411247,29.667215396957548,29.68454276947126,29.713488646096437,29.754152880485105,29.806674321490394,29.871230129983758,29.948035265416582,30.037342381433103,30.139442348222843,30.254665488934158,30.383383287175477,30.526009679398062,30.683000022742995,30.854844552514624,31.042052119502838,31.245120164436866,31.464489293072347,31.700485832944615,31.953262206197401,32.222749979237705
991,29.665343277907191,29.671116891042324,29.688457822838402,29.717426196100003,29.758121732565293,29.810683138651683,29.875287462617621,29.952149627651234,30.041522370570803,30.143696783867092,30.259003511744353,30.387814299659674,30.530542940604633,30.687643659391522,30.859603788823534,31.046926735655124,31.250101592961499,31.469558238750274,31.705611583239332,31.958404581147786,32.227864055482506
992,29.669243300821442,29.675021437245181,29.692375907661464,29.721366747239582,29.762093551897827,29.814694893821727,29.879347718197156,29.956266921024206,30.045705327179583,30.14795424531183,30.263344612750366,30.392248373720005,30.535079069624505,30.692289645552091,30.864364381139463,31.051801156548734,31.255080790285167,31.474622717257635,31.710730895719411,31.963539321030762,32.232970425470448
993,29.673146378247747,29.678929030938672,29.696297020147021,29.725310297095945,29.766068337923009,29.818709588635755,29.883410900541094,29.96038715081254,30.049891255962088,30.152214732587272,30.26768878060404,30.396685477850163,30.539618006687974,30.696937891221257,30.86912621999144,31.056675280190845,31.260057700096297,31.479682752476108,31.715843886064413,31.968666610290363,32.238069290338295
994,29.677052505468058,29.682839667682988,29.700221156686101,29.729256843422817,29.770046090223378,29.822727224801131,29.887477013397248,29.964510321961349,30.054080160874999,30.156478244442898,30.272036002210811,30.40112557880451,30.544159691279226,30.701588307886208,30.873889200381768,31.061549011337299,31.26503227257729,31.484738371104662,31.72095066681975,31.973786624957093,32.243160841157895
995,29.680961677952229,29.68675334322533,29.704148313852158,29.733206384142562,29.774026808515011,29.826747804081425,29.891546060416857,29.968636439049643,30.058272045097919,30.160744778348469,30.276386262804298,30.405568641772554,30.54870406237217,30.70624080869025,30.878653221701935,31.06642226107385,31.270004463796429,31.489789602217861,31.726051347455716,31.978899533238174,32.248245259716867
996,29.684873891357295,29.690670053498785,29.708078488398776,29.737158917341123,29.778010492638028,29.830771328279923,29.89561804512909,29.972765506258373,30.06246691100846,30.165014330504533,30.280739546028503,30.410014630547845,30.55325105864021,30.710895308558573,30.883418187625345,31.071294946422157,31.274974235172554,31.494836476898122,31.731146034439647,31.984005496041689,32.253322719201584
997,29.688789141526652,29.69458979462102,29.712011677256921,29.741114441262638,29.781997142546448,29.834797799222326,29.899692970915559,29.976897527340679,30.066664760162467,30.169286895860051,30.285095834023686,30.414463507690041,30.557800618644517,30.715551724297335,30.888184005988549,31.076166989968304,31.279941552991172,31.4998790279151,31.73623483131345,31.989104667454921,32.258393384814859
998,29.692707424488688,29.698512562892546,29.715947877531772,29.745072954303389,29.785986758297305,29.838827218739105,29.903770840985448,29.981032505594769,30.070865593279727,30.173562468136545,30.289455107514936,30.418915234678732,30.562352681001055,30.720209974667622,30.89295058866362,31.081038319514601,31.284906387970032,31.504917289449651,31.741317838775348,31.994197195178863,32.263457414331221
999,29.696628736455402,29.702438354794825,29.719887086499249,29.749034455005315,29.789979340039388,29.842859588647602,29.907851658351138,29.985170443838744,30.075069410233112,30.177841039855995,30.29381734590141,30.423369772061303,30.566907184534756,30.724869980445767,30.897717851427206,31.085908867746163,31.289868714853128,31.509951296841958,31.74639515476283,31.999283220937478,32.268514958617132
1000,29.700553073820515,29.706367166987867,29.723829301601942,29.752998942048812,29.793974888001145,29.846894910733795,29.911935425805027,29.989311344389439,30.079276210044732,30.18212260237587,30.29818252734642,30.427827079588265,30.571464068407533,30.729531664456808,30.902485713823928,31.090778571927949,31.294828512061244,31.514981086387113,31.751466874537538,32.004362880836915,32.273566162081615
1001,29.704480433157229,29.710298996307483,29.727774520444701,29.75696641424523,29.797973402478412,29.850933186734284,29.916022145897465,29.993455209043287,30.083485990884501,30.186407145925564,30.302550628865792,30.432287116342771,30.576023272237702,30.734194951600969,30.907254099029981,31.09564737361298,31.299785761361004,31.520006695145579,31.756533090770109,32.009436305707638,32.278611163103555
1002,29.708410811215789,29.714233839762251,29.731722740789813,29.760936870528791,29.801974883821636,29.854974418318257,29.920111820915437,29.997602039059426,30.087698750072583,30.190694659646432,30.306921626416344,30.436749840862955,30.580584736204973,30.738859768865414,30.912022933714429,31.100515218368098,31.304740447565795,31.525028160780099,31.76159389362563,32.014503621418427,32.28365009442021
1003,29.712344204920406,29.718171694529914,29.735673960551548,29.76491030994795,29.805979332422833,29.859018607069729,29.924204452863147,30.001751835146919,30.091914484086985,30.19498513163559,30.311295494981859,30.441215211252146,30.585148401136276,30.743526045320134,30.916792147901436,31.1053820555248,31.309692558275664,31.530045521421652,31.766649370847251,32.019564949155821,32.288683083469259
1004,29.716280611366322,29.722112557953803,29.739628177790806,29.768886731656806,29.809986748702482,29.863065754469933,29.928300043442604,30.005904597451359,30.096133188570295,30.199278548988516,30.315672208658555,30.445683185290491,30.589714208594888,30.748193712117693,30.92156167483401,31.110247837926419,31.314642083609666,31.53505881552908,31.771699607839459,32.024620405709975,32.29371025274002
1005,29.720220027815675,29.726056427538058,29.74358539070839,29.772866134905151,29.813997133095604,29.867115861880468,29.932398594038158,30.01006032554983,30.100354858347366,30.203574897849304,30.32005174073527,30.450153720521264,30.594282100929171,30.752862702459179,30.92633145084001,31.115112521728381,31.319589016021528,31.540068081811757,31.776744687747978,32.02967010368635,32.298731720024932
1006,29.724162451693388,29.730003300943032,29.74754559763845,29.776848519028931,29.818010486038514,29.871168930526832,29.936500105700805,30.014219018444116,30.104579487439171,30.207874163456076,30.324434063771523,30.454626774342238,30.598852021335468,30.757532951577073,30.931101415204608,31.119976066183334,31.324533350083215,31.54507335912368,31.781784691536934,32.034714151745561,32.303747598710864
1007,29.728107880582797,29.733953175980101,29.751508797041556,29.780833883440224,29.822026807955293,29.875224961482783,29.940604579134412,30.018380674556973,30.108807069080175,30.212176330188488,30.328819149672871,30.459102304087917,30.603423913906784,30.762204396706238,30.935871510043455,31.124838433445827,31.329475082299197,31.550074686381222,31.786819698065141,32.039752654815331,32.308757998032775
1008,29.732056312220724,29.737906050606242,29.755474987497326,29.784822227617017,29.826046099244305,29.879283955654916,29.944712014682956,30.022545291730253,30.113037595737815,30.216481381615797,30.333206969763992,30.46358026710584,30.607997723674099,30.766876977050703,30.940641680179159,31.129699588387812,31.334414210934671,31.555072102489735,31.791849784160149,32.044785714289908,32.31376302331131
1009,29.736007744491722,29.741861922917618,29.75944416769628,29.788813551092435,29.830068360264967,29.883345913768967,29.948822412321203,30.026712867227591,30.11727105913555,30.220789300544389,30.337597494854265,30.468060620818786,30.612573396632417,30.771550633743054,30.945411873026501,31.134559498439504,31.339350735875055,31.560065646289903,31.796875024687129,32.049813428200274,32.318762776153122
1010,29.739962175422345,29.745820791143267,29.763416336431739,29.792807853444195,29.834093591324788,29.887410836356477,29.952935771645521,30.030883397736922,30.121507450275256,30.225100069064702,30.341990695302897,30.472543322787068,30.617150879767369,30.77622530980463,30.950182038478076,31.13941813343024,31.344284658484895,31.56505535650335,31.801895492617597,32.054835891384634,32.323757354651605
1011,29.743919603175527,29.749782653638853,29.767391492591909,29.796805134284053,29.8381217926663,29.891478723740907,29.957052091863886,30.035056879371865,30.125746759458956,30.229413668598173,30.346386541085806,30.477028330774427,30.621730121086106,30.780900950108293,30.954952128788374,31.144275465422588,31.349215981457586,31.570041271672004,31.806911259099017,32.059853195667479,32.328746853598886
1012,29.747880026043248,29.753747508878785,29.77136963515046,29.800805393246517,29.842152964454822,29.895549576027204,29.961171371792396,30.039233307681613,30.129988976317023,30.233730079943001,30.350785001848237,30.481515602786878,30.626311069618374,30.78557750132661,30.959722098474661,31.149131468595971,31.354144708726341,31.575023430136039,31.811922393514305,32.064865429981424,32.333731364624718
1013,29.751843442439508,29.757715355448671,29.775350763157569,29.804808629978137,29.846187106766564,29.89962339309141,29.96529360985074,30.043412677658598,30.134234089833363,30.238049283317569,30.355186046958334,30.486005097117594,30.6308936754276,30.79025491188855,30.964491904217688,31.153986119117864,31.359070845355625,31.580001869996806,31.816928963541898,32.069872680506222,32.338710976358456
1014,29.755809850893918,29.761686192038329,29.779334875731333,29.808814844126733,29.850224219576109,29.903700174568456,29.969418804055216,30.047594983743544,30.13848208836967,30.242371258406497,30.359589645567379,30.490496772400864,30.635477889628941,30.794933131936286,30.969261504753579,31.158839394999912,31.363994397417766,31.584976629073051,31.82193103522081,32.074875030822504,32.34368577460873
1015,29.75977925004258,29.765660017432349,29.783321972047414,29.812824035330344,29.854264302746373,29.907779919846313,29.973546952021639,30.051780219841277,30.142732959695238,30.246695984399576,30.363995766645971,30.494990587629388,30.640063664373979,30.799612113273387,30.974030860796351,31.163691276018682,31.368915371940314,31.589947744896076,31.826928672998168,32.079872561997135,32.348655842458228
1016,29.763751638620917,29.769636830502357,29.787312051330115,29.816836203206851,29.85830735601742,29.911862628056539,29.977678050961678,30.055968379328679,30.146986691011449,30.251023440033492,30.36840437903534,30.499486502197129,30.64465095286068,30.804291809322166,30.978799934941414,31.168541743591359,31.373833776802023,31.594915254675129,31.831921939787772,32.084865352716974,32.353621260419317
1017,29.767727015455598,29.77361663019855,29.791305112842746,29.820851347343144,29.862353378995607,29.915948298066084,29.981812097681978,30.060159455066202,30.151243268979151,30.255353603633111,30.372815451492542,30.503984475930814,30.649239709331425,30.808972175075837,30.9835686915767,31.173390780671511,31.378749620652407,31.599879195276959,31.836910897024211,32.089853479400929,32.358582106562089
1018,29.771705379455142,29.777599415540109,29.795301155877581,29.824869467285204,29.866402371145316,29.920036928473539,29.985949088588541,30.064353439413342,30.155502679745428,30.259686453145239,30.377228952721381,30.508484469104758,30.653829889059622,30.813653167052493,30.98833709681238,31.178238371675196,31.383662912860856,31.604839603219226,31.841895604706789,32.094837016281247,32.363538456605319
1019,29.775686729601755,29.781585185606634,29.79930017974646,29.828890562527771,29.870454331779012,29.924128517602224,29.990089019686792,30.068550324240285,30.159764908969802,30.264021966177381,30.381644851414453,30.512986442469764,30.658421448347106,30.818334743249491,30.993105118396446,31.183084502381817,31.38857366343991,31.609796514650949,31.846876121451164,32.099816035510635,32.36849038403895
1020,29.779671064942612,29.785573939529101,29.803302183770963,29.832914632504082,29.874509260047802,29.928223063494357,29.994231886583346,30.072750100941324,30.164029941851034,30.268360120034895,30.38606311629097,30.51749035727644,30.663014344516917,30.823016863097056,30.99787272563545,31.18792915984486,31.393481882979085,31.614749965338472,31.851852504538229,32.10479060725924,32.373437960234106
1021,29.783658384582584,29.789565676482468,29.807307167274896,29.836941676578913,29.878567154936654,29.932320563911102,29.998377684494145,30.076952760453132,30.168297763155074,30.272700891753697,30.390483716124812,30.521996175286574,30.667608535898228,30.827699487414396,31.00263988933045,31.192772332326481,31.398387582600492,31.619699990660678,31.856824815181366,32.1097634386987,32.37854032191477
1022,29.787648687665101,29.793560395666589,29.811315129565411,29.840971694030813,29.882628015249594,29.936421016323262,30.002526408243018,30.081158293262792,30.172568357231103,30.277044258119293,30.394906619757919,30.526503858771505,30.672203981803367,30.832382578366232,31.007406581722627,31.197614009248714,31.403290773948175,31.624646631657786,31.861793853529161,32.114757065487169,32.38376802540067
1023,29.791641973377754,29.797558096311448,29.815326069937544,29.845004684055919,29.886691839613938,29.940524417918425,30.006678052275717,30.085366689432721,30.176841708049935,30.281390195716256,30.399331796151579,30.531013370548951,30.676800642531433,30.837066099420667,31.012172776408796,31.202454181104393,31.408191471571815,31.629590092001415,31.866763595332888,32.119786498792649,32.389074625782023
1024,29.795638240933297,29.801558777658162,29.819339987655418,29.84904064575047,29.8907586264658,29.944630765591949,30.010832610658774,30.089577938608713,30.181117799219582,30.28573868094627,30.403759214398637,30.53552467398023,30.681398479344786,30.841750015306317,31.016938448296266,31.207292840139797,31.413089724418064,31.634531166085804,31.871739322803762,32.124853969489337,32.394443603632531
1025,29.799637489562368,29.805562438951807,29.823356881945383,29.853079578104822,29.894828374046671,29.948740055948448,30.014990077088406,30.09379203003774,30.185396614011186,30.290089690057588,30.408188843747897,30.540037732979417,30.68599745445449,30.846434291974635,31.021703573731152,31.212129986648215,31.417985701119179,31.639471275133769,31.87672521332156,32.129958549047629,32.399865444539124
1026,29.80363971850414,29.809569079432013,29.827376751986847,29.857121479995566,29.898901080398304,29.952852285301578,30.019150444897502,30.098008952583594,30.189678135382049,30.294443199170729,30.41262065362481,30.544552512019298,30.690597531004798,30.85111889660514,31.026468131752615,31.21696564694718,31.422879755373202,31.644412119152943,31.881724133064814,32.135098572640231,32.405333752051185
1027,29.807644926996886,29.813578698323653,29.831399596903481,29.86116635017795,29.90297674335801,29.956967449674451,30.023313707063281,30.102228694742482,30.193962345998028,30.298799184303142,30.417054613650365,30.549068976135967,30.695198673066891,30.855803797843034,31.031232107961305,31.221799896305111,31.427772418503626,31.649355389368012,31.886737968992009,32.140272276840449,32.410843848170721
1028,29.811653114268623,29.817591294827604,29.8354254157545,29.865214187278763,29.907055360554608,29.961085544800607,30.027479856215074,30.1064512446587,30.198249228255225,30.303157621392341,30.421490693658445,30.553587090934279,30.699800845681182,30.860488966628953,31.03599550096542,31.226632874080742,31.432664348486515,31.654302626660805,31.891767937813167,32.145477985770739,32.416392122768713
1029,29.815664279527844,29.821606868111694,29.83945420752633,29.869264989789546,29.911136929404833,29.965206566125456,30.031648884642646,30.110676590140063,30.202538764301092,30.3075184863178,30.425928863712027,30.558106822602571,30.704404015033742,30.865174377856242,31.040758329410686,31.231464786453195,31.437556272627155,31.659255173719373,31.896814803892809,32.15071416137129,32.421975682972111
1030,29.819678421954407,29.825625417301737,29.843485971124416,29.87331875606024,29.915221447110198,29.969330508808305,30.035820784304665,30.114904718673301,30.206830936054601,30.311881754921753,30.430369094120262,30.562628137957191,30.709008148863997,30.86986001270721,31.045520637454597,31.236295899499286,31.442448940843164,31.664214173216209,31.90187902452961,32.155979408324917,32.427592145655524
1031,29.823695540690512,29.829646941472781,29.847520705365344,29.8773754842932,29.919308910654422,29.973457367724706,30.039995546837503,30.119135617439191,30.211125725225955,30.316247403029266,30.434811355461385,30.567151004546684,30.713613217146751,30.874545861220017,31.050282497632281,31.241126527315306,31.447343092954128,31.669180584860612,31.906960846489863,32.161272464383813,32.433239504968945
1032,29.827715634831883,29.833671439640604,29.851558408969293,29.881435172537607,29.92339931680123,29.977587137469342,30.044173163564135,30.12336927332758,30.215423113335518,30.320615406468846,30.439255618619587,30.571675390843698,30.718219193006355,30.879231924612473,31.055044011147253,31.24595701881281,31.452239437900126,31.674155208606177,31.912060370771165,32.166592186398944,32.438916043613787
1033,29.831738703419141,29.837698910753325,29.855599080552739,29.885497818684307,29.927492662092675,29.981719812359188,30.048353625503289,30.127605672952143,30.219723081732543,30.324985741095805,30.443701854847177,30.576201266538934,30.722826053761434,30.883918217026057,31.059805306120872,31.25078774533532,31.45713864198801,31.679138708029516,31.917177596456675,32.171937536247889,32.444620270976898
1034,29.835764745429366,29.841729353683359,29.859642718621398,29.889563420460938,29.931588942847775,29.98585538643708,30.052536923378646,30.131844802664943,30.224025611614117,30.329358382821784,30.448150035860767,30.580728602927294,30.727433781969612,30.888604766564058,31.064566534584369,31.25561909006235,31.46204132301715,31.684131631621195,31.922312451383338,32.177307567922092,32.450350877952204
1035,29.839793759767868,29.845762767219519,29.863689321563726,29.89363197542761,29.935688155161703,29.989993853475582,30.0567230476282,30.136086648571009,30.228330684045279,30.333733307654519,30.452600133978244,30.585257373363966,30.732042366367963,30.893291615620598,31.069327868768628,31.260451439457366,31.466948048520194,31.689134431310055,31.927464813326335,32.182701416165685,32.456106703743103
1036,29.843825745260336,29.849799150059514,29.867738887644403,29.897703480972741,29.939790294905208,29.994135206981177,30.060911988413668,30.140331196543098,30.232638279981913,30.338110491751873,30.45705212229646,30.589787553754082,30.736651802627044,30.897978820599636,31.074089497204454,31.265285176703909,31.471859336425684,31.694147478088869,31.932634525123142,32.188118286699385,32.461886710474218
1037,29.847860700644993,29.85383850080262,29.87179141499848,29.901777934309536,29.943895357724511,29.99827944019863,30.065103735630128,30.144578432237044,30.236948380297868,30.34248991149267,30.461505974903528,30.59431912303787,30.741262093884817,30.902666451181346,31.078851620947948,31.270120676791571,31.476775657101349,31.699171075179681,31.937821405645469,32.193557447789352,32.467689963343695
1038,29.851898624565298,29.857880817942657,29.875846901625575,29.90585533247253,29.948003339041474,30.002426546115753,30.069298278915834,30.148828341108469,30.241260965818007,30.346871543565324,30.465961667116431,30.598852063642429,30.745873251054224,30.907354589257423,31.083614450079626,31.274958303001409,31.48169743625877,31.704205468996793,31.943025257660892,32.199018223029043,32.473515615050673
1039,29.855939515562742,29.861926099861329,29.879905345384593,29.909935672314763,29.952114234054175,30.006576517468364,30.073495607662597,30.15308090843126,30.245576017358797,30.351255365074962,30.47041917573371,30.603386361872055,30.750485292903797,30.912043327648902,31.088378200611494,31.279798404572446,31.486625058231667,31.709250858154999,31.948245873493352,32.204499985203846,32.479362893424167
1040,29.859983372070033,29.865974344821787,29.883966743988736,29.914018950505103,29.956228037737741,30.010729346745581,30.077695711026756,30.157336119318874,30.249893515777142,30.355641353664907,30.474878479288122,30.607922008223472,30.75509824595812,30.916732768740804,31.093143091809967,31.284641315166319,31.491558869299169,31.714307401050583,31.953483039309099,32.21000215096258,32.4852310911903
1041,29.864030192404552,29.870025550962577,29.888031095000734,29.91810516352604,29.960344744845592,30.01488502619549,30.081898577941161,30.161593958748899,30.254213442027865,30.360029487650138,30.479339558289386,30.612458997617622,30.759712144241611,30.921423023089158,31.097909343931462,31.289487352004759,31.496499180974556,31.719375222151363,31.958736538226574,32.215524176232094,32.491119557628799
1042,29.868079974762104,29.874079716291849,29.892098395828597,29.92219430767172,29.964464349910944,30.019043547831391,30.086104197128471,30.165854411591575,30.258535777229355,30.364419746157807,30.483802395448627,30.616997329550422,30.764327028903562,30.926114208053484,31.102677176331952,31.29433681550335,31.501446273155342,31.724454417251938,31.964006152607176,32.221065552238258,32.497027691636333
1043,29.872132717211006,29.878136838681932,29.896168643721531,29.926286379046417,29.968586847248712,30.023204903438451,30.090312557116189,30.170117462642725,30.26286050273713,30.368812109271524,30.488266975875639,30.621537008157905,30.768942947745725,30.930806446499158,31.107446805952076,31.299189989300586,31.50640039705241,31.729545057808163,31.969291665703576,32.226625802080264,32.502954935983205
1044,29.876188417686521,29.882196915864185,29.900241835766298,29.930381373563307,29.972712230957907,30.02736908458148,30.094523646253695,30.174383096661302,30.267187600223611,30.373206558173084,30.492733287243578,30.626078042208963,30.773559954696413,30.935499865600583,31.112218446100272,31.304047140518087,31.511361777882684,31.73464719460954,31.9745928629054,32.232204477718582,32.50890077240134
1045,29.880247073985544,29.886259945424229,29.904317968883888,29.934479286943521,29.976840494924346,30.031536082613361,30.098737452731537,30.178651298411129,30.271517051761901,30.377603075278333,30.497201319920304,30.630620445036783,30.778178109253446,30.940194595746611,31.116992305486207,31.308908520197271,31.516330617346135,31.739760860888364,31.979909532649824,32.237801157322089,32.514864717384448
1046,29.884308683761638,29.890325924797448,29.908397039826436,29.93858011471573,29.98097163282408,30.035705888684664,30.102953964603,30.182922052706552,30.27584883991225,30.382001644364841,30.501671067067665,30.635164234419157,30.782797475909401,30.944890769546241,31.121768587469198,31.313774363866713,31.521307095894983,31.744886074955375,31.985241467073585,32.243415442922576,32.520846318574549
1047,29.888373244520455,29.894394851264863,29.912479045174631,29.942683852216007,29.98510563812728,30.039878493754639,30.107173169808462,30.187195344462022,30.280182947809902,30.386402250687254,30.506142524703122,30.639709432407425,30.787418123573605,30.949588520955576,31.126547489524242,31.318644892208916,31.526291374764185,31.750022842373628,31.990588462439522,32.249046958378834,32.526845151712791
1048,29.892440753615389,29.898466721949312,29.916563981335347,29.946790494588157,29.989242504103014,30.044053888603557,30.111395056202209,30.191471158744715,30.284519359251583,30.39080488107879,30.510615691728979,30.644256065122008,30.792040125009336,30.954287984512145,31.131329202858282,31.323520311761769,31.53128359780483,31.755171157819195,31.99595031943424,32.254695347561885,32.532860817969521
1049,29.896511208243648,29.902541533811988,29.920651844539801,29.950900036784631,29.993382223824717,30.048232063846573,30.115619611581746,30.195749480828926,30.288858058779351,30.395209524037519,30.515090569933076,30.648804162524925,30.796663556295048,30.958989294665187,31.136113912143504,31.328400815632907,31.536283893146585,31.760331006688602,32.001326843368346,32.260360272724746,32.538892941586077
1050,29.90058460544261,29.90661928364937,29.924742630841916,29.955012473567798,29.997524790176666,30.052413009949287,30.119846823719275,30.200030296251906,30.293199031759702,30.399616169796282,30.519567163961796,30.653353758173672,30.801288496313923,30.963692585201098,31.140901795360989,31.333286584221568,31.541292374689498,31.765502366457646,32.006717844282683,32.266041413056236,32.544941167824391
1051,29.904660942086533,29.910699968090338,29.928836336117222,29.959127799511936,30.001670195861209,30.056596717244577,30.124076680394886,30.204313590870065,30.297542264458468,30.404024810379699,30.524045481273621,30.657904888965078,30.805915026268753,30.96839798873873,31.145693023718241,31.338177785935667,31.546309143469909,31.770685207870955,32.012123136997751,32.271738463363683,32.551005161126689
1052,29.908740214883586,29.91478358359387,29.932932956062125,29.963246009005758,30.005818433407242,30.060783175951215,30.128309169431802,30.208599350915051,30.301887744108885,30.408435439643139,30.528525532068095,30.662457594869622,30.810543229234522,30.973105636316244,31.150487761654592,31.34307457789258,31.551334288863803,31.775879495925754,32.017542541099914,32.277451132916738,32.557084603531955
1053,29.912822420373338,29.918870126446961,29.93703248619374,29.967367096255742,30.0099694951797,30.064972376194152,30.132544278732766,30.21288756304881,30.306235458972449,30.412848053296525,30.533007329197638,30.667011918665203,30.815173189746961,30.97781565704636,31.155286166899607,31.347977106592253,31.55636788966881,31.781085190719786,32.022975880895054,32.2831791444044,32.56317919326542
1054,29.916907554924528,29.922959592763096,29.941134921850157,29.971491055290052,30.014123373390134,30.069164308025989,30.136781996317328,30.217178214416613,30.310585398392298,30.41726264891469,30.53749088806687,30.671567905674998,30.819804993426064,30.982528177828424,31.160088390568419,31.352885508560028,31.561410015084878,31.786302248192449,32.028422985340441,32.288922232985037,32.569288643467544
1055,29.920995614733318,29.927051978481046,29.945240258191308,29.975617879963444,30.018280060108403,30.073358961449713,30.141022310359553,30.221471292697743,30.314937552838998,30.421679225935165,30.541976226521943,30.676125603511593,30.824438726632469,30.987243323109851,31.164894577287122,31.357799910959525,31.566460725603573,31.791530620771393,32.033883687958131,32.294680145420394,32.575412681048128
1056,29.925086595821909,29.931147279364122,29.949348490200347,29.979747563962768,30.022439547275528,30.077556326442647,30.145265209225613,30.225766786152896,30.319291913947801,30.426097785643538,30.546463364730812,30.680685061829653,30.82907447615904,30.991961214698708,31.169704865347743,31.362720432172704,31.571520073801533,31.796770257920908,32.039357826730551,32.300452639297838,32.581551045671361
1057,29.929180494037517,29.935245490999954,29.953459612685627,29.983880100813256,30.026601826717233,30.081756392980978,30.149510681511355,30.230064683669223,30.323648474550499,30.430518331151205,30.550952325059271,30.685246332085107,30.833712328944763,30.996681971605792,31.174519386877403,31.367647182356997,31.576588105076937,31.802021106636222,32.044845243988696,32.306239482303965,32.587703488814839
1058,29.933277305052041,29.939346608800708,29.957573620283366,29.988015483885892,30.030766890158876,30.085959151065246,30.153758716078986,30.234364974800972,30.328007228697263,30.434940867360229,30.555443131940198,30.689809467307672,30.838352371827984,31.001405709936826,31.179338268029532,31.37258026396108,31.58166485828907,31.807283111846722,32.050345786288752,32.312040451584849,32.593869772953653
1059,29.937377024362007,29.943450628003994,29.961690507460968,29.992153706405425,30.034934729241197,30.090164590746451,30.158009302092957,30.238667649806228,30.332368171671916,30.439365400921073,30.559935811741596,30.694374521885134,30.842994691325408,31.006132542811493,31.184161629180963,31.377519772210903,31.586750366342553,31.812556216773363,32.055859304287409,32.317855333154952,32.600049670811636
1060,29.941479647289171,29.947557543674169,29.965810268521096,29.996294761459325,30.03910533553676,30.094372702152132,30.162262429054355,30.242972699679704,30.336731300000185,30.443791940183669,30.564430392634378,30.698941551360292,30.847639373435904,31.010862580307137,31.188989585133069,31.382465795565849,31.591844656718081,31.817840363241832,32.061385652616018,32.323683921353478,32.606242964677797
1061,29.945585168981694,29.951667350704387,29.969932897606295,30.000438642007548,30.043278700567289,30.098583475512701,30.166518086833705,30.247280116181297,30.341096611451725,30.44822049514293,30.568926904461321,30.703510612240667,30.852286503467671,31.015595929424414,31.193822245315239,31.387418416146637,31.596947751953966,31.823135491956034,32.066924689754508,32.329526018344197,32.612449445783042
1062,29.949693584415773,29.955780043819132,29.97405838870446,30.004585340892923,30.047454815821382,30.102796901187478,30.170776265702116,30.251589891860856,30.345464105036751,30.452651077380224,30.57342537860767,30.708081761819752,30.856936165884829,31.020332694070042,31.198659713988462,31.392377710138312,31.602059670087115,31.828441542739796,32.072476277905906,32.335381433651882,32.618668913725713
1063,29.953804888398004,29.959895617577519,29.978186735655019,30.008734850852477,30.051633672772919,30.107012969690413,30.175036956360124,30.255902020078093,30.349833780996139,30.45708370000013,30.577925847874788,30.712655058012967,30.86158844417772,31.025072975059764,31.203502090448197,31.397343748162498,31.607180425044564,31.833758454740426,32.078040282872479,32.341249983742571,32.624901175957078
1064,29.957919075568167,29.964014066377,29.98231793215551,30.01288716452914,30.055815262899578,30.111231671715476,30.179300149965336,30.260216495020277,30.354205640788955,30.461518377565795,30.582428346355758,30.717230559200267,30.866243420742833,31.02981687012873,31.20834946922572,31.402316595636371,31.612310027015052,31.839086166617601,32.083616573933085,32.34713149162183,32.631146047290621
1065,29.962036140402958,29.96813538445809,29.986451971769359,30.0170422744844,30.059999577701912,30.115452998161231,30.183565838156781,30.264533311713812,30.358579687072424,30.465955126030046,30.586932909316115,30.721808324087569,30.87090117679087,31.034564473963432,31.21320194028511,31.407296313093372,31.617448482764125,31.844424616691065,32.089205023724205,32.353025786483926,32.637403349478589
1066,29.966156077220226,29.972259565909599,29.990588847934056,30.021200173211469,30.064186608722402,30.119676940154438,30.187834013077342,30.268852466032978,30.362955923679461,30.470393962666343,30.59143957307915,30.726388411576792,30.87556179226382,31.039315878237446,31.218059589214395,31.412282956489008,31.622595795931883,31.849773743078398,32.094805508124757,32.358932703376418,32.643672910808348
1067,29.970278880183599,29.976386604674207,29.99472855396974,30.025360853148548,30.068376347564463,30.123903489073381,30.192104667395068,30.273173954706966,30.367334355594494,30.474834905999316,30.595948374913227,30.730970880641244,30.880225345758994,31.044071171651865,31.222922497414583,31.417276577496537,31.627751967316602,31.85513348382268,32.10041790614212,32.364852082878073,32.649954565715902
1068,29.974404543308417,29.980516494555435,29.998871083089085,30.029524306693236,30.07256878591166,30.128132636569291,30.196377794319812,30.277497775319524,30.371714988921831,30.479277975733222,30.600459352928564,30.735555790223653,30.884891914481496,31.048830439993122,31.227790742277893,31.422277223759977,31.632916995102015,31.860503776982689,32.106042099805308,32.370783770827842,32.656248154465757
1069,29.978533060467928,29.984649229224789,30.0030164284072,30.033690526216738,30.076763915546262,30.132364374586906,30.200653387619031,30.2818239263087,30.376097830855581,30.483723192683332,30.604972545976594,30.740143199134145,30.889561574192662,31.05359376618442,31.232664397362086,31.427284939149267,31.63809087509226,31.86588456073093,32.111677974059965,32.376727618048079,32.66255352282203
1070,29.982664425400085,29.988784802229528,30.007164582952296,30.037859504078416,30.080961728367758,30.136598695383935,30.204931441631356,30.286152406963083,30.380482889646387,30.488170578706747,30.609487993554374,30.744733165959438,30.894234399172262,31.058361230345856,31.237543532559243,31.432299763994049,31.643273600918164,31.871275773432252,32.117325416666731,32.382683480093974,32.668870521753647
1071,29.9867986317151,29.992923207001148,30.011315539676659,30.042031232640579,30.085162216410929,30.140835591549301,30.209211951277823,30.290483217415542,30.384870174566448,30.492620156634199,30.614005735713693,30.749325748979988,30.898910462188663,31.063132909857053,31.24242821425851,31.437321735303115,31.648465164227524,31.87667735371333,32.122984318103335,32.388651217018285,32.675199007158696
1072,29.990935672903323,29.997064436864143,30.015469291468019,30.046205704283395,30.089365371863714,30.145075056020602,30.213494912071823,30.294816358635263,30.389259695873463,30.497071950202503,30.618525812973541,30.753921006092714,30.903589834474559,31.067908879422145,31.247318505504825,31.442350886973998,31.653665554863608,31.88208924052504,32.128654571468957,32.394630693147185,32.68153883960283
1073,29.995075542344711,30.001208485046334,30.019625831162099,30.050382911420073,30.093571187083832,30.149317082098264,30.217780320123719,30.299151832413848,30.393651464771168,30.501525983990334,30.623048266245171,30.758518994753747,30.908272585721825,31.072689211140812,31.252214466141655,31.447387249966656,31.658874761003229,31.88751137318194,32.134336072397772,32.400621776895029,32.687889884106127
1074,29.999218233317247,30.005355344688098,30.023785151554179,30.05456284651159,30.097779654615856,30.153561663461439,30.222068172148816,30.303489641355799,30.398045493373225,30.505982283353116,30.6275731367496,30.763119771907139,30.912958784061225,31.077473974572232,31.257116152962983,31.452430852502573,31.664092769325826,31.892943691420658,32.140028718967066,32.406624340549953,32.694252009893191
1075,30.003363739007366,30.009505008853548,30.027947245412214,30.058745502081891,30.101990767206903,30.157808794179939,30.22635846546865,30.307829788861213,30.402441794662291,30.510440874361503,30.632100465950813,30.767723393939441,30.917648496067685,31.082263236808345,31.262023619845692,31.457481720217327,31.669319565128852,31.898386135426929,32.145732411616621,32.41263826011086,32.700625090207552
1076,30.007512052520717,30.01365747054194,30.032112105489759,30.062930870732494,30.106204517821087,30.162058468724677,30.230651198011014,30.312172279108506,30.406840382451112,30.51490178374377,30.636630295493116,30.772329916636231,30.922341786763642,31.087057062541774,31.266936917875995,31.462539876310007,31.674555132443967,31.903838645865985,32.151447053071124,32.41866341512533,32.707009002125922
1077,30.011663166892166,30.017812722698348,30.036279724538574,30.067118945157112,30.110420899654891,30.166310681979738,30.234946368312428,30.316517117039371,30.411241271344064,30.51936503882537,30.641162667132246,30.77693939513086,30.927038719616668,31.09185551413406,31.271856095484083,31.467605341706079,31.679799454166325,31.909301163918926,32.157172548258153,32.424699688514259,32.713403626356779
1078,30.015817075097512,30.021970758225937,30.040450095322083,30.071309718156016,30.114639906150341,30.170565429250175,30.239243975514615,30.320864308338209,30.415644476697299,30.52383066747489,30.645697622681752,30.781551883873462,30.931739356553255,31.096658651685143,31.276781198558897,31.472678135184186,31.68505251214685,31.91477363130036,32.162908804237162,32.430746966433581,32.719808847084074
1079,30.01997377006527,30.026131569998149,30.044623210628572,30.07550318264979,30.118861531007187,30.174822706268912,30.243544019360542,30.325213859411992,30.420050014580532,30.528298698052332,30.650235203961582,30.786167436600799,30.93644375797173,31.101466533100339,31.281712270559847,31.477758273500278,31.690314287283272,31.920255990276324,32.16865573012992,32.436805138138425,32.726224551813402
1080,30.024133244687665,30.030295150870312,30.048799063284161,30.079699331693714,30.12308576819699,30.179082509206243,30.247846500193408,30.329565777372185,30.424457901737888,30.532769159352586,30.654775452738154,30.790786106296832,30.941151982749059,31.106279214158981,31.286649352639596,31.482845771529494,31.695584759628012,31.925748183690022,32.174413237045151,32.442874095829303,32.732650631196655
1081,30.028295491837152,30.034461493696149,30.052977646169186,30.083898158492456,30.127312611973462,30.18334483467202,30.252151418946717,30.333920070010933,30.428868155553079,30.537242080568205,30.659318410698518,30.795407945192888,30.945864088276345,31.111096748583208,31.291592483731023,31.487940642347077,31.700863908438588,31.931250154965241,32.180181233838681,32.448951617575688,32.738959371588145
1082,30.032460504366853,30.038630591328793,30.057158952220373,30.08809965640345,30.13154205687524,30.187609679714072,30.256458777132821,30.338276745773683,30.433280794002698,30.541717491226596,30.663864119384062,30.800033004719158,30.950580130451328,31.11591918808486,31.296541700640709,31.49304289733486,31.706151712235449,31.936761843247904,32.18595903742753,32.455019575764716,32.745174343927019
1083,30.03662827513946,30.042802436649765,30.061342974459805,30.092303818964655,30.13577409774993,30.191877041834896,30.260768576847862,30.34263581374962,30.437695835633338,30.546195421161226,30.668412620169921,30.80466133550993,30.955300163724488,31.120746582457265,31.301497038175221,31.498152546304031,31.711448146927218,31.942283057530297,32.191743418024728,32.461065880330935,32.751332759462549
1084,30.040798797029414,30.046977022571227,30.06552970599731,30.096510639896117,30.140008729752754,30.196146918983576,30.265080820753127,30.346997283639624,30.442113299516862,30.550675900460401,30.672963954219227,30.809292987378488,30.960024241106886,31.125578979618282,31.306458529200988,31.503269596973361,31.716753160573347,31.947813133165607,32.197530098473621,32.467088695376198,32.757447823059927
1085,30.044972062938264,30.051154342051539,30.069719140045745,30.100720113114019,30.144245948356847,30.200419309559134,30.269395512067632,30.351361165735668,30.446533205217882,30.55515895942959,30.677518162452671,30.81392800930918,30.964752414197271,31.130416425673285,31.31142620458624,31.508394049966405,31.722066604975641,31.95335090292534,32.203315688940279,32.473088720008725,32.763527122090956
1086,30.049148065807625,30.055334388107983,30.073911269933475,30.104932232741543,30.148485749360411,30.204694212410544,30.27371265455756,30.355727470897921,30.450955572759963,30.559644628553549,30.682075285518284,30.818566449448969,30.969484733205775,31.135258964938025,31.31640009223301,31.513525884428663,31.727388183249602,31.958894976262624,32.20909785208643,32.479067245358046,32.769575743408133
1087,30.053326798631865,30.059517153829546,30.078106089116527,30.109146993119289,30.15272812889296,30.208971626835794,30.27803225252508,30.360096210531591,30.455380422592729,30.564132938460318,30.686635363763827,30.823208355101059,30.974221246970597,31.140106639774491,31.321380214009565,31.518665039664704,31.732717455839047,31.964443969949556,32.214875036845733,32.485025642736673,32.775597396275984
1088,30.0575082544709,30.063702632389468,30.082303591190406,30.113364388815096,30.156973083420912,30.213251552580193,30.28235431079661,30.364467396564113,30.459807775560058,30.568623919887361,30.691198437211568,30.827853772718829,30.978962002935976,31.144959489950921,31.326366580612703,31.523811403030702,31.738053881419482,31.969996621640583,32.220646230566125,32.490965214204074,32.781594934323948
1089,30.061692426462827,30.067890817057691,30.086503769901693,30.117584414633296,30.161220609752363,30.217533989833939,30.28667883471055,30.368841041422346,30.464237652869251,30.573117603649454,30.695764545534974,30.832502747893141,30.983707047022857,31.149817551337094,31.331359185960764,31.528964807776674,31.743396862897129,31.975551828267516,32.226410784188445,32.496887152159445,32.787570636841657
1090,30.065879307836369,30.072081701213033,30.090706619159135,30.121807065623418,30.16547070504118,30.221818939228889,30.291005830104634,30.37321715800994,30.468670076061258,30.577614020608365,30.700333728035833,30.837155325316665,30.988456423314108,31.154680854054426,31.336358002833148,31.534125038624648,31.748745784910351,31.981108647516496,32.232168295623602,32.502792535429471,32.793526375136963
1091,30.070068891923221,30.07627527835519,30.09491213304452,30.126032337088393,30.169723366790379,30.226106401834738,30.295335303302942,30.377595759685022,30.47310506698194,30.582113201643939,30.704906023617408,30.841811548700687,30.993210173519572,31.159549420439898,31.341362980603268,31.539291841332869,31.754100040071041,31.986666284113905,32.237918532376909,32.508682336963709,32.799463718739737
1092,30.074261172170097,30.080471542116413,30.099120305822957,30.130260224592064,30.173978592854844,30.230396379154584,30.299667261102549,30.381976860238197,30.477542647754337,30.58661517762545,30.70948147074747,30.846471460622752,30.997968336255486,31.164423263205098,31.346374045028963,31.544464933302663,31.759459045678597,31.992224071253347,32.243661379455709,32.514557435012939,32.805384006660212
1093,30.078456142150497,30.084670486272937,30.103331131952913,30.134490723966238,30.178236381443408,30.234688873119943,30.304001710760087,30.386360473870802,30.481982840751559,30.591119979381581,30.714060107401828,30.851135102292471,31.002730946218382,31.169302384057477,31.351391099686342,31.549644013551486,31.764822253146789,31.997781451784522,32.249396804265828,32.520418624404556,32.811288396871973
1094,30.08265379557637,30.088872104756014,30.107544606095651,30.138723831317115,30.182496731120331,30.238983886085194,30.308338659977924,30.390746615173523,30.486425668570103,30.595627637666084,30.718641970980951,30.855802513243695,31.00749803335966,31.174186772894032,31.356414028414385,31.554828771216634,31.770189152701732,32.003337961184869,32.255124832002267,32.526266626848958,32.817177902513166
1095,30.086854126309166,30.093076391662681,30.111760723124402,30.142959543031285,30.186759640806144,30.243281420821656,30.312678116890474,30.395135299105235,30.490871154002466,30.600138183115966,30.723227098195359,30.860473730972334,31.012269622143453,31.179076407550234,31.361442698301975,31.560018892458743,31.775559274873441,32.008893212653213,32.260845528514693,32.53210210004886,32.823053418639248
1096,30.091057128370856,30.097283341266035,30.1159794781329,30.147197855780956,30.191025109778018,30.247581480511204,30.317020090050079,30.399526540971884,30.495319320008367,30.604651646198974,30.72781552491827,30.865148790545849,31.017045730952912,31.183971254049087,31.366476962852389,31.565214065743145,31.780932189919099,32.014446884578661,32.266558988271939,32.537925645510995,32.82891574242219
1097,30.095262795954323,30.101492948025239,30.120200866443543,30.15143876652888,30.195293137669506,30.251884068739422,30.321364588412983,30.403920356404999,30.499770189682508,30.609168057147844,30.732407286011082,30.869827724217878,31.021826371677076,31.188871267214655,31.371516665029414,31.570413985776788,31.786307506191527,32.019998710018413,32.272265325554123,32.543737815263313,32.834765589029963
1098,30.099471123433613,30.105705206595072,30.124424883615102,30.155682272532641,30.199563724469847,30.256189189488545,30.325711621325031,30.40831676133951,30.504223786218596,30.613687445881403,30.737002415129744,30.874510561070007,31.02661154947387,31.193776391536829,31.37656164008289,31.575618356372761,31.791684867857494,32.025548467854904,32.277964668046231,32.549539117646184,32.840603604200666
1099,30.103682105373586,30.109920111834999,30.128651525449925,30.159928371348411,30.203836870522807,30.260496847129897,30.330061198506922,30.41271577199031,30.508680132867379,30.618209841911231,30.74160094451949,30.879197326701938,31.031401262714681,31.198686562216793,31.381611718058927,31.580826892349929,31.797063952258533,32.031095975550663,32.28365715230121,32.555330022219877,32.846430374124914
1100,30.107895736539248,30.114137658817942,30.132880788000573,30.164177060834305,30.208112576524982,30.264807046416042,30.334413330039151,30.417117404826673,30.513139252888664,30.622735274237002,30.746202904809,30.883888042983248,31.036195503080357,31.203601706288165,31.386666725962829,31.586039320748252,31.802444467234704,32.036641083113629,32.28934292034738,32.561110963990402,32.852246433550505
1101,30.112112011904674,30.118357842838396,30.137112667576222,30.168428339153056,30.212390843523679,30.269119792472498,30.338768026345967,30.421521676544447,30.517601169496594,30.627263771232965,30.750808324814166,30.888582727872887,31.040994255778351,31.208521743747731,31.391726489589143,31.591255381543366,31.807826148512643,32.042183668037403,32.295022117146111,32.566882347073189,32.858052272493374
1102,30.116330926661441,30.122580659420354,30.141347160748285,30.172682204774468,30.216671672914408,30.27343509078894,30.343125298178506,30.425928604035157,30.522065905798932,30.631795360529278,30.755417231357178,30.893281395304061,31.045797499854597,31.213446588664915,31.396790835052769,31.596474827960567,31.813208757190843,32.047723631078362,32.300694888736402,32.572644547866112,32.863848341784191
1103,30.120552476226624,30.126806104324611,30.14558426435584,30.176938656477216,30.220955066437867,30.277752947209937,30.347485156596623,30.430338204352061,30.526533484730759,30.636330068891283,30.760029649106201,30.897984055132373,31.050605208577135,31.218376150241003,31.401859590042889,31.601697426487711,31.818592077381567,32.053260892726833,32.306361380870342,32.578397917807457,32.869635057712728
1104,30.124776656250379,30.131034173555591,30.149823975510344,30.181197693350175,30.225241026176356,30.282073367924781,30.35184761294904,30.434750494672546,30.531003928982994,30.640867922100153,30.764645600442481,30.902690713149255,31.055417349875288,31.223310333788266,31.40693258480135,31.606922956649697,31.823975914054653,32.058795390307836,32.312021738047953,32.58414278574574,32.875412805877708
1105,30.129003462623047,30.135264863367812,30.15406629160011,30.185459314793373,30.22952955454986,30.286396359456855,30.356212678851996,30.439165492257462,30.535477260928158,30.645408944839065,30.769265105354407,30.907401371142708,31.060233886798475,31.228249041621513,31.412009652910175,31.612151210672103,31.82936009106233,32.064327075481714,32.317676102765688,32.589879460052053,32.881181944547421
1106,30.13323289148169,30.139498170271814,30.158311210294062,30.189723520518324,30.233820654311351,30.290721928651553,30.360580366165674,30.443583214407131,30.539953502544304,30.649953160587653,30.773888181361254,30.912116027002668,31.065054777986127,31.233192173858274,31.417090631894514,31.617381993037149,31.834744449343457,32.069855912151603,32.323324614990121,32.595608230465999,32.886942807510664
1107,30.137464939216425,30.143734091039654,30.162558729545275,30.19399031054807,30.238114328541656,30.295050082663735,30.364950686969223,30.448003678415343,30.544432675338882,30.654500591524741,30.778514843459799,30.916834674856212,31.069879978138548,31.238139629145721,31.422175363695295,31.622615119978541,31.840128845270769,32.075381874652216,32.328967411770826,32.601329369754183,32.89269570658351
1108,30.141699602476049,30.147972622710014,30.16680884759387,30.198259685216509,30.242410580643575,30.299380828943658,30.369323653533431,30.452426901520742,30.548914800273312,30.659051258443345,30.783145104101283,30.921557305237751,31.074709438480085,31.243091305289109,31.427263694986632,31.627850418920946,31.845513149183891,32.080904946267417,32.334604627003316,32.607043135143208,32.898440933715541
1109,30.145936878173305,30.152213762592602,30.171061562969477,30.20253164516722,30.246709414335115,30.3037141752217,30.373699278291653,30.456852900856603,30.553399897690049,30.663605180678335,30.787778973192975,30.926283905279778,31.079543107203403,31.248047099797496,31.432355477390239,31.633087727907558,31.850897244070183,32.086425117963557,32.340236391272725,32.612749769596107,32.904178762834533
1110,30.150176763489625,30.156457508272339,30.175316874493138,30.206806191351795,30.251010833642116,30.308050129491939,30.378077573808998,30.461281693400085,30.557887987243571,30.668162376046975,30.792416458120282,30.931014458916064,31.084380929889466,31.253006910358106,31.437450567614373,31.638326895031625,31.856281024369579,32.091942387289635,32.345862831754133,32.618449502963031,32.909909451485781
1111,30.154419255879461,30.160703857612887,30.179574781278856,30.211083325027467,30.255314842889863,30.312388699994312,30.382458552750137,30.465713295921272,30.562379087836007,30.672722860802494,30.797057563787494,30.935748947092982,31.089222849901684,31.257970635244352,31.442548827526434,31.643567777874985,31.861664394895488,32.097456757431132,32.351484072164361,32.624142553013776,32.915633242279569
1112,30.158664353074109,30.164952808759846,30.183835282734396,30.215363047754071,30.259621446693838,30.316729895195671,30.386842227846032,30.470147724932797,30.56687321755798,30.677286649600035,30.801702292674694,30.940487347986156,31.094068808754049,31.262938173663702,31.447650124167751,31.648810242956493,31.867047269863363,32.102968236402909,32.35710023275773,32.629829126362345,32.921350364164709
1113,30.162912053085073,30.169204360143333,30.188098378561836,30.219645361390537,30.263930649949703,30.321073723769725,30.391228611859646,30.474584996640349,30.571370393634822,30.681853755473746,30.806350644907333,30.94522963721856,31.098918746453915,31.267909426053933,31.452754329724947,31.654054165197039,31.872429572010486,32.108476836348821,32.362711430350366,32.635509419304455,32.927061033567419
1114,30.167162354206958,30.173458510480135,30.192364068757243,30.223930268090413,30.268242457822076,30.325420194575631,30.39561771755104,30.479025126894886,30.57587063237963,30.686424189827072,30.811002618339515,30.949975788077356,31.103772601813109,31.272884294322346,31.457861321458854,31.659299427408953,31.87781123181702,32.113982572953972,32.3683177783711,32.641183618561044,32.932765455386317
1115,30.171415255019749,30.177715258775262,30.196632353609935,30.228217770296769,30.272556875732526,30.329769316635758,30.400009557642189,30.483468131147077,30.580373949152953,30.690997962433855,30.815658208646127,30.954725771725542,31.108630312730167,31.277862682041405,31.462970981607334,31.664545919811868,31.883192186805463,32.11948546493646,32.373919386926723,32.646851901950789,32.93846382388265
1116,30.175670754390687,30.181974604323013,30.200903233701091,30.232507870736331,30.276873909346591,30.334121099112565,30.404404144781907,30.48791402440413,30.584880358328547,30.695575081447892,30.820317409420277,30.959479557406787,31.11349181644885,31.282844494612714,31.468083197272762,31.669793539571948,31.888572380898708,32.124985533595293,32.3795163628754,32.652514439010503,32.944156323494724
1117,30.179928851475552,30.186236546707466,30.205176709901707,30.236800572412825,30.281193564559928,30.33847555128483,30.408801491511241,30.492362821189761,30.589389873266146,30.700155553421943,30.824980212275999,30.964237112641474,31.118357049788877,31.287829639395113,31.473197860292952,31.675042190369062,31.893951763845969,32.130482802422968,32.385108809909056,32.658171391554639,32.949843129564179
1118,30.184189545719388,30.190501085802396,30.209452783369841,30.241095878599531,30.285515847483655,30.342832682523387,30.413201610229617,30.496814535507554,30.593902506290636,30.704739383334243,30.829646606953744,30.968998403413401,31.123225949352825,31.292818025804451,31.478314867100618,31.680291781988746,31.899330290705127,32.135977296770747,32.390696828642163,32.663822914183967,32.955524408989007
1119,30.188452836856882,30.194768221770733,30.213731455547489,30.245393792831333,30.289840764429076,30.347192502266573,30.417604513161589,30.501269180806371,30.598418268675037,30.70932657461919,30.834316581427267,30.973763394350936,31.128098451719147,31.297809565396992,31.483434118576909,31.685542229929435,31.904707921357684,32.141469043543282,32.396280516703285,32.669469154765252,32.961200320835665
1120,30.192718724911803,30.199037955063197,30.218012728156438,30.249694318895649,30.294168321891508,30.351555019995494,30.422010212325095,30.505726769950474,30.602937170631883,30.713917129207235,30.83899012201281,30.978532048894227,31.132974493603342,31.302804171917231,31.488555519894192,31.690793455045224,31.910084620095468,32.146958070955684,32.401859968831289,32.675110254847574,32.966871016862115
1121,30.196987210196138,30.203310286416439,30.222296603193566,30.25399746082282,30.298498526533646,30.355920245209035,30.426418719500905,30.510187315192791,30.607459221309114,30.718511047568306,30.84366721347682,30.983304329453226,31.137854012003864,31.307801761333518,31.49367898036007,31.6960453832078,31.915460355236032,32.152444408311695,32.407435276969551,32.680746350053916,32.972536642007633
1122,30.20125829330841,30.207585216850511,30.226583082925451,30.258303222875792,30.302831385168282,30.360288187399423,30.43083004620371,30.514650828151527,30.611984428790663,30.723108328758848,30.848347839142292,30.98808019755587,31.14273694433135,31.312802251858411,31.498804413260594,31.701297944989101,31.920835098772915,32.157928085809338,32.413006530360377,32.686377570441628,32.97819733484063
1123,30.205531975131567,30.211862747665801,30.23087216988241,30.26261160953921,30.307166904740804,30.364658856027756,30.43524420365457,30.519117319789896,30.616512800101319,30.727708970472143,30.853031980993663,30.99285961398714,31.147623228522548,31.317805563955751,31.5039317357034,31.70655107536307,31.926208826056811,32.163409134370696,32.418573815638418,32.692004040835641,32.983853227969426
1124,30.209808256829955,30.216142880438991,30.235163866851554,30.266922625507608,30.311505092311272,30.369032260500315,30.439661202756099,30.523586800400786,30.621044341217374,30.732312969091709,30.857719619777171,30.997642538913535,31.152512803133952,31.322811620333336,31.509060868465394,31.71180471343483,31.931581515515649,32.168887585499029,32.424137216920805,32.697625881127266,32.989504448407516
1125,30.214087139845894,30.220425617018698,30.239458176869526,30.271236275673417,30.315845955036291,30.373408410145391,30.444081054068644,30.528059279592856,30.625579057078653,30.736920319744748,30.862410735099264,31.002428932003742,31.157405607430711,31.32782034593254,31.514191735841688,31.717058802177228,31.936953148385417,32.174363471143856,32.42969681589674,32.703243206562846,32.995151117925502
1126,30.218368625895323,30.224710959520174,30.243755103214291,30.275552565114182,30.320189500151002,30.377787314190968,30.448503767789191,30.532534766281277,30.630116951605686,30.741531016358362,30.867105305520848,31.007218752535572,31.162301581456084,31.332831667903285,31.519324265498192,31.722313288193664,31.942323708479389,32.179836823593632,32.435252691914052,32.70885612799804,33.000793353357423
1127,30.222652716963609,30.228998910320129,30.248054649397105,30.279871499079977,30.324535734950899,30.382168981742424,30.452929353729967,30.537013268677697,30.634658027715741,30.746145051714578,30.871803308651479,31.012011959505081,31.167200666105142,31.337845515583556,31.524458388325151,31.727568121476327,31.947693181948431,32.18530767536101,32.44080492206551,32.714464752160239,33.006431266918383
1128,30.226939415299601,30.233289472049805,30.252356819152808,30.284193082979499,30.328884666773551,30.386553421762109,30.457357821302072,30.541494794288322,30.639202287347462,30.750762417508827,30.876504721234841,31.016808511711876,31.172102803166453,31.342861820456566,31.529594038298693,31.732823255209407,31.953061557105112,32.190776059113176,32.446353581269541,32.720069181853418,33.012064966446374
1129,30.231228723409288,30.237582647587754,30.25666161642993,30.288517322366168,30.333236302980804,30.390940643049877,30.461789179500361,30.545979349912908,30.643749731485244,30.755383104406182,30.881209519230541,31.021608367841264,31.177007935363672,31.347880516111942,31.534731152348243,31.738078645575921,31.958428824246685,32.196242007597689,32.45189874234768,32.725669516163315,33.017694555646024
1130,30.235520644049622,30.241878440052698,30.260969045380875,30.292844222924494,30.337590650941063,30.395330654223692,30.4662234368881,30.550466941643226,30.648300360182688,30.760007102097035,30.885917677896359,31.026411486548138,31.181916006399675,31.352901538208588,31.539869670223219,31.743334251561429,31.963794975474023,32.201705553566299,32.45744047610296,32.731265850666098,33.023320134336913
1131,30.239815180220905,30.246176852795013,30.265279110350932,30.297173790455567,30.341947718011799,30.399723463702081,30.470660601585774,30.554957574867334,30.652854172591468,30.764634399353433,30.890629171862262,31.031217826523235,31.186826960979776,31.357924824425826,31.545009534369051,31.748590034789643,31.969160004551462,32.207166729724939,32.46297885139213,32.736858277599758,33.028941798653776
1132,30.244112335158544,30.250477889387721,30.269591815866939,30.301506030862672,30.346307511522891,30.404119079688193,30.475100681261871,30.559451254275348,30.657411166989768,30.769264984082298,30.895343975199125,31.036027346554217,31.19174074483292,31.362950314417343,31.550150689810096,31.753845959365758,31.974523906771736,32.212625568684409,32.468513935194409,32.742446886029477,33.034559641240286
1133,30.24841211232474,30.254781553617331,30.273907166625968,30.305840950137103,30.350670038760114,30.408517510154148,30.479543683123921,30.56394798386544,30.661971340810904,30.773898843378756,30.900062061487365,31.040840005585981,31.196657304731463,31.367977949763826,31.555293084032421,31.759101991721959,31.979886678824439,32.218082102913989,32.474045792680528,32.748031762009894,33.040173751438495
1134,30.252714515399841,30.259087849474419,30.278225167483704,30.3101785543437,30.3550353069488,30.412918762825882,30.483989613910573,30.568447766951099,30.666534690672865,30.778535963578946,30.90478340388286,31.045655762776743,31.201576588506928,31.37300767392437,31.560436666869986,31.764358100469995,31.985248318672333,32.223536364699228,32.479574487279464,32.753612988739917,33.045784215469126
1135,30.257019548272172,30.263396781142706,30.282545823441851,30.314518849606316,30.35940332323888,30.417322845171263,30.48843847988848,30.572950606173283,30.671101212410129,30.783176330309388,30.909507975172076,31.050474577537958,31.206498545050991,31.378039432183833,31.565581390403903,31.769614256282136,31.990608825459205,32.228988386117564,32.485100080737922,32.759190646687131,33.051391116573917
1136,30.261327215028146,30.267708352988677,30.286869139635971,30.318861842093828,30.363774094690005,30.421729764387834,30.492890286848176,30.577456503511094,30.675670901103786,30.787819928535814,30.91423574782899,31.05529640957846,31.211423124321922,31.383073171603606,31.570727208860017,31.774870431764597,31.995968199407208,32.234438199006817,32.490622633181083,32.764764813721591,33.056994535170254
1137,30.265637519942747,30.272022569551268,30.291195121323355,30.3232075380057,30.368147628256139,30.426139527389672,30.497345040098974,30.581965460291716,30.680243751112162,30.792466742613698,30.91896669407458,31.060121218951338,31.216350277352209,31.388108840971185,31.575874078502924,31.780126601326373,32.001326441710958,32.239885834932828,32.496142203175047,32.77033556525339,33.062594549010001
1138,30.269950467466703,30.276339435528687,30.295523773869256,30.327555943558345,30.372523930774292,30.430552140802291,30.501802744474464,30.586477477209819,30.684819756103618,30.797116756327661,30.923700785910409,31.064948966066648,31.221279956229161,31.39314639074767,31.581021957562665,31.785382741107615,32.006683554492469,32.245331325188083,32.501658847771431,32.775902974309531,33.068191233264166
1139,30.274266062217364,30.280658955768651,30.299855102735197,30.331907064971091,30.376903008949075,30.434967610948917,30.506263404326241,30.590992554336022,30.689398909085739,30.801769952942106,30.928437995180516,31.069779611742661,31.226212114107295,31.398185773019559,31.586170806125985,31.790638828840972,32.012039540686047,32.250774700753716,32.507172622571474,32.781467111679966,33.073784660692546
1140,30.278584308965559,30.284981135255041,30.304189113465267,30.336260908452989,30.38128486934232,30.439385943846609,30.510727023530492,30.595510691136745,30.6939812024372,30.806426315238227,30.933178293601646,31.074613117215581,31.231146705187879,31.403226941448079,31.591320586067425,31.795894843785465,32.017394403997507,32.256215992299381,32.512683581768272,32.787028045989523,33.079374901722687
1141,30.282905212628677,30.289305979100401,30.308525811677583,30.340617480193355,30.385669518364207,30.443807145201159,30.515193605491703,30.600031886491518,30.698566627942022,30.811085825562479,30.937921652815334,31.079449444176994,31.236083684721187,31.408269851223267,31.596471260959859,31.801150766619159,32.022748148819339,32.261655230158517,32.51819177949212,32.792586494748235,33.085001261061869
1142,30.28722877824211,30.293633492517433,30.312865203035802,30.344976786334382,30.390056962249062,30.448231220389193,30.51966315313382,30.604556138695084,30.703155176800333,30.815748465840212,30.942668044394722,31.084288554763585,31.24102300897286,31.413314459008703,31.601622796008908,31.806406579382163,32.028100780205449,32.267092445833107,32.523697451100816,32.798148065030908,33.090656525732378
1143,30.29155501097134,30.297963680830652,30.31720729325987,30.349338832981143,30.394447207066396,30.452658174473591,30.524135668925275,30.609083445496971,30.707746839685601,30.820414217647006,30.947417439918112,31.089130411613461,31.245964635241346,31.418360722906655,31.606775157970148,31.811662265374803,32.033452304394274,32.272527710657499,32.529201614397564,32.803716506266028,33.096329286922128
1144,30.295883916083834,30.302296549448133,30.32155208809775,30.353703626174326,30.398840258696488,30.457088012184922,30.528611154869282,30.613613804102627,30.7123416067551,30.825083062223058,30.9521698109779,31.093974977858544,31.250908521826414,31.423408602402986,31.611928315082967,31.816917809277076,32.038802736536219,32.277961241433275,32.534705608506584,32.809292414021549,33.102015516519053
1145,30.300215498940418,30.306632103852873,30.32589959331689,30.358071171882543,30.403236122825628,30.461520737922605,30.533089612514217,30.618147211195165,30.716939467682341,30.829754980511051,30.956925129213772,31.098822217140853,31.255854628017651,31.428458058325482,31.61708223705218,31.822173198644197,32.044152121694324,32.283393409373133,32.540210499003514,32.814875603365266,33.107712912595019
1146,30.304549764982813,30.310970349590303,30.330249814691861,30.362441475991186,30.407634804938091,30.465956355752773,30.537571042960401,30.622683662952852,30.721540411684369,30.834429953187886,30.961683366339471,31.103672093622563,31.260802914078866,31.433509052811335,31.62223689530645,31.82742842828327,32.04950055097018,32.288824654199111,32.545717027139553,32.820465706370179,33.11341994115844
1147,30.308886719721183,30.315311292255821,30.33460275799229,30.366814544291774,30.412036310308725,30.47039486940686,30.54205544686743,30.62722315506678,30.726144427548284,30.839107960694868,30.966444494167394,31.108524571994309,31.265753341234166,31.438561549332253,31.627392263904813,31.832683505882919,32.054848159621621,32.294255413070381,32.551225691942321,32.826062329688241,33.119135490453829
1148,30.313226368721622,30.319654937482426,30.338958428971083,30.371190382471632,30.416440643996204,30.474836282280922,30.546542824462048,30.631765682758473,30.730751503657018,30.843788983266197,30.971208484631145,31.113379617482291,31.270705871665626,31.443615512867403,31.632548321084965,31.837938455686274,32.060195114422918,32.299686085893157,32.556736826228388,32.831665100252472,33.124858711163427
1149,30.317568717593829,30.324001290928567,30.343316833352787,30.375568996104146,30.420847810836896,30.479280597435661,30.551033175546532,30.636311240797383,30.73536162801431,30.848473000956101,30.975975309806362,31.11823719585637,31.275660468543393,31.448670910280146,31.637705050952434,31.843193319131132,32.065541599536125,32.305117023371032,32.562250650482184,32.837273677921289,33.130588929578785
1150,30.321913771978849,30.328350358265983,30.347677976822361,30.379950390639483,30.425257815439437,30.483727817596986,30.555526499507351,30.640859823518415,30.739974788268832,30.853159993664345,30.980744941930308,31.123097273444365,31.280617096112429,31.453727710864424,31.642862444794805,31.848448153099486,32.070887804930976,32.310548526620835,32.567767308696659,32.842887756658882,33.136325596594162
1151,30.326261537536904,30.33270214516784,30.352041865014218,30.384334571395723,30.429670662179795,30.488177945157219,30.56002279532429,30.645411424839228,30.74459097173763,30.857849941160698,30.985517353421631,31.12795981716015,31.285575719847674,31.458785886949844,31.648020501741243,31.85370302693223,32.076233918351278,32.315980851407723,32.573286892076148,32.848507062180857,33.142068255239735
1152,30.33061201993543,30.337056657297072,30.356408503501566,30.388721543550499,30.434086355196889,30.49263098217688,30.56452206157979,30.64996603827732,30.749210165428707,30.862542823108175,30.990292516902311,31.13282479455216,31.290536306665118,31.463845414444844,31.653179228802941,31.858958019167556,32.081580120118218,32.321414213753378,32.578809455264263,32.854131348641452,33.147816518462157
1153,30.334965224837301,30.341413900294953,30.360777897786139,30.393111312133136,30.438504898388896,30.497086930386772,30.569024296468537,30.65452365696693,30.753832356062848,30.867238619086194,30.995070405224602,31.137692173876395,31.295498825165449,31.468906273240634,31.658338640408754,31.864213214435043,32.086926580204661,32.326848795806214,32.584335027079334,32.859760395097481,33.153570054157385
1154,30.339321157889334,30.345773879769826,30.365150053288247,30.39750388201718,30.442926295409965,30.501545791190857,30.573529497807264,30.659084273675695,30.758457530094997,30.871937308614076,30.999850991505415,31.142561924191821,31.300463245878749,31.473968447438899,31.663498757618008,31.869468700811723,32.092273456827137,32.332284751065998,32.589863618014903,32.865394002407371,33.159328574105757
1155,30.343679824710936,30.350136601286334,30.369524975337235,30.401899257913524,30.447350549667533,30.506007565669155,30.578037663044686,30.663647880821078,30.76308567373513,30.876638871176144,31.004634249169879,31.147434015471898,31.305429541480478,31.479031925403739,31.668659607181379,31.874724567705801,32.097620895954812,32.337722208909497,32.595395225593563,32.871031990479437,33.165091825693409
1156,30.348041230883112,30.354502070354748,30.373902669162341,30.40629744436384,30.451777664319984,30.510472254581412,30.582548789271584,30.668214470486578,30.767716772969404,30.881343286249489,31.00942015200328,31.152308418723106,31.310397686965807,31.484096699677817,31.673821220554636,31.879980904170715,32.102969031417601,32.34316127852604,32.600929838173684,32.876674195842121,33.170859585639313
1157,30.352405381937725,30.358870292420743,30.378283139883806,30.410698445734635,30.456207642274951,30.514939858370788,30.587062873230984,30.672784034437889,30.772350813581504,30.886050533334938,31.014208674211666,31.157185106103316,31.315367659765826,31.489162766767571,31.67898363292705,31.885237797693687,32.10831798546549,32.348602052122608,32.606467437527527,32.882320469629107,33.176631655301946
1158,30.356772283347105,30.36324127285539,30.3826663925046,30.415102266211587,30.460640486187934,30.519410377168143,30.591579911328441,30.67735656413906,30.776987781174959,30.890760591991683,31.018999790487452,31.162064051030693,31.320339439809487,31.494230126857765,31.684146882332744,31.890495333306887,32.113667869452847,32.354044607620125,32.612008000853095,32.887970675832655,33.182407856800346
1159,30.361141940513949,30.367615016945706,30.387052431902344,30.419508909794484,30.465076198461393,30.523883810796423,30.59609989964245,30.681932050768847,30.781627661196843,30.895473441875698,31.023793476077746,31.166945228275807,31.325313009528578,31.499298783474778,31.689311008869055,31.895753592986686,32.119018784613537,32.359489010884566,32.617551502215917,32.893624689811972,33.188188029970824
1160,30.365514358761562,30.371991529885285,30.391441262821751,30.423918380292424,30.469514781244211,30.528360158775445,30.600622833935084,30.686510485237466,30.786270438962653,30.90018906278063,31.028589706851939,31.171828614036972,31.330288353822759,31.504368743130915,31.694476054003793,31.90101265523457,32.124370822872372,32.364935317631151,32.623097913631483,32.899282396990074,33.193972029854351
1161,30.369889543324458,30.376370816765505,30.395832889867389,30.428330681319576,30.473956236431526,30.532839420326898,30.605148709662714,30.691091858203869,30.790916099682956,30.90490743468121,31.033388459366662,31.176714185993813,31.335265459982434,31.509440014956851,31.699642059990531,31.906272594853103,32.129724067659865,32.370383574963085,32.628647205821629,32.904943691758781,33.199759724697145
1162,30.374267499339329,30.380752882567041,30.400227317496917,30.432745816291245,30.478400565665005,30.537321594379719,30.609677521987201,30.695676160093598,30.795564628491523,30.909628537777795,31.038189710925327,31.181601923339816,31.340244317581085,31.51451261034234,31.704809069383231,31.911533482845975,32.135078594678461,32.375833822654414,32.634199348787028,32.91060847653003,33.205550994281346
1163,30.378648231836426,30.385137732151765,30.40462455001472,30.437163788420488,30.482847770333425,30.54180667957565,30.614209265787256,30.700263381117644,30.800216010474788,30.914352352541119,31.042993439630322,31.186491806793551,31.345224918345455,31.519586542597445,31.709977124643366,31.916795386406715,32.140434472609044,32.381286094222389,32.639754312237457,32.916276660913795,33.211345728526943
1164,30.383031745731245,30.389525370255019,30.409024591565853,30.441584600714904,30.487297851573608,30.546294674275288,30.618743935670445,30.704853511291841,30.804870230702328,30.919078859755437,31.04779962442645,31.191383818592481,31.350207256014393,31.524661826640177,31.715146267817186,31.922058368957497,32.145791763763754,32.386740417849516,32.645312065925054,32.921948160991008,33.217143826288172
1165,30.387418045816624,30.393915801478354,30.413427446130509,30.446008255974036,30.491750810271746,30.550785576564238,30.62328152598543,30.709446540457247,30.809527274257874,30.923808040560104,31.052608245135996,31.1962779424716,31.355191326189345,31.529738478707831,31.72031654027511,31.92732249023895,32.15115052469293,32.392196817156481,32.650872579880321,32.927622898679672,33.222945194340888
1166,30.391807136755233,30.398309030282427,30.417833117518718,30.450434756786937,30.496206647064987,30.555279384259848,30.627822030834889,30.714042458300991,30.814187126270365,30.928539876488315,31.057419282485704,31.201174163629414,31.360177126180378,31.534816516092732,31.725487982505307,31.932587806435745,32.156510806740613,32.397655311855601,32.656435824585593,32.933300801176664,33.228749746513998
1167,30.396199023072406,30.402705060980566,30.422241609365585,30.454864105530287,30.500665362343465,30.559776094918206,30.632365444088819,30.718641254377893,30.81884977194505,30.933274349502508,31.062232718123589,31.206072468680428,31.365164654851004,31.539895956909362,31.73066063396481,31.937854370329035,32.161872656538456,32.40311591828636,32.662001771090452,32.938981800476896,33.234557402962807
1168,30.400593709149476,30.407103897732625,30.426652925126842,30.459296304366823,30.505126956252766,30.564275705841638,30.636911759398554,30.723242918132463,30.823515196593739,30.938011442025562,31.067048534627265,31.210972845598906,31.370153912466922,31.544976819889765,31.735834532970316,31.943122231457846,32.167236116449097,32.408578649872595,32.667570391095474,32.94466583294794,33.240368089536659
1169,30.404991199217395,30.411505544539185,30.431067068074832,30.463731355244143,30.509591428696616,30.568778214086596,30.641460970211099,30.72784743892112,30.828183385663895,30.942751136967967,31.071866715504942,31.215875283657059,31.375144900551465,31.55005912420312,31.741009716616851,31.948391436281675,32.172601224968588,32.414043517522366,32.673141657014675,32.950352838946358,33.246181737216261
1170,30.409391497350772,30.41591000523615,30.435484041294817,30.468169259893894,30.514058779340051,30.573283616471958,30.646013069783908,30.732454806034401,30.832854324766352,30.94749341775066,31.07668724518971,31.220779773359268,31.380137621748361,31.555142889297709,31.746186220720688,31.953662028343565,32.177968017091686,32.41951052997404,32.67871554201794,32.956042762473487,33.251998281616899
1171,30.413794607462396,30.420317283489819,30.439903847681791,30.472610019831404,30.518529007613093,30.57779190958782,30.650568051200104,30.737065008718925,30.837527999700832,30.952238268322624,31.081510109026556,31.22568630637296,31.385132079694117,31.560228134768032,31.751364079788647,31.958934048433569,32.183336524634107,32.424979694080236,32.684292020050258,32.961735550877371,33.257817662568776
1172,30.418200533297842,30.424727382792188,30.444326489937378,30.477053636355443,30.523002112714423,30.582303089804469,30.655125907383781,30.741678036199179,30.842204396480639,30.95698567317709,31.086335293257935,31.23059487545931,31.390128278893144,31.565314880227756,31.756543326993469,31.964207534751338,32.188706776543221,32.43045101507812,32.689871065847122,32.967431154565375,33.26363982371403
1173,30.422609278430819,30.429140306456727,30.448751970567471,30.481500110548726,30.527478093615887,30.586817153282041,30.659686631115669,30.746293877698484,30.846883501354171,30.961735617360571,31.091162785000321,31.235505474400828,31.395126224607043,31.570403145216254,31.761723994181612,31.969482523063618,32.194078799150503,32.435924496785695,32.695452654927088,32.973129526773484,33.269464712194711
1174,30.427020846258809,30.433556057614624,30.453180291880102,30.485949443278589,30.531956949067283,30.591334095980329,30.664250215048732,30.750912522459476,30.851565300824486,30.966488086479099,31.095992572218812,31.2404180979313,31.400125922751663,31.575492949114544,31.766906111883419,31.974759046851872,32.199452616409062,32.44140014178879,32.701036763586004,32.978830623346575,33.275292278353881
1175,30.431435239998841,30.437974639211202,30.457611455983582,30.490401635198019,30.536438677601268,30.595853913668847,30.668816651723848,30.755533959763788,30.856249781667454,30.97124306670251,31.100824643700182,31.245332741666502,31.405127379799122,31.580584311069131,31.772089709328899,31.980037137456954,32.204828250116861,32.446877951611164,32.706623368886632,32.984534402532425,33.281122475458581
1176,30.435852462684021,30.442396054003009,30.462045464785298,30.494856686747298,30.540923277539026,30.600376601937416,30.673385933585426,30.760158178950466,30.860936930946096,30.976000544762233,31.105658989020167,31.250249402036648,31.410130602695276,31.585677249941359,31.777274814480695,31.985316824210823,32.210205720096234,32.452357926838822,32.712212448638915,32.990240824814869,33.286955259481125
1177,30.440272517160363,30.446820304555047,30.466482319990696,30.499314598155845,30.545410746996101,30.604902156206755,30.677958052996484,30.764785169433225,30.86562673602344,30.980760507948339,31.110495598512554,31.255168076223345,31.415135598781436,31.590771784255949,31.782461454060172,31.990598134561907,32.215585044373718,32.457840067250032,32.717803981384925,32.995949852745461,33.292790588875953
1178,30.444695406083753,30.45124739323855,30.47092202310273,30.503775369444469,30.549901083888479,30.609430571739065,30.682533002253624,30.769414920716837,30.870319184573425,30.985522944104396,31.115334463236387,31.260088762097791,31.420142375722087,31.595867932159493,31.787649653581568,31.995881094196484,32.220966239340207,32.463324371923228,32.723397946377837,33.001661450793719,33.29862842438525
1179,30.449121131917668,30.455677322229139,30.475364575421704,30.508239000428091,30.554394285939139,30.61396184364898,30.687110773601404,30.774047422411755,30.875014264588984,30.990287841618606,31.12017557494195,31.265011458162721,31.425150941443135,31.600965711391609,31.792839437390946,32.001165727149001,32.226349319888129,32.468810839324128,32.728994323559284,33.007375585217353,33.304468728872607
1180,30.45354969693053,30.460110093504777,30.47980997804498,30.512705490718218,30.55889035068434,30.618495966914264,30.69169135924697,30.778682664249622,30.879711964391522,30.995055189416981,31.125018926037594,31.269936163492932,31.430161304064942,31.606065139249097,31.798030828701354,32.0064520559174,32.231734299561495,32.474299467405622,32.734593093538521,33.013092223920957,33.310311467139968
1181,30.457981103194793,30.464545708845382,30.484258231868282,30.517174839727037,30.563389275481189,30.623032936386796,30.696274751372787,30.783320636093482,30.8844122726316,30.999824976947092,31.129864509553897,31.274862877688133,31.435173471864964,31.611166232584587,31.803223849641284,32.011740101547936,32.23712119063913,32.479790253646918,32.740194237565127,33.018811336373282,33.316156605828127
1182,30.462415352584873,30.468984169831391,30.48870933758591,30.521647046670335,30.567891057514245,30.627572746803146,30.700860942150289,30.787961327951283,30.889115178295889,31.004597194169264,31.13471231911139,31.279791600818385,31.440187453219046,31.616269007777401,31.808418521289255,32.017029883740385,32.242510004270059,32.485283195143012,32.74579773750925,33.024532893478309,33.322004113249918
1183,30.46685244677651,30.473425477843659,30.493163295692355,30.52612211057178,30.572395693803127,30.632115392795406,30.705449923752088,30.792604729985165,30.893820670706816,31.009371831539877,31.139562348885711,31.284722333379655,31.445203256567346,31.621373480733709,31.813614863720286,32.022321420928343,32.247900750552382,32.490778288642197,32.75140357583571,33.030256867495943,33.327853959294615
1184,30.471292387246681,30.477869634063882,30.49762010648433,30.530600030267539,30.576903181210078,30.636660868901355,30.71004168836274,30.797250832518813,30.898528739520895,31.014148879995595,31.144414593576631,31.28965507625492,31.450220890383523,31.626479666883728,31.818812896043934,32.027614730352653,32.253293438612893,32.49627553058999,32.757011735583326,33.03598323196168,33.33370611532802
1185,30.475735175272476,30.48231663947411,30.502079770061897,30.53508080441004,30.581413516447142,30.641209169574918,30.714636228191111,30.801899626048019,30.903239374731225,31.018928330940273,31.149269048375228,31.294589830666563,31.455240363130983,31.631587581169466,31.824012636445126,32.032909828150899,32.258688076708005,32.501774917187312,32.762622200341674,33.041711961588149,33.339560554069251
1186,30.480180811931962,30.486766494858117,30.50654228633142,30.539564431473238,30.585926696084115,30.645760289195927,30.719233535479518,30.806551101245063,30.907952566662065,31.023710176226551,31.154125708934327,31.29952659814494,31.460261683244301,31.63669723805269,31.829214102222913,32.038206729416274,32.26408467227877,32.507276444414835,32.768234954230252,33.047443032206232,33.345417249520231
1187,30.484629298104803,30.491219200802504,30.511007655008243,30.544050909757605,30.590442716555895,30.650314222079508,30.723833602513132,30.811205248964352,30.912668305965944,31.028494408140183,31.158984571339815,31.304465380493543,31.465284859102997,31.641808651515426,31.834417309828236,32.043505448264732,32.26948323201929,32.512780108067538,32.773849981877518,33.05317642069523,33.351276176880567
1188,30.489080634472568,30.495674757697596,30.51547587561905,30.548540237394864,30.594961574170139,30.654870962485862,30.728436421629819,30.815862060248584,30.917386583620846,31.033281019383772,31.163845632080623,31.309406179752823,31.47030989900496,31.646921835061065,31.83962227490256,32.048805997902726,32.274883761946064,32.518285903790144,32.779467268399713,33.058912104911698,33.357137312460367
1189,30.493534821520441,30.500133165739626,30.519946947505499,30.553032412353652,30.599483265114927,30.659430504628936,30.733041985227452,30.82052152633096,30.9221073909235,31.03807000305919,31.168708888022724,31.314348998174069,31.475336811152658,31.652036801724041,31.844829012313582,32.054108390678266,32.280286267443238,32.523793827095105,32.785086799381439,33.064650063639803,33.36300063362178
1190,30.497991859538718,30.504594424932719,30.524420869827569,30.557527432444861,30.604007785466106,30.663992842684973,30.737650285771522,30.8251836386384,30.92683071948418,31.042861352651222,31.173574336383112,31.319293838191125,31.480365603635295,31.657153564075529,31.850037536189859,32.059412638136102,32.285690753316061,32.529303873387839,32.790708560856935,33.070390276534425,33.368866118710137
1191,30.502451748624033,30.509058535090634,30.528897641566761,30.562025295326993,30.608535131194934,30.668557970801569,30.742261315803304,30.829848388795092,30.931556561221324,31.047655062010449,31.178441974702412,31.324240702390856,31.485396284410662,31.662272134230271,31.855247859957608,32.064718751074402,32.291097223844119,32.534816037990403,32.796332539289992,33.076132724064436,33.37473374698606
1192,30.506914488683584,30.513525495841321,30.53337726153158,30.56652599851266,30.613065298175012,30.673125883103381,30.746875067941961,30.834515768618559,30.936284908350462,31.052451125336926,31.183311800828488,31.329189593503678,31.490428861308377,31.667392523863054,31.860459996365304,32.070026739568718,32.296505682796024,32.540330316142239,32.801958721560851,33.081877387490429,33.380603498601346
1193,30.511380079434531,30.517995306626926,30.537859728359294,30.571029539373111,30.617598282190148,30.677696573703017,30.751491534896385,30.83918577012809,30.941015753382977,31.057249537163287,31.188183812882741,31.334140514361216,31.495463341997073,31.672514744207678,31.865673957526969,32.07533661305014,32.301916133509721,32.5458467030411,32.807587094942427,33.087624248783946,33.386475354499886
1194,30.515848520410575,30.522467966710586,30.542345040523088,30.575535915145412,30.62213407894032,30.682270036703716,30.756110709462291,30.843858385535114,30.945749089111466,31.062050292340285,31.193058009253154,31.339093467902348,31.500499734002577,31.677638806078917,31.870889754936428,32.080648380304602,32.307328578879115,32.551365193827429,32.813217647092863,33.093373290631163,33.392349296426033
1195,30.52031981096151,30.526943475176562,30.546833196334006,30.580045122937179,30.626672684049776,30.686846266210317,30.760732584533905,30.848533607251074,30.9504849086075,31.066853386019027,31.197934388560551,31.344048457132178,31.505538044677852,31.682764719874029,31.876107399510893,32.085962049548115,32.31274302142949,32.55688578362161,32.818850366031697,33.099124496355941,33.398225306830994
1196,30.524793950259618,30.531421830936772,30.55132419394771,30.584557159733148,30.631214093072256,30.691425256331453,30.765357153101224,30.85321142787916,30.955223205209368,31.07165881363888,31.202812949652134,31.349005485125183,31.510578281215455,31.687892495589349,31.881326901604318,32.091277628431563,32.31815946331335,32.562408467515581,32.824485240132596,33.104877849916065,33.404103368870942
1197,30.529270937300748,30.535903032732396,30.555818031367604,30.589072022400565,30.635758301498814,30.696007001188853,30.769984408258576,30.857891840218088,30.959963972516608,31.076466570909773,31.207693691573319,31.353964554995112,31.515620450629406,31.693022142827726,31.886548271045019,32.09659512409803,32.32357790636415,32.567933240596503,32.830122258102932,33.110633335845947,33.409983466338453
1198,30.533750770909986,30.540387079139695,30.560314706450932,30.593589707695198,30.640305304762901,30.700591494920047,30.774614343203314,30.862574837255977,30.964707204379803,31.081276653800625,31.212576613558923,31.358925669892876,31.520664559761538,31.698153670811951,31.891771517151707,32.101914543195988,32.328998352102289,32.573460097944526,32.835761408974889,33.116390939243992,33.415865583649378
1199,30.538233449744446,30.544873968573196,30.564814216912989,30.598110212267034,30.644855098247181,30.705178731685251,30.77924695124069,30.86726041217041,30.969452894893141,31.086089058523733,31.217461715012117,31.363888832987044,31.52571061527307,31.703287088394806,31.89699664876289,32.107235891919558,32.334420801770371,32.578989034646618,32.84140268208958,33.122150645732404,33.421749705795349
1200,30.542718972298033,30.549363699290655,30.569316560332584,30.602633532666097,30.649407677289059,30.709768705671262,30.783882225784456,30.87194855832433,30.974201038385321,31.090903781522176,31.222348995491927,31.368854047456217,31.53075862364604,31.708422404071207,31.902223674257062,32.112559176030224,32.33984525634844,32.584520045799295,32.847046067085913,33.12791244143596,33.427635818320006
1201,30.547207336909164,30.553856269401017,30.573821734160681,30.607159665351695,30.653963037190081,30.714361411099848,30.788520160362403,30.876639269266825,30.97895162941446,31.095720819459459,31.227238454700903,31.373821316480083,31.53580859118366,31.713559625991589,31.907452601578111,32.117884400887384,32.345271716579113,32.590053126517873,32.852691551435939,33.133675075583916,33.433449322393265
1202,30.551698541751655,30.558351676855374,30.578329735711382,30.611688606683192,30.658521173205738,30.718956842215459,30.793160748601089,30.881332538714361,30.983704662746671,31.100540169197721,31.232130092466114,31.378790643226459,31.540860524005137,31.718698761963335,31.912683438239679,32.123211571450895,32.350700182957283,32.595588269090896,32.858338775851642,33.139427999607719,33.439204041958853
1203,30.55619258486005,30.562849919472647,30.582840562188409,30.616220352947607,30.663082080573592,30.72355499331265,30.797803984250304,30.886028360569849,30.988460133367436,31.105361827801065,31.237023908737346,31.383762030850747,31.54591442805436,31.723839819475618,31.917916191366956,32.128540692325124,32.356130654614063,32.601125389415671,32.863985891671994,33.145164192759786,33.444921772386607
1204,30.560689464120198,30.56735099493018,30.587354210675993,30.620754900350256,30.667645754503202,30.728155858724264,30.80244986116843,30.890726728904468,30.993218036460359,31.110185792513327,31.241919903567016,31.388735482481298,31.550970309093433,31.728982805700625,31.92315086769888,32.133871767421134,32.36156311455531,32.606664126232694,32.869630437297097,33.150882626654045,33.45061027648503
1205,30.565189177277755,30.57185490077244,30.591870678147689,30.625292245023672,30.672212190184414,30.732759432827915,30.807098373325911,30.895427637956985,30.997978367402403,31.115012060750235,31.246818077102304,31.393711001215713,31.55602817270643,31.734127727505133,31.92838747352058,32.139204797005817,32.366997489658694,32.612203824121174,32.875270469126846,33.156583753620367,33.456274032477509
1206,30.569691721943148,30.576361634415996,30.596389961471537,30.62983238303276,30.676781382791756,30.737365710048756,30.811749514805012,30.900131082129789,31.002741121755914,31.119840630089151,31.251718429575376,31.398688590115103,31.561088024300677,31.739274591439514,31.933626014066043,32.144539769258067,32.372433619991156,32.617743696898067,32.880904657922137,33.162268370886842,33.461916056370448
1207,30.57419709559651,30.580871193154589,30.600912057415272,30.634375310379717,30.681353327488665,30.74197468486183,30.81640327979936,30.904837055984657,31.007506295260914,31.124671498259158,31.256620961294068,31.40366825219877,31.5661498691037,31.744423403618363,31.938866491696871,32.149876649510347,32.377871262310968,32.623282962356406,32.886532133292256,33.167937321616833,33.467538557982515
1208,30.578705295592723,30.585383574164172,30.60543696265136,30.638921023008947,30.685928019431429,30.7465863517942,30.821059662613195,30.909545554238612,31.01227388382766,31.129504663131669,31.261525672633301,31.408649990438661,31.57121371213756,31.749574169323608,31.944108902869004,32.155215373143399,32.383310113996686,32.628820908566432,32.892152338872684,33.173591407718092,33.473143245851425
1209,30.583216319166503,30.589898774508011,30.609964673762079,30.643469516811759,30.690505453772978,30.751200705426935,30.825718657660516,30.91425657175958,31.017043883529144,31.134340122711503,31.266432564026765,31.41363380774915,31.576279558130405,31.754726892219661,31.949353234827893,32.160555844305392,32.388749839884539,32.634356916395355,32.897764930157273,33.179231366036042,33.47873149204154
1210,30.587730163437406,30.59441679114174,30.61449518724449,30.648020787630937,30.695085625666401,30.755817740396672,30.830380259463958,30.918970103562138,31.021816290594071,31.139177875128194,31.271341635958176,31.418619706963042,31.581347411319758,31.759881573250187,31.954599463033905,32.165897939146511,32.3941900941917,32.639890460347125,32.903369706331191,33.184857866224071,33.484304429223585
1211,30.592246825414932,30.598937620918399,30.619028499515348,30.652574831265184,30.699668530268308,30.760437451397092,30.835044462653524,30.923686144803167,31.026591101399813,31.144017918627657,31.276252888949593,31.423607690779281,31.5864172751265,31.765038209426937,31.959847549816356,32.17124151139484,32.39963053581446,32.645421100537725,32.908966565143409,33.190471515211961,33.489863012793464
1212,30.596766302003552,30.603461260593456,30.623564606915942,30.657131643473388,30.704254162741957,30.765059833180132,30.839711261965256,30.928404690777572,31.031368312465613,31.148860251563313,31.281166323543037,31.428597761669874,31.591489151721472,31.770196792734136,31.965097444223137,32.17658639852047,32.405070838116522,32.650948471897827,32.91455547234429,33.196072863768855,33.4954080626771
1213,30.601288590007744,30.607987706829764,30.628103505716783,30.661691219978795,30.708842518260216,30.769684880557055,30.844380652239625,30.933125736913944,31.03614792044586,31.153704872385902,31.286081940270428,31.433589921738829,31.596563041529674,31.775357309301189,31.970349082834801,32.181932427559332,32.410510694432901,32.656472273114893,32.920136441254279,33.201662413157869,33.500940292167506
1214,30.605813686136987,30.612516956202509,30.632645192122293,30.666253556472935,30.713433592008286,30.77431258839923,30.849052628419994,30.937849278770241,31.040929922122945,31.158551779630141,31.290999739606882,31.438584172536913,31.601638942734937,31.780519738916155,31.97560239118199,32.187279420054999,32.41594982075496,32.661992256726265,32.925709518463748,33.207240621142894,33.506460329070862
1215,30.610341587010673,30.617049005203995,30.637189662275311,30.670818648619502,30.718027379186349,30.778942951638854,30.853727185550731,30.942575312029394,31.045714314399653,31.163400971896635,31.295919721905534,31.44358051484549,31.606716850834335,31.785684054857743,31.98085728545929,32.192627196077282,32.421387956654378,32.667508220405885,32.931274773703464,33.212807907359448,33.511968731495784
1216,30.614872289162985,30.621583850248495,30.64173691226155,30.675386492058049,30.722623875011873,30.783575965269474,30.858404318775523,30.947303832494736,31.050501094289952,31.168252447826898,31.300841887312888,31.448578948443327,31.611796758278413,31.790850224020868,31.986113674356407,32.19797557730589,32.426824864926346,32.673019999612819,32.936832292876055,33.218364657906562,33.517465999635583
1217,30.619405789047764,30.626121487676922,30.646286938113878,30.679957082407487,30.727223074721909,30.788211624346303,30.863084023335247,30.952034836084987,31.055290258907885,31.173106206070411,31.305766235667473,31.453579471874686,31.616878654215554,31.796018207260733,31.991371460831459,32.203324389311959,32.43226033059652,32.67852746146098,32.942382172955952,33.223911229288859,33.522952585035632
1218,30.623942083043136,30.630661913761422,30.650839735816529,30.68453041526951,30.731824973575172,30.792849923986477,30.867766294565815,30.956768318828601,31.060081805453258,31.177962245242728,31.310692766386556,31.458582082236081,31.621962524349183,31.801187959888995,31.996630543727623,32.208673463178208,32.437694159591224,32.684030499614536,32.947924518283251,33.229447951792508,33.52842889791436
1219,30.628481167456258,30.635205124709906,30.655395301309255,30.689106486231804,30.736429566853882,30.797490859369027,30.872451127895811,30.96150427685717,31.064875731194157,31.182820563876092,31.315621478347282,31.463586774988357,31.627048350884682,31.806359432254329,32.001890819232898,32.214022636656402,32.443126177224485,32.689529029958422,32.953459437808867,33.234975132424346,33.533895313124312
1220,30.63302303852786,30.639751116670499,30.659953630491135,30.693685290871215,30.741036849865626,30.802134425734899,30.87713851884358,30.966242706397409,31.069672033445183,31.187681160362146,31.320552369765736,31.46859354380522,31.632136112575157,31.811532570387349,32.007152182132394,32.219371754849831,32.448556226596438,32.695022987101076,32.958987043189587,33.240493057386558,33.539352174829162
1221,30.637567692436654,30.644299885735808,30.664514719224591,30.698266824756626,30.745646817944831,30.806780618386391,30.881828463013878,30.970983603761507,31.074470709541476,31.192544032888833,31.325485438081078,31.473602380462324,31.637225784841245,31.816707316652835,32.012414526856595,32.224720670591033,32.45398416705364,32.70051232146325,32.96450744735224,33.246001994214609,33.544799800389484
1222,30.642115125303789,30.648851427947182,30.66907856333896,30.702851083451815,30.750259466454281,30.811429432686722,30.886520956093868,30.975726965335493,31.079271756808765,31.19740917937435,31.330420679849446,31.478613274764992,31.642317339942466,31.821883610379633,32.01767774835568,32.230069244621312,32.459409872733247,32.705996996803698,32.970020763392277,33.251502193654119,33.550238483656834
1223,30.646665333197014,30.653405739298723,30.673645158634148,30.707438062518118,30.754874790786321,30.816080864058971,30.891215993848153,30.980472787565532,31.084075172530035,31.202276597399656,31.335358090649894,31.483626214512785,31.647410747189383,31.827061388461367,32.022941742816421,32.235417345596019,32.464833231185658,32.711476988152434,32.975527103779832,33.256993891292574,33.555668497715374
1224,30.651218312134905,30.657962815741389,30.678214500884117,30.712027757516928,30.759492786363907,30.820734907984825,30.895913572112995,30.985221066942152,31.088880953909122,31.207146284141587,31.340297665004151,31.488641185496753,31.652505973184482,31.832240585918822,32.028206408240422,32.240764849959994,32.470254142094284,32.716952280079369,32.981026579784569,33.262477308985368,33.561090097195745
1225,30.655774058090856,30.662522653186766,30.682786585840109,30.71662016401206,30.764113448641414,30.825391560002707,30.900613686789256,30.989971799982108,31.093689098031994,31.212018236308275,31.345239396313179,31.493658171530623,31.657602982083834,31.837421136410175,32.033471644882198,32.246111641721434,32.475672516116255,32.722422865272002,32.986519301078964,33.267952656086628,33.566503520206524
1226,30.66033256699702,30.66708524751083,30.687361409233912,30.721215277571968,30.76873677310515,30.830050815705377,30.905316333834115,30.994724983208346,31.098499601826479,31.216892450079019,31.350183276810466,31.498677154506996,31.662701735864207,31.842602972687104,32.038737355584097,32.251457612176964,32.481088273833123,32.727888743324748,32.992005375444151,33.273420130538533,33.571908990009653
1227,30.664893834748064,30.671650594557544,30.691938966780924,30.725813093771684,30.773362755273585,30.834712670736952,30.910021509251685,30.999480613128096,31.103312462022025,31.221768921049811,31.355129297530933,31.503698114472623,31.667802194587168,31.847786026999788,32.04400344603183,32.256802659610578,32.486501344795286,32.73334991969449,32.997484908553218,33.278879919846624,33.577306716490938
1228,30.669457857204911,30.676218690142402,30.696519254182927,30.730413608194652,30.777991390697228,30.839377120789038,30.914729209082054,31.004238686209735,31.10812767510976,31.22664764418569,31.360077448295655,31.508721029720412,31.672904316656904,31.85297023145095,32.049269824934257,32.262146688966155,32.491911666660592,32.738806404825731,33.002958003832987,33.28433220193736,33.582696897420035
1229,30.674024630198208,30.680789530055751,30.701102267131002,30.735016816434303,30.782622674958091,30.84404416159644,30.919439429389715,31.008999198858643,31.112945237303546,31.231528613778558,31.365027717707413,31.513745876891019,31.67800805907094,31.858155518313868,32.054536404153552,32.267489611509021,32.497319184400673,32.744258213383574,33.008424762371078,33.289777145939048,33.588079719578182
1230,30.678594149531826,30.685363110065964,30.705688001307976,30.7396227140954,30.787256603668727,30.848713788931843,30.92415216625038,31.013762147392097,31.117765144503064,31.236411823413455,31.369980093161697,31.518772631086733,31.683113377657929,31.863341820297702,32.059803098769827,32.272831344478909,32.502723849603704,32.749705363629914,33.013885282877254,33.295214912857624,33.593455359710227
1231,30.683166410986097,30.689939425922596,30.710276452390861,30.744231296795064,30.791893172470843,30.853385998599745,30.928867415736935,31.018527528014001,31.122587392259106,31.241297265942201,31.374934560868969,31.52380126599094,31.688220227299855,31.868529070772137,32.065069827106242,32.278171810751083,32.508125619849189,32.755147876888692,33.019339661670934,33.300645656183569,33.598823985367034
1232,30.687741410320928,30.694518473359228,30.714867616053041,30.748842560163467,30.796532377033241,30.858060786429569,30.933585173904579,31.023295336789534,31.12741197574206,31.246184933464466,31.379891105885989,31.528831753989131,31.693328562137559,31.87371720395792,32.070336510725802,32.283510938508918,32.513524458141895,32.760585777079768,33.024787992686214,33.306069522441888,33.60418575566063
1233,30.69231914327883,30.699100248096265,30.719461487966242,30.753456499844397,30.801174213049389,30.862738148268186,30.938305436775316,31.028065569620559,31.13223888971353,31.251074817315416,31.384849712154413,31.533864066289929,31.698438335760329,31.878906155087691,32.075603074406082,32.288848660928345,32.518920332398899,32.766019090312781,33.030230367492727,33.311486651692142,33.60954082194155
1234,30.69689960558771,30.703684745843447,30.724058063802293,30.758073111495136,30.805818676234434,30.867418079971547,30.943028200322072,31.032838222221699,31.137068128501518,31.255966908060017,31.389810362545692,31.538898173044693,31.703549501379172,31.884095860539059,32.080869446093359,32.294184915874922,32.524313214987238,32.771447844538997,33.035666875329852,33.316897177979882,33.61488932840188
1235,30.701482792963525,30.708271962302302,30.728657339234566,30.762692390786263,30.810465762321513,30.872100577395784,30.947753460452411,31.037613290097635,31.141899685979539,31.260861195493831,31.39477303891185,31.543934043464649,31.70866201198298,31.889286257939709,32.08613555683781,32.299519645615256,32.529703082313858,32.776872069258914,33.041097603153652,33.322301229739011,33.62023141260434
1236,30.706068701112809,30.712861893168323,30.733259309939328,30.767314333401025,30.815115467057911,30.876785636388014,30.95248121299241,31.042390768521216,31.146733555547542,31.265757668646479,31.399737722137665,31.548971645935623,31.713775820486919,31.894477286262585,32.091401340724495,32.304852796537368,32.53508991443428,32.782291795246607,33.046522635684759,33.327698930178109,33.625567205988801
1237,30.710657325734942,30.717454534132962,30.737863971596685,30.771938935034246,30.81976778620043,30.881473252776324,30.957211453670315,31.047170652513312,31.151569730117977,31.270656315793005,31.404704392198934,31.554010948128219,31.718890879859163,31.899668885888541,32.096666734784684,32.310184318890961,32.540473694722643,32.787707054337595,33.05194205546848,33.333090397609872,33.630896834294219
1238,30.715248662524171,30.722049880885326,30.742471319891106,30.776566191390739,30.824422715510082,30.886163422359314,30.961944178100488,31.051952936824765,31.156408202106313,31.275557124470645,31.409673028222794,31.559051917101069,31.724007143229979,31.904860998648839,32.101931678901586,32.315514166548276,32.545854409580933,32.793117879249181,33.057355942935864,33.338475745747026,33.636220417934169
1239,30.719842707171473,30.72664792911365,30.74708135051187,30.781196098183443,30.829080250746699,30.890856140895707,30.966679381768053,31.056737615919726,31.161248963423176,31.280460081496557,31.414643608546729,31.564094519399536,31.729124563995267,31.910053567865663,32.107196115719802,32.320842296772874,32.551232048155441,32.798524303403227,33.062764376462255,33.343855083991969,33.641538072365584
1240,30.724439455366131,30.731248674506539,30.751694059152964,30.785828651131094,30.833740387662896,30.895551404093599,30.971417060013966,31.061524683961061,31.166092005470645,31.28536517298997,31.419616110778463,31.569138721147887,31.734243095904805,31.91524653837493,32.112459990548679,32.326168670005508,32.556606602089801,32.803926360782562,33.068167432429,33.34922851769339,33.646849908410026
1241,30.729038902797193,30.735852112754031,30.756309441512965,30.790463845955696,30.838403121997949,30.900249207599774,30.976157208020506,31.066314134796691,31.170937319139753,31.2902723843955,31.424590511855872,31.574184488138812,31.739362693145608,31.920439856544586,32.117723251265524,32.331493249656212,32.561978065288443,32.809324085795232,33.073565185285048,33.35459614839359,33.652156032562772
1242,30.7336410451544,30.740458239548076,30.760927493294144,30.79510167837919,30.843068449470906,30.90494954698892,30.980899820798328,31.071105961950011,31.175784894814178,31.295181700511687,31.429566788105539,31.579231785910252,31.74448331040286,31.925633470272356,32.12298584821734,32.336816001924248,32.567346433727593,32.814717513177023,33.078957707608517,33.359958074033294,33.657456547243491
1243,30.73824587812906,30.745067050583003,30.765548210201597,30.799742144120245,30.847736365773933,30.909652417753048,30.985644893173554,31.075900158609851,31.180634722372925,31.300093105518037,31.434544915300627,31.584280579823695,31.749604902924606,31.930827328987473,32.128247734123406,32.342136895614416,32.572711705258882,32.820106677887473,33.084345070167551,33.365314389162826,33.662751551056054
1244,30.742853397414507,30.749678541555525,30.770171587941842,30.804385238890315,30.852406866565115,30.914357815291154,30.990392419776416,31.08069671762382,31.185486791197395,31.305006583005376,31.439524868716649,31.589330835132152,31.75472742656979,31.936021383638831,32.133508863979827,32.347455901975422,32.578073879446727,32.825491615031083,33.089727341979518,33.370665185123364,33.66804113900816
1245,30.747463598706677,30.754292708164861,30.774797622221563,30.809030958390064,30.857079947461546,30.919065734898805,30.995142395029337,31.085495631490339,31.190341090176773,31.309922116004817,31.444506623188001,31.594382517051987,31.759850837862807,31.94121558668855,32.138769194963317,32.352772994529602,32.583432957392468,32.830872359768676,33.095104590370873,33.376010550239705,33.673325402746535
1246,30.752076477703358,30.758909546111539,30.779426308744895,30.813679298304258,30.861755604031494,30.923776171758629,30.999894813139175,31.090296892358889,31.19519760772361,31.314839687022921,31.449490153157683,31.599435590809449,31.764975094010165,31.946409892076186,32.144028686340981,32.3580881489547,32.588788941635926,32.836248947285142,33.10047688103176,33.381350569943578,33.678604430699927
1247,30.756692030104073,30.763529051096757,30.784057643211465,30.818330254297507,30.866433831787361,30.928489120930951,31.004649668087957,31.095100492025953,31.200056331782793,31.319759278070908,31.454475432727776,31.604490021700197,31.770100152941232,31.951604255205808,32.149287299382181,32.363401342936008,32.59414183600618,32.841621412716762,33.105844278070819,33.38668532694205,33.683878308283298
1248,30.761310251609679,30.768151218821529,30.788691621314079,30.8229838220097,30.871114626178297,30.933204577344277,31.009406953624062,31.099906421932751,31.204917249843536,31.32468087069708,31.459462435710449,31.609545775143591,31.775225973337765,31.956798632921231,32.154544997267784,32.368712556031497,32.599491645496805,32.846989791099084,33.111206844070843,33.392014901364178,33.689147118072121
1249,30.765931137920646,30.772776044984482,30.793328238735121,30.827639997050458,30.875797982582892,30.937922535787735,31.014166663257942,31.104714673169408,31.209780348956848,31.329604446018909,31.464451135668526,31.614602816716832,31.780352514641748,31.961992983471784,32.159801745013141,32.374021769572927,32.604838376183473,32.852354117340006,33.116564640136126,33.39733937086821,33.694410939926904
1250,30.770554684735945,30.777403525280356,30.797967491143801,30.832298774994271,30.880483896302145,30.942642990902922,31.01892879025571,31.10952523647525,31.214645615748925,31.334529984753601,31.469441505960514,31.619661112200678,31.78547973707763,31.967187266486341,32.16505750938498,32.379328966545827,32.610182035114711,32.857714426175782,33.121917725943703,33.402658810773019,33.69966985114872
1251,30.775180887751684,30.782033655398109,30.80260937419289,30.836960151375351,30.885172362552336,30.947365937175995,31.023693327633673,31.114338102240964,31.219513036436496,31.339457467249559,31.474433519783744,31.624720627619645,31.790607601667482,31.972381442943174,32.170312258821156,32.384634131479665,32.615522630215565,32.863070752135108,33.127266159792796,33.407973294177971,33.704923926619983
1252,30.779809742658596,30.786666431017956,30.807253883514587,30.841624121682031,30.889863376458365,30.952091368931878,31.028460268156667,31.119153260515343,31.224382596845384,31.344386873516353,31.479427150208824,31.629781329267271,31.795736070230713,31.977575475133268,32.175565963360867,32.389937250365669,32.620860170224574,32.868423129523649,33.132609998647929,33.4132828920512,33.710173238905
1253,30.78444124514013,30.791301847809134,30.811901014717119,30.846290681351565,30.894556933047088,30.956819280327334,31.033229604333982,31.123970701008687,31.229254282426137,31.349318183254496,31.484422370218944,31.634843183741484,31.800865105395637,31.982769326630272,32.180818594569423,32.39523831055557,32.626194664605869,32.873771592392359,33.137949298185497,33.418587673340767,33.715417858380277
1254,30.789075390870071,30.795939901427044,30.816550763380732,30.85095982576464,30.899253027240658,30.961549665344979,31.038001328417227,31.128790413098862,31.234128078271933,31.35425137588533,31.489419152745267,31.639906157971883,31.805994670601585,31.987962962255214,32.186070125467452,32.400537300675587,32.631526123481116,32.879116174518678,33.143284112837577,33.423887705067528,33.720657853341059
1255,30.793712175508695,30.800580587509081,30.821203125052726,30.855631550239817,30.90395165385139,30.966282517790557,31.042775432402991,31.133612385841914,31.239003969138025,31.359186430576091,31.494417470690014,31.644970219230316,31.811124730087506,31.99315634804028,32.191320530476723,32.405834210570504,32.636854557591668,32.884456909402594,33.14861449582628,33.42918305238755,33.725893290071014
1256,30.798351594701376,30.805223901672839,30.825858095244349,30.860305850028368,30.908652807574505,30.971017831284883,31.047551908027131,31.138436607974061,31.243881939457065,31.36412332627166,31.499417296970154,31.650035335171722,31.816255248907446,31.998349451198159,32.196569785338781,32.411129031192758,32.642179978202108,32.889793830231461,33.15394049921381,33.434473778712281,33.731124232982957
1257,30.8029936440733,30.809869839510622,30.830515669425068,30.864982720308852,30.913356482984518,30.975755599264367,31.052330746771982,31.143263067926597,31.248761973359702,31.369062041714731,31.504418604528528,31.655101473828502,31.821386192906129,32.003542240084727,32.20181786707667,32.416421754575907,32.647502397092829,32.895126969891756,33.159262173927807,33.439759945740377,33.736350744650963
1258,30.807638319227586,30.814518396587133,30.835175843019041,30.869662156181924,30.91806267452856,30.980495814974301,31.057111939862565,31.148091753829672,31.253644054690557,31.374002555475773,31.509421366372763,31.660168603644752,31.826517528728708,32.008734684167422,32.207064753919823,32.421712373736142,32.652821826476718,32.900456360940851,33.164579569807849,33.445041613564626,33.741572885935007
1259,30.812285615740624,30.819169568434653,30.839838611399994,30.87434415266523,30.922771376522519,30.985238471468254,31.061895478271648,31.152922653524467,31.258528167026856,31.378944845973983,31.514425555591366,31.665236693479272,31.831649223805062,32.013926753991235,32.212310425259346,32.427000882630267,32.658138278974064,32.905782035608567,33.169892735634683,33.450318840720499,33.746790716034042
1260,30.816935529158794,30.82382335054951,30.844503969886919,30.879028704688469,30.927482583146062,30.989983561604706,31.066681352720575,31.157755754571269,31.2634142936956,31.383888891502291,31.519431145380359,31.670305712623026,31.836781246345883,32.019118421145663,32.217554861589292,32.43228727608799,32.66345176756117,32.911104025785377,33.175201719167163,33.455591684261073,33.752004292571165
1261,30.821588054996063,30.828479738389582,30.849171913741593,30.883715807091239,30.932196288442185,30.99473107804997,31.071469553687415,31.162591044263575,31.26830241779243,31.388834670246933,31.524438109057328,31.675375630800705,31.841913565327157,32.024309658233051,32.222798044465804,32.437571549773274,32.668762305546416,32.916422363022313,33.180506571594577,33.460862434082571,33.757348348674441
1262,30.826243188720838,30.833138727360875,30.853842438154579,30.888405454608673,30.936912486303019,30.99948101326606,31.076260071399421,31.167428509628298,31.273192522191252,31.393782160305353,31.529446420081651,31.680446418183294,31.847046150484122,32.029500438837445,32.228039956454964,32.44285370012765,32.674069906544922,32.921737083647713,33.185807969827962,33.466150168439341,33.762797952992024
1263,30.830900925766215,30.837800312827738,30.85851553825513,30.89309764188129,30.941631170480747,31.004233359524118,31.081052895850927,31.172268137449002,31.278084589572241,31.398731339715194,31.534456052077861,31.685518045397579,31.852178972300148,32.034690737491026,32.23328058108217,32.448133724327512,32.67937458652937,32.927048361660347,33.19110927956531,33.471467595003823,33.768313779810597
1264,30.835561261515842,30.842464490098546,30.863191209096932,30.897792363441248,30.946352334575391,31.008988108895487,31.085848016799396,31.177109914268417,31.282978602430436,31.403682186466209,31.539466978845415,31.690590483527018,31.857312001993197,32.039880529645501,32.238519902800881,32.45341162086676,32.684676390479105,32.932356871220989,33.196414972825622,33.476816600584485,33.773881841156964
1265,30.840224191301999,30.8471312544238,30.867869445656122,30.902489613710713,30.951075972034548,31.013745253254257,31.090645423772614,31.181953826401244,31.287874543093395,31.408634678519668,31.544479174374153,31.695663704116146,31.86244521150368,32.045069791644465,32.243757907108645,32.458687394892763,32.689975464617731,32.937663817207309,33.201728586071525,33.482196397823422,33.779494079233295
1266,30.844889710401073,30.851800600991613,30.872550242826883,30.907189386998088,30.955802076151212,31.018504784278136,31.095445106073996,31.18679985994476,31.292772393736527,31.413588793825198,31.549492612857154,31.700737679173148,31.86757857348227,32.050258500732532,32.248994581616053,32.463961073434334,32.695272111775814,32.942970640486344,33.207052545840632,33.487605575801254,33.785145076655709
1267,30.849557814029325,30.856472524923383,30.877233595417238,30.91189167749442,30.960530640061744,31.023266693449489,31.100247052788152,31.19164800078951,31.297672136397981,31.418544510336663,31.554507268702483,31.70581238117148,31.872712061285647,32.05544663526112,32.254229919329418,32.469232724825268,32.700566785076127,32.94827877449876,33.212388449675117,33.493042640225433,33.790830871192988
1268,30.85422849733834,30.861147021269378,30.881919498144921,30.916596479270037,30.965261656744431,31.028030972056946,31.105051252786751,31.196498234630035,31.302573752992959,31.42350180602714,31.559523116543716,31.710887783052449,31.877845649013405,32.060634175395549,32.259463924116154,32.474502471525923,32.705860044788203,32.953589525404098,33.217737327702459,33.498506171051453,33.796548404903803
1269,30.858901755410724,30.865824085004444,30.886607945633383,30.921303786271508,30.969995119018147,31.032797611197175,31.109857694734536,31.201350546975362,31.307477225327702,31.42846065890302,31.564540131249942,31.715963858235959,31.882979311658723,32.065821104522563,32.264696616662896,32.479770492440267,32.711152509808521,32.958904031551903,33.223099827118652,33.503994865092039,33.802295227191678
1270,30.863577583255722,30.870503711023762,30.891298932407935,30.926013592318689,30.974731019541451,31.037566601777055,31.114666367095563,31.20620492315949,31.312382535112839,31.433421047017337,31.569558287936687,31.721040580656499,31.888113025454683,32.071007411232742,32.269928039117687,32.485037017064407,32.716444818099134,32.964223261938784,33.228476335230503,33.50950754010664,33.808069319188093
1271,30.868255975805017,30.875185894138692,30.895992452892088,30.930725891102202,30.979469350811961,31.042337934516134,31.119477258139572,31.211061348351731,31.317289663976318,31.438382948482815,31.57457756198194,31.726117924850147,31.89324676845338,32.076193091498062,32.275158257518875,32.490302315430121,32.721737599018205,32.969548030661251,33.233867061115525,33.5150431266404,33.813868981601274
1272,30.87293692790848,30.879870629072766,30.900688501403991,30.935440676180999,30.984210105166003,31.047111599949325,31.124290355948446,31.215919807566877,31.322198593476045,31.44334634148537,31.579597929054387,31.731195866115652,31.898380521300925,32.081378150642905,32.280387362051805,32.495566686940201,32.727031455700114,32.97487901653718,33.239272090545782,33.520600656181159,33.819692759506275
1273,30.877620434330133,30.884557910457747,30.905387072153122,30.940157940980185,30.98895327477852,31.051887588429818,31.12910564842284,31.22078028567525,31.327109305112138,31.448311204300261,31.584619365163032,31.736274380762275,31.903514268123821,32.086562604826206,32.285615465569848,32.500830449876887,32.73232695512241,32.980216782939017,33.24469142304347,33.526179249230985,33.825539390038742
1274,30.882306489744145,30.889247732829777,30.910088159237098,30.944877678789211,30.993698851663293,31.056665890132276,31.133923123288753,31.22564276741263,31.332021780339719,31.453277515313673,31.589641846736257,31.7413534464363,31.908647997414558,32.09174648191896,32.290842701047467,32.506093932454796,32.737624623160237,32.985561795774537,33.250124997824578,33.531778104387556,33.831407764163657
1275,30.886995088731009,30.893940090625865,30.914791756638706,30.949599882760097,30.998446827673408,31.061446495056167,31.138742768104336,31.230507237390125,31.336936000582728,31.458245253052901,31.594665350734715,31.746433042505394,31.913781702829745,32.096929821795349,32.296069218457227,32.511357465559634,32.742924943033515,32.990914439217846,33.255572711855912,33.537396488696622,33.837296898409136
1276,30.891686225773814,30.898634978180255,30.919497858223131,30.954324545906104,31.003197194501897,31.066229393029325,31.143564570266538,31.23537368010437,31.341851947250188,31.463214396229077,31.599689854799983,31.751513150473599,31.918915383830662,32.102112676091878,32.30129518145808,32.516621377208779,32.748228355935815,32.996275028918397,33.261034432526642,33.543033729382529,33.843205913527768
1277,30.896379895254672,30.903332389721164,30.924206457735277,30.959051661100432,31.007949943682682,31.071014573711651,31.148388517018152,31.240242079948228,31.346769601756254,31.468184923794166,31.6047153374322,31.756593754391027,31.924049046133995,32.107295107586793,32.306520764212088,32.521885988411192,32.753535262752038,33.001643823120432,33.266510006957752,33.548689206719395,33.849134017664007
1278,30.901076091451312,30.908032319367567,30.928917548797521,30.96378122107528,31.012705066591735,31.075802026598961,31.153214595454809,31.245112421222633,31.351688945545146,31.473156815013091,31.609741778188784,31.761674841235816,31.929182701976764,32.112477189309892,32.311746148424795,32.527151610166932,32.758846026492257,33.007021031991187,33.271999268724414,33.554362347891185,33.855080493075619
1279,30.905774808533877,30.912734761126288,30.933631124907361,30.968513218421105,31.017462554448326,31.080591741027085,31.158042792532481,31.249984688150004,31.356609960122892,31.478130049551606,31.614769157896657,31.766756401244699,31.934316370186188,32.117659003457277,32.316971520725836,32.532418541501649,32.764160975092523,33.012406825237719,33.277502042602528,33.560052621798938,33.861044685709025
1280,30.910476040561768,30.917439708889056,30.938347179435546,30.973247645586017,31.022222398316714,31.085383706176145,31.162873095075593,31.254858864890124,31.361532627095784,31.483104607576738,31.619797458864802,31.771838428179986,31.939450076095756,32.122840640234955,32.322197070406027,32.537687068180929,32.769480404235615,33.01780133851036,33.283018148182315,33.565759534553578,33.867025996548087
1281,30.91517978148082,30.922147156430011,30.943065705624214,30.977984494875454,31.026984589107776,31.090177911075116,31.167705489785831,31.259734935558889,31.366456928216905,31.488080469867583,31.624826665087738,31.776920919523185,31.944583851326097,32.128022196684178,32.327422987517039,32.542957461993623,32.774804580123906,33.023204678706477,33.288547402495055,33.571482625603124,33.873023874563238
1282,30.919886025120537,30.926857097403165,30.947786696585283,30.982723758452074,31.03174911758105,31.094974344606786,31.172539963252191,31.264612884250305,31.371382845438717,31.493057617931534,31.629856762434166,31.782003876605216,31.949717733475282,32.133203775529225,32.332649461258733,32.548229980415371,32.780133742149374,33.028616928472815,33.294089621995575,33.577221464330641,33.879037810762888
1283,30.924594765191603,30.931569525340198,30.952510145299122,30.987465428335803,31.036515974346951,31.099772995513128,31.177376501962392,31.269492695062301,31.376310360973193,31.498036034124272,31.634887738812726,31.787087304661547,31.954851765719241,32.138385484079251,32.337876678700397,32.553504866645078,32.785468105383075,33.034038149860798,33.299644623934498,33.582975647158783,33.885067333356226
1284,30.929305995283514,30.936284433648396,30.95723604461331,30.992209496404147,31.04128514986931,31.10457385240149,31.182215092316081,31.274374352126621,31.381239457357005,31.50301570176801,31.639919584310398,31.792171212824893,31.95998599636507,32.143567433215672,32.34310482375983,32.558782349841152,32.790807862856227,33.039468387414672,33.305212227393689,33.588744795008246,33.891112003618481
1285,30.934019708862433,30.941001815608814,30.961964387241682,30.996955954392735,31.046056634468233,31.109376903751336,31.187055720639879,31.279257839642288,31.386170117520397,31.507996605264566,31.64495229130242,31.797255614067218,31.965120478380758,32.148749736469107,32.348334076388475,32.56406264548967,32.796153187654717,33.04490767081041,33.310792254066072,33.594528551045364,33.897171412318706
1286,30.938735899269268,30.945721664374535,30.966695165763532,31.001704793896057,31.050830418323418,31.114182137922096,31.191898373204609,31.284143141912502,31.391102324858341,31.51297873020102,31.64998585453348,31.802340525096213,31.970255268911,32.153932509186284,32.353564611945671,32.569345955886774,32.801504234831683,33.050356017073938,33.316384528801493,33.600326578703282,33.903245176673437
1287,30.943454559717871,30.950443972969325,30.971428372623038,31.006456006368545,31.055606491477821,31.118989543161888,31.196743036244406,31.289030243384556,31.396036063302493,31.517962063446078,31.655020271171324,31.807425966215103,31.975390428791201,32.159115867785196,32.358796600730365,32.574632470694873,32.806861143146058,33.055813432460553,33.321988879986328,33.606138559930777,33.909332937715966
1288,30.948175683293467,30.955168734286211,30.976164000128957,31.011209583125883,31.060384843842083,31.123799107617593,31.201589695978335,31.293919128692647,31.400971317392685,31.522946593234433,31.660055540830619,31.812511961149106,31.980526022070801,32.164299929108395,32.364030207662857,32.579922367545393,32.812224036615653,33.061279914018016,33.327605139783742,33.611964193660064,33.91543435804936
1289,30.952899262951394,30.959895941086625,30.980902040454506,31.015965515346792,31.065165465199385,31.128610819346058,31.206438338634037,31.298809782702339,31.405908072346119,31.527932309238096,31.665091665571509,31.817598536850575,31.985662115556909,32.169484809861927,32.369265592070995,32.585215812652102,32.81759302591697,33.066755450927289,33.333233144291626,33.617803194437073,33.921549119871564
1290,30.957625291515839,30.964625585999418,30.985642485637552,31.020723794075053,31.069948345211269,31.133424666326835,31.211288950473115,31.303702190556272,31.410846314122868,31.532919202624797,31.67012864987678,31.822685723291265,31.99079877838264,32.174670626128204,32.374502907556192,32.590512961421958,32.822968209654611,33.072240025665437,33.338872733638084,33.623655291186388,33.927676923220055
1291,30.962353761678983,30.969357661520302,30.990385327581031,31.025484410222081,31.074733473424001,31.138240636476038,31.216141517818457,31.308596337720118,31.415786029486693,31.537907266102323,31.675166500608672,31.827773553244931,31.995936081603048,32.179857492952202,32.379742301934677,32.595813959059818,32.828349675500078,33.07773361499131,33.344523752016904,33.629520226111218,33.93381748443894
1292,30.967084666000236,30.974092160011494,30.995130558053727,31.030247354569898,31.079520839275869,31.143058717661464,31.220996027082478,31.313492210028361,31.420727206061553,31.542896493952323,31.680205226951472,31.832862062064947,32.00107409781409,32.185045523981358,32.384983917230272,32.601118941163442,32.833737501233365,33.083236190808741,33.350186047685035,33.635397753689972,33.939970534798704
1293,30.971817996905774,30.978829073701583,30.999878168691275,31.035012617774623,31.084310432105301,31.147878897719213,31.225852464796962,31.318389793729356,31.425669832381704,31.547886882049475,31.685244840336825,31.837951287459283,32.00621290080413,32.190234831173804,32.390227889725615,32.60642803429743,32.839131755662692,33.088747720884484,33.35585947292072,33.641287639790612,33.946135819299954
1294,30.976553746688303,30.983568394685648,31.004628150997686,31.039780190370635,31.089102241160017,31.152701164471267,31.230710817643512,31.323289075528972,31.430613897935384,31.552878427868727,31.690285354356913,31.843041269267623,32.011352565236699,32.195425524559354,32.395474350049831,32.611741356540648,32.844532499449407,33.094268169465337,33.361543883960394,33.647189660871234,33.952313095607586
1295,30.981291907507092,30.988310114925788,31.00938049634717,31.044550062775301,31.09389625560695,31.157525505744452,31.235571072484419,31.328190042632038,31.43555939320192,31.55787113048174,31.695326784669223,31.848132049244494,32.016493166361741,32.200617712043169,32.400723423290373,32.617059018005989,32.849939785855653,33.099797497817995,33.367239140922244,33.65310360325136,33.958502133087798
1296,30.986032471388324,30.993054226251825,31.014135195986405,31.049322225294198,31.098692464543149,31.162351909389908,31.240433216393654,31.333092682781359,31.440506309682462,31.562864990543979,31.700369148895248,31.853223670849644,32.021634779753839,32.205811499245286,32.40597522912325,32.6223811213343,32.855353661423159,33.105335664701293,33.372945107719261,33.659029262445053,33.964702711936454
1297,30.990775430225664,30.997800720362452,31.018892241037271,31.054096668127276,31.103490857007458,31.167180363303583,31.245297236687367,31.337996984293984,31.445454639924115,31.567860010273048,31.705412466514179,31.858316179046927,32.026777481077019,32.211006989375534,32.411229881959997,32.627707762160725,32.86077416658506,33.110882626773595,33.378661651962744,33.664966442555389,33.970914622396258
1298,30.995520775781287,31.00254958882671,31.023651622500061,31.058873381375367,31.108291421993076,31.17201085544718,31.250163120954007,31.342902936094234,31.450404377537641,31.572856193418936,31.710456758752983,31.863409620111931,32.031921345874402,32.216204283139049,32.416487491107901,32.633039029555079,32.866201336215731,33.116438338942743,33.384388644858973,33.670914955724136,33.977137664053451
1299,31.00026849968711,31.007300823085817,31.028413331257177,31.063652355047566,31.113094148460682,31.176843373869474,31.255030857083586,31.347810527743942,31.455355517209835,31.577853545228443,31.715502048475116,31.868504041449032,32.037066449379076,32.221403478665145,32.421748160936588,32.638375006437521,32.871635200133611,33.122002754674917,33.39012596110333,33.67687462162371,33.983371645193422
1300,31.005018593446398,31.012054414455349,31.0331773580772,31.068433579068984,31.117899025352198,31.18167790672787,31.259900433296181,31.352719749470069,31.460308054711284,31.582852072404727,31.720548360068335,31.87359949141614,32.04221286634197,32.226604671454574,32.427011991049469,32.643715769974776,32.877075783565019,33.127575826270309,33.395873478772394,33.682845266983435,33.989616382204588
1301,31.009771048436068,31.016810354128189,31.037943693619926,31.073217043289716,31.122706041605721,31.186514442310369,31.264771838168546,31.357630592186258,31.465261986893779,31.587851783056394,31.725595719331434,31.878696019168292,32.047360670899117,32.231807954367653,32.432279076464035,32.64906139192999,32.882523107521621,33.133157505066201,33.40163107921326,33.68882672519247,33.995871699088426
1302,31.014525855909099,31.021568633177605,31.042712328441652,31.078002737493932,31.127515186170324,31.191352969056968,31.269645060659531,31.362543047512965,31.470217311687172,31.592852686648225,31.73064415336529,31.883793674506101,32.052509936439684,32.237013417606292,32.437549507782919,32.654411939007851,32.887977189183033,33.138747741650377,33.407398646938262,33.694818835897848,34.002137426959791
1303,31.019283006997529,31.026329242560927,31.047483253000966,31.082790651409717,31.132326448021441,31.196193475580962,31.274520090133841,31.367457107793765,31.475174028090677,31.597854793947523,31.73569369046545,31.88889250773558,32.057660735494274,32.242221148715245,32.44282337136648,32.659767473174291,32.893438042235005,33.144346486038401,33.41317606951938,33.70082144464255,34.008413403602766
1304,31.024042492715942,31.031092173123817,31.052256457665283,31.087580774719463,31.137139816176589,31.201035950689644,31.279396916383881,31.372372766107986,31.480132136159678,31.60285811696772,31.740744360017676,31.893992569539453,32.062813139640426,32.247431232596803,32.448100749503702,32.66512805195304,32.898905677172252,33.149953687824592,33.418963237484562,33.706834402535222,34.014699473068127
1305,31.028804303965373,31.035857415604834,31.057031932717745,31.092373097070642,31.141955279711144,31.205880383404676,31.284275529650113,31.377290016280813,31.485091636989722,31.607862668910812,31.74579619239633,31.89909391085612,32.067967219418342,32.252643751532382,32.453381720579785,32.670493728707321,32.904380101580976,33.155569296318973,33.424760044216143,33.71285756593835,34.02099548529538
1306,31.033568431537656,31.040624960640546,31.061809668364653,31.097167608087059,31.146772827774345,31.2107267629818,31.289155920639633,31.382208852890255,31.490052532696946,31.612868464108153,31.750849218865962,31.90419658276825,32.073123044260072,32.257858785213926,32.458666359241093,32.67586455290256,32.909861320393652,33.161193260664106,33.43056638585135,33.718890796181462,34.027301295767892
1307,31.038334866120579,31.04539479877155,31.066589654743613,31.10196429738075,31.151592449605339,31.215575078929351,31.294038080541746,31.387129271269476,31.495014826393916,31.617875517960027,31.755903471488907,31.909300636405963,32.078280682437146,32.263076410786823,32.463954736552992,32.681240570341387,32.915349336106942,33.166825529927557,33.436382161187559,33.724933959307734,34.033616765211285
1308,31.043103598303215,31.050166920448444,31.071371881932002,31.106763154563772,31.156414134548942,31.220425321026365,31.298922001042946,31.392051267508752,31.499978522165762,31.622883846876455,31.760958983034744,31.91440612285114,32.083440201007377,32.268296702889749,32.469246920154816,32.686621823397743,32.920844149002164,33.172466053197667,33.44220727158892,33.730986925818968,34.039941759288894
1309,31.047874618581709,31.05494131603842,31.07615633995567,31.111564169260451,31.161237872071506,31.225277479340004,31.30380767434017,31.396974838454522,31.504943625043104,31.627893468216705,31.766015786892964,31.919513093050892,32.088601665774164,32.273519733703708,32.474542974411811,32.692008351233099,32.92634575733959,33.178114779660817,33.448041620895268,33.737049570444206,34.046276148328317
1310,31.052647917366315,31.059717975833063,31.080943018798841,31.11636733112028,31.166063651776305,31.230131544240493,31.308695093149197,31.401899981702133,31.509910140970256,31.632904400230164,31.771073916997,31.924621597751237,32.093765141266708,32.278745573009346,32.479842960552666,32.697400189976854,32.931854157511459,33.183771658654678,33.453885115339624,33.74312177194701,34.052619807096519
1311,31.057423484988163,31.064496890055821,31.085731908413653,31.121172629830248,31.170891463418446,31.234987506416299,31.313584250714293,31.406826695591278,31.51487807677675,31.637916661999114,31.776133407745597,31.929731687422485,32.098930690708727,32.283974288236116,32.485146936809755,32.702797372922184,32.93736934421662,33.189436639735774,33.459737663463358,33.749203412913616,34.058972614550314
1312,31.062201311706328,31.069278048869787,31.090522998729934,31.125980055127496,31.175721296919924,31.239845356888807,31.318475140816631,31.411754979199173,31.5198474401464,31.642930273380518,31.781194293927083,31.934843412191896,32.104098375996713,32.289205944518059,32.490454958556562,32.708199930708226,32.942891310616048,33.195109672734638,33.465599176033606,33.755294379558372,34.065334453608891
1313,31.066981387716432,31.07406144238691,31.095316279666118,31.130789596812193,31.180553142383395,31.244705087023544,31.323367757777149,31.416684832327725,31.52481823958319,31.64794525495159,31.786256610656704,31.939956821796379,32.109268257696669,32.294440604754342,32.495767078428436,32.71360789146653,32.948420048449336,33.200790707788833,33.471469565970132,33.761394561567009,34.071705210973612
1314,31.071763703158908,31.078847060676917,31.100111741139823,31.135601244760196,31.185386990105894,31.249566688541819,31.328262096460382,31.421616255492278,31.52979048437868,31.652961627955715,31.79132039331197,31.945071965531138,32.114440395036105,32.299678329667415,32.501083346445391,32.719021280974523,32.953955548159747,33.206479695381447,33.477348748270828,33.767503851932084,34.07808477693785
1315,31.076548248127025,31.08363489377594,31.1049093730782,31.140414988935593,31.190222830592703,31.254430153533022,31.333158152279466,31.426549249911485,31.534764184579899,31.657979414247475,31.796385677465398,31.950188892193911,32.119614845891775,32.304919177859631,32.506403810138558,32.724440122817093,32.959497799028775,33.212176586385326,33.483236639935207,33.773622146779253,34.084473045185121
1316,31.081335012676938,31.088424931697062,31.109709165429631,31.145230819403334,31.195060654569208,31.259295474461911,31.338055921193405,31.431483817489173,31.539739350953475,31.662998636243675,31.801452498836003,31.955307650057563,32.124791666803318,32.31016320587679,32.511728514652631,32.729864438497046,32.965046789253918,33.217881332075372,33.489133159901591,33.779749345248668,34.090869912655961
1317,31.086123986837325,31.093217164440393,31.114511108174892,31.150048726341311,31.199900452992356,31.264162644176114,31.342955399705694,31.436419960798695,31.544715994952664,31.6680193168757,31.80652089323862,31.960428286836141,32.129970912978244,32.315410468265547,32.517057502850193,32.735294247557356,32.970602506043377,33.223593884152599,33.495038228982878,33.785885349361742,34.097275279395603
1318,31.09091516061806,31.098011582002307,31.119315191337915,31.154868700052926,31.204742217063902,31.269031655916802,31.347856584866765,31.441357683070141,31.549694128683935,31.673041479536494,31.81159089652278,31.965550849638582,32.135152638288403,32.320661017632666,32.522390815430441,32.740729567725495,32.976164935730949,33.229314194777047,33.500951769794462,33.792030063866385,34.103689048375777
1319,31.095708524022086,31.102808174387452,31.124121404997872,31.15969073097822,31.209585938238185,31.273902503319462,31.352759474263895,31.446296988167191,31.554673764872764,31.678065148043235,31.816662544545114,31.970675384964665,32.140336895298041,32.32591490470336,32.527728491003543,32.746170414981492,32.981734063815061,33.235042216563741,33.506873706706614,33.798183396159786,34.110111125410754
1320,31.100504067054096,31.107606931618029,31.128929739299913,31.164514809706304,31.214431608235135,31.27877518042428,31.357664066023393,31.451237880574379,31.55965491683078,31.68309034658505,31.821735873109056,31.975801938659313,32.145523735260568,32.331172178379738,32.53307056620784,32.751616803700948,32.987309875073201,33.240777902615648,33.512803965773351,33.804345256134653,34.116541418980432
1321,31.105301779735566,31.112407843748681,31.133740184469499,31.169340926987619,31.219279219047898,31.283649681675932,31.362570358799751,31.456180365375076,31.564637598426287,31.688117099694551,31.826810917948819,31.980930555919429,32.150713208152759,32.336432885798153,32.538417075776742,32.75706874671345,32.992892353595678,33.246521206523845,33.518742471502144,33.810513943446395,34.122882632421991
1322,31.110101652103403,31.117210900865665,31.138552730812719,31.174169073735658,31.224128762944694,31.288526001922406,31.367478351766575,31.461124448228794,31.569621824044027,31.693145432192061,31.831887714668927,31.986061281248201,32.155905362665784,32.341697072370017,32.543768052622752,32.762526255398789,32.998481482838905,33.252272078660582,33.524688697656451,33.816675641426059,34.129152713588738
1323,31.114903674237198,31.122016093114024,31.143367368743192,31.178999241052246,31.228980232490283,31.293404136429388,31.372388044620276,31.466070135362166,31.574607608565099,31.698175369161319,31.836966298727887,31.99119415846166,32.161100246246669,32.346964781861644,32.549123527945845,32.767989339793743,33.004077244208482,33.258030370317989,33.530640178094046,33.822821132975783,34.135380001689796
1324,31.119707836259529,31.126823410698076,31.148184088782589,31.183831420227435,31.233833620543326,31.298284080872175,31.377299437563359,31.471017433541252,31.579594967328898,31.703206935906262,31.842046705400019,31.996329230667854,32.166297905105083,32.352236056430051,32.554483531283147,32.773458008196393,33.009679597841043,33.263795572015489,33.536593648959517,33.828949012606387,34.141574548406261
1325,31.124514128349585,31.131632843895002,31.153002881573954,31.188665602751534,31.238688920265147,31.303165831338344,31.382212531297672,31.47596635005365,31.584583916105181,31.708240157918944,31.847128969749527,32.001466540260445,32.171498384236848,32.357510936677372,32.559848090473615,32.778932263367686,33.015288430486223,33.269566791443687,33.542546522606855,33.835059805892264,34.147742126747573
1326,31.129322540754192,31.136444383065768,31.157823737892187,31.193501780324215,31.243546125125466,31.308049384327209,31.387127327015111,31.480916892688541,31.589574471065106,31.713275060847163,31.852213126605118,32.006606128911748,32.176701727444502,32.362789461673678,32.565217230927928,32.784412091578119,33.020903515581288,33.275342966249532,33.548497013191721,33.841154489772251,34.153886604907491
1327,31.134133063798647,31.141258018665912,31.162646648654377,31.198339944863079,31.248405228907341,31.312934736748741,31.3920438263875,31.485869069716802,31.594566648752984,31.718311670463965,31.857299210536478,32.011748037567706,32.181907977352566,32.368071668837523,32.570590973300007,32.789897448627208,33.02652451782383,33.281123039732243,33.554443933945784,33.847234102436914,34.160010801926497
1328,31.138945687897646,31.146073741256323,31.167471604929712,31.203180088511868,31.253266225711684,31.317821885921649,31.396962031556388,31.490822889871129,31.599560466059092,31.723350012638704,31.862387255833188,32.016892306443182,32.187117175393468,32.373357593453932,32.575969329578314,32.795388250625287,33.032151024358129,33.286906047295837,33.560386508429914,33.853299629436698,34.16611688532398
1329,31.143760403565977,31.150891541513658,31.172298597949233,31.208022203648042,31.258129109960873,31.322710829570905,31.401881945122039,31.495778362326341,31.604555940193187,31.728390113309786,31.867477296485021,32.022038975012329,32.192329361711671,32.378647267685174,32.58135229882123,32.80088437235851,33.037782579813531,33.292691145716283,33.566324237270507,33.859351973104239,34.17220658509315
1330,31.148577201429134,31.155711410240738,31.177127619115137,31.212866282890054,31.262993876402028,31.327601565824665,31.406803570132407,31.500735496679816,31.609553088659094,31.733431998458851,31.872569366162736,32.02718808198162,32.197544574926184,32.383940719166318,32.586739863844784,32.806385651551665,33.043418714843177,33.29847761426899,33.572256809434926,33.865391949315573,34.1782813207207
1331,31.153396072233694,31.160533338376627,31.181958660009865,31.217712319103978,31.267860520109487,31.332494093210617,31.411726910071664,31.505694302932248,31.614551929229997,31.738475694086219,31.877663498196334,32.032339665227127,32.202762851727009,32.389237969459494,32.592131989490504,32.811891896135791,33.049058966195105,33.304264844333517,33.578184043032522,33.871420293492925,34.184342282101952
1332,31.15821700685758,31.165357317006549,31.186791712404752,31.222560305409747,31.272729036486812,31.337388410651812,31.416651968848495,31.510654791468554,31.619552479924728,31.74352122618669,31.882759725545316,32.037493761678235,32.207984226326595,32.394539032655956,32.597528622493257,32.817402892366729,33.054702889324545,33.310052325131544,33.58410584602705,33.877437669090327,34.19039048343096
1333,31.163039996319956,31.170183337371437,31.19162676826836,31.227410235186877,31.27759942126826,31.342284517462094,31.421578750784278,31.515616973039201,31.624554758984626,31.748568620724384,31.887858080754562,32.042650407140414,32.213208729835436,32.399843914331676,32.60292969255844,32.822918412391225,33.060350065686862,33.315839629533237,33.590022189106101,33.883444676135582,34.196426801359657
1334,31.167865031791031,31.175011390877245,31.196463819774333,31.23226210207973,31.282471670519719,31.347182413341031,31.426507260601088,31.52058085874171,31.629558784850758,31.753617903604606,31.892958595890075,32.047809636061722,32.218436389634618,32.405152610930351,32.60833511422944,32.828438220767957,33.066000106314583,33.321626400958799,33.595933087061923,33.889441859138834,34.202452002379367
1335,31.172692104601452,31.179841469103945,31.201302859309052,31.237115900002255,31.287345780639118,31.352082098368509,31.431437503409605,31.525546460002406,31.634564576140754,31.758669100639924,31.898061302450163,32.052971481256137,32.223667228813241,32.410465109589225,32.613744789190086,32.833962079692704,33.071652652849849,33.32741234211278,33.601838585900893,33.895429713970273,34.20846676301629
1336,31.177521206251367,31.184673563814194,31.206143879478649,31.241971623142323,31.292221748356397,31.356983572998971,31.436369484696872,31.530513788558292,31.639572151624584,31.76372223750823,31.903166231252509,32.058135973608294,32.228901265721198,32.415781388327041,32.619158608655226,32.839489753031529,33.07730737720977,33.333197205425975,33.607738753470748,33.901408693822432,34.214471685443534
1337,31.182352328419388,31.189507666961617,31.210986873115882,31.246829265965584,31.297099570733046,31.361886838055295,31.441303210314093,31.535482856438705,31.64458153019811,31.768777339701458,31.908273412301522,32.063303141780274,32.234138513650109,32.421101416502971,32.624576455706702,32.84502100937631,33.082963980350264,33.338980784949904,33.613633672721512,33.907379214365029,34.220467309620453
1338,31.18718546297092,31.194343770698833,31.21583183328632,31.251688823218878,31.301979245161181,31.366791894722436,31.446238686464099,31.540453675946409,31.649592730853335,31.773834432463207,31.913382874638941,32.068473011939624,32.239378980663389,32.426425155499153,32.629998207450576,32.850555624158979,33.088622190451652,33.344762909736801,33.619523437015765,33.913341658088001,34.226454122615586
1339,31.192020601966369,31.199181867384969,31.22067875329434,31.25655028993317,31.306860769362249,31.371698744540719,31.45117591968873,31.545426259637829,31.654605772644715,31.778893540716542,31.91849464618732,32.073645607523829,32.244622669553024,32.431752559513178,32.635423736932587,32.856093381129241,33.094281760956022,33.350543438274876,33.62540814655172,33.919296378062981,34.232432566280117
1340,31.196857737668868,31.204021949592907,31.225527626688642,31.261413661426111,31.311744141385276,31.376607389398849,31.456114916855714,31.550400620301737,31.659620674650505,31.783954688982615,31.923608753593538,32.078820949054652,32.249869577917792,32.437083576411666,32.640852914777788,32.861634073283611,33.099942468543972,33.356322253895591,33.631287905777768,33.925243701153136,34.238403043406514
1341,31.201696862551717,31.208864010116137,31.230378447267324,31.266278933304164,31.316629359604867,31.381517831526605,31.461055685145087,31.555376770936274,31.664637455929707,31.789017901293501,31.928725222078487,32.083999053997552,32.255119698323256,32.442418148595301,32.646285610612125,32.86717750344004,33.105604111127278,33.362099260867396,33.637162821431225,33.931183930828944,34.244365922885258
1342,31.206537969305312,31.213708041975178,31.23523120908256,31.271146101464335,31.321516422718691,31.38643007348719,31.465998232034828,31.560354724723776,31.669656135473993,31.794083201100229,31.933844075298559,32.089179936676025,32.26037301854678,32.447756213853339,32.651721694224271,32.872723484451932,33.11126650592518,33.367874381223153,33.64303300116805,33.937117349557795,34.250321543859336
1343,31.211381050843862,31.218554038423566,31.240085906444953,31.276015162095444,31.326405329744691,31.391344118169048,31.470942565285508,31.565334495002933,31.67467673215523,31.79915061117935,31.93896533522426,32.094363608237181,32.265629521877685,32.453097706171306,32.65716103650545,32.87827183920146,33.116929487684857,33.373647552111812,33.648898552541439,33.943044220876999,34.256270219215288
1344,31.216226100311527,31.223401992953608,31.244942533927293,31.280886111679063,31.331296080017808,31.396259968777169,31.475888692923821,31.570316095238788,31.679699264669765,31.804220153541493,31.944089022038778,32.099550076660293,32.270889187447743,32.458442556476527,32.662603510211945,32.88382240046095,33.122592907042453,33.37941872353548,33.654759582214254,33.948964791225677,34.262212238588873
1345,31.221073111088295,31.228251899301505,31.249801086368098,31.28575894698999,31.336188673186339,31.401177628823852,31.480836623224793,31.575299538989867,31.684723751480504,31.809291849344135,31.94921515405807,32.104739346804898,32.276151990582221,32.463790693318934,32.668048990566867,32.889375010635909,33.128256629017457,33.38518785645519,33.660616195397679,33.954879291543769,34.26814787090121
1346,31.22592207679546,31.233103751452322,31.254661558874744,31.290633665096429,31.341083109207894,31.406097102118697,31.485786364692718,31.580284839873709,31.68975021075774,31.814365718809256,31.954343747669284,32.1099314204873,32.28141790316041,32.469142043495395,32.673497355740906,32.894929521433667,33.133920531624163,33.390954921162312,33.666468495434074,33.960787938698402,34.274077366567347
1347,31.230772991300608,31.237957543644384,31.259523946826082,31.295510263359649,31.345979388344723,31.411018392757828,31.490737926040531,31.585272011529831,31.694778660319489,31.819441781149155,31.95947481729339,32.115126296590546,32.286686893979358,32.47449653259654,32.678948487190553,32.900485793463382,33.139584504635074,33.396719895952408,33.672316583530723,33.966690936709909,34.280000959335922
1348,31.235625848722307,31.242813270373301,31.264388245874688,31.300388739433266,31.3508775111586,31.415941505112116,31.495691316167708,31.590261067581281,31.699809117572805,31.824520054501033,31.964608375367973,32.120323971195432,32.291958929108354,32.479854085486991,32.68440226990279,32.906043695814418,33.145248448466916,33.402482765990946,33.678160558571292,33.972588477842201,34.285918867897941
1349,31.240480643434285,31.247670926395678,31.269254451948772,31.305269091262012,31.355777478505072,31.420866443814685,31.500646544136799,31.595252021595201,31.704841599457243,31.829600555871274,31.969744432347891,32.12552443772509,32.297233972227893,32.485214626725494,32.689858592568093,32.911603105629283,33.15091227317113,33.408243522330679,33.684000516983943,33.978480743583169,34.291831297310154
1350,31.245337370069318,31.252530506732263,31.274122561253556,31.310151317080145,31.360679291527095,31.425793213747159,31.505603619148737,31.60024488704271,31.70987612239124,31.834683301089651,31.974882996722151,32.130727687100297,32.30251198495079,32.490578080929758,32.69531734769199,32.91716390767391,33.156575897521478,33.41400216106851,33.689836552661831,33.984367905520813,34.297738440245531
1351,31.250196023522616,31.257392006670891,31.278992570272372,31.315035415409245,31.36558295164793,31.430721820025241,31.510562550517104,31.605239677258989,31.714912702221955,31.839768304773237,31.98002407504498,32.135933707901792,32.30779292712532,32.495944373090403,32.700778431651294,32.922725993908685,33.162239248192279,33.419758682628633,33.695668756928619,33.990250126125261,34.303640478087104
1352,31.255056598954948,31.262255421768867,31.283864475767217,31.319921385055636,31.370488460563561,31.435652267983297,31.515523347641576,31.610236405403512,31.719951354178928,31.8448555802991,31.985167671978459,32.141142486536445,32.313076757119923,32.501313428842202,32.706241744709885,32.928289263067768,33.167902259013033,33.425513091140566,33.701497218531927,33.996127559455694,34.309537581903939
1353,31.259919091795233,31.267120747855,31.288738274778904,31.324809225107153,31.375395820234132,31.440584563157884,31.520486019980549,31.615235084421208,31.724992092832537,31.849945139787884,31.990313790347944,32.146354007405655,32.318363432083316,32.506685174684513,32.71170719099171,32.93385362025446,33.173564870311452,33.431265393921706,33.70732202366527,34.002000351783337,34.315429913295688
1354,31.264783497742734,31.271987981031213,31.293613964626722,31.329698934929361,31.380305032874809,31.44551871127063,31.525450577023388,31.62023572700484,31.730034932057048,31.8550369940953,31.995462431205034,32.151568253071538,32.323652908184833,32.51205953816887,32.71717467843164,32.939418976553092,33.179227028315012,33.437015601021351,33.713143256002574,34.007868642161242,34.321317625157583
1355,31.26964981276884,31.276857117673625,31.298491542907577,31.334590514161196,31.385216100945787,31.450454718210128,31.530417028262441,31.62523834555919,31.735079884999401,31.860131152813228,32.000613593898827,32.156785204419251,32.328945140829788,32.517436448047697,32.722644118702142,32.944985248663201,33.184888684621463,33.44276372483607,33.718960996746468,34.013732562931501,34.327200862352321
1356,31.274518033118429,31.281728154433292,31.303371007494718,31.339483962710002,31.390129027141747,31.455392590013453,31.535385383165352,31.630242952167304,31.74012696405245,31.865227624276674,32.005767276149804,32.162004840812962,32.334240084857647,32.522815834403019,32.728115427132806,32.950552358551434,33.190549795707199,33.448509779759299,33.724775324680273,34.019592240198982,34.333079762334066
1357,31.279388155310741,31.286601088236452,31.308252356535871,31.344379280745923,31.39504381438045,31.460332332847116,31.540355651147625,31.635249558559188,31.745176180833582,31.870326415577836,32.010923474128127,32.167227140246311,32.339537694719922,32.528197628746483,32.73358852261368,32.95612023312222,33.196210322490344,33.454253781886791,33.730586316230145,34.025447794254788,34.338954455697902
1358,31.284260176139977,31.291475916284341,31.313135588450958,31.34927646869593,31.399960465791061,31.465273952987626,31.545327841545667,31.640258176082053,31.750227546166769,31.875427532584588,32.016082182534284,32.172452079487847,32.34483792464431,32.533581764102344,32.739063327490669,32.961688803902526,33.201870229927017,33.459995748753251,33.736394045531306,34.031299339970154,34.344825066686873
1359,31.289134092675198,31.296352636052497,31.318020701929218,31.354175527236919,31.404878984701462,31.470217456801844,31.550301963590616,31.645268815674111,31.755281070070964,31.88053097996626,32.021243394682045,32.177679634217633,32.350140728775557,32.538968175062756,32.744539767451599,32.967258006752161,33.207529486660817,33.465735699116117,33.742198584498063,34.037146987143451,34.350691713632507
1360,31.294009902259937,31.301231245289596,31.322907695925789,31.359076457288499,31.409799374625418,31.475162850727173,31.555278026383039,31.650281487840143,31.760336761751439,31.885636761221921,32.026407102581132,32.182909779157491,32.355446061305706,32.544356797834155,32.750017771411969,32.972827781586687,33.213188064693306,33.471473652755506,33.748000002893633,34.042990840828985,34.356554509371051
1361,31.298887602511275,31.306111742015826,31.32779656965781,31.363979260005117,31.414721639249073,31.480110141251689,31.560256038868452,31.655296202629948,31.765394629595828,31.890744878713644,32.031573297020763,32.188142488193755,32.360753876587204,32.549747570264394,32.755497271395001,32.978398072119639,33.218845939092972,33.477209630307982,33.753798368402428,34.048831001631612,34.362413561611348
1362,31.303767191318162,31.310994124520416,31.332687322599721,31.368883936767322,31.419645782416836,31.485059334894409,31.565236009814804,31.660312969621099,31.77045468117635,31.895855333704443,32.036741967651075,32.193377734486901,32.366064129224569,32.555140431852394,32.760978202413213,32.983968825631642,33.224503087745006,33.482943653130143,33.75959374670019,34.054667565966163,34.368268973255894
1363,31.308648666839645,31.31587839135911,31.337579954478304,31.373790489173057,31.424571808117477,31.490010438186054,31.570217947790713,31.665331797902248,31.775516923251718,31.900968126394595,32.041913103062186,32.19861549057979,32.37137677416785,32.56053532376216,32.766460502353816,32.989539992738905,33.230159491095982,33.488675743156428,33.765386201522219,34.060500626320433,34.374120842727642
1364,31.313532027502237,31.320764541350826,31.34247446526707,31.378698919028086,31.429499720469689,31.494963457650098,31.575201861145292,31.670352696060146,31.780581361774203,31.90608325596212,32.047086690861924,32.203855728495355,32.376691766787353,32.56593218881936,32.771944111862467,32.995111527185124,33.235815131938779,33.494405922789447,33.771175794732201,34.06633027148299,34.379969264248494
1365,31.318417271997117,31.325652573574008,31.347370855180309,31.383609228336319,31.434429523707642,31.499918399784114,31.580187757989055,31.675375672168222,31.785648001898302,31.911200720603716,32.052262717751688,32.209098419829736,32.382009062942558,32.571330971504523,32.77742897422921,33.000683385641345,33.24146999520736,33.500134214796432,33.776962586389132,34.072156586761814,34.385814328106171
1366,31.323304399276619,31.330542487362358,31.35226912466652,31.38852141928956,31.439361222166351,31.50487527104173,31.585175646176584,31.680400733778118,31.790716847992869,31.91632051757751,32.057441169599642,32.214343535836889,32.387328619038826,32.576731617936787,32.782915035276218,33.006255527522441,33.247124067796726,33.505860642224285,33.782746634813016,34.077979654180524,34.391656120891142
1367,31.328193408549787,31.335434282299673,31.357169274400921,31.393435494256611,31.444294820267,31.509834077815697,31.590165533291714,31.685427887915342,31.795787903657132,31.921442643246795,32.062622031509015,32.219591047501162,32.392650392069463,32.582134075848742,32.788402243251198,33.011827914825396,33.252777338411377,33.511585228333416,33.78852799664682,34.083799552649261,34.397494725700582
1368,31.333084299278674,31.34032795821533,31.362071305278779,31.398351455773028,31.449230322502586,31.514794826420378,31.595157426630966,31.690457141071427,31.800861171732798,31.926567093121633,32.0678052878892,32.224840925619915,32.397974339671784,32.587538294572127,32.793890548718466,33.017400511948324,33.258429797385112,33.517307996510802,33.794306726920304,34.089616358160612,34.403330222375942
1369,31.337977071172432,31.345223515177647,31.366975218406623,31.403269306529303,31.454167733423279,31.519757523076567,31.600151333193025,31.695488499205975,31.805936654326455,31.931693861904442,32.072990922516254,32.230093140857406,32.403300420145293,32.592944224997566,32.799379904460352,33.022973285563296,33.264081436575943,33.523028970235437,33.800082879106803,34.095430143918335,34.40916268765217
1370,31.34287172418178,31.350120953487629,31.371881015093955,31.408189049359674,31.459107057622386,31.524722173896713,31.605147259667703,31.700521967746319,31.811014352827833,31.936822943531354,32.078178918592769,32.235347663805122,32.408628592483275,32.598351819547993,32.804870265381297,33.028546204474161,33.269732249234004,33.528748173021334,33.805856505179115,34.101240980489528,34.41499219533911
1371,31.347768258493641,31.355020273672896,31.3767886968451,31.413110687230972,31.464048299722247,31.529688784869524,31.610145212423845,31.705557551586352,31.816094267928118,31.941954331215051,32.083369258810372,32.240604465044669,32.413958816404666,32.603761032149244,32.810361588407922,33.03411923947192,33.27538222986994,33.534465628363606,33.811627655667785,34.107048935956485,34.420818816501608
1372,31.352666674523896,31.359921476479808,31.381698265349552,31.418034223230691,31.468991464360755,31.534657361847657,31.615145197503107,31.710595255092748,31.821176399643736,31.947088017486156,32.088561925399922,32.245863515188617,32.419291052363185,32.609171818191406,32.81585383240386,33.039692363227729,33.281031374167313,33.540181359710324,33.817396379710651,34.112854076027951,34.426642619588378
1373,31.357566972910483,31.364824562865888,31.386609722472723,31.422959660555492,31.473936556178238,31.539627910535369,31.620147220612889,31.715635082109088,31.826260747337578,31.952223994233194,32.093756900183351,32.251124784926674,32.424625261563698,32.614584134494756,32.821346958082614,33.045265550176637,33.286679678883011,33.545895390426608,33.823162725103643,34.118656464160601,34.432463670574215
1374,31.3624691545064,31.369729533992224,31.391523070246638,31.427887002499673,31.478883579804293,31.544600436476099,31.625151287119252,31.720677035960581,31.831347309741073,31.957362252743113,32.098954164625042,32.256388245070312,32.429961405976179,32.619997939274093,32.826840927921083,33.050838776404291,33.292327141751038,33.55160774376079,33.828926738351313,34.124456161677777,34.438282033098474
1375,31.367373220371906,31.374636391215098,31.39643831086001,31.432816252443434,31.483832539845135,31.549574945041627,31.630157402042435,31.725721119461454,31.836436084977645,31.962502783740316,32.104153699877891,32.261653866589143,32.435299448342064,32.625413192100716,32.832335706079284,33.056412019547757,33.297973761402744,33.557318442820176,33.834688464713842,34.130253227872544,34.444097768584015
1376,31.372279171765346,31.37954513607643,31.401355446647703,31.437747413841489,31.488783440872737,31.554551441424472,31.635165570056603,31.73076733492605,31.841527070587151,31.967645577421429,32.109355486819311,32.266921620633646,32.440639352169519,32.630829853863297,32.837831258333019,33.061985258720178,33.303619537311242,33.563027510559166,33.840447948246776,34.136047720086786,34.449910936326908
1377,31.37718701013689,31.384455770296796,31.406274480081802,31.442680490211426,31.493736287410872,31.55952993062397,31.640175795480687,31.735815684171392,31.846620263546946,31.972790623497481,32.114559506107575,32.272191478587182,32.445981081754162,32.636247886733877,32.843327551981012,33.067558474384398,33.309264469681303,33.568734969737875,33.846205231855123,34.141839693843288,34.455721593651468
1378,31.382096737116683,31.389368295763433,31.411195413759625,31.447615485122714,31.498691083927294,31.564510417444861,31.645188082286548,31.740866168536115,31.851715660298705,31.977937911220693,32.119765738197671,32.277463412061422,32.451324602151971,32.641667254125608,32.848824555802246,33.07313164832469,33.314908559443083,33.574440842936006,33.851960357319562,34.147629202876317,34.461529795940386
1379,31.387008354508531,31.394282714523296,31.416118250394845,31.452552402185216,31.503647834820047,31.569492906483617,31.650202434090055,31.745918788883049,31.856813256769328,31.983087429426305,32.124974163397326,32.282737392947979,32.456669879199588,32.647087920658912,32.854322239963899,33.078704763521536,33.320551808143222,33.580145152512195,33.857713365350122,34.153416299262524,34.467335596788296
1380,31.39192186427838,31.399199028771456,31.421042992805976,31.457491245038739,31.508606544410121,31.574477402127123,31.655218854158615,31.750973545616652,31.861913048395685,31.988239166557982,32.130184761883413,32.288013393417209,32.462016879492204,32.652509852123174,32.859820575978425,33.084277804117676,33.326194217930173,33.585847920611826,33.863464295612857,34.159201033458622,34.473139048041219
1381,31.396837268549667,31.404117240845974,31.425969643910165,31.462432017345527,31.513567216933708,31.579463908547215,31.660237345411993,31.756030438694914,31.867015030151126,31.993393110707725,32.135397513747485,32.293291385953985,32.467365570391323,32.657933015443056,32.865319536630182,33.089850755326481,33.331835791478944,33.591549169141821,33.869213186474724,34.164983307790799,34.478931362858248
1382,31.401754569578252,31.409037353202898,31.430898206698277,31.467374722766536,31.518529856521177,31.584452429684632,31.665257910413452,31.761089467628498,31.872119196550859,31.998549249622972,32.140612398997234,32.298571343346367,32.472715919996645,32.663357378636078,32.870819095927772,33.095423603392256,33.337476531972378,33.597248919443366,33.874960034269527,34.170761921315702,34.484714229431596
1383,31.406673769764925,31.413959368428312,31.435828684246236,31.472319364971913,31.523494467208213,31.589442969263601,31.670280551391706,31.766150631514325,31.877225541699516,32.003707570765499,32.145829397617561,32.303853238733424,32.478067897163548,32.668782910788842,32.876319229041705,33.100996335507972,33.343116442890732,33.602947183564382,33.880704657770458,34.176536089929492,34.490490278581817
1384,31.411594871630804,31.41888328921376,31.44076107969035,31.477265947617202,31.528461052914288,31.594435530774739,31.675305270230766,31.771213929033664,31.882334059296468,32.008868061319781,32.151048489574848,32.309137045597367,32.483421471477598,32.674209582014356,32.881819912252581,33.106568939728206,33.348755526246606,33.608643940441397,33.886446802285121,34.182305737869356,34.496260477376261
1385,31.416517877810776,31.423809118349581,31.445695396220746,31.48221447433745,31.533429617438987,31.599430117475993,31.680332068477991,31.776279358469125,31.887444742661213,32.01403070822284,32.15626965484357,32.314422737777242,32.48877661324714,32.679637363420802,32.88732112289135,33.112141404564646,33.354393777801761,33.614339133904636,33.892186273600394,34.188070963453548,34.502025402298003
1386,31.421442791043443,31.428736858714849,31.450631637071432,31.487164948738112,31.538400164455282,31.604426732390461,31.685360947348794,31.781346917717656,31.892557584754048,32.019195498188587,32.161492873427086,32.319710289477342,32.494133293491977,32.685066227076298,32.892822839219981,33.117713717943012,33.360031183393986,33.620032691978309,33.897922949442332,34.193831904809599,34.507785454833886
1387,31.426369614160912,31.433666513267173,31.455569805510386,31.492117374386204,31.543372697503273,31.609425378304799,31.690391907731861,31.786416604303856,31.897672578196399,32.024362417731034,32.166718125376896,32.324999675274114,32.499491483930846,32.69049614596161,32.898325040167762,33.12328586586829,33.365667719317464,33.625724542975917,33.903656760987104,34.199588704049191,34.513540940112314
1388,31.431298350078858,31.43859808503284,31.460509904830054,31.497071754802,31.548347219984503,31.614426057768149,31.69542495019471,31.791488415392948,31.902789715290201,32.029531453186273,32.171945390810102,32.330290870121488,32.504851156965991,32.695927093892237,32.903827704931452,33.128857831547464,33.371303355116957,33.631414623205465,33.909387675916683,34.205341497378804,34.519292102231724
1389,31.436229001786209,31.443531577096635,31.465451938337694,31.502028093450768,31.553323735156617,31.619428773091634,31.700460074989707,31.796562347804315,31.907908988037349,32.034702590733481,32.177174649925959,32.335583849354684,32.510212285659279,32.701359045392451,32.909330812532176,33.134429595184997,33.37693805679546,33.637102879753911,33.915115686067139,34.211090412077517,34.52503914456711
1390,31.441161572335517,31.448466992592284,31.470395909346433,31.506986393735332,31.558302246128719,31.624433526348323,31.705497282060243,31.801638398024121,31.91303038815758,32.03987581641433,32.182405883020181,32.340878588690934,32.515574843696527,32.706791975537847,32.914834341478866,33.14000113433228,33.382571789313253,33.642789270502419,33.920840799684484,34.216835566424415,34.530782240722623
1391,31.446096064832862,31.453404334692657,31.475341821166111,31.511946658988531,31.563282755857049,31.629440319373632,31.710536571047342,31.806716562218629,31.918153907106682,32.045051116151804,32.187639070498122,32.346175064226095,32.520938805335057,32.712225859779622,32.920338269561434,33.145572424510661,33.388204518433561,33.648473763217787,33.926563035893189,34.222577070210257,34.536521542299816
1392,31.451032482428158,31.458343606600174,31.480289677094646,31.516908892466283,31.568265267141005,31.634449153766159,31.715577941296427,31.811796836246966,31.92327953609357,32.050228475767774,32.192874192885903,32.351473252425237,32.526304145338727,32.717660673786611,32.925842573798491,33.151143439908353,33.393836211843016,33.654156334262815,33.932282421159719,34.228315025565735,34.542257183802228
1393,31.455970828305592,31.463284811537555,31.48523948040949,31.521873097341025,31.573249782619857,31.639460030888909,31.720621391864277,31.81687921567384,31.928407266096926,32.055407880999148,32.198111230838691,32.356773130107008,32.531670838905058,32.723096393318549,32.931347230499291,33.156714154043044,33.399466839784701,33.659836967274323,33.937998986892431,34.23404952780399,34.547989286080231
1394,31.460911105674047,31.46822795273858,31.49019123435944,31.526839276695341,31.578236304769629,31.644472951870938,31.725666921526287,31.821963695782156,31.933537087881227,32.060589317513148,32.203350165146439,32.362074674421351,32.537038861591554,32.728532994140323,32.936852215399533,33.16228454032165,33.405096375363868,33.665515651983057,33.943712767742319,34.2397806661658,34.553717958929816
1395,31.465853317758107,31.473173033439295,31.495144942156887,31.531807433516253,31.583224835900548,31.649487917609168,31.730714528783516,31.827050271585051,31.938668992011657,32.065772770920205,32.208590976735408,32.367377862823098,32.54240818925043,32.733970451982387,32.942357503836668,33.167854572465735,33.41072479460599,33.671192383221346,33.949423800510935,34.245508524468399,34.559443302884048
1396,31.470797467788994,31.478120056869312,31.50010060697015,31.536777570689697,31.588215378154857,31.654504928770709,31.735764211870119,31.832138937837978,31.943802968868496,32.070958226785727,32.213833646667339,32.372682673043336,32.547778797972917,32.73940874252925,32.947863070929834,33.173424224852518,33.416352076423706,33.67686716004679,33.955132123295726,34.251233181690985,34.565165410697617
1397,31.475743558995724,31.483069026243356,31.505058231916209,31.541749690995257,31.59320793350485,31.659523985795328,31.740815968760781,31.837229689050474,31.948939008660812,32.076145670640059,32.219078156135446,32.377989083060299,32.553150664044544,32.744847841433007,32.953368891759446,33.178993472769726,33.421978202496476,33.682539985000268,33.960837774876332,34.256954712481054,34.570884368521035
1398,31.480691594596543,31.488019944753038,31.510017820053612,31.546723797101368,31.598202503751317,31.664545088898077,31.74586979717807,31.842322519497447,31.954077101439132,32.081335087986588,32.224324486458571,32.383297071071276,32.55852376391281,32.750287724347366,32.958874941535129,33.18456229259084,33.427603157094794,33.688210863493346,33.9665407942923,34.262673187588582,34.576600256808106
1399,31.485641577790656,31.492972815559011,31.514979374375898,31.551699891560872,31.603199090522427,31.669568238072358,31.750925694599953,31.847417423230347,31.959217237106841,32.086526464307887,32.229572619073153,32.388606615467843,32.563898074168875,32.755728366977266,32.96438119574281,33.190130661876132,33.433226926875037,33.693879803317671,33.972241220569401,34.268388674232419,34.582313151005479
1400,31.490593511750202,31.497927641783264,31.519942897805155,31.556677976806846,31.608197695272771,31.674593433093136,31.755983658267123,31.852514394087397,31.964359405430777,32.091719785070048,32.234822535524344,32.393917694814157,32.569273571540045,32.761169745134993,32.969887630266875,33.19569855942779,33.438849500678685,33.699546814238261,33.977939092515449,34.274101236418751,34.588023122127581
1401,31.495547399612505,31.502884426501865,31.524908393186045,31.561658055148861,31.613198319282798,31.679620673520144,31.76104368519033,31.857613425703839,31.969503596050572,32.096915035725956,32.24007421745754,32.399230287830733,32.57465023289091,32.766611834795555,32.975394221488848,33.201265965316914,33.444470869344201,33.705211907647289,33.98363444855574,34.279810935222052,34.593730237259422
1402,31.500503244472572,31.507843172737871,31.529875863279994,31.566640128769421,31.618200963658499,31.68464995870147,31.766105772157573,31.862714511521329,31.974649798487128,32.102112201717226,32.245327646610029,32.404544373381981,32.580028035230626,32.772054612149837,32.980900946367214,33.206832860888348,33.45009102552887,33.710875096270279,33.989327326608965,34.2855178290339,34.599434559985731
1403,31.505461049375999,31.512803883454623,31.534845310759817,31.571624199720823,31.623205629331316,31.689681287777056,31.771169915741059,31.867817644796769,31.979798002149835,32.107311268475513,32.250582804804182,32.409859930469011,32.585406955725851,32.777498053654575,32.986407782497025,33.212399228740601,33.45570996353829,33.716536393932941,33.995017764015543,34.291221973774142,34.605136150727951
1404,31.510420817311822,31.517766561549081,31.539816738204387,31.576610269922085,31.628212317058171,31.694714659682361,31.776236112304183,31.872922818611062,31.984948196343822,32.112512221423671,32.255839673940677,32.415176938222352,32.590786971713236,32.782942136081559,32.991914708168721,33.217965052707115,33.461327679160377,33.722195815327275,34.000705797459659,34.296923423102179,34.610835067087173
1405,31.515382551206031,31.522731209845773,31.544790148093956,31.581598341156507,31.63322102742195,31.699750073152117,31.781304358008136,31.878030025876718,31.990100370275336,32.11771504597575,32.261098235994062,32.420495375902391,32.596168060720316,32.788386836560569,32.997421702394831,33.223530317801114,33.466944169516573,33.727853375870815,34.006391462965922,34.302622228569845,34.616531364050282
1406,31.520346253915367,31.527697831091007,31.549765542805638,31.586588415069262,31.638231760832078,31.704787526724093,31.786374648818221,31.883139259345004,31.995254513056764,32.122919727537322,32.26635847300934,32.425815222901463,32.601550200485754,32.793832132615677,33.002928744928042,33.229095010164691,33.472559432933494,33.733509091572621,34.012074795878966,34.308318439767213,34.622225094206676
1407,31.525311928221278,31.532666427947269,31.554742924609158,31.591580493165427,31.643244517525304,31.709827018742857,31.791446980510067,31.888250511612732,32.000410613711352,32.128126251506025,32.271620367100432,32.431136458747858,32.606933368977892,32.799278002195628,33.00843581627376,33.234659117021842,33.478173468824835,33.739162978907821,34.017755830843512,34.314012104460517,34.627916307954095
1408,31.530279576824043,31.537637002987825,31.559722295662791,31.596574576808003,31.648259297566494,31.714868547363533,31.796521348675608,31.893363775128776,32.005568661177641,32.133334603272168,32.27688390044888,32.436459063110526,32.612317544414573,32.804724423703021,33.013942897697959,33.240222626624401,33.483786277575661,33.744815054710493,34.023434601800652,34.319703268718428,34.63360505367509
1409,31.53524920233756,31.542609558691971,31.564703658009925,31.601570667216492,31.653276100849776,31.719912110555519,31.80159774872854,31.898479042199572,32.010728644313005,32.13854476821988,32.28214905530595,32.441783015808198,32.617702705281189,32.810171376009848,33.019449971217362,33.245785528199818,33.48939786045667,33.750465336099566,34.029111141988103,34.325391977012067,34.639291377878884
1410,31.540220807284204,31.547584097440232,31.569687013575482,31.606568765465468,31.65829492709965,31.72495770610616,31.806676175909804,31.903596304994721,32.015890551897641,32.143756731728843,32.287415813994215,32.447108296816069,32.623088830346127,32.81561883847597,33.024957019597736,33.251347811901198,33.495008219528522,33.756113840396438,34.034785483945136,34.331078272320404,34.644975325342052
1411,31.545194394090174,31.552560621510235,31.574672364163089,31.611568872483588,31.66331577587237,31.730005331624231,31.811756625292453,31.908715555551908,32.021054372638062,32.148970479176384,32.292684158911115,32.452434886274965,32.628475898675738,32.821066790958874,33.030464026338628,33.256909468753605,33.500617357567883,33.761760585076118,34.040457659528485,34.336762196210294,34.650656939210783
1412,31.55016996508019,31.557539133071767,31.57965971145142,31.61657098905205,31.668338646556961,31.735054984543698,31.816839091787308,31.913836785782699,32.026220095171055,32.154185995938832,32.297954072530132,32.457762764498383,32.633863889651373,32.826515213833204,33.035970975671226,33.262470490604599,33.506225277971865,33.767405587678667,34.04612769990878,34.342443788946724,34.65633626115703
1413,31.55514752247435,31.562519634184085,31.584649056992628,31.621575115804649,31.673363538377053,31.740106662126969,31.821923570146687,31.918959987475894,32.031387708066539,32.159403267395703,32.30322553740892,32.463091911984215,32.639252782977493,32.831964087981902,33.041477852523172,33.268030870073247,33.51183198472485,33.773048865817664,34.051795635606943,34.348123089526204,34.662013331403379
1414,31.560127068383213,31.5675021267914,31.589640402209081,31.626581253226487,31.678390450392072,31.745160361468422,31.827010054969669,31.924085152303011,32.036557199831741,32.164622278931724,32.308498536191244,32.468422309421307,32.644642558695722,32.837413394810696,33.046984642514104,33.273590600505337,33.517437482313611,33.778690437100622,34.057461496490909,34.353800135777689,34.667688188866471
1415,31.565108604804553,31.572486612720045,31.594633748391651,31.631589401653901,31.683419381498943,31.750216079497662,31.832098540705999,31.929212271821907,32.041728558914379,32.169843015940955,32.313773051614312,32.473753937699954,32.650033197192549,32.842863116241304,33.052491331925197,33.279149675926611,33.523041775689912,33.784330319123505,34.06312531180204,34.359474964405273,34.673360871201901
1416,31.570092133620395,31.577473093675817,31.599629096698077,31.636599561274394,31.688450330433749,31.755273812982587,31.837189021659949,31.934341337480948,32.046901773706708,32.17506546383143,32.319049066514509,32.479086777918461,32.655424679202937,32.848313234706218,33.057997907680381,33.284708091009584,33.528644870229208,33.789968529441587,34.068787110164934,34.365147611043405,34.679031414876235
1417,31.575077656592683,31.582461571240113,31.604626448150334,31.641611732125824,31.693483295773135,31.760333558532853,31.842281491995109,31.939472340623634,32.052076832549012,32.180289608027714,32.324326563831818,32.484420811392276,32.660816985823409,32.853763733155098,33.063504357328178,33.290265841022112,33.534246771664485,33.795605085528557,34.074446919604107,34.370818110329772,34.684699855258955
1418,31.58006517536171,31.587452046868691,31.609625803634223,31.646625914097132,31.698518275936131,31.765395312602532,31.847375945737451,31.944605272491973,32.0572537237341,32.185515433977343,32.329605526617314,32.489756019658657,32.666210098507385,32.859214595037322,33.06901066901667,33.295822921804685,33.539847486073576,33.801240004777249,34.080104767559199,34.376486495931239,34.690366226650887
1419,31.585054691442494,31.59244452188836,31.614627163897175,31.651642106927923,31.703555269185721,31.770459071493441,31.852472376779666,31.949740124231006,32.062432435510942,32.190742927153927,32.334885938037701,32.495092384484508,32.671603999074634,32.864665804304202,33.074516831474398,33.30137932972535,33.545447019824536,33.806873304468027,34.085760680901373,34.3821528006061,34.696030562361855
1420,31.590046206222585,31.597438997495175,31.619630529547376,31.6566603102088,31.708594273630556,31.775524831357973,31.857570778884678,31.954876886892606,32.067612956089022,32.195972073062507,32.34016778138151,32.500429887871455,32.67699866971077,32.870117345398356,33.080022833988394,33.306935061650385,33.551045379548967,33.812505001758389,34.091414685948692,34.387817056241808,34.70169289475502
1421,31.595039720960713,31.602435474753314,31.62463590105337,31.661680523382024,31.713635287226769,31.780592588201856,31.862671145689095,31.960015551439348,32.072795273642754,32.201202857244553,32.345451040064106,32.505768512058864,32.68239409296504,32.875569203241952,33.085528666382125,33.312490114918255,33.556642572124595,33.818135113682665,34.097066808482367,34.393479293881967,34.707353255276445
1422,31.600035236782382,31.607433954591137,31.629643278741423,31.666702745740846,31.71867830777942,31.78566233788754,31.867773470707572,31.965156108748797,32.077979376315007,32.206435265281691,32.350735697633965,32.511108239534067,32.687790251760894,32.881021363238276,33.091034318995469,33.318044487292568,33.562238604614016,33.823763657111328,34.102717073761418,34.399139543798078,34.713011674546486
1423,31.605032754681627,31.612434437803035,31.634652662797514,31.671726976431668,31.723723332944665,31.790734076136175,31.872877747335149,31.970298549617016,32.083165252222493,32.211669282802156,32.356021737776281,32.51644905302728,32.693187129378494,32.886473811245338,33.096539782663079,33.323598176963138,33.567833484293708,33.829390648787808,34.108365506536842,34.404797835471442,34.718668182328905
1424,31.61003227551517,31.617436925044117,31.639664053263626,31.676753214452606,31.728770360231056,31.795807798531396,31.877983968852128,31.97544286476295,32.088352889458911,32.216904895483992,32.361309144320138,32.521790935525772,32.698584709472598,32.891926533583984,33.102045048693256,33.329151182484786,33.573427218571105,33.835016105272658,34.114012131068982,34.410454197685034,34.724322807648043
1425,31.615033800005779,31.622441416833517,31.644677450040906,31.681781458656317,31.733819387001827,31.800883500521095,31.883092128426128,31.980589044831991,32.093542276100628,32.222142089061144,32.366597901239622,32.527133870263341,32.703982976048138,32.897379517008211,33.107550108852799,33.334703502794802,33.579019815030165,33.840640042986912,34.119656971135633,34.416108658490465,34.729975578740252
1426,31.620037328736245,31.62744791354897,31.649692852885824,31.686811707748614,31.738870410476217,31.805961177421068,31.888202219116788,31.985737080400202,32.098733400209881,32.227380849327432,32.371887992662536,32.532477840736099,32.70938191347831,32.902832748710559,33.113054955340388,33.34025513714829,33.584611281352487,33.846262478164853,34.12530005005334,34.421761245295158,34.735626523163326
1427,31.625042862152934,31.632456415430266,31.654710261413424,31.691843960291308,31.743923427731751,31.81104082441697,31.893314233878197,31.990886961978184,32.103926249840093,32.232621162140873,32.377179402868592,32.537822830689677,32.71478150648128,32.908286216298855,33.118559580780158,33.345806085138079,33.590201625354538,33.851883426884832,34.130941390681222,34.427411984836468,34.741275667759425
1428,31.63005040056067,31.637466922574674,31.659729675094219,31.696878214701215,31.748978435705673,31.816122436567671,31.898428165563054,31.996038680015005,32.109120813039652,32.237863013429177,32.382472116299347,32.543168824133559,32.72018174013261,32.913739907793087,33.124063978190598,33.351356346638063,33.595790854928048,33.857502905039716,34.136581015443191,34.433060903251338,34.746923038740135
1429,31.635059944125803,31.642479434939947,31.664751093257006,31.701914469252699,31.754035431197195,31.821206008807529,31.903544006925664,32.001192224902233,32.114317077856242,32.243106389191887,32.387766117554314,32.548515805329004,32.725582599847385,32.919193811610711,33.129568140982641,33.356905921816789,33.601378978062073,33.863120928354697,34.142218946330942,34.43870802606282,34.752568661666665
1430,31.640071492872096,31.647493952340671,31.669774515086537,31.706952722077226,31.759094410869004,31.826291535949402,31.908661750625591,32.006347586977803,32.119515032341447,32.248351275507119,32.393061391401069,32.553863758800418,32.730984071386146,32.924647916556957,33.135072062928863,33.362454811091567,33.606966002799986,33.86873751236913,34.147855204924625,34.444353378235022,34.758212561515634
1431,31.645085046683519,31.652510474451017,31.674799939626137,31.711992971165785,31.764155371249636,31.831379012687282,31.913781389230873,32.011504756529867,32.124714664554034,32.253597658532215,32.398357922770572,32.559212669324708,32.736386140841205,32.930102211814237,33.140575738161715,33.368003015137383,33.612551937255319,33.874352672450485,34.153489812396053,34.449996984164308,34.763854762665609
1432,31.650100605300832,31.657529000801727,31.679827365775832,31.717035214368678,31.769218308734924,31.836468433599034,31.918902915221608,32.016663723800839,32.129915962565121,32.258845524510782,32.403655696766322,32.56456252193987,32.741788794638587,32.935556686930688,33.146079161145714,33.37355053484783,33.618136789575459,33.879966423779521,34.159122789527821,34.455638867727792,34.769495288954658
1433,31.655118168324883,31.662549530783355,31.684856792295392,31.722079449398269,31.774283219590572,31.841559793149109,31.924026320993001,32.021824478990631,32.135118914460463,32.264094859771994,32.408954698658569,32.569913301933951,32.747192019524697,32.941011331810216,33.151582326677186,33.379097371347683,33.623720567962245,33.885578781366817,34.164754156714835,34.461279052269219,34.775134163660745
1434,31.660137735212107,31.667572063642233,31.689888217801645,31.727125673828198,31.779350099953369,31.846653085691315,31.929151598859193,32.026987012261422,32.140323508346675,32.269345650739382,32.414254913895626,32.575264994855765,32.752595802569921,32.94646613670087,33.157085229852491,33.384643525945151,33.629303280625884,33.891189760032951,34.170383933986599,34.466917560657983,34.78077140957182
1435,31.665159305278593,31.672596598484432,31.694921640772094,31.732173885096557,31.784418945833991,31.851748305471521,31.934278741056087,32.032151313740336,32.145529732352593,32.274597883928735,32.419556328096419,32.580617586502299,32.758000131154397,32.951921092185842,33.162587866071632,33.390189000150478,33.63488493581076,33.896799374426578,34.176012141006069,34.472554415268988,34.786407048959198
1436,31.670182877698409,31.677623134274359,31.6999570595443,31.73722408050638,31.789489753118669,31.856845446630384,31.939407739744908,32.037317373523621,32.150737574634121,32.279851545953484,32.424858927055702,32.585971062921629,32.76340499296537,32.95737618917213,33.16809023101753,33.395733795650116,33.640465541773985,33.902407639018335,34.181638797084517,34.478189638014804,34.792041103614672
1437,31.675208451502645,31.682651669834033,31.7049944723158,31.742276257226468,31.794562517571045,31.861944503206114,31.944538587015643,32.042485181680625,32.155947023378467,32.285106623529003,32.430162696747487,32.59132541041393,32.768810375993525,32.962831418880143,33.173592320638811,33.401277914286254,33.646045106769229,33.908014568097101,34.187263921194322,34.483823250371643,34.797673594880322
1438,31.680236025583906,31.687682203847416,31.710033877147996,31.747330412294783,31.799637234835121,31.867045469137235,31.949671274889688,32.04765472825585,32.161158066804354,32.290363103468927,32.435467623316143,32.596680615518217,32.77421626851995,32.96828677283812,33.179094131157839,33.406821358077785,33.651623639071211,33.913620175784956,34.192887531965475,34.489455273358857,34.803304543622261
1439,31.685265598690897,31.692714734855549,31.715075271962856,31.752386542617185,31.804713900436138,31.872148338265252,31.954805795324031,32.052826003274802,32.16637069317035,32.295620972696831,32.440773693090591,32.602036665024677,32.779622659118154,32.973742242864795,33.184595659030698,33.412364129166924,33.657201146929978,33.919224476021753,34.198509647712335,34.495085727600504,34.808933970302434
1440,31.690297169433318,31.697749261261276,31.720118654547129,31.757444644971073,31.80979250978368,31.877253104337438,31.959942140213752,32.057998996745546,32.171584890773978,32.300880218241026,32.446080892573896,32.607393545960882,32.785029536642227,32.979197821066904,33.190096900958714,33.417906229842075,33.662777638594996,33.92482748257838,34.204130286428402,34.50071463330363,34.814561894951524
1441,31.695330736285374,31.702785781332839,31.7251640225562,31.762504716009651,31.814873058176442,31.882359761012065,31.965080301397336,32.063173698663739,32.176800647955943,32.3061408272373,32.45138920844375,32.61275124558945,32.790436890222054,32.984653499832149,33.195597853880102,33.42344766252986,33.66835312231003,33.930429209055887,34.20974946351064,34.506340860860206,34.820119054534281
1442,31.700366297573382,31.707824293191813,31.730211373502968,31.767566752252112,31.819955540793835,31.887468301851303,31.970220270650994,32.068350099008505,32.182017953097834,32.311402786928625,32.456698627553472,32.618109751408021,32.795844709257679,32.990109271814582,33.201098514946985,33.428988429770151,33.673927606290384,33.936029666253823,34.215366871716334,34.511954643022889,34.82561832199228
1443,31.705403851493156,31.712864794830555,31.735260704775296,31.772630750101069,31.8250399527134,31.892578720338566,31.975362039705523,32.073528187758164,32.187236794635758,32.316666084675219,32.462009136937269,32.623469051149101,32.801252983415282,32.995565129928849,33.206598881519959,33.434528534205356,33.679501097639331,33.941628793810963,34.220980819720239,34.517549488919876,34.831079974026316
1444,31.710443396100668,31.717907284102868,31.740312013627008,31.777696705834121,31.830126288903074,31.897691009871494,31.980505600239997,32.078707954884528,32.192457161054804,32.321930707948923,32.467320723803859,32.628829132772836,32.806661702618733,33.001021067341505,33.21209895115755,33.440067978257659,33.685073588636911,33.947226273727722,34.22658904636593,34.523124473087023,34.836511251902635
1445,31.715484929315451,31.722951758727607,31.745365297181845,31.78276461560819,31.835214544225924,31.902805163767052,31.985650943887094,32.083889390357982,32.197679040893462,32.327196644336055,32.472633375537271,32.63418998446474,32.812070857044347,33.006477077461952,33.217598721525746,33.445606761361077,33.690645019571114,33.95282151453231,34.232189771135566,34.528680045058721,34.841916344629013
1446,31.720528448921637,31.727998216289791,31.750420552434765,31.787834475461299,31.840304713442396,31.907921175264256,31.990798062236014,32.089072484150385,32.202902422745957,32.332463881538608,32.477947079695909,32.639551594632472,32.817480437114654,33.011933153915194,33.223098189820135,33.451144872093444,33.696215250194669,33.958413803142591,34.237781783727876,34.534216973815866,34.847298082619496
1447,31.725573952569011,31.73304665424174,31.755477776253411,31.792906281314362,31.845396791212615,31.913039037526797,31.995946946835357,32.094257226237829,32.208127295264426,32.337732407375157,32.483261824011635,32.644913951902254,32.822890433488077,33.017389290413796,33.228597351050055,33.45668227816244,33.701784063003814,33.964002429915922,34.243364299593246,34.539736070565802,34.852658546371963
1448,31.730621437774165,31.738097069904292,31.7605369653796,31.797980028973054,31.85049077209862,31.918158743645687,32.001097589195957,32.099443606603337,32.213353647160815,32.343002209781559,32.488577596388645,32.650277045114521,32.82830083702725,33.02284548037381,33.234096195201772,33.462218919775736,33.707351185410531,33.96958675039712,34.248936825367117,34.545238107347352,34.85799935046191
1449,31.735670901921587,31.743149460468086,31.765598116430777,31.80305571412973,31.855586650566693,31.923280286641891,32.00624998079364,32.104631615239377,32.218581467208992,32.34827327681171,32.493894384901964,32.655640863314737,32.833711638708976,33.028301716168471,33.239594704145993,33.467754708451714,33.712916314697509,33.975166206014244,34.254499064142401,34.55072379535671,34.863321795843667
1450,31.740722342265048,31.748203822994896,31.770661225901687,31.808133332365291,31.8606844209896,31.928403659468945,32.011404113071961,32.109821242150431,32.223810744246428,32.353545596637879,32.499212177795002,32.661005395730896,32.839122829433876,33.033757988089931,33.245092849226545,33.473289529979979,33.718479138350993,33.980740325095823,34.260050851939148,34.556193782621378,34.868626960849504
1451,31.74577575592879,31.75326015441901,31.775726290165917,31.813212879151145,31.865784077648929,31.933528855015485,32.016559977444814,32.11501247735535,32.229041467175776,32.358819157550933,32.504530963473663,32.666370631724448,32.844534399715393,33.039214283207194,33.250590589990551,33.478823249605277,33.724039348280826,33.98630871523364,34.265592115965759,34.561648658445272,34.873915758328664
1452,31.750831139908946,31.758318451548647,31.780793305477541,31.81829434985119,31.870885614737364,31.938655866107798,32.021717565299056,32.120205310889681,32.234273624966598,32.364093947959539,32.509850730493838,32.671736560702371,32.849946339268406,33.044670584336366,33.256087874041128,33.484355717730018,33.729596649843145,33.991871053346259,34.271122846264603,34.567088959359971,34.879188974712505
1453,31.755888491074916,31.763378711067478,31.785862267972863,31.823377739723728,31.875989026360966,31.943784685512377,32.026876867997096,32.125399732807843,32.239507206656299,32.369369956387722,32.515171467537428,32.677103171985628,32.855358636542427,33.050126869255429,33.26158463775684,33.489886775300874,33.735150767049042,33.997427075411302,34.276643076518681,34.572515175391189,34.884447296986025
1454,31.760947806170844,31.768440929536123,31.790933173672105,31.828463043923577,31.881094306541492,31.948915305938378,32.03203787687918,32.13059573318521,32.244742201351094,32.374647171469022,32.520493163372741,32.682470454634846,32.860771278251384,33.055583110238224,33.267080807607712,33.495416258406024,33.740701444973894,34.002976567199731,34.282152871006623,34.577927755664113,34.889691332096469
1455,31.766009081817128,31.773505103393745,31.79600601848114,31.833550257503997,31.886201449218643,31.954047720040077,32.037200583266063,32.135793302120042,32.249978598225489,32.379925581935609,32.525815806796388,32.687838397247035,32.866184248954177,33.061039273894743,33.272576301734532,33.50094400195664,33.746248450583543,34.008519356274547,34.287652315202777,34.583327113360625,34.894921621655683
1456,31.771072314511954,31.77857122895967,31.8010807981934,31.838639375418776,31.891310448252362,31.959181920419272,32.042364978461059,32.140992429734965,32.255216386520587,32.38520517660114,32.531139386558138,32.693206987737959,32.871597530710076,33.066495321260874,33.278071031620144,33.50646984257952,33.75179157249196,34.014055305089961,34.293141509119209,34.588713630054635,34.900138653121552
1457,31.776137500632917,31.783639302434999,31.806157508491548,31.843730392524243,31.896421297425125,31.964317899627698,32.047531053752458,32.146193106178067,32.260455555540027,32.390485944335161,32.536463891268689,32.698576213124092,32.877011102835745,33.07195120811334,33.283564903729491,33.511993620705155,33.757330619971633,34.019584305321857,34.298620562736559,34.594087659364675,34.905342868239288
1458,31.781204636438613,31.788709319904349,31.811236144949401,31.848823303581408,31.901533990444161,31.969455650169326,32.052698800415328,32.151395321623312,32.265696094642905,32.395767874029552,32.541789309296597,32.703946059320124,32.882424941759744,33.077406885416408,33.289057821010744,33.51751518207795,33.762865421706806,34.025106273110033,34.304089592529806,34.599449530118413,34.910534669919215
1459,31.786273718070365,31.793781277337583,31.816316703033845,31.8539181032579,31.906648520943694,31.974595164502595,32.057868209713412,32.156599066269557,32.270937993232835,32.401050954556354,32.547115628658631,32.709316510964996,32.887839020977275,33.082862299859272,33.294549684213429,33.523034378764244,33.768395824387717,34.030621145127917,34.309548718985013,34.604799549050838,34.915714427678083
1460,31.791344741553907,31.798855170591509,31.821399178106613,31.859014786130174,31.911764882487208,31.979736435042625,32.063039272900433,32.161804330338541,32.276181240743661,32.406335174719651,32.552442836910039,32.714687551276029,32.893253311074439,33.088317394430142,33.300040393054402,33.528551069840603,33.773921691248866,34.036128875229643,34.314998064717145,34.610138003173105,34.920882482171415
1461,31.796417702801094,31.803930995411726,31.826483565426358,31.864113346685539,31.916883068569572,31.984879454163217,32.068211981220927,32.167011104071101,32.281425826620641,32.411620523200853,32.557770921037381,32.720059161942181,32.898667779831612,33.093772109014651,33.305529847186691,33.534065121731267,33.779442900610356,34.041629431755297,34.320437753184699,34.615465161766785,34.926039148773846
1462,31.801492597611741,31.809008747434444,31.831569860150438,31.869213779324181,31.922003072619201,31.990024214198634,32.073386325910477,32.172219377721177,32.2866717402974,32.416906988500742,32.563099867360336,32.72543132305411,32.904082392380232,33.099226380977356,33.31101794699422,33.539576408336202,33.784959344510035,34.047122795280927,34.325867907720486,34.620781278116404,34.931184720585307
1463,31.806569421675373,31.814088422188291,31.836658057336955,31.874316078361321,31.927124888000158,31.995170707445247,32.078562298194939,32.177429141547883,32.291918971169579,32.422194558879646,32.568429661444881,32.730804013069239,32.909497111393776,33.104680145708073,33.316504594241394,33.545084811028111,33.790470927434058,34.052608956700503,34.331288650786618,34.626086591037144,34.936319471006477
1464,31.811648170573122,31.819170015096208,31.84174815194671,31.879420238029233,31.932248508014077,32.000318926162649,32.083739889288772,32.182640385805357,32.297167508565501,32.427483222299003,32.573760288030918,32.736177208808812,32.914911897304826,33.110133337127081,33.321989692589369,33.550590218530658,33.795977565138138,34.058087915631376,34.336700103449125,34.631381326201648,34.941443655888207
1465,31.816728839779476,31.824253521477331,31.846840138845121,31.88452625247923,31.93737392590203,32.005468862574567,32.088919090392437,32.187853100730642,32.302417341714673,32.432772966364119,32.579091730971506,32.741550885477722,32.920326708535434,33.115585888155515,33.327473148018235,33.556092526724562,33.801479183549453,34.063559679037247,34.342102384980521,34.63666569732974,34.946557515409239
1466,31.821811424664258,31.82933893654889,31.851934012804275,31.889634115783714,31.942501134846179,32.010620508869117,32.09409989268832,32.19306727652944,32.307668459714691,32.438063778270802,32.584423973189182,32.746925016713725,32.9257415017399,33.121037731131587,33.332954869126873,33.561591638376242,33.806975717784567,34.069024260120912,34.347495612611162,34.641939907202996,34.951661275619401
1467,31.826895920494479,31.834426255428145,31.857029768504812,31.894743821938043,31.947630127971301,32.015773857198518,32.099282287335662,32.198282903359832,32.312920851497125,32.443355644756856,32.589756996647338,32.752299574655922,32.931156232046582,33.126488798177839,33.33843476735197,33.567087462838643,33.812467111264404,34.07448167738174,34.352879901351912,34.647204148565933,34.956755149784975
1468,31.831982322436257,31.83951547313432,31.86212740053794,31.899855364862368,31.952760898345883,32.020928899678218,32.104466265464048,32.203499971314756,32.318174505794126,32.448648552059467,32.595090782335198,32.757674530026939,32.936570853292068,33.13193902152225,33.343912757125629,33.57257991574118,33.817953314912529,34.079931953801371,34.358255363868288,34.652458604935241,34.96183933957721
1469,31.837070625556727,31.844606584590505,31.867226903407293,31.904968738403394,31.957893438983103,32.026085628385204,32.109651818165815,32.208718470403284,32.323429411105671,32.453942485879118,32.600425310265187,32.763049852225279,32.941985318245436,33.13738833377834,33.349388755982169,33.578068918672848,33.823434286427187,34.085375116142892,34.363622110400442,34.657703451326121,34.966914036119114
1470,31.842160824825996,31.849699584625608,31.872328271530876,31.910083936335933,31.963027742841248,32.031244035355627,32.114838936487303,32.213938390531304,32.328685555668805,32.459237431350239,32.605760559482725,32.768425509426507,32.947399578820345,33.142836668182674,33.354862684614041,33.583554398859583,33.828909989631164,34.090811194368172,34.368980248729557,34.66293885489182,34.971979420885191
1471,31.847252915119057,31.85479446797628,31.877431499242874,31.915200952364337,31.968163802824016,32.03640411258187,32.120027611419474,32.21915972148161,32.333942927428211,32.464533373016756,32.611096508082518,32.773801468687431,32.952813586278289,33.148283958808342,33.3603344669027,33.58903628884466,33.834380393866361,34.096240221111884,34.374329884161412,34.668164975518899,34.977035666530782
1472,31.852346891217703,31.859891229288806,31.882536580795371,31.920319780123744,31.973301611780194,32.041565852008738,32.125217833887262,32.224382452893906,32.339201514009495,32.46983029481558,32.616433133237003,32.779177696056308,32.958227291415064,33.153730140734076,33.365804029904048,33.594514526174024,33.839845473469119,34.101662231262139,34.379671119544881,34.673381966339967,34.98208293758826
1473,31.857442747812438,31.864989863120957,31.88764351036005,31.925440413181093,31.978441162502865,32.046729245528844,32.13040959473819,32.229606574245125,32.344461302695692,32.475128180067372,32.62177041123347,32.784554156683669,32.963640644729637,33.159175150179124,33.371271303807674,33.599989053096714,33.845305207306602,34.107077261607031,34.385004055304663,34.678589974190686,34.987121391079107
1474,31.862540479504371,31.87009036394381,31.892752282029758,31.930562845035858,31.983582447728306,32.051894284977401,32.135602884730766,32.234832074830138,32.349722280406823,32.480427011472194,32.627108317514505,32.78993081492991,32.96905359657962,33.164618924620456,33.376736221889082,33.605459816280344,33.85075957834465,34.112485350509019,34.39032878947615,34.68378914003943,34.992151177087514
1475,31.867640080807014,31.875192726143542,31.897862889819873,31.935687069120515,31.98872546013423,32.057060962126386,32.140797694522298,32.240058943743819,32.354984433682048,32.485726771110322,32.632446826723118,32.795307634470369,32.97446609732232,33.170061402887363,33.382198720447292,33.610926766538427,33.856208573257973,34.117886537625289,34.395645417750572,34.688979599376445,34.997172439272781
1476,31.872741546148088,31.880296944023019,31.902975327669591,31.940813078800826,31.993870192337742,32.062229268678429,32.145994014656914,32.245287169863865,32.360247748665778,32.491027440448448,32.637785912751688,32.800684578397458,32.979878097441784,33.175502525235622,33.387658738730039,33.616389858571409,33.861652182080306,34.123280863669464,34.400954033528095,34.694161482566329,35.002185315326741
1477,31.877844869871186,31.885403011803447,31.908089589442998,31.945940867375526,31.99901663689262,32.067399196259714,32.15119183555327,32.250516741835376,32.365512211097197,32.496329000351068,32.643125548794018,32.806061609317517,32.985289547659079,33.180942233399065,33.3931162188481,33.62184905072494,33.86709039789875,34.128668370215756,34.406254727976552,34.699334915159447,35.007189937372182
1478,31.882950046237468,31.890510923625847,31.913205668930075,31.951070428076239,32.004164786286694,32.07257073641334,32.156391147492577,32.255747648055376,32.370777806299742,32.501631431091134,32.648465707396355,32.811438689447506,32.990700399044492,33.186380470645538,33.398571105693733,33.627304304747554,33.87252321654011,34.134049099493133,34.411547590087352,34.704500018211995,35.01218643237452
1479,31.888057069427138,31.895620673552372,31.918323559847284,31.956201754066537,32.009314632938072,32.07774388059152,32.161591940606733,32.260979876660706,32.376044519178187,32.506934712371056,32.65380636051421,32.81681578070139,32.996110603097335,33.191817181790263,33.404023346838741,33.632755585582423,33.877950636342007,34.139423094261161,34.416832706742667,34.709656908528103,35.017174922440539
1480,31.893165933540807,31.900732255567508,31.923443255838087,31.961334838440795,32.014466169191444,32.082918620147979,32.16679420486728,32.266213415516724,32.38131233421651,32.512238823343338,32.659147479566116,32.822192844772694,33.001520111824313,33.197252313213731,33.409472892441464,33.63820286116448,33.8833726579185,34.144790397672992,34.42211016277556,34.714805698908663,35.022155525130607
1481,31.898276632600783,31.905845663579051,31.928564750473136,31.966469674222921,32.019619387314009,32.088094946330393,32.171997930074596,32.271448252207712,32.38658123547804,32.517543742632768,32.664489035487335,32.827569843211982,33.006928877808967,33.202685812870733,33.414919695152648,33.643646102228516,33.888789283945933,34.15015105315608,34.427380041031434,34.719946498381503,35.027128353744196
1482,31.903389160552244,31.910960891419101,31.933688037250423,31.971606254364769,32.024774279491176,32.093272850272591,32.177203105847511,32.276684374027958,32.391851206607193,32.522849448360809,32.669830998783873,32.832946737502112,33.012336854274778,33.208117630292165,33.420363710018385,33.649085282124517,33.89420051896456,34.155505104306805,34.432642422430291,34.725079412417273,35.032093517585622
1483,31.908503511263998,31.916077932844551,31.938813109594829,31.976744571743843,32.029930837821688,32.098452322986816,32.182409721614647,32.281921767977096,32.397122230837027,32.528155918173972,32.675173339583502,32.838323489119375,33.017743995126594,33.213547716570282,33.425804894386893,33.654520376662369,33.899606369222937,34.160852594815815,34.437897386025824,34.730204543107192,35.037051122179228
1484,31.913619678529354,31.921196781537571,31.943939960857723,31.981884619161296,32.035089054313019,32.103633355356422,32.187617766605598,32.287160420754468,32.402394290994977,32.53346312926972,32.680516027686245,32.843700059597595,33.023150254999493,33.218976024350546,33.431243207815797,33.659951363948359,33.905006842508847,34.166193568383413,34.443145009065077,34.735321989351768,35.04200126949933
1485,31.918737656066547,31.926317431105851,31.949068584316116,31.987026389339256,32.04024892087638,32.108815938128672,32.192827229843623,32.292400318756428,32.407667369512126,32.538771058425375,32.685859032612747,32.849076410583613,33.028555589292722,33.224402507811639,33.436678611980781,33.665378224241664,33.910401948011049,34.171528068657537,34.448385367046015,34.740431847022407,35.046944058163909
1486,31.923857437519374,31.931439875082866,31.954198973172016,31.992169874918471,32.045410429321883,32.11400006190739,32.198038100137708,32.297641448072611,32.412941448431518,32.544079682025924,32.691202323653421,32.854452503895281,33.033959954208328,33.229827122649304,33.442111070584097,33.670800939804565,33.915791696170928,34.176856139164236,34.453618533775739,34.745534209131833,35.05187958364013
1487,31.928979016456815,31.936564106927115,31.959331120550644,31.997315068454739,32.050573571353176,32.119185717146792,32.20325036607845,32.302883794489141,32.418216509424155,32.549388976095301,32.696545869909755,32.859828301557044,33.039363306758936,33.235249826038547,33.447540549271501,33.67621949479836,33.921176098599055,34.182177823283908,34.458844581422476,34.750629165945021,35.056807938371911
1488,31.934102386373503,31.941690120022347,31.964465019499606,32.002461962416497,32.055738338562698,32.124372894144656,32.208464016030995,32.308127343485637,32.423492533797358,32.554698916323524,32.701889640341513,32.865203765855874,33.044765604805256,33.240670576618584,33.452967015543749,33.681633875137088,33.926555167928761,34.187493164181262,34.464063580571896,34.7557168051476,35.061729211983554
1489,31.939227540689032,31.946817907676451,31.969600662986714,32.00761054918101,32.060904722426358,32.129561583036782,32.213679038132462,32.313372080240534,32.428769502512722,32.560009478097975,32.707233603804404,32.870578859369687,33.050166807055902,33.24608933445127,33.458390438678357,33.687044068396979,33.931928917748806,34.19280220479132,34.469275600275957,34.760797211941721,35.066643491388078
1490,31.944354472747193,31.951947463120387,31.97473804389805,32.01276082103103,32.066072714298869,32.134751773791955,32.218895420289186,32.318617989634618,32.434047396200285,32.565320636530501,32.712577729086554,32.875953545001074,33.055566873079286,33.251506060992682,33.463810789654659,33.692450063712364,33.937297362510364,34.198104987783829,34.474480708100778,34.765870469164412,35.071550860926635
1491,31.949483175815853,31.957078779507736,31.979877155036434,32.017912770151675,32.071242305408774,32.139943456205913,32.224113150172023,32.323865056252409,32.439326195171937,32.570632366486777,32.71792198495087,32.881327786018907,33.060965763321178,33.256920719063615,33.469228041070281,33.697851851658953,33.942660517423292,34.203401555523875,34.479678970179371,34.770936657416584,35.076451402520398
1492,31.954613643085249,31.962211849912642,31.985017989118525,32.023066388626454,32.076413486853966,32.145136619898274,32.229332215217617,32.329113264391253,32.444605879440296,32.575944642612995,32.723266340162056,32.88670154607356,33.066363439095944,33.262333272810913,33.474642167078549,33.703249424185394,33.948018398407257,34.20869195006393,34.484870451251851,34.775995855139435,35.081345195756519
1493,31.959745867666925,31.967346667328499,31.990160538772649,32.02822166843395,32.081586249597464,32.150331254308234,32.234552602626692,32.334362598065894,32.449886428733556,32.581257439362439,32.728610763520635,32.892074789226278,33.071759862593233,33.267743687675704,33.48005314331575,33.708642774518943,33.95337102201232,34.213976213117981,34.490055214711674,34.781048138719747,35.086232318010339
1494,31.964879842592726,31.97248322466659,31.995304796536548,32.033378601444277,32.086760584462752,32.155527348690271,32.239774299362736,32.339613041014125,32.455167822511712,32.586570731023116,32.733955223896572,32.897447479976002,33.077154996881113,33.273151930359383,33.485460946829853,33.714031897075721,33.958718405345223,34.219254386038898,34.49523332265116,34.786093582589885,35.091112844561181
1495,31.970015560812421,31.977621514753427,32.000450754854185,32.038537179415428,32.091936482130478,32.160724892113052,32.244997292155681,32.344864576707508,32.460450039984863,32.591884491740629,32.739299690249361,32.902819583266812,33.082548805892024,33.278557968785847,33.490865556026904,33.719416787407781,33.964060566036174,34.224526509818347,34.500404835896653,34.791132259287551,35.095986848658043
1496,31.975153015192809,31.982761530329647,32.005598406073631,32.043697393989838,32.097113933133912,32.165923873454737,32.250221567499658,32.350117188355718,32.465733060128393,32.597198695545735,32.744644131663648,32.908191064518789,33.087941254430525,33.283961772069752,33.496266950596898,33.724797442105505,33.969397522155596,34.22979262505843,34.505569814055569,34.796164239565066,35.100854401646927
1497,31.980292198514793,31.987903264046867,32.010747742443613,32.048859236690873,32.102292927856354,32.171124281403287,32.25544711165859,32.355370858918953,32.471016861701628,32.602513316374861,32.749988517363889,32.913561889628163,33.093332308153407,33.289363310478564,33.501665111467922,33.730173858758569,33.974729292195114,34.235052771978715,34.510728315547027,34.80118959243454,35.105715573018742
1498,31.985433103471888,31.993046708465901,32.015898756111085,32.05402269891956,32.107473456527494,32.176326104453814,32.260673910666689,32.360625571114745,32.476301423263266,32.607828328094293,32.755332816742118,32.918932024988024,33.098721933569472,33.294762555400602,33.50706002074287,33.735546035877952,33.98005589500427,34.240306990397947,34.515880397642945,34.806208385256411,35.11057043051153
1499,31.990575722667725,31.99819185605406,32.021051439118011,32.05918777195113,32.112655509220474,32.181529330907857,32.265901950332371,32.365881307428538,32.481586723189132,32.613143704522031,32.760676999377019,32.924301437495181,33.104110098025934,33.300159479308867,33.512451661647681,33.740913972844083,33.985377349757172,34.245555319732951,34.521026116502078,34.811220683798872,35.115419040176121
1500,31.995720048613649,32.003338699182706,32.02620578339863,32.064354446932022,32.117839075849496,32.18673394887287,32.271131216241827,32.371138050123143,32.486872739688032,32.618459419447952,32.766021035052901,32.929670094559405,33.109496769699298,33.305554055728898,33.517840018480243,33.746277669850748,33.990693675911892,34.25079779899189,34.526165527203901,34.816226552303007,35.120261466449563
1501,32.000866073727344,32.008487230125738,32.031361780777971,32.069522714878993,32.123024146170572,32.191939946266331,32.276361693767562,32.376395781252093,32.492159450818292,32.623775446649127,32.771364893767867,32.935037964098456,33.114881917574593,33.31094625920467,33.523225076570554,33.751637127870055,33.996004893189813,34.256034466774217,34.531298687594344,34.821227982862084,35.125214068026963
1502,32.006013790323721,32.013637441050285,32.03651942296208,32.074692566668944,32.128210709771416,32.197147310807019,32.281593368063703,32.381654482662221,32.497446834500124,32.629091759912427,32.776708545761345,32.940405014560881,33.120265511450228,33.316336065276438,33.528606822233705,33.75699234859767,34.001311021551508,34.261265365700048,34.53642619564026,34.826241464438979,35.130255330626845
1503,32.011163190623257,32.018789324025065,32.041678701546125,32.079863993046914,32.133398756080268,32.202356030025996,32.286826224080357,32.386914136011889,32.502734868536216,32.634408333052797,32.782051961523941,32.945771214919439,33.12564752191053,33.321723450432614,33.533985242707772,33.76234333439934,34.006612082953197,34.266490657134504,34.541550970989768,34.831277984505192,35.135351309687579
1504,32.016314266741617,32.023942871009858,32.046839608004078,32.085036984616565,32.138588274358042,32.207566091261903,32.2920602465638,32.39217472277695,32.508023530623404,32.639725139928117,32.787395111810312,32.951136534676586,33.131027920318829,33.32710839209026,33.539360326133206,33.767690088822562,34.011908124362883,34.271710934249242,34.54667688841873,34.83633918637905,35.140489940203416
1505,32.021467010688887,32.029098073854797,32.052002133687949,32.090211531839657,32.143779253699044,32.212777481664133,32.297295420063477,32.397436224262528,32.513312798368013,32.645042154455254,32.792737967650645,32.956500943864661,33.136406678801606,33.332490868564477,33.54473206164576,33.773032621196343,34.017199280142904,34.276927248396532,34.551807014602403,34.841424404072882,35.145664277607374
1506,32.026621414366709,32.034254924297414,32.057166269825039,32.095387625033993,32.148971683030325,32.217990188194904,32.302531728937851,32.40269862161319,32.518602649299858,32.650359350624761,32.798080500360932,32.96186441304615,33.141783770234802,33.337870859072289,33.550100440294948,33.77837095977894,34.02248581986246,34.282140854565242,34.556943457635377,34.846532432979785,35.15086965705806
1507,32.031777469565554,32.039413413960091,32.062332007515487,32.100565254371581,32.154165551111291,32.223204197631482,32.307769157360589,32.407961895823583,32.523893060886003,32.655676702514718,32.803422681552277,32.967226913312977,33.147159168236996,33.34324834390641,33.555465457875265,33.783705168525707,34.02776814281404,34.287353001270645,34.562087609632947,34.851661996015906,35.156102670485183
1508,32.036935167962,32.044573534347236,32.067499337729799,32.105744409876841,32.15936084653373,32.228419496568982,32.31300768932698,32.413226027748586,32.529184010543801,32.660994184303775,32.808764483139235,32.972588416286868,33.152532847197953,33.348623305041002,33.560827119640564,33.789035358167261,34.033046740793459,34.29256482692108,34.567240372585715,34.856811880346207,35.161360689939634
1509,32.042094501115997,32.049735276842746,32.072668251306581,32.110925081425272,32.16455755772192,32.23363607142312,32.318247308660283,32.418490998113626,32.534475475653672,32.666311770283329,32.814105877347394,32.977948894126499,33.157904782405964,33.353995727345172,33.566185445446337,33.794361688183528,34.03832215616692,34.297777325052799,34.572402317547891,34.861980973577211,35.166641612275519
1510,32.047255460468236,32.054898632707413,32.077838738950348,32.116107258742154,32.169755672933121,32.238853908433448,32.32348799901844,32.423756787524596,32.539767433571249,32.671629434869011,32.819446836721866,32.983308319556535,33.163274950343308,33.359365600288797,33.571540473754915,33.799684361779818,34.043594947732153,34.302991342723189,34.577573791134469,34.867168267763837,35.171943706527067
1511,32.05241803733756,32.060063593076457,32.083010791229533,32.121290931401539,32.174955180258344,32.244072993666705,32.328729743900681,32.429023376477957,32.545059861639082,32.676947152611774,32.824787334140154,32.988666665940592,33.168643329183496,33.364732919821826,33.57689226373207,33.805003617174592,34.048865666793453,34.308207593217993,34.582754985841653,34.872372852058255,35.17726551773076
1512,32.057582222918512,32.065230148957149,32.088184398574548,32.12647608882525,32.180156067623294,32.249293313020516,32.333972526654478,32.434290745370326,32.550352737198139,32.682264898209482,32.830127342835524,32.994023907418864,33.174009899458689,33.370097690069606,33.582240895449829,33.810319717966941,34.054134842032305,34.313426672870705,34.587945987451967,34.877593902655256,35.182605801794153
1513,32.062748008278867,32.070398291226695,32.093359551276201,32.131662720282556,32.185358322789568,32.254514852227025,32.339216330482174,32.439558874508151,32.555646037598706,32.687582646520582,32.835466836438499,32.999380019118824,33.179374644819738,33.375459924614596,33.587586468637355,33.815632944077194,34.059402970771586,34.318649078219529,34.593146807328615,34.882830672425065,35.187963480073684
1514,32.067915384357278,32.075568010629908,32.098536239484019,32.136850814889534,32.190561933356101,32.259737596857036,32.34446113844804,32.444827744117084,32.560939740212007,32.692900372582464,32.840805789044197,33.004734977436399,33.184737552801202,33.380819647247719,33.592929100446675,33.820943584002535,34.064670514860403,34.323875221579073,34.598357404451789,34.888082481497612,35.193337606785001
1515,32.073084341961341,32.080739297777342,32.103714453204894,32.142040361608849,32.195766886760772,32.264961532324072,32.349706933484974,32.450097334351376,32.566233822442449,32.698218051637362,32.846144175309263,33.010088760365967,33.190098615504375,33.386176892207807,33.598268922762479,33.826251928589713,34.069937899294878,34.329105444522668,34.603577701155793,34.893348708974514,35.198727344433067
1516,32.078254871765253,32.085912143143439,32.108894182301917,32.147231349249928,32.200973170282317,32.270186643888493,32.35495369840163,32.455367625303431,32.571528261741911,32.703535659168743,32.851481970577844,33.01544134785491,33.195457830149977,33.391531703989628,33.603606079358102,33.831558266189582,34.075205512663388,34.334340029405503,34.608807594235664,34.898628785733905,35.204131945192024
1517,32.083426964308046,32.091086537064704,32.114075416493236,32.152423766468885,32.206180771042206,32.275412916662113,32.360201415889179,32.460638597013855,32.576823035627314,32.708853170949858,32.856819151034102,33.020792722157566,33.200815199468231,33.396884136797119,33.608940723115651,33.836862879090354,34.080473708732839,34.339579208946112,34.614046962806711,34.903922188293336,35.209550736585918
1518,32.088600609991779,32.096262469738285,32.119258145351324,32.157617601769161,32.211389676007002,32.280640335612496,32.365450068528666,32.465910229482276,32.582118121702607,32.71417056310657,32.862155693874122,33.026142868161628,33.206170731913851,33.402234253755445,33.61427301348715,33.842166040998123,34.085742808555132,34.344823174166287,34.619295674050299,34.909228433570497,35.214983110126028
1519,32.093775799079879,32.101439931220469,32.12444235830214,32.16281284350184,32.216599871990653,32.28586888556783,32.370699638798264,32.47118250267971,32.587413497686128,32.719487812191794,32.867491577486142,33.03149177367181,33.211524441733452,33.407582125993223,33.619603114227758,33.847468015256773,34.091013102811083,34.35007208110018,34.624553587509538,34.914547074333022,35.220428512055598
1520,32.098952521695729,32.106618911425514,32.129628044624745,32.168009479866519,32.221811345656988,32.291098551221481,32.375950109081316,32.476455396562827,32.592709141444011,32.724804895272008,32.872826781633066,33.03683942963869,33.216876348890437,33.412927831637319,33.624931191432971,33.852769053746293,34.09628485428324,34.355326056306005,34.629820558136842,34.919877695321297,35.225886435975589
1521,32.104130767821253,32.11179940012444,32.13481519345077,32.17320749891222,32.227024083522494,32.2963293171373,32.381201461674785,32.481728891090668,32.598005031030212,32.730121790022146,32.878161287628117,33.042185830326702,33.222226478873949,33.418271454787543,33.630257411884564,33.858069396275944,34.101558300272828,34.36058520143537,34.635096438539243,34.92521990991132,35.231356416783719
1522,32.109310527295868,32.116981386944275,32.1400037937645,32.17840688853844,32.232238071959152,32.301561167754706,32.386453678798844,32.487002966244297,32.60330114473264,32.735438474826495,32.883495078495891,33.047530973419349,33.227574862418962,33.423613084519467,33.635581941686247,33.863369270327745,34.106833654882792,34.36584959705457,34.640381080658251,34.930573357219671,35.236838025611519
1523,32.114491789815375,32.122164861367217,32.145193834402562,32.183607636496397,32.237453297197561,32.306794087394749,32.39170674260771,32.492277602049839,32.608597461124894,32.740754928880733,32.888828139112697,33.052874860064456,33.232921535164884,33.428952813944385,33.640904945152748,33.868668891053218,34.112111111150426,34.371119305848794,34.645674337011783,34.935937699581828,35.242330865576974
1524,32.119674544931222,32.127349812730017,32.150385304054403,32.188809730390517,32.242669745330211,32.312028060266115,32.396960635201665,32.497552778604287,32.613893959122095,32.746071132293331,32.894160456326773,33.0582174948728,33.238266537274782,33.434290739325981,33.646226583896528,33.873968461451454,34.117390843042671,34.376394375349484,34.650976061619204,34.941312620324666,35.247834568152662
1525,32.12485878204977,32.13253623022365,32.155578191262343,32.194013157680111,32.247887402315158,32.317263070472144,32.402215338640879,32.502828476104924,32.619190618040413,32.751387066183071,32.899492019052765,33.063558885865028,33.243609913022297,33.439626959275614,33.651547016129342,33.879268172709224,34.122673007271622,34.38167484017945,34.656286110640721,34.946697821842612,35.253348790135639
1526,32.130044490431906,32.13772410289306,32.160772484422424,32.199217905681053,32.253106253979901,32.322499102018575,32.407470834961053,32.508104674881814,32.624487417658862,32.756702712769922,32.904822818339191,33.068899044376373,33.248951710366356,33.444961574034465,33.656866396139215,33.884568204634064,34.127957744931031,34.386960723928539,34.661604342828277,34.952093023916625,35.25887321106714
1527,32.135231659192513,32.142913419636962,32.165968171784719,32.204423961568125,32.258326286025813,32.327736138821983,32.412727106190829,32.513381355432841,32.62978433828151,32.762018055457006,32.910152847412036,33.07423798493209,33.254291980531178,33.450294684835121,33.662184873889146,33.889868726125876,34.133245182985803,34.392252040778217,34.666930619865482,34.957497962206141,35.264407530957236
1528,32.140420277300677,32.148104169208224,32.171165241454645,32.209631312377049,32.263547484032863,32.332974164719708,32.417984134371146,32.518658498460802,32.635081360798509,32.767333078902205,32.915482101694167,33.0795757250986,33.259630777597124,33.455626393340907,33.66750259472947,33.89516989568277,34.138535435618593,34.397548796878439,34.672264806594633,34.962912386914269,35.269951468316798
1529,32.14561033357927,32.153296340213856,32.176363681393788,32.214839945007334,32.268769833465079,32.338213163480027,32.423241901576105,32.523936084911995,32.640378466745773,32.772647769079946,32.920810578805565,33.084912285316747,33.264968158103713,33.460956801149898,33.672819699197753,33.90047186192848,34.143828605456989,34.402850991530386,34.677606771161564,34.968336061590364,35.275504758427665
1530,32.150801816705538,32.158489921115638,32.181563479421165,32.220049846225045,32.27399331967635,32.34345311881426,32.428500389935586,32.529214096015892,32.645675638361588,32.777962113331526,32.926138278542723,33.0902476887197,33.270304180672333,33.466286009371018,33.678136322906553,33.905774764147161,34.149124784669446,34.408158618178632,34.68295638508998,34.973768762072723,35.281067151846088
1531,32.155994715211158,32.163684900230727,32.18676462321509,32.225261002666294,32.279217927917188,32.34869401438948,32.433759581659437,32.534492513325418,32.650972858639292,32.783276100402645,32.931465202839036,33.095581960940983,33.275638905653409,33.471614118267638,33.683452596499556,33.91107873281004,34.154424055941874,34.413471665249205,34.688313523306576,34.97921027554996,35.286638413097357
1532,32.161189017483125,32.16888126573258,32.191967100314663,32.230473400840701,32.284443643341945,32.353935833842726,32.439019459062735,32.539771318756706,32.656270111375406,32.788589720470434,32.936791355711328,33.10091512991945,33.280972394799335,33.476941226954871,33.688768645652523,33.916383890085072,34.159726493360381,34.418790116878043,34.693678064137679,34.984660399711416,35.292218319507633
1533,32.166384711764209,32.174079005651912,32.197170898122025,32.235687027135832,32.289670451016924,32.359178560795982,32.444280004592109,32.545050494628285,32.661567381212414,32.793902965159134,32.94211674319493,33.106247225705204,33.286304710962789,33.482267433142987,33.694084591108961,33.921690350327168,34.165032163212395,34.424113953547106,34.699049889282264,34.990118941974856,35.297806660155537
1534,32.171581786154256,32.179278107878218,32.202376003904739,32.240901867821584,32.294898335929233,32.364422178872246,32.449541200852387,32.550330023698564,32.666864653676321,32.799215827546114,32.947441373268923,33.11157828026694,33.291635917820891,33.487592832925472,33.699400548749047,33.926998220549045,34.17034112470585,34.429443152628124,34.704428883763036,34.995585718791752,35.303403234942799
1535,32.176780228611058,32.184478560161018,32.207582404798451,32.246117909055535,32.300127282996264,32.369666671712629,32.454803030633762,32.555609889201875,32.672161915208562,32.804528302158964,32.952765255773656,33.1169083273033,33.296966079621562,33.492917520603704,33.704716629682807,33.932307600872974,34.175653430621651,34.434777688854496,34.709814935861708,35.001060555015265,35.309007853758516
1536,32.18198002695209,32.189680350111971,32.212790087810056,32.251335136888358,32.305357277075984,32.374912022993826,32.460065476938944,32.560890074882586,32.677459153192849,32.809840384963934,32.958088402321906,33.122237402059,33.302295260954303,33.498241588546598,33.71003294036349,33.93761858495899,34.180969127900319,34.440117534727797,34.715207937043452,35.006543283327105,35.314620335731
1537,32.187181168855979,32.194883465206807,32.217999039821095,32.256553537270307,32.310588302978083,32.380158216446596,32.465328523010214,32.566170565026354,32.682756355975222,32.815152073345715,32.963410826204957,33.127565541149401,33.307623526547225,33.503565127085338,33.71534958271738,33.942931260406034,34.186288258162371,34.445462660861267,34.7206077818729,35.012033743724167,35.320240508565249
1538,32.192383641864538,32.200087892787742,32.223209247591605,32.261773096057716,32.315820345475487,32.385405235874593,32.470592152355948,32.57145134448956,32.688053512880465,32.820463366082443,32.968732542296614,33.132892782390698,33.312950941079102,33.508888224425242,33.720666654279469,33.948245709136742,34.19161085819448,34.450813036292629,34.726014367927334,35.017531783035452,35.325868207923683
1539,32.197587433385195,32.205293620066314,32.228420697764577,32.266993799020533,32.321053389317001,32.390653065173794,32.475856348776311,32.576732398724403,32.693350614219689,32.82577426331023,32.974053566953692,33.138219164643729,33.318277569025568,33.514210966597147,33.725984248342122,33.953562007744324,34.196936960357341,34.456168628728022,34.731427595704474,35.023037254508232,35.331503276904321
1540,32.202792530693443,32.210500634126475,32.233633376870493,32.272215631850329,32.326287419240018,32.395901688351522,32.481121096387909,32.582013713802297,32.698647651296319,32.831084766488125,32.979373917919993,33.143544727663759,33.323603474509568,33.519533437407205,33.731302454097019,33.958880227831784,34.202266592990114,34.461529404788152,34.736847368534271,35.028550017396775,35.337145565520316
1541,32.2079989209358,32.215708921928019,32.238847271332865,32.277438580168429,32.33152241998404,32.401151089546033,32.486386379647435,32.587295276433643,32.703944616406297,32.836394878356984,32.984693614228675,33.148869511960058,33.328928721174158,33.524855718411985,33.73662135678471,33.964200436325775,34.207599780762969,34.466895330207606,34.742273592486534,35.034069936598492,35.342794930246711
1542,32.21320659113325,32.220918470310593,32.24406236747356,32.282662629535288,32.336758376304303,32.406401253045559,32.491652183373553,32.592577073984565,32.709241502833329,32.841704602893927,32.990012676106616,33.15419355866576,33.334253372073455,33.530177888909805,33.741941037845294,33.969522695767552,34.212936544990995,34.472266370004114,34.747706176279578,35.039596882323671,35.348451233612671
1543,32.218415528184657,32.22612926599767,32.249278651518956,32.287887765459388,32.341995272985862,32.411652163307402,32.496918492768621,32.597859094492492,32.714538304843387,32.847013945267427,32.995331124879691,33.159516909410804,33.339577489566366,33.535500025932954,33.74726157506624,33.974847064599111,34.218276903943938,34.47764248864646,34.753145031190101,35.04513072976907,35.354114343798109
1544,32.223625718870906,32.231341295601339,32.254496109606578,32.293113973407358,32.347233094857998,32.416903804976606,32.502185293437854,32.603141326676614,32.719835017671727,32.852322911786267,33.00064898288062,33.164839606210656,33.344901135237919,33.540822204264941,33.752583042731843,33.980173597414655,34.223620873097275,34.48302365017539,34.758590070963535,35.050671358843935,35.359784134301883
1545,32.228837149859714,32.236554545627634,32.25971472779235,32.298341238814494,32.352471826808824,32.422156162903953,32.50745257140629,32.608423759945026,32.725131637506664,32.857631509847288,33.005966273361089,33.170161691365507,33.350224369833263,33.546144496464493,33.757905511766346,33.985502345192792,34.228968465360587,34.488409818311204,34.76404121172893,35.056218653916368,35.365460483635651
1546,32.234049807710271,32.241769002482044,32.264934492057911,32.30356954709535,32.357711453799809,32.427409222163355,32.512720313135127,32.61370638440075,32.730428161472766,32.862939747885051,33.011283020406907,33.17548320736276,33.355547253192846,33.551466972887866,33.763229049873047,33.990833355524884,34.234319691303547,34.493800956561685,34.769498371915475,35.061772503562047,35.371143275019733
1547,32.239263678878444,32.246984652475163,32.270155388318329,32.308798883654468,32.36295196088026,32.432662968069103,32.517988505537218,32.618989190846612,32.735724587612509,32.868247635319314,33.016599248853268,33.180804196783129,33.360869844194831,33.556789701717911,33.76855372167423,33.996166672834455,34.239674559366762,34.499197028317397,34.774961472169068,35.067332800326774,35.37683239609823
1548,32.244478749723015,32.252201481829523,32.275377402430955,32.31402923389804,32.368193333201837,32.437917386191273,32.523257135988011,32.624272170783115,32.741020914861224,32.873555182501804,33.021914984209978,33.186124702228355,33.366192200722786,33.562112749006957,33.773879588839101,34.001502338557479,34.245033076023311,34.504597996915678,34.780430435276436,35.072899440534094,35.382527738711687
1549,32.249695006511601,32.25741947668638,32.280600520203713,32.319260583245132,32.373435556032774,32.443172462370931,32.528526192337289,32.629555316408172,32.746317143024768,32.87886240066495,33.027230252585788,33.191444766243485,33.371514379624884,33.567436178713344,33.779206710213181,34.00684039133327,34.250395245955161,34.510003825715074,34.785905186087902,35.078472324079762,35.388229198652645
1550,32.254912435427528,32.262638623113013,32.285824727404453,32.324492917139416,32.378678614771736,32.44842818273424,32.533795662917896,32.634838620612776,32.751613272753403,32.884169301870145,33.032545080618455,33.196764431252092,33.376836436688755,33.572760052746737,33.784535141940353,34.01218086717126,34.255761072198851,34.515414478149928,34.791385651444891,35.084051354254662,35.393936675457667
1551,32.260131022576182,32.267858907109769,32.291050009769641,32.329726221060675,32.383922494962,32.453684533707118,32.539065536556187,32.640122076978763,32.756909305517503,32.889475898955965,33.037859495401626,33.202083739484657,33.382158426608243,33.578084431008961,33.789864937588924,34.017523799630389,34.261130556307464,34.520829917795453,34.796871760104821,35.089636437552556,35.39965007217986
1552,32.265350753993566,32.273080314619158,32.296276353015024,32.334960480536985,32.389167182304156,32.458941502025283,32.544335802573976,32.645405679766036,32.762205243575593,32.894782205489072,33.043173524430784,33.207402732941127,33.387480402986519,33.58340937145104,33.795196148254618,34.022869219936396,34.266503698437823,34.526250108386854,34.802363442679734,35.09522748354803,35.405369295250573
1553,32.270571615653147,32.278302831533267,32.301503742844588,32.340195681156153,32.394412662669666,32.464199074747846,32.549606450797143,32.650689423908787,32.767501089949704,32.900088235714335,33.04848719553457,33.212721453325265,33.39280241830734,33.5887349301141,33.800528822680604,34.028217157151175,34.271880497502501,34.531675013879962,34.80786063156463,35.100824404714203,35.411094254263979
1554,32.275793593474596,32.283526443703067,32.306732164961247,32.345431808577764,32.399658922113225,32.469457239266653,32.554877471556736,32.655973305002178,32.772796848393646,32.905394004507116,33.05380053682314,33.218039942009639,33.398124523939209,33.594061161185124,33.805863007357246,34.033567638286186,34.277260951254206,34.537104598469902,34.813363260877829,35.106427116303855,35.416824861842201
1555,32.281016673332722,32.288751136947695,32.311961605077293,32.3506688485448,32.40490594688395,32.474715983314418,32.560148855689533,32.661257319289767,32.778092523363952,32.910699527329385,33.059113576639056,33.22335823999979,33.403446770134309,33.599388117045564,33.811198746617372,34.038920688418187,34.28264505637852,34.542538826617985,34.81887126640337,35.112035536224667,35.422561033491462
1556,32.286240841065386,32.293976897062969,32.317192048924191,32.355906786895147,32.410153723438178,32.479975294975837,32.565420594542296,32.666541463654511,32.783388119991471,32.916004820181307,33.064426343498539,33.228676387885912,33.408769206018206,33.604715848320531,33.816536082744769,34.044276330826776,34.288032808607255,34.547977663088368,34.824384585526111,35.117649584893179,35.428302687432883
1557,32.29146608248368,32.299203709831808,32.322423482263687,32.361145609572908,32.415402238449111,32.485235162692391,32.570692679967415,32.671825735601473,32.788683644050458,32.921309899561592,33.069738866054493,33.233994425824321,33.414091879603944,33.610044403930488,33.821875056054218,34.049634587079041,34.293424202777473,34.553421072956581,34.829903157182585,35.123269185142931,35.434049744499511
1558,32.29669238338095,32.304431561033653,32.327655890898185,32.366385302639465,32.420651478817163,32.490495575269208,32.575965104322279,32.677110133244611,32.793979101930063,32.926614782425844,33.075051173051399,33.239312393506324,33.419414837794562,33.615373831140104,33.827215704981903,34.054995477135826,34.298819232913594,34.558869021630748,34.835426921806409,35.128894262110634,35.439802128005887
1559,32.301919729541964,32.309660436454017,32.332889260681164,32.371625852284851,32.425901431681069,32.495756521882896,32.581237860468917,32.682394655293429,32.799274500604639,32.931919486142732,33.080363293277912,33.244630330125403,33.424738126385421,33.620704175608545,33.832558066178905,34.060359019461828,34.304217892312906,34.564321474873886,34.840955821271564,35.134524743117936,35.445559763612877
1560,32.307148106753772,32.314890321895419,32.338123577527966,32.376867244837634,32.431152084424944,32.501017992082701,32.586510941766122,32.687679301033945,32.80456984760481,32.93722402846111,33.085675255540629,33.249948274369814,33.430061790084508,33.626035481438102,33.83790217457711,34.065725231088898,34.309620173584598,34.569778398803749,34.846489798851003,35.140160557601263,35.451322579250615
1561,32.312377500816012,32.320121203188009,32.343358827427586,32.382109466777074,32.436403424689388,32.506279975797874,32.591784342068649,32.692964070315107,32.809865150988571,32.942528427468574,33.090987088620118,33.255266264393484,33.4353858725175,33.63136779122447,33.843248063479884,34.071094127722198,34.315026068733019,34.57523975991721,34.852028795806675,35.145799942225707,35.456988348484209
1562,32.317607897547042,32.32535306619571,32.348594996448263,32.387352504737919,32.441655440373651,32.511542463334386,32.597058055716118,32.698248963528712,32.815160419314232,32.9478327015632,33.096298821250741,33.260584337813228,33.44071041624732,33.636701146096868,33.848595764611247,34.076465723780593,34.320435569162107,34.580705521184754,34.857572279372455,35.15142840003648,35.462575955918993
1563,32.322839282800786,32.330585896833284,32.353832070754791,32.39259634552706,32.446908119649983,32.516805445384087,32.602332077532779,32.703533981595989,32.820455661612073,32.953136869413783,33.101610482080005,33.265902531684119,33.446035462784181,33.642035585773421,33.853945308212339,34.081840032501653,34.325848664181898,34.586175541297237,34.863117677752811,35.157036267318183,35.46811520597457
1564,32.328071642472331,32.335819681071847,32.359070036614064,32.397840976128428,32.452161450966095,32.522068913022231,32.60760640281763,32.708819125948615,32.825750887357692,32.95844094993079,33.106922099645871,33.27122088249309,33.451361052602309,33.647371148600932,33.859296723088868,34.087217065519859,34.331265320812541,34.591649299663459,34.86866158049844,35.162622089172821,35.473616684088654
1565,32.333304962509501,32.341054404950484,32.364308880406405,32.403086383712846,32.457415423051977,32.527332857708771,32.612881027337245,32.71410439851168,32.831046106445868,32.963744962236142,33.11223370235156,33.276539426150336,33.456687225157317,33.652707871598409,33.864650036556384,34.092596828856593,34.336685428999537,34.597125873230311,34.874201287460579,35.168186439635633,35.4790864787239
1566,32.338539228923047,32.346290054586426,32.369548588635062,32.408332555646417,32.462670024925266,32.532597271288182,32.618155947317717,32.71938980168612,32.836341329165009,32.969048925634496,33.117545318442787,33.281858197982487,33.462014018902941,33.658045790471057,33.870005273659409,34.097979311396607,34.342108759647182,34.602604160098551,34.879734940795963,35.173730366644023,35.484528676117456
1567,32.34377442779698,32.351526616185055,32.374789147936013,32.413579479498679,32.467925245896076,32.537862145988605,32.623431159435945,32.724675338331352,32.841636566172461,32.974352859586546,33.122856975986842,33.287177232727494,33.467341471302426,33.663384939474888,33.875362454711684,34.103364470183415,34.347534969419996,34.608083064156276,34.885261311925646,35.179254982114358,35.489946259467942
1568,32.349010545298597,32.356764076050091,32.380030545087209,32.418827143050088,32.473181075571034,32.543127474420579,32.628706660810849,32.729961011747911,32.846931828470368,32.979656783683112,33.128168702853415,33.292496564529372,33.472669618808673,33.668725350900566,33.880721591176133,34.108752220719467,34.352963633503791,34.613561585952525,34.890779603183127,35.184761342210614,35.49534152692047
1569,32.354247567688617,32.362002420593249,32.385272767017483,32.424075534299263,32.478437503857116,32.548393249575071,32.633982448993898,32.735246825660198,32.852227127382569,32.984960717621078,33.133480526696914,33.297816226927701,33.477998496758502,33.674067054024704,33.886082681171473,34.114142435238833,34.358394282427057,34.619038853430602,34.89628930778909,35.190250415276545,35.500716316372632
1570,32.359485481330992,32.367241636343934,32.390515800815542,32.42932464146967,32.483694520964661,32.553659464820974,32.639258521959498,32.74053278419931,32.857522474532026,32.990264681180577,33.138792474938775,33.30313625282848,33.483328139118306,33.679410073624773,33.891445705980026,34.119534947174422,34.363826432043965,34.624514123137587,34.901790116595883,35.195723078409003,35.506072139052776
1571,32.364724272702695,32.372481709958663,32.39575963373818,32.434574453016019,32.488952117409994,32.558926113902174,32.644534878095072,32.74581889188633,32.862817881819183,32.995568694202902,33.144104574746784,33.308456674437295,33.48865857805464,33.684754428346061,33.896810628217196,34.124929558788281,34.369259604621419,34.629986769281608,34.907281855907001,35.201180123801542,35.511410264508235
1572,32.369963928403166,32.377722628230337,32.40100425321851,32.439824957630059,32.494210284017434,32.564193190934169,32.649811516191001,32.751105153615384,32.868113361400937,33.000872776568919,33.149416853005846,33.31377752313594,33.493989843352907,33.690100129224021,33.902177391681917,34.130326049692933,34.37469334209036,34.635456268757736,34.912764446177327,35.206622267659775,35.516731777293174
1573,32.375204435163745,32.382964378097114,32.406249646873682,32.44507614424608,32.499469011921008,32.569460690400234,32.655088435430329,32.75639157463749,32.873408925670283,33.006176948175941,33.154729336273107,33.319098829294724,33.499321961756237,33.695447178578874,33.907545922479407,34.135724184793773,34.380127213703616,34.640922186227762,34.918237873520262,35.212050159196153,35.522037617058729
1574,32.380445779856544,32.388206946651259,32.411495802512412,32.450328002045907,32.504728292565574,32.574728607147236,32.660365635378398,32.761678160544065,32.878704587235845,33.011481228911229,33.1600420507121,33.324420622025912,33.504654956301039,33.700795569358284,33.912916130973393,34.141123721136921,34.38556081979543,34.646384160354259,34.923702170135712,35.217464388951093,35.527328607358953
1575,32.385687949503506,32.393450321147327,32.41674270814201,32.455580520463457,32.509988117707358,32.579996936381086,32.665643115972316,32.766964917251215,32.884000358901226,33.016785638619552,33.165355022000249,33.329742928890816,33.509988845720812,33.706145284948029,33.918287914199148,34.146524413388661,34.390993792853095,34.651841891969056,34.929157400788696,35.222865496028412,35.532605476860873
1576,32.390930931284785,32.398694489010403,32.421990351975104,32.460833689189052,32.515248479414495,32.585265673661958,32.670920877510312,32.772251850983459,32.889296253642804,33.022090197061559,33.170668275211497,33.335065775588141,33.515323643971314,33.711496299360718,33.9236611583651,34.151926018071102,34.396425797173549,34.657295134022647,34.934603652942613,35.228253974375001,35.537868875790949
1577,32.396174712547008,32.40393943784396,32.427238722436002,32.466087498172996,32.520509370066769,32.590534814899073,32.676198920641184,32.777538968257502,32.894592284585059,33.02739492386241,33.175981834677337,33.340389185644007,33.520659359890487,33.716848577711779,33.929035741300801,34.157328296763708,34.401856527552084,34.662743683072378,34.940041029702734,35.233630278204153,35.543119388678193
1578,32.401419280811261,32.409185155437257,32.432487808166755,32.471341937629141,32.52577078235511,32.595804356345383,32.68147724635331,32.782826275865311,32.899888464972463,33.032699838448728,33.181295723830594,33.345713180123624,33.525995997014981,33.722202076929733,33.934411534717277,34.162731018319619,34.407285707374228,34.668187372325932,34.945469644886842,35.238994826569915,35.548357544170649
1579,32.406664623780728,32.414431629772395,32.43773759803279,32.476596998037742,32.531032709280815,32.601074294591733,32.686755855963526,32.788113780856158,32.905184808136902,33.03800495997455,33.186609965041271,33.351037777382373,33.531333553530516,33.727556746582309,33.939788406209892,34.168133960410721,34.412713086553666,34.673626065797627,34.950889619270981,35.244348007326934,35.553583823107594
1580,32.411910729347859,32.419678849031321,32.442988081128043,32.481852670148108,32.536295144154238,32.606344626561174,32.692034751105687,32.7934014905168,32.910481327459685,33.043310307237903,33.191924579452277,33.356362992868313,33.536672022348824,33.732912529766288,33.945166220976624,34.173536910502541,34.418138439402455,34.679059653477516,34.956301077876049,35.249690180514854,35.558798665005249
1581,32.417157585601551,32.424926801602091,32.448239246780062,32.487108944980797,32.541558080593354,32.611615349502436,32.697313933718299,32.798689412350257,32.915778036329101,33.048615898591009,33.197239586821595,33.361688838971645,33.542011391270712,33.738269364010812,33.950544843307398,34.178939666453708,34.423561562516845,34.68448804722447,34.961704147909764,35.255021681327861,35.564002473488422
1582,32.422405180833564,32.43017547608514,32.453491084554315,32.492365813829529,32.546821512521866,32.61688646098338,32.70259340603176,32.803977554051478,32.921074948092084,33.053921751844925,33.202555005376645,33.36701532493349,33.547351643240816,33.743627182169995,33.955924137794064,34.184342036727614,34.428982272754375,34.689911177449297,34.967098957345577,35.260342822624239,35.569195620643498
1583,32.427653503544924,32.435424861298863,32.458743584258613,32.497623268262657,32.552085434166841,32.622157958883911,32.707873170554272,32.809265923481121,32.926372076001513,33.059227884173154,33.207870851686572,33.372342456807004,33.552692756657791,33.748985913265038,33.961303970313594,34.189743840386399,34.434400405363725,34.695328990323084,34.972485633842794,35.265653897118085,35.574378450710448
1584,32.432902542451735,32.440674946285135,32.463996735946679,32.50288130012423,32.55734984005624,32.627429841388263,32.713153230056491,32.81455452863581,32.931669433159819,33.064534312016619,33.21318714055576,33.377670237464613,33.558034705717091,33.75434548326065,33.9666842088224,34.195144906940257,34.439815812261791,34.700741445404852,34.977864303927142,35.270955179308537,35.579551283243184
1585,32.438152286490826,32.445925720314321,32.469250529921638,32.508139901534861,32.56261472501577,32.632702106976751,32.718433587555062,32.81984337761633,32.93696703246021,33.069841050993112,33.218503884938229,33.382998666643992,33.563377460774859,33.759705815779398,33.972064723991714,34.200545076077816,34.445228360441554,34.706148513634737,34.983235092396235,35.276246927178249,35.584714415803084
1586,32.443402724824928,32.451177172889906,32.474504956739281,32.513399064892127,32.56788008416563,32.637974754416781,32.723714246294357,32.82513247859341,32.942264886526296,33.075148115811849,33.223821095873603,33.388327741028483,33.568720988724316,33.765066832748559,33.977445389696882,34.205944197305833,34.450637930519449,34.711550175647865,34.988598121900168,35.28152938368418,35.589868126257059
1587,32.448653846847549,32.456429293752826,32.479760007210537,32.518658782870524,32.57314591291626,32.643247782752908,32.728995209726975,32.830421839771013,32.94756300765134,33.080455520196431,33.229138782447031,33.393657454360017,33.574065253373391,33.770428454970954,33.982826083371307,34.211342129527992,34.456044415432793,34.716946420374406,34.993953512660731,35.286802778056845,35.595012674727847
1588,32.453905642187394,32.461682072885502,32.485015672404018,32.523919048421142,32.578412206964188,32.648521191296034,32.734276481492188,32.8357114693478,32.952861407738105,33.085763276816849,33.234456951770291,33.398987797573596,33.579410215813226,33.775790602624284,33.988206686258437,34.21673874059892,34.461447719267738,34.722337243848337,34.999301382276393,35.292067326952825,35.600148305292173
1589,32.459158100712564,32.466935500515334,32.490271943647784,32.52917985477081,32.58367896228669,32.653794979611632,32.739558065393325,32.841001375477866,32.958160098241137,33.091071397231524,33.239775608981773,33.404318758947447,33.584755834770093,33.781153195698515,33.993587083590768,34.222133906872934,34.466847756196238,34.727722648173803,35.004641845586725,35.297323235492009,35.60527524748543
1590,32.464411212534245,32.472189567117887,32.495528812531184,32.534441195420811,32.588946175136144,32.659069147506912,32.744839965373515,32.846291566230313,32.963459090111925,33.096379891839959,33.245094757263466,33.409650324263339,33.590102066939195,33.786516154373857,33.998967164701057,34.227527512748679,34.472244449517511,34.733102640643722,35.009975014594495,35.302570698182258,35.610393717617697
1591,32.469664968010207,32.477444263419976,32.500786270905806,32.539703064145272,32.59421384203366,32.664343695017024,32.750122185490639,32.851582049549165,32.968758393747514,33.101688769844834,33.250414397872262,33.41498247697475,33.595448867300377,33.791879399349028,34.004346823079807,34.232919450214474,34.477637730789212,34.738477232982824,35.015300998431705,35.307809899750133,35.615503919935314
1592,32.47491935774778,32.482699580401892,32.506044310886466,32.54496545498877,32.599481959761953,32.669618622390317,32.75540472989087,32.856872833213266,32.974058018942891,33.106998039223939,33.255734530184299,33.420315198379839,33.600796189413174,33.797242852119275,34.009725956384592,34.238309618403626,34.483027539047995,34.743846440701937,35.020619903358714,35.313041015884529,35.620606047644024
1593,32.480174372606569,32.487955509299681,32.511302924851535,32.550228362263745,32.604750525357545,32.674893930072486,32.760687602781822,32.862163924797045,32.979357974848789,33.11230770671321,33.261055151752288,33.425648467795796,33.606143985686984,33.802606435204737,34.015104466408594,34.24369792316606,34.488413820116861,34.749210282553889,35.025931832790206,35.318264213897749,35.625700283804406
1594,32.485430003700678,32.493212041606817,32.516562105442759,32.555491780546937,32.610019536101959,32.680169618689895,32.765970808404788,32.867455331632662,32.984658269934144,33.117617777798664,33.266376258371423,33.430982262731035,33.611492207627862,33.807970072340048,34.020482259023112,34.24908427666022,34.493796525981701,34.754568780061696,35.031236887335851,35.323479653323652,35.630786802132839
1595,32.490686242400592,32.498469169075406,32.521821845564787,32.560755704675636,32.615288989512479,32.685445689032086,32.771254351007187,32.872747060773868,32.989958911953948,33.122928256716726,33.271697844151639,33.43631655905299,33.616840806064225,33.813333688632483,34.025859244102037,34.254468596964642,34.499175614224391,34.759921957104268,35.036535164851429,35.328687486464617,35.635865767726834
1596,32.495943080334754,32.503726883717178,32.527082138384216,32.566020129743116,32.620558883332123,32.690722142033721,32.776538234814844,32.878039118961759,32.995259907921813,33.128239146461461,33.27701990159462,33.441651331150638,33.62218973135235,33.818697210692775,34.031235335431923,34.259850807708496,34.504551047506823,34.765269839552694,35.041826760498353,35.333887858892204,35.640937337722228
1597,32.501200509390529,32.508985177803929,32.532342977327858,32.571285051093405,32.625829215518614,32.695998978755824,32.781822464004712,32.883331512593472,33.00056126408905,33.133550448800371,33.282342421675757,33.446986552089392,33.627538933556998,33.824060566732769,34.03661045060516,34.265230837726321,34.509922793118562,34.77061245496909,35.047111766813174,35.339080909889944,35.646001661865697
1598,32.506458521715004,32.514244043867514,32.537604356081019,32.576550464315773,32.631099984233231,32.701276200366856,32.787107042677874,32.888624247691951,33.005862985925766,33.138862164292426,33.287665393926687,33.452322193762974,33.632888362624861,33.829423686654152,34.041984510909707,34.270608620720957,34.51529082254234,34.775949832321452,35.052390273778528,35.344266772880282,35.651058883064913
1599,32.511717109715171,32.519503474699448,32.542866268584795,32.58181636523836,32.63637118782863,32.70655380812326,32.792391974833606,32.893917329879578,33.011165078109677,33.144174292315995,33.292988806522231,33.457658227034131,33.638237968527342,33.834786502100137,34.047357441204213,34.275984094958964,34.520655111091465,34.781282001764666,35.057662368901411,35.349445575787584,35.656109137847103
1600,32.516976266057604,32.524763463349927,32.54812870903298,32.587082749921052,32.641642824836168,32.711831803349924,32.797677264344095,32.899210764354351,33.016467544518754,33.149486831099168,33.298312646366128,33.46299462186802,33.643587701391013,33.840148946497209,34.052729169794219,34.281357202981752,34.526015637570623,34.786608994437344,35.062928137289319,35.354617441381286,35.661152556791897
1601,32.522235983667919,32.53002400312652,32.553391671868575,32.592349614648271,32.646914893953038,32.717110187420694,32.802962914930085,32.90450455586776,33.021770388226351,33.154799777752949,33.303636899176638,33.468331347460179,33.64893751161835,33.845510955086986,34.058099628306692,34.286727891328105,34.531372383957631,34.791930842277132,35.068187661727549,35.359782487599958,35.666189264937316
1602,32.527496255729474,32.535285087592129,32.558655151779476,32.597616955920756,32.652187394028566,32.722388961738808,32.80824893013817,32.909798708707207,33.027073611503617,33.16011312831089,33.308961549571798,33.473668372351177,33.654287349982475,33.850872464933005,34.063468751561004,34.292096110287723,34.53672533513965,34.797247577879695,35.073441022756775,35.364940827827745,35.671219382120569
1603,32.532757075681673,32.540546710562587,32.563919143693795,32.60288477044687,32.657460324050376,32.727668127717926,32.813535313319477,32.915093226680305,33.032377215823317,33.165426877768077,33.314286581150839,33.479005664535492,33.659637167717925,33.856233414928617,34.068836477446155,34.297461813662508,34.542074478653959,34.802559234357446,35.078688298747224,35.370092571166495,35.676243023314839
1604,32.538018437217815,32.545808866103791,32.569183642774696,32.608153055133691,32.662733683130519,32.732947686763382,32.818822067609396,32.920388113101652,33.037681201866668,33.170741020122257,33.319611976574983,33.484343191564278,33.664986916600185,33.861593745793918,34.07420274679626,34.302824958541422,34.547419804453838,34.807865845219553,35.083929565973591,35.3752378226853,35.681260298934205
1605,32.543280334282251,32.551071548528,32.574448644414403,32.613421807077358,32.668007470491212,32.738227640253996,32.8241091959096,32.925683370783084,33.042985569534736,33.176055548417864,33.32493771764446,33.489680920636296,33.670336549008418,33.866953400059977,34.079567503269111,34.308185505098706,34.55276130470812,34.813167444275912,35.089164898687294,35.380376683639845,35.686271315099546
1606,32.548542761067885,32.556334752390654,32.579714144228738,32.618691023553787,32.673281685450767,32.743507989523749,32.829396700868855,32.930979002022283,33.048290317957303,33.181370454788066,33.330263785377234,33.495018818694952,33.675686017997521,33.872312322061077,34.084930693224237,34.313543416379424,34.558098973580996,34.81846406552615,35.094394369189544,35.385509251709657,35.691276173927747
1607,32.553805712011574,32.561598472485009,32.584980138049559,32.623960702007622,32.678556327408813,32.748788735845388,32.834684584869848,32.936275008601427,33.053595445513217,33.186685730502511,33.335590160077878,33.500356852495408,33.681035277328007,33.877670457895675,34.09029226560898,34.318898658143432,34.563432807097058,34.823755743110155,35.099618047898211,35.390635621158751,35.696274973719738
1608,32.559069181790207,32.566862703837401,32.590246621917736,32.629230840042027,32.683831395832549,32.754069880413873,32.839972850014618,32.941571391782254,33.058900949845643,33.192001366010643,33.340916821407255,33.505694988681725,33.686384281514137,33.88302775540474,34.09565217184673,34.324251198687328,34.568762802967882,34.829042511227534,35.104836003414256,35.395755883030262,35.701267809195031
1609,32.564333165316647,32.572127441702477,32.595513592076244,32.634501435408225,32.689106890242314,32.759351424329779,32.845261498109984,32.946868152301903,33.064206827878643,33.197317350986907,33.346243748453148,33.511033193862119,33.691732985866935,33.888384164143829,34.101010365722516,34.329601008671567,34.57408896043043,34.834324404067864,35.110048302589533,35.400870125330741,35.706254771711542
1610,32.569597657733262,32.577392681556049,32.600781044961003,32.639772485993696,32.694382810197695,32.764633368586146,32.850550530660328,32.952165290378872,33.069513075842615,33.202633674376116,33.351570919785708,33.516371434653678,33.697081346502664,33.893739635337738,34.106366803286811,34.334948061002017,34.579411280152193,34.839601455782436,35.115255010583404,35.405978433153173,35.711235949407417
1611,32.574862654406786,32.582658419089213,32.606048977193076,32.645043989811541,32.699659155284188,32.76991571405388,32.855839948856506,32.957462805712552,33.074819689292667,33.207950324435906,33.356898313519807,33.521709677745967,33.702429320376098,33.899094121851356,34.111721442751588,34.340292330676299,34.584729764088955,34.844873700424252,35.120456190924664,35.411080888842484,35.716211427397702
1612,32.580128150922718,32.587924650202076,32.611317385570324,32.650315944989273,32.704935925099292,32.775198461467589,32.861129753566082,32.962760697485344,33.080126663130386,33.213267288781324,33.36222590737551,33.527047889957139,33.707776865302684,33.904447578151974,34.117074244388235,34.345633794644968,34.590044415364019,34.850141171903005,35.125651905571878,35.41617757214204,35.7211812879465
1613,32.5853941430777,32.593191370995463,32.616586267057592,32.655588349757295,32.710213119240173,32.78048161141529,32.866419945330001,32.968058964371821,33.085433991629415,33.218584554425412,33.367553678724036,33.532386038267674,33.713123939960255,33.909799960265808,34.122425170443194,34.350972431711007,34.595355238189825,34.855403903964032,35.130842214963856,35.421268560299538,35.72614561058819
1614,32.590660626872499,32.598458577763452,32.621855618777658,32.660861202437594,32.715490737291212,32.785765164327117,32.871710524356864,32.973357604544773,33.090741668458456,33.223902107819995,33.372881604638465,33.537724089863154,33.718470503899781,33.915151225738683,34.127774185047784,34.356308222414249,34.600662237771871,34.860661930156688,35.136027178073242,35.426353928189251,35.731104472269358
1615,32.595927598506144,32.603726266986733,32.627125438002651,32.666134501432694,32.720768778810466,32.791049120461722,32.877001490514211,32.978656615678275,33.096049686703225,33.229219934899156,33.378209661951708,33.543062012187292,33.723816517565801,33.920501333598978,34.133121254119395,34.361641148897085,34.605965420191559,34.865915283790606,35.141206852465231,35.431433748454779,35.736057947516443
1616,32.601195054365611,32.608994435321954,32.632395722142753,32.671408245214216,32.726047243320068,32.796333479901897,32.88229284333341,32.983955994964674,33.101358038894979,33.234538021112726,33.383537827283149,33.548399772948258,33.729161942274004,33.925850244309146,34.138466345301282,34.366971194852795,34.611264792380595,34.871163997943306,35.146381294334361,35.436508091563496,35.741006108493238
1617,32.606462991020059,32.614263079595347,32.63766646873794,32.67668243231185,32.731326130292899,32.801618242540975,32.887584582000429,32.98925573911697,33.106666717031487,33.239856351469165,33.388866077096999,33.553737340173541,33.734506740234032,33.931197919730558,34.143809427863182,34.37229834538816,34.61656036199966,34.876408105413745,35.151550558563578,35.441577025952661,35.745949025173068
1618,32.61173140521047,32.619532196792058,32.642937675446717,32.681957061302313,32.736605439143617,32.806903408079137,32.892876705361168,32.994555844385751,33.111975712604547,33.245174910567293,33.394194387727055,33.559074682215403,33.739850874528187,33.936544323077641,34.149150472643818,34.377622586973025,34.621852137411913,34.881647638727998,35.156714698759728,35.446640618083812,35.750886765396928
1619,32.617000293841549,32.624801784047634,32.648209340036722,32.687232130798954,32.741885169218108,32.812188976015364,32.898169211919779,32.999856306567985,33.117285016622574,33.250493682631578,33.399522735417207,33.56441176778177,33.745194309114595,33.941889418880322,34.1544894519742,34.382943907345656,34.627140127606367,34.886882630116084,35.16187376729993,35.451698932544787,35.755819394991228
1620,32.622269653973355,32.630071838639267,32.653481460374664,32.692507639440343,32.747165319782233,32.817474945638985,32.903462099837448,33.005157121017895,33.122594619636153,33.255812651550023,33.404851096361817,33.56974856596328,33.750537008823976,33.947233172940983,34.1598263396004,34.388262295424205,34.632424342131181,34.892113111496414,35.16702781537807,35.456752032143555,35.760746977874653
1621,32.627539482811343,32.635342357975681,32.658754034416411,32.697783585881602,32.752445890016084,32.822761316029386,32.908755366939879,33.010458282663393,33.127904511761344,33.261131800898845,33.410179446723653,33.575085046235777,33.755878939341173,33.952575552295826,34.165161110632795,34.393577741257808,34.637704791061608,34.897339114471542,35.17217689542592,35.461801186003257,35.765742393591083
1622,32.632809777694995,32.640613339585606,32.664027060194975,32.703059968781965,32.757726879002469,32.828048086048177,32.914049010716603,33.015759786015643,33.133214682701386,33.266451113973893,33.415507762666856,33.580421178482382,33.761220067203581,33.957916525183158,34.17049374149056,34.398890235966967,34.642981484970903,34.902560673107786,35.177321397581437,35.466856739561237,35.770792192940618
1623,32.638080536092538,32.645884781112095,32.669300535814031,32.708336786798036,32.763008285721192,32.833335254336852,32.919343028325542,33.021061625184053,33.138525121772759,33.271770573824199,33.420836020388847,33.585756933009733,33.766560359787661,33.963256060992663,34.175824209818586,34.404199771654106,34.648254435982096,34.907777895732494,35.182463165263265,35.471925592771086,35.775875143117744
1624,32.643351755588405,32.651156680300126,32.674574459435604,32.713614038572281,32.76829010904008,32.838622819312796,32.924637416596646,33.026363793888819,33.143835817926131,33.277090163276966,33.426164196141585,33.591092280556758,33.771899785298594,33.968594130235964,34.181152494450671,34.409506341702787,34.653523672166607,34.912991160956167,35.187604639482267,35.477008794281076,35.78098370991794
1625,32.648623433874199,32.656429034987198,32.679848829270874,32.71889172272455,32.773572347708644,32.843910779167558,32.929932172037233,33.03166628547531,33.149146759768861,33.282409864963959,33.431492266254047,33.596427192303175,33.77723831275668,33.973930704509556,34.186478575438905,34.414809943620376,34.65878927656567,34.9182011342983,35.192747754776839,35.48210594584485,35.786113565101118
1626,32.653895568738768,32.661701843093716,32.685123643570456,32.724169837843256,32.778855000351832,32.849199131865191,32.935227290837382,33.036969092927833,33.154457935586478,33.287729661346589,33.436820207153175,33.60176163987709,33.782575911984374,33.979265756479876,34.191802434601755,34.420110587249034,34.664051417146638,34.923408608592268,35.197893845125023,35.487216311666799,35.791261806587443
1627,32.659168158058598,32.666975102613215,32.690398900615058,32.729448382477003,32.78413806546417,32.854487875141189,32.940522768875795,33.042272208883624,33.15976933336367,33.293049534739467,33.442147995382776,33.607095595360875,33.787912553597252,33.984599259975106,34.197124057270379,34.425408305236097,34.669310343331908,34.92861437253196,35.203043795810267,35.492339109936083,35.796426318630225
1628,32.664441199787909,32.672248811602529,32.695674598706063,32.734727355126665,32.789421541404543,32.859777006502078,32.945818601726103,33.047575625646779,33.165080940804508,33.298369467332797,33.447475607621151,33.612429031296941,33.79324820901703,33.989931190347875,34.202443435216885,34.430703159949182,34.674566362652492,34.933819145812656,35.208198184879919,35.49747359833394,35.801605473573652
1629,32.669714691949018,32.677522968172376,32.700950736156543,32.740006754237569,32.794705426391424,32.865066523225337,32.951114784663389,33.052879335202114,33.170392745352153,33.303689441213727,33.452803020697331,33.617761920697028,33.798582850545536,33.995261525219078,34.207760569852468,34.435995244680484,34.679819814501911,34.939023557333314,35.21335738276759,35.502619096975423,35.806797971655534
1630,32.674988632622714,32.682797570477788,32.706227311282426,32.745286578192278,32.799989718498566,32.870356422359997,32.956411312671271,33.058183329228974,33.17570473420794,33.309009438386212,33.458130211606921,33.623094237064294,33.80391645154431,34.000590245530624,34.213075474712141,34.441284680486362,34.685071048734187,34.944228144173451,35.218521619062436,35.507774990825894,35.812002745595024
1631,32.680263019938678,32.688072616708808,32.711504322393807,32.750566825303657,32.805274415651169,32.87564670072765,32.961708180448902,33.063487599114872,33.181016894349703,33.314329440790402,33.463457157529952,33.628425954442584,33.809248986740407,34.005917336707455,34.218388176743531,34.446571610699159,34.690320410693253,34.949433359592881,35.223691026442673,35.512940725136296,35.817218900476917
1632,32.685537852066155,32.693348105081327,32.716781767786742,32.755847493808361,32.810559515622565,32.880937354923802,32.967005382418606,33.068792135969019,33.186329212549666,33.319649430321441,33.468783835854687,33.633757047505235,33.814580432637918,34.011242789703807,34.223698716417466,34.451856194892265,34.695568231701877,34.954639583492614,35.228865670505058,35.518115799209731,35.82244567279492
1633,32.690813127204748,32.698624033828061,32.722059645735037,32.76112858186054,32.815845016031211,32.886228381319697,32.972302912733298,33.07409693063574,33.191641675391672,33.32496938884902,33.474110224211813,33.639087491689281,33.819910767988105,34.016566601792199,34.229007146926833,34.457138603179949,34.700814823580714,34.959847133212392,35.234045569931659,35.523299759872877,35.827682402183029
1634,32.696088843575268,32.703900401189934,32.727337954482572,32.766410087526211,32.82113091433834,32.89151977606452,32.977600765284336,33.079401973707448,33.196954269288369,33.330289298239386,33.47943630052437,33.644417263373498,33.825239974262487,34.021888777019463,34.23431353276473,34.462419011351002,34.706060476084865,34.965056273264864,35.239230710266845,35.528492195632808,35.832928511020278
1635,32.701364999410941,32.709177205407343,32.732616692235837,32.771692008777698,32.826417207845594,32.896811535087792,32.982898933709393,33.084707255537836,33.202266980498479,33.335609140381443,33.484762043075705,33.649746340086381,33.830568036073821,34.027209326342557,34.239617948026627,34.467697596961884,34.71130545601212,34.970267223760693,35.244421053830415,35.533692731501816,35.83818348902453
1636,32.706641592948777,32.714454444712011,32.73789585715658,32.776974343488632,32.8317038936936,32.902103654102255,32.988197411400392,33.090012766254866,33.207579795145222,33.340928897218681,33.490087430594457,33.655074700728676,33.835894941516571,34.032528267498847,34.244920474614524,34.472974536272766,34.716550007459986,34.975480167654084,35.249616546694888,35.53890102449374,35.843446881598936
1637,32.711918622421173,32.719732117318884,32.743175447355142,32.782257089429201,32.836990968860341,32.907396128606898,32.993496191511696,33.095318495773888,33.212892699236129,33.346248550788744,33.495412442356638,33.660402325796085,33.841220682404234,34.037845624647815,34.250221200477739,34.478250002011677,34.721794352835943,34.980695256721745,35.254817123560372,35.54411675981423,35.848718280944368
1638,32.717196086047608,32.725010221418216,32.748455460883683,32.78754024426182,32.84227843016032,32.912688953890289,32.998795266968287,33.100624433811305,33.21820567868523,33.351568083270763,33.500737058298107,33.665729197584042,33.846545254399267,34.043161427867524,34.255520218005927,34.483524161775264,34.727038694158921,34.985912616544873,35.260022711400026,35.549339647585526,35.853997318916349
1639,32.722473982026955,32.730288755168402,32.753735895730081,32.792823805537076,32.847566274243761,32.917982125034143,33.00409463047432,33.105930569898945,33.223518719338962,33.356887477040281,33.50606125913324,33.671055300363982,33.851868657044598,34.048475712565356,34.260817622605714,34.488797176921558,34.73228321451753,34.991132350679528,35.265233232127095,35.554569420029651,35.859283661295414
1640,32.727752308529666,32.735567716688301,32.759016749811863,32.798107770690187,32.852854497596383,32.923275636917289,33.009394274521831,33.111236893399408,33.228831807004489,33.362206714730377,33.511385026472915,33.676380620528086,33.857190893717068,34.053788518843447,34.266113511446335,34.494069201833561,34.737528079603088,34.996354544166159,35.270448604569552,35.55980582902442,35.864577003097303
1641,32.733031063690468,32.740847104050658,32.764298020970713,32.803392137037449,32.858143096539109,32.928569484219587,33.014694191400075,33.11654339352296,33.234144927482646,33.367525779298369,33.51670834293931,33.681705146693353,33.862511971498542,34.059099890842269,34.271407982414466,34.499340383545444,34.742773439229822,35.001579266359876,35.275668745840832,35.565048644044268,35.869877064851863
1642,32.738310245601376,32.746126915275283,32.769579706967015,32.80867690177341,32.863432067228665,32.933863661426599,33.019994373205286,33.121850059346038,33.239458066604151,33.372844654095445,33.522031192270155,33.687028869765847,33.867831900993224,34.06440987610479,34.2767011332515,34.504610861580346,34.748019428756677,35.006806573309206,35.280893572391562,35.570297650367536,35.875183589462111
1643,32.743589852304709,32.751407148322784,32.774861805474949,32.813962061968148,32.868721405657801,32.939158162834218,33.025294811851346,33.127156879831574,33.244771210268922,33.37816332293712,33.527353559410656,33.692351782969403,33.873150696109406,34.069718524978128,34.281993060842112,34.509880767928721,34.75326617041398,35.012036509782568,35.286123000814825,35.575552647498974,35.880496339526843
1644,32.748869881786845,32.756687801088454,32.78014431407788,32.819247614564787,32.874011107656507,32.944452982554118,33.030595499081279,33.132463843851269,33.250084344487888,33.383481770172132,33.532675430590658,33.697673881841233,33.878468373814009,34.075025890054391,34.287283860639512,34.515150227153804,34.758513774540589,35.017269110961962,35.29135694842352,35.58081344779653,35.8858150950987
1645,32.754150331971886,32.761968871396668,32.785427230263736,32.824533556377574,32.879301168892994,32.949748114519188,33.03589642647956,33.137770940209506,33.255397455426511,33.388799980749162,33.537996793387421,33.702995164199926,33.883784953870695,34.08033202565543,34.292573626206995,34.520419356585911,34.763762340723751,35.022504403872205,35.296595333670929,35.586079875263955,35.891139651772249
1646,32.75943120071576,32.767250356995262,32.790710551421277,32.829819884090021,32.884591584875366,32.955043552490181,33.04119758548579,33.143078157669237,33.260710529449675,33.394117940278903,33.543317636770944,33.708315630084854,33.889100458567682,34.085636987372006,34.297862448877808,34.525688266587544,34.769011958823945,35.027742408556151,35.301838076436056,35.591351764507998,35.896469819081652
1647,32.76471248580075,32.772532255550608,32.795994274836147,32.835106594253631,32.889882350953762,32.960339290062336,33.046498967409399,33.148385484979393,33.266023553166434,33.399435635090285,33.548637951132768,33.713635281675167,33.894414912447132,34.090940831656638,34.303150417502238,34.530957060848898,34.774262709897926,35.032983139074481,35.307085098230715,35.596628959815568,35.901805419110062
1648,32.769994184930205,32.777814564642753,32.801278397687518,32.84039368328682,32.895173462322596,32.965635320673279,33.051800563445305,33.153692910903203,33.271336513474139,33.404753052280185,33.55395772830046,33.718954123194507,33.899728342042849,34.096243615463997,34.308437618258409,34.536225836695671,34.779514667037247,35.038226604372483,35.312336322352053,35.601911314324923,35.907146285261035
1649,32.775276295723593,32.78309728176086,32.806562917045014,32.845681147474103,32.900464914023679,32.97093163761118,33.057102364690991,33.159000424247779,33.276649397600899,33.410070179755493,33.559276961538238,33.724272160804489,33.905040775628777,34.101545395937194,34.313724134520946,34.541494685408267,34.784767896126048,35.043472809017537,35.317591673979926,35.607198689289611,35.912492261190266
1650,32.780558815711785,32.788380404299133,32.811847829866018,32.850968982965945,32.90575670094946,32.976228234023942,33.062404362164017,33.164308013893347,33.281962193146079,33.415387006268546,33.564595645535853,33.729589402489808,33.910352242978071,34.106846230133115,34.319010046777898,34.546763692547216,34.790022456527929,35.04872175382912,35.322851080232653,35.612490953420277,35.917843199869928
1651,32.785841742332828,32.793663929552906,32.817133132993021,32.856257185778659,32.911048817846989,32.981525102928991,33.067706546820702,33.169615668823489,33.287274888118198,33.420703521445546,33.569913776387025,33.734905857937655,33.915662775135708,34.112146174785764,34.324295432588499,34.552032938277115,34.795278401704465,35.053973436417486,35.328114470192077,35.617787982295752,35.923198962764538
1652,32.791125072927834,32.79894785471506,32.822418823151729,32.861545751794978,32.916341259322429,32.986822237223848,33.073008909575506,33.174923378154396,33.292587470969814,33.426019715806326,33.575231351556624,33.740221538413081,33.920972404208413,34.117445286110943,34.329580366579613,34.55730249768159,34.800535779761574,35.059227851633544,35.33338177490225,35.623089657843913,35.928559419117903
1653,32.796408804737403,32.804232176872894,32.827704896949292,32.86683467676491,32.921634019846067,32.99211962969737,33.078311441320835,33.180231131163971,33.297899930628986,33.431335580778153,33.580548369840955,33.745536456634376,33.926281163169477,34.122743619638619,34.334864920463083,34.562572441067076,34.805794633947585,35.064484991964385,35.338652927355461,35.62839586786761,35.933924445308605
1654,32.801692934898192,32.809516893005259,32.832991350872931,32.872123956307099,32.926927093757989,32.997417273041762,33.083614132947247,33.185538917319761,33.303212256526827,33.43665110870166,33.585864831320272,33.750850626649459,33.931589085682383,34.128041230078246,34.340149163076653,34.567842834251316,34.811055003093607,35.069744847866538,35.34392786246427,35.633706505623643,35.939293924285764
1655,32.806977460439853,32.814801999979906,32.838278181288892,32.877413585910766,32.932220475274264,33.002715159865112,33.088916975363787,33.190846726305395,33.308524438621319,33.441966292831474,33.591180737308015,33.756164063716774,33.936896205939291,34.133338171202674,34.345433160432549,34.573113738836938,34.8163169220201,35.075007408067854,35.349206517029465,35.639021469431484,35.94466774504793
1656,32.812262378282526,32.820087494551551,32.843565384442151,32.882703560937777,32.937514158493663,33.008013282704226,33.094219959518121,33.196154548045769,33.31383646741741,33.44728112733133,33.596496090296036,33.761476784189355,33.94220255851409,34.138634495754225,34.350716975780621,34.578385212473556,34.821580421901288,35.080272659823038,35.354488829697488,35.644340662321952,35.950045802182665
1657,32.817547685234238,32.825373373359788,32.848852956455779,32.887993876625551,32.942808137404938,33.013311634038025,33.099523076416567,33.201462372730667,33.319148333984018,33.452595607265295,33.601810893897195,33.766788805401909,33.947508178227011,34.143930255367188,34.356000669681016,34.583657309108013,34.826845530598895,35.085540589139086,35.359774740913345,35.649663991713872,35.955427995446371
1658,32.822833377989106,32.830659632927812,32.854140893331554,32.893284528090241,32.948102405894531,33.018610206301354,33.104826317143704,33.206770190836181,33.324460029966453,33.457909728582379,33.607125152784647,33.772100145564416,33.952813100028386,34.149225500514405,34.361284300086325,34.588930079214805,34.832112272949949,35.090811180958923,35.365064192868815,35.654991369130393,35.960814229401713
1659,32.828119453125446,32.835946269661072,32.859429190950202,32.898575510330176,32.953396957754542,33.023908991898509,33.110129672881662,33.212077993145776,33.329771547598277,33.463223488101818,33.612438872632552,33.777410823657164,33.95811735888261,34.154520280451642,34.366567922421133,34.594203570025371,34.83738067105746,35.09608441934914,35.370357129452394,35.660322709913331,35.966204413050583
1660,32.833405907104797,32.841233279846911,32.864717845072853,32.903866818230391,32.958691786691759,33.029207983217617,33.115433134928466,33.217385770766818,33.335082879704252,33.468536883487296,33.617752060051771,33.782720859338035,33.963420989686121,34.159814643203937,34.371851589678627,34.599477825721429,34.8426507444997,35.101360287613048,35.375653496190907,35.66565793300957,35.971598459570401
1661,32.838692736271028,32.84652065965421,32.870006851342417,32.909158446567112,32.963986886336556,33.03450717264468,33.120736694715681,33.222693515146467,33.340394019704206,33.473849913223972,33.62306472253011,33.788030272852446,33.968724027180826,34.165108635539028,34.377135352503942,34.604752887629239,34.84792251055984,35.106638768429477,35.380953240198956,35.670996960738151,35.976996286019862
1662,32.843979936849813,32.851808405133461,32.875296205285579,32.914450390012817,32.969282250252142,33.039806552577218,33.12604034382484,33.228001218085467,33.345704961613443,33.479162576592955,33.628376868372797,33.793339084949189,33.974026505879635,34.170402302953967,34.382419259282457,34.610028794400812,34.853195984426634,35.11191984396492,35.386256310125816,35.676339718584067,35.982397813082315
1663,32.849267504948379,32.857096512217119,32.880585902314856,32.919742643141433,32.974577871943943,33.045106115438166,33.13134407400397,33.233308871751198,33.351015700041849,33.484474873643975,33.633688506642443,33.798647316798423,33.979328459996637,34.175695689666668,34.387703356228528,34.615305582189201,34.858471179385489,35.117203495978139,35.391562656102117,35.681686135000213,35.987802964820673
1664,32.854555436556197,32.862384976720897,32.885875937731718,32.925035200434479,32.979873744869579,33.050405853689263,33.136647877181389,33.238616468685635,33.356326230186625,33.489786805164101,33.638999647102757,33.8039549899243,33.984629923399389,34.180988838624856,34.392987687472171,34.620583284795323,34.863748106965637,35.122489705891716,35.396872229688533,35.687036141248463,35.99321166848474
1665,32.859843727545581,32.867673794344967,32.891166306729801,32.930328056287102,32.985169862448586,33.055705759844159,33.141951745479552,33.243924001813951,33.361636547826485,33.495098372648229,33.644310300162594,33.809262126135401,33.989930929556998,34.186281791511192,34.398272295145389,34.625861933819131,34.869026777094632,35.12777845486945,35.40218498382481,35.692389671234316,35.998623854309493
1666,32.86513237367253,32.872962960675437,32.896457004397959,32.93562120501425,32.990466218072214,33.061005826481299,33.147255671228436,33.249231464452258,33.366946649314727,33.500409578268787,33.649620476820928,33.814568747458111,33.995231511491681,34.191574588750072,34.403557219466371,34.631141558805872,34.874307198247735,35.13306972389146,35.407500872779778,35.697746661346159,36.004039455319116
1667,32.870421370578391,32.878252471186627,32.901748025724459,32.940914640857599,32.995762805113579,33.066306046256329,33.152559646976798,33.254538850311455,33.372256531567672,33.505720424842771,33.654930188614784,33.819874876080945,34.000531701747207,34.196867269528383,34.408842498822757,34.636422187370059,34.879589377561906,35.138363493801904,35.412819852102764,35.703107050326004,36.009458407173511
1668,32.875710713792529,32.8835423212442,32.907039365601896,32.946208357992901,33.001059616937646,33.071606411913187,33.157863665500685,33.259846153497499,33.377566192050118,33.511030915799182,33.660239447572962,33.825180534309787,34.005831532368433,34.202159871820179,34.414128169846734,34.641703845301286,34.884873320930659,35.143659745346802,35.418141878579874,35.708470779157835,36.014880648036296
1669,32.881000398733448,32.888832506107086,32.912331018830713,32.951502350536444,33.006356646910895,33.076906916296529,33.16316771981576,33.265153368517616,33.38287562876716,33.516341055148779,33.665548266163221,33.830485744505594,34.011131034858195,34.20745243239687,34.419414267497586,34.646986556702238,34.890159033141593,35.148958459240546,35.423466910185148,35.713837790917708,36.020306118393123
1670,32.886290420712626,32.894123020931858,32.917622980125245,32.95679661255317,33.011653888411196,33.082207552361325,33.168471803182484,33.270460490275504,33.388184840245053,33.521650847450637,33.670856657252564,33.835790529054179,34.016430240174529,34.212744986862319,34.424700825129712,34.652270344067922,34.895446517936335,35.154259616180482,35.428794906041304,35.719208030693864,36.025734760960809
1671,32.891580774937623,32.899413860776143,32.922915244118713,32.96209113806384,33.016951334837216,33.087508313182674,33.173775909113459,33.275767514071489,33.393493825518242,33.526960297782708,33.676164634064243,33.841094910322447,34.021729178707275,34.218037569672326,34.429987874563629,34.657555228391523,34.900735778108967,35.159563196889174,35.434125826377652,35.724581445472978,36.031166520551956
1672,32.896871456514631,32.904705020601966,32.928207805368125,32.967385921052404,33.022248979618013,33.09280919196673,33.179080031381865,33.281074435602612,33.398802584115032,33.532269411709756,33.681472210132199,33.846398910613999,34.027027880257869,34.223330214159134,34.435275446160595,34.662841229269084,34.906026815599425,35.1648691821512,35.439459632486624,35.7299579840302,36.03660134394493
1673,32.902162460453496,32.90999649528122,32.93350065836097,32.972680955473955,33.027546816221609,33.098110182057638,33.184384164023129,33.28638125095523,33.40411111603877,33.537578195254703,33.686779399269952,33.851702552147643,34.032326374040622,34.228622952562802,34.44056356887986,34.668128364965334,34.911319631543051,35.170177552824768,35.444796286689879,35.735337596860724,36.042039179806061
1674,32.907453781671805,32.915288279600169,32.938793797521001,32.97797623526229,33.032844838163868,33.1034112769456,33.189688301339388,33.291687956601365,33.409419421751892,33.542886654869584,33.69208621553372,33.857005857025847,34.037624688673397,34.233915816058243,34.445852270342527,34.67341665249667,34.916614226340165,35.175488289865577,35.450135752300774,35.740720236092749,36.04747997858842
1675,32.912745414997836,32.920580368263003,32.944087217213436,32.983271754337366,33.038143039018067,33.108712470277361,33.194992437906961,33.296994549397823,33.414727502161099,33.54819479740403,33.697392673178804,33.862308847192956,34.042922852159244,34.239208834779575,34.451141576903723,34.678706107732218,34.921910599746255,35.18080137436224,35.455477993582029,35.746105855380627,36.052923692405642
1676,32.918037355178193,32.925872755899547,32.949380911752989,32.988567506613236,33.043441412421025,33.114013755857926,33.200296568570877,33.302301026571911,33.420035358595953,33.553502630082733,33.702698786645207,33.867611544437636,34.048220891908528,34.244502037856051,34.456431513689211,34.683996745417311,34.927208750875721,35.186116787523019,35.460822975723623,35.751494409880969,36.058370275009295
1677,32.923329596879654,32.931165437067911,32.954674875408479,32.993863486005381,33.048739952083601,33.11931512766278,33.205600688455206,33.307607385723713,33.425342992795713,33.558810160472163,33.708004570507498,33.872913970341195,34.053518834711312,34.249795453433798,34.461722104675403,34.689288579291919,34.932508678311009,35.191434510721912,35.466170664795925,35.756885856127667,36.063819681640176
1678,32.928622134697854,32.93645840626322,32.959969102411321,32.999159686438261,33.054038651795281,33.124616579836939,33.21090479295431,33.31291362480934,33.430650406888049,33.564117396462407,33.713310039468752,33.87821614628988,34.058816706766038,34.255089108710266,34.46701337271503,34.694581622097196,34.937810380090788,35.196754525478774,35.471521027733438,35.762280152024196,36.069271869024817
1679,32.933914963159914,32.941751657920761,32.965263586960525,33.004456101852824,33.059337505434208,33.129918106706072,33.216208877741352,33.318219742141046,33.43595760337449,33.569424346234477,33.71861520831439,33.883518093429835,34.064114533658767,34.260383029958959,34.47230533961276,34.699875885681955,34.94311385380486,35.202076813496554,35.476874032290617,35.767677256731936,36.074726795243841
1680,32.939208076732754,32.947045186424319,32.97055832323074,33.009752726213428,33.064636506971247,33.135219702775423,33.221512938760249,33.323525736372119,33.441264585111469,33.574731018243796,33.723920091905605,33.888819832675736,34.069412340386037,34.265677242559143,34.477598026150922,34.705171381015688,34.948419096592282,35.20740135664866,35.4822296470252,35.773077130654244,36.080184419717483
1681,32.944501469827856,32.952338986111442,32.975853305378571,33.01504955351546,33.069935650478307,33.14052136273704,33.226816972228697,33.328831606491882,33.446571355293884,33.580037421192422,33.729224705145555,33.894121384683118,34.074710151348874,34.270971771023248,34.482891452150206,34.710468118265752,34.953726105205732,35.212728137002429,35.487587843153591,35.778480685378952,36.085701967266658
1682,32.949795136806948,32.957633051278982,32.981148527548235,33.020346577790384,33.075234930131806,33.145823081469914,33.232120974633396,33.334137351815215,33.451877917440221,33.585343564013144,33.734529062968249,33.899422769847106,34.080007990364635,34.276266639020605,34.488185636498578,34.715766106821377,34.959034876025768,35.218057138984157,35.492948859041128,35.783895972624094,36.091268775956259
1683,32.955089071989569,32.962927376191125,32.986443983880015,33.025643793114796,33.080534340220943,33.151124854045719,33.237424942730158,33.339442971973995,33.457184275373542,33.590649455842133,33.739833180309262,33.904724008283083,34.085305880669367,34.281561869408691,34.493480597208666,34.721065355368481,34.964345406013514,35.22338840589628,35.498314077557936,35.789328336756313,36.096868064916215
1684,32.960383269658273,32.968221955084573,32.991739668515734,33.03094119361544,33.085833875151621,33.156426675729577,33.242728873539889,33.344748466907213,33.462490433206824,33.595955106002265,33.745137072092838,33.910025119823004,34.090603844927948,34.28685748425692,34.498776351452186,34.726365872181972,34.969657704054072,35.228722194051329,35.503685353009949,35.794778522924716,36.102493828476504
1685,32.96567772406555,32.973516782175544,32.997035575605686,33.03623877347583,33.091133529451319,33.161728541981745,33.24803276434519,33.350053836851245,33.467796395326779,33.601260523983939,33.750440753214953,33.91532612400821,34.095901905242556,34.292153504873625,34.504072915665944,34.731667667446771,34.974971821700898,35.234058985882776,35.509064142845851,35.800246140527221,36.108142584424677
1686,32.970972429440174,32.978811851666258,33.002331699315171,33.041536526942174,33.096433297773501,33.167030448458853,33.253336612686567,33.355359082329855,33.473102166378588,33.606565719427032,33.755744238528202,33.92062704008368,34.101200083161899,34.297449951846986,34.50937030605764,34.736970759788498,34.980287876808937,35.239399364414538,35.514451433605529,35.80573053558755,36.113811974229044
1687,32.976267379993885,32.98410715775146,33.007628033830855,33.046834448329165,33.101733174901675,33.172332391014621,33.258640416358325,33.360664204144513,33.478407751251005,33.611870702104099,33.761047542828017,33.925927886993499,34.106498399694381,34.302746845168805,34.514668540053364,34.742275184588436,34.9856060508166,35.244743909877727,35.519847860418508,35.811231019840292,36.119500259821379
1688,32.981562569927753,32.989402694624935,33.012924573367101,33.05213253202546,33.10703315575298,33.177634365700271,33.263944173404184,33.365969203364365,33.483713155061828,33.617175481904056,33.766350680839707,33.931228683377952,34.111796875339294,34.308044204569676,34.519967638667111,34.747580999481812,34.990926570465312,35.250093148706554,35.525253818090249,35.816746938045689,36.125206088852217
1689,32.986857993438825,32.994698456485935,33.018221312172052,33.057430772498904,33.112333235381527,33.182936368764381,33.269247882112609,33.371274081316457,33.489018383143815,33.622480068817055,33.771653667207232,33.936529447575595,34.117095530166388,34.313342050151689,34.52526762908419,34.752888285383456,34.996249687153458,35.255447536405789,35.530669539511045,35.822277685788784,36.130928368798429
1690,32.992153644726343,32.999994437545524,33.023518244533776,33.062729164301636,33.117633408981476,33.188238396652594,33.274551541011917,33.376578839575913,33.494323441031106,33.627784472920041,33.776956516483359,33.941830197636975,34.122394383979419,34.318640403265753,34.530568546673443,34.758197144025623,35.001575660206015,35.260807456839096,35.536095147871123,35.827822711383192,36.13666619197577
1691,32.99744951799849,33.005290632032917,33.028815364785828,33.068027702074701,33.122933671889371,33.193540446006935,33.279855148865103,33.381883479956223,33.499628334446108,33.633088704363374,33.78225924312364,33.947130951361011,34.127693456577894,34.323939287468512,34.535870436069459,34.763507693751414,35.006904745057859,35.266173228304446,35.541530691592556,35.833381512303589,36.142418787643727
1692,33.00274560747841,33.01058703420162,33.034112667313167,33.073326380552572,33.128234019586785,33.198842513664594,33.285158704664646,33.387188004499585,33.504933069286793,33.638392773358767,33.787561861486665,33.952431726364132,34.132992768104195,34.329238729392934,34.541173351307854,34.768820064770196,35.012237185864592,35.271545112003764,35.546976167342223,35.838953630042745,36.148185490404195
1693,33.008041907410558,33.015883638335566,33.039410146557564,33.078625194567337,33.133534447702061,33.20414459665691,33.290462207627115,33.392492415467487,33.51023765161468,33.643696690169378,33.792864385844695,33.957732540187152,34.13829233943602,34.334538759405625,34.546477355239972,34.774134394761958,35.017573211261393,35.276923320348217,35.552431535975344,35.844538645093493,36.153965717560155
1694,33.013338412066823,33.021180438754953,33.044707797022816,33.083924139052769,33.138834952012104,33.209446692207543,33.29576565718758,33.397796715331332,33.515542087643567,33.649000465103327,33.798166830407624,33.963033410435301,34.14359219257932,34.339839412015024,34.551782518495394,34.779450825084268,35.0229130322328,35.282308024677,35.557896733570161,35.850136172193501,36.159758952859214
1695,33.018635115752524,33.026477429822094,33.050005613279872,33.089223209047859,33.144135528443819,33.214748797730827,33.301069052994123,33.403100906763378,33.520846383729427,33.654304108511653,33.803469209362873,33.968334354945505,34.148892351024564,34.345140726017526,34.557088918172518,34.784769497723744,35.028256841547069,35.287699361930734,35.563371678915075,35.855745856208706,36.165564734616368
1696,33.023932012812175,33.031774605946978,33.055303589971786,33.094522399700381,33.149436173075124,33.220050910829713,33.306372394902034,33.408404992628185,33.526150546362068,33.65960763079282,33.808771536931168,33.973635391965686,34.154192840034064,34.350442744422637,34.562396636470737,34.790090552977986,35.033604814009315,35.293097440234384,35.568856278962485,35.861367368598415,36.171382646482478
1697,33.029229097635238,33.037071961592794,33.060601721818223,33.099821706270006,33.154736882136049,33.225353029293494,33.311675682968328,33.413708975974203,33.531454582158823,33.664911042403865,33.81407382743518,33.978936540332754,34.159493686850965,34.355745514219713,34.567705759369517,34.795414127707772,35.038957107185276,35.298502343653375,35.574350432802802,35.86700040432499,36.177212310219581
1698,33.034526364661687,33.04236949128115,33.06590000362015,33.105121124131351,33.160037652009095,33.230655151095526,33.316978917446093,33.419012860026527,33.536758497861101,33.670214353879011,33.819376095378495,33.984237819639389,34.164794920827923,34.361049086024089,34.573016375397728,34.800740354086997,35.044313862463667,35.303914136158681,35.57985403446618,35.87264467921414,36.183053380058226
1699,33.039823808387354,33.047667189597227,33.07119843026387,33.110420648776476,33.165338479229867,33.235957274390657,33.322282098779098,33.424316648180508,33.542062300334536,33.675517575855878,33.824678355530878,33.98953925037943,34.170096573471533,34.366353513638252,34.578328574547356,34.806069358800002,35.049675206271189,35.309332864842823,35.585366974898264,35.878299927727682,36.188905538255774
1700,33.045121423368983,33.052965051194654,33.076496996725197,33.115720275817679,33.170639360487186,33.241259397512565,33.327585227596607,33.429620343996419,33.547365996572339,33.680820719107572,33.829980623014592,33.994840854066972,34.175398678423043,34.37165885358413,34.583642447337077,34.811401262515759,35.05504125127807,35.314758562643071,35.590889143496831,35.883965901011877,36.194768491365245
1701,33.050419204229428,33.058263070800137,33.081795698073115,33.121020000989347,33.175940292622961,33.246561518971291,33.332888304708753,33.434923951196424,33.552669593702937,33.686123794580205,33.835282913387132,34.000142653323195,34.180701271379135,34.376965164627208,34.588958084034829,34.816736179607183,35.060412097579892,35.32019125058941,35.596420429212181,35.889642365224191,36.200641967207794
1702,33.055717145662321,33.063561243218132,33.087094529473511,33.126319820150307,33.181241272632249,33.251863637450356,33.338191331102188,33.440227473662219,33.557973099000698,33.691426813433203,33.840585242718269,34.005444671937468,34.186004389976056,34.382272507311058,34.594275573996931,34.822074218022728,35.065787833842137,35.3256309397213,35.601960721373651,35.89532910005812,36.206525712310608
1703,33.06101524243666,33.068859563334975,33.092393486192556,33.131619729285433,33.186542297662754,33.257165751804379,33.343494307936695,33.445530915435491,33.563276519899993,33.696729787081644,33.845887627658428,34.010746934898236,34.191308073637025,34.38758094351082,34.599595005138923,34.827415479313579,35.071168538376078,35.331077632653113,35.607509910263708,35.901025897476401,36.212419489804375
1704,33.066313489401288,33.074158026123023,33.097692563599715,33.136919724507379,33.191843365014428,33.262467861056614,33.348797236542332,33.450834280720031,33.568579864012676,33.702032727239086,33.851190085495816,34.016049468395877,34.196612363395026,34.392890536021312,34.604916463527019,34.832760058762901,35.076554280119026,35.336531324866058,35.613067887526569,35.906732560614159,36.218323077662042
1705,33.071611881488998,33.079456626644621,33.102991757170798,33.14221980205788,33.197144472139037,33.267769964396827,33.354100118417861,33.456137573885691,33.573883139147185,33.707335645958608,33.856492634201722,34.021352299803219,34.201917301705286,34.398201348184934,34.610240033058808,34.838108045564724,35.081945119527518,35.34199200581574,35.618634546479484,35.912448902803504,36.224236267164905
1706,33.076910413720533,33.08475536005561,33.108291062490757,33.147519958309076,33.202445616639572,33.273072061179427,33.359402955229875,33.461440799474516,33.579186353329348,33.712638555670985,33.861795292463761,34.026655457637965,34.207222932254517,34.403513443558907,34.615565795217343,34.84345952303979,35.087341109394451,35.347459659878638,35.624209782338156,35.918174746705667,36.230158861571098
1707,33.08220908120839,33.090054221608902,33.113590475256089,33.152820189764668,33.207746796269724,33.278374150922133,33.36470574881313,33.466743962208071,33.584489514823794,33.717941469219085,33.867098079706906,34.031958971508786,34.212529299769287,34.408826885621401,34.620893828894985,34.848814568885544,35.092742295589488,35.352934267139347,35.6297934923602,35.923909923550561,36.236090674983956
1708,33.087507879160341,33.095353206657755,33.118889991277328,33.158120493060856,33.213048008933498,33.283676233304838,33.370008501171782,33.472047066996268,33.589792632155579,33.723244399888671,33.872401016105648,34.037262872051627,34.217836449827686,34.414141737507521,34.626224210262791,34.854173255440941,35.098148717741026,35.358415804078767,35.635385575946081,35.929654272445397,36.242031531340757
1709,33.092806802882841,33.100652310658766,33.124189606481259,33.163420864967264,33.218349252684831,33.288978308169177,33.375311214481698,33.477350118947328,33.595095714131496,33.728547361434053,33.877704122584369,34.042567190853966,34.223144428676932,34.419458061784923,34.631557012696611,34.859535649965636,35.103560409841499,35.363904244138013,35.640985934687521,35.935407639772095,36.247981263555026
1710,33.098105847784147,33.105951529174732,33.129489316912796,33.168721302387787,33.223650525727386,33.294280375518703,33.380613891093937,33.482653123378988,33.600398769860426,33.733850368097897,33.883007420806173,34.047871960370294,34.228453283061739,34.424775920269823,34.636892306750468,34.864901814919847,35.10897740077796,35.369399558180298,35.646594472381281,35.941169878661441,36.253939712783769
1711,33.103405009377262,33.111250857877394,33.13478911873694,33.174021802361388,33.228951826414615,33.299582435519362,33.385916533538882,33.487956085829786,33.605701808772025,33.739153434626097,33.888310933155694,34.053177213836577,34.233763060064952,34.430095373866955,34.642230160146674,34.870271808231081,35.114399714822348,35.374901714912447,35.652211095036272,35.946940848502642,36.259906727746106
1712,33.108704283282698,33.116550292549839,33.140089008240601,33.179322362062841,33.234253153250002,33.304884488500875,33.391219144531284,33.493259012070475,33.611004840633534,33.744456576277578,33.893614682715011,34.05848298518319,34.239073806960164,34.435416482434562,34.647570637787524,34.8756456835549,35.11982737207574,35.380410681248492,35.657835710862472,35.952720414499645,36.265882164117414
1713,33.114003665231131,33.121849829088852,33.145388981834074,33.184622978803695,33.2395545048876,33.310186534958419,33.396521726975763,33.498561908115668,33.616307875564395,33.749759808828948,33.898918693233597,34.063789308947115,34.24438557107657,34.440739304674736,34.652913801789474,34.881023490528364,35.12526038886557,35.385926422613828,35.663468230242749,35.958508447275449,36.271865883999077
1714,33.119303151065722,33.127149463507202,33.150689036052796,33.189923650033023,33.244855880132704,33.315488575554845,33.401824283972793,33.503864780234743,33.621610924048824,33.755063148575196,33.904222989094038,34.069096220184605,34.249698399673981,34.446063898042567,34.658259711531599,34.886405275015036,35.130698778106222,35.391448903210062,35.669108565695268,35.9643048225104,36.277857755439953
1715,33.124602736744421,33.1324491919355,33.155989167558708,33.195224373338462,33.25015727794316,33.320790611123499,33.407126818825233,33.509167634962573,33.626913996945724,33.760366612325193,33.909527595273154,34.074403754385891,34.255012339832369,34.451390318677909,34.663608423718237,34.891791079335754,35.136142549617524,35.396978086235798,35.674756631828416,35.970109420619906,36.283857652015968
1716,33.129902418342162,33.137749010624347,33.161289373141777,33.20052514644717,33.255458697430413,33.326092642671078,33.412429335044656,33.514470479109654,33.632217105497929,33.765670217396575,33.914832537303141,34.079711947391466,34.260327438343744,34.456718621339434,34.668959992441501,34.897180942496234,35.141591710437993,35.402513934104078,35.680412345295736,35.975922126436302,36.289865452415377
1717,33.135202192052773,33.143048915946025,33.166589649721359,33.205825967227035,33.260760137861411,33.331394671381666,33.417731836358399,33.519773319770799,33.637520261335453,33.770973981600271,33.920137841223841,34.085020835313422,34.265643741633689,34.462048859384403,34.674314469271785,34.902574900385453,35.147046265050285,35.40805640856999,35.686075624734897,35.981742828972038,36.295881040143946
1718,33.140502054190712,33.148348904396109,33.17188999434763,33.211126833688134,33.266061598660521,33.336696698620315,33.423034326716142,33.525076164333107,33.642823476478618,33.77627792322739,33.925443533540189,34.090330454461096,34.270961295679378,34.46738108473383,34.67967190333011,34.907972985972499,35.152506215632719,35.413605470894254,35.691746390719629,35.987571421156446,36.301904303187236
1719,33.145802001193061,33.153648972595285,33.177190404203067,33.216427743983914,33.27136307941182,33.341998725937195,33.428336810296102,33.530379020482592,33.648126763338915,33.781582061032374,33.930749641177428,34.095640841270729,34.276280145940689,34.472715347854937,34.685032341370331,34.913375229490185,35.157971562273225,35.419161081968966,35.697424565704409,35.993407799608207,36.307935133725081
1720,33.151102029621157,33.158949117290959,33.182490876603829,33.221728696412924,33.276664579861318,33.347300755071672,33.433639291511383,33.535681896210342,33.6534301347181,33.78688641421472,33.936056191435988,34.100952032237011,34.2816003372957,34.478051697749109,34.690395827862538,34.9187816586129,35.163442303172758,35.424723202434237,35.703110073969555,35.999251864416976,36.313973427859075
1721,33.156402136162185,33.164249335358768,33.187791409001349,33.227029689420625,33.281966099919813,33.352602787956776,33.438941775015451,33.540984799816023,33.658733603802922,33.792191002396386,33.941363211946936,34.106264063854631,34.28692191399518,34.48339018195766,34.695762405078199,34.924192298610514,35.168918434806862,35.430291792760777,35.70880284156577,36.005103518963182,36.32001908539231
1722,33.161702317630827,33.169549623804215,33.193091998983846,33.232330721601208,33.287267639665721,33.357904826723392,33.444244265707475,33.54628773991152,33.664037184160797,33.797495845600295,33.946670730627993,34.11157697255917,34.29224491961407,34.488730846564295,34.701132113174545,34.929607172504973,35.174399952092166,35.43586681333705,35.71450279625919,36.010962669733431,36.326072009602832
1723,33.167002570970858,33.174849979764204,33.198392644278016,33.237631791699613,33.292569199347895,33.363206873704506,33.449546768737093,33.551590725422862,33.66934088973268,33.802800964227067,33.951978775640825,34.116890794673679,34.297569397013255,34.494073736206062,34.706504990277402,34.935026301212716,35.179886848532767,35.441448224541716,35.720209867478019,36.016829226153916,36.332132107041005
1724,33.172302893256713,33.18015040050858,33.203693342750647,33.242932898613525,33.297870779388695,33.368508931439479,33.454849289509127,33.556893765592207,33.674644734825876,33.808106379031294,33.957287375347953,34.122205566355809,34.302895388302083,34.499418894085693,34.711881072565404,34.940449703686554,35.185379116362867,35.447035986812097,35.725923986258202,36.022703100427485,36.338199287332337
1725,33.177603281695028,33.185450883441902,33.208994092410492,33.248234041396032,33.303172380387451,33.373811002677968,33.460151833685892,33.562196869974485,33.679948734100044,33.813412111093562,33.962596558274782,34.127521323563499,34.308222934828983,34.504766362005398,34.717260394348529,34.945877397016872,35.19087674663038,35.452630060670522,35.731645085194259,36.028584207424295,36.344273463050918
1726,33.182903733626304,33.190751426104903,33.214294891410077,33.253535219257657,33.308474003123273,33.37911309038379,33.465454407191288,33.56750004843876,33.685252902559995,33.818718181798189,33.967906353069168,34.132838102004513,34.31355207714445,34.51011618037618,34.722642988147321,34.951309396570288,35.196379729340919,35.458230406796709,35.737373098387756,36.034472464517989,36.350354549519707
1727,33.188204246526475,33.196052026176197,33.219595738047666,33.258836431569023,33.31377564855849,33.384415197738534,33.470757016212566,33.572803311164229,33.690557255541236,33.824024612805751,33.973216788465166,34.13815593710477,34.318882854993774,34.515468388251676,34.728028884768825,34.956745716086353,35.201888053537196,35.463836986052144,35.743107961399552,36.040367791480527,36.35644246468906
1728,33.193504818008662,33.201352681474297,33.224896630769393,33.264137677863353,33.319077317841732,33.389717328144371,33.47605966720112,33.578106668635805,33.69586180869679,33.829331426028965,33.978527893250458,34.143474863977737,34.324215307305714,34.520823023353877,34.733418113376167,34.962186367775693,35.207401707387682,35.469449759514823,35.74884961120479,36.046270110370067,36.362537129004245
1729,33.198805445824874,33.206653389959129,33.230197568171164,33.269438957838972,33.324379012310928,33.395019485227515,33.481362366874784,33.58341013164187,33.701166577985347,33.834638643607434,33.983839696229531,34.148794917387271,34.329549472175671,34.526180122098658,34.738810701564766,34.967631362429252,35.212920678285926,35.475068688518668,35.754597986144454,36.052179345407993,36.368638465260105
1730,33.204106127867831,33.211954149734076,33.235498549000951,33.274740271362013,33.329680733496254,33.400321672840342,33.48666512221687,33.588713711267218,33.706471579655421,33.839946287883031,33.989152226195571,34.154116131727207,34.334885386867121,34.531539719629286,34.744206675426533,34.973080709495505,35.218444952911277,35.480693734669423,35.760353025884093,36.058095422892848,36.37474639850241
1731,33.209406862172862,33.217254959048013,33.240799572161094,33.280041618468964,33.334982483122921,33.405623895063236,33.491967940475291,33.59401741888648,33.711776830230505,33.845254381376336,33.994465511902483,34.159438540999645,34.340223087810948,34.536901849848427,34.749606059613846,34.978534417159054,35.223974517291992,35.486324859862371,35.766114671372691,36.06401827111241,36.380860855926798
1732,33.214707646919592,33.222555816296989,33.24610063671026,33.285342999369206,33.340284263114228,33.410926156207957,33.497270829164464,33.599321266161184,33.717082346496547,33.850562946761329,33.999779582029142,34.164762178779924,34.34556261059052,34.542266545443724,34.755008877413857,34.983992492446923,35.229509356902064,35.491962026320984,35.771882864795202,36.069947820223263,36.386981766736234
1733,33.220008480434302,33.227856720026715,33.251401741866154,33.29064441444779,33.34558607559336,33.416228460816775,33.502573796059394,33.604625265026982,33.722388145482945,33.855872006844685,34.005094465165399,34.170087078219098,34.350903989965666,34.547633837929077,34.760415150793236,34.989454941260291,35.235049456669394,35.497605196582072,35.777657549543115,36.075884002216256,36.393109062107072
1734,33.225309361191542,33.233157668934254,33.256702887007492,33.295945864267757,33.35088792288655,33.421530813665797,33.507876849197622,33.609929427690872,33.727694244450518,33.861181584541065,34.010410189776607,34.175413272008136,34.35624725985646,34.553003757669046,34.76582490047209,34.994921768481646,35.240594801074366,35.503254333535807,35.783438670167051,36.081826750794612,36.39924267504459
1735,33.23061028781656,33.23845866187056,33.262004071676621,33.301247349572684,33.356189807524501,33.426833219763687,33.513179996873049,33.615233766618637,33.733000660873252,33.866491702853772,34.015726784191074,34.180740792380803,34.361592453365901,34.558376333917359,34.771238145966286,35.000392978006261,35.246145374160307,35.508909400414026,35.789226172348634,36.087776001337879,36.40538254034643
1736,33.23591125908731,33.243759697842471,33.267305295581707,33.306548871289046,33.361491732244417,33.432135684352694,33.518483247634414,33.620538294528394,33.738307412424817,33.87180238485351,34.021044276574678,34.18606967109352,34.366939602777762,34.563751594844717,34.776654905647142,35.005868572819097,35.251701159598298,35.514570360811149,35.795020002861506,36.093731690813989,36.411528594500282
1737,33.24121227393659,33.249060776015021,33.272606558599136,33.311850430528658,33.366793699992051,33.437438212908894,33.523786610281732,33.62584302438114,33.743614516962076,33.877113653657148,34.026362694910858,34.191399939415838,34.372288739567104,34.569129567573214,34.782075196794054,35.011348555050311,35.257262140725409,35.520237178688561,35.800820109536929,36.099693757716011,36.417680775613249
1738,33.246513331454445,33.254361895713757,33.277907860775834,33.317152028590243,33.372095713921951,33.442740811139821,33.529090093860042,33.631147969370112,33.748921992511114,33.88242553241313,34.031682066990449,34.196731628130017,34.377639894414116,34.574510278204819,34.787499035632635,35.016832926012619,35.262828300568387,35.525909818374529,35.806626441237356,36.105662142016506,36.423839023361445
1739,33.2518144308901,33.259663056426845,33.28320920233157,33.322453666962431,33.37739777740056,33.448043484986712,33.534393707658616,33.63645314291373,33.754229857250998,33.887738044276233,34.037002420382692,34.202064767510159,34.382993097205578,34.579893751855671,34.79292643740007,35.022321686279696,35.26839962190531,35.531588244580426,35.812438947814677,36.111636785080044,36.43000327888965
1740,33.25711557165463,33.264964257807492,33.288510583661001,33.327755347324697,33.382699894004865,33.453346240619858,33.539697461202223,33.641758558643296,33.759538129500697,33.8930512123979,34.042323782433961,34.207399387332437,34.388348377055834,34.585280012682958,34.798357416370138,35.027814835701882,35.273976087268075,35.537272422390679,35.818257580091299,36.11761762964035,36.436173484788412
1741,33.262416753322988,33.270265499676242,33.293812005336136,33.33305707154954,33.388002067524241,33.458649084438626,33.545001364247859,33.647064230394648,33.764846827704524,33.898365059907292,34.047646180249558,34.212735516866232,34.393705762317275,34.590669083920183,34.803791985909605,35.033312373469577,35.279557678991566,35.542962317277436,35.824082287529905,36.123603458606148,36.442279595427166
1742,33.26771797563606,33.275566782022885,33.299113468107819,33.338358841703588,33.39330430196015,33.463952023068792,33.550305426778088,33.652370172196839,33.770155970416347,33.903679609893004,34.052969640677354,34.21807318486514,34.399065280582647,34.596060987890688,34.809230158497542,35.038814298127413,35.285144379203395,35.548657892409331,35.829912694846207,36.129584330702173,36.448334540924414
1743,33.273019238503373,33.28086810500902,33.304414972908454,33.343660660049714,33.398606601526957,33.469255063361302,33.555609658996964,33.657676398264144,33.775465576288958,33.908994885392765,34.058294190303492,34.22341241957605,34.404426958713969,34.601455746059308,34.814671945795354,35.044320607644416,35.290736168801558,35.554359039648752,35.83574702974709,36.135553616102065,36.454358732399513
1744,33.278320542004849,33.286169468969995,33.30971652085335,33.348962529047803,33.403908970651422,33.474558212389049,33.56091407132282,33.662982922984781,33.780775664058645,33.914310909376752,34.063619855438233,34.228753248732048,34.409790822845636,34.606853379044786,34.820117358659303,35.049831299101498,35.296333013594946,35.560065391127218,35.841582945436272,36.141510308672849,36.460359414111799
1745,33.283621886393306,33.291470874417037,33.315018113242779,33.354264451355881,33.409211413972187,33.479861477444068,33.566218674382306,33.668289760911122,33.786086252533138,33.919627704735483,34.068946662108686,34.234095699555084,34.415156898401101,34.6122539066493,34.825566407098307,35.055346365942867,35.301934826786891,35.565776303254594,35.847418581781604,36.147454792788814,36.466340748444559
1746,33.288923272096248,33.296772322039281,33.320319751563545,33.359566429831027,33.414513936339283,33.485164866034431,33.571523479004036,33.673596926749866,33.791397360579047,33.924945294267538,34.074274636050873,34.239439798757431,34.420525210106327,34.617657347865055,34.831019099731982,35.060865790065606,35.307541440157763,35.571491010139944,35.853252655764912,36.153387776945863,36.472305526831342
1747,33.294224699718228,33.302073812705714,33.325621437490526,33.364868467529959,33.419816542813024,33.490468385880995,33.576828496211974,33.678904435352337,33.796709007110103,33.930263700668363,34.079603802703126,34.244785572543741,34.425895781999365,34.623063720777921,34.836475442096692,35.066389531741315,35.313152607409947,35.57720874987541,35.859084315529152,36.159310013739479,36.478255784459677
1748,33.299526170042625,33.30737534746698,33.330923172888127,33.370170567709579,33.425119238663093,33.495772044913728,33.582133737219003,33.684212301704669,33.802021211075456,33.935582946519325,34.084934187199856,34.250133046612767,34.431268637418391,34.628473042212129,34.841935433818961,35.071917522945263,35.318768026566644,35.582928826993381,35.864913004360567,36.165222217426717,36.484193087425716
1749,33.304827684033569,33.312676927557142,33.336224959811467,33.375472733827273,33.43042202936703,33.501075851268055,33.587439213419991,33.689520540918465,33.807333991448772,33.940903054277861,34.090265814366347,34.255482246155097,34.436643798930433,34.633885327006901,34.84739906552678,35.07744966619854,35.324387365215131,35.588650633251106,35.87073836505791,36.171125042200202,36.490118686119118
1750,33.310129242837746,33.317978554395388,33.341526800507602,33.380774969540965,33.435724920608692,33.506379813280816,33.592744936385223,33.694829168221332,33.81264736721748,33.946224046268071,34.095598708712835,34.260833195837748,34.442021288158969,34.639300586998431,34.852866316449351,35.082985837579251,35.330010281049155,35.59437364875037,35.876560175651491,36.177019079620599,36.496033607459886
1751,33.315430847786118,33.323280229587468,33.346828697416406,33.386077278709088,33.441027918276596,33.51168393948624,33.598050917853584,33.700138198947684,33.817961357372553,33.951545944671835,34.100932894426641,34.266185919762641,34.447401125489563,34.644718829895353,34.858337153164811,35.088525891988759,35.335636436268651,35.600097434176334,35.882378307210992,36.182904863167792,36.501938712424973
1752,33.320732500395366,33.32858195492706,33.352130653171464,33.391379665390318,33.446331028461785,33.516988238611738,33.603357169725577,33.705447648529841,33.823275980898835,33.956868771519659,34.106268395357546,34.271540441385987,34.452783329673302,34.650140058266615,34.863811529487919,35.094069668946226,35.341265506678127,35.605821620742653,35.888192695253593,36.188782874183651,36.507834735441094
1753,33.326034202369499,33.333883732397204,33.357432670600751,33.396682133843093,33.451634257455794,33.522292719573436,33.608663704056774,33.710757532489147,33.828591256765314,33.962192548680662,34.111605234993,34.276896783393937,34.458167917374666,34.65556426877707,34.869289387225194,35.099616998044368,35.346897186975291,35.611545899848885,35.89400332026112,36.194653548156289,36.513722311675309
1754,33.331335955601126,33.339185564171196,33.362734752727008,33.401984688525054,33.456937611748344,33.527597391471659,33.613970533050725,33.716067866427352,33.833907203915643,33.967517297849795,34.116943436417621,34.282254967536019,34.463554902716027,34.660991451741424,34.874770657528472,35.105167703625561,35.352531193215064,35.617270013681747,35.899810194473147,36.200517280373184,36.519601996588861
1755,33.336637762172593,33.344487452613841,33.368036902768303,33.407287334092196,33.462241098024784,33.532902263586465,33.619277669052423,33.721378666018119,33.839223841258146,33.972843040530648,34.12228302225499,34.287615014428603,34.468944296871129,34.666421590988811,34.880255262525544,35.110721608525886,35.358167263623123,35.622993747132369,35.905613352417113,36.206374430880111,36.52547428072149
1756,33.341939624357124,33.349789400282035,33.373339124138006,33.412590075397901,33.467544723163478,33.538207345372847,33.624585124541333,33.726689946998455,33.844541187654706,33.978169798012246,34.127624014592158,34.292976943344492,34.474336107738509,34.671854663984639,34.885743117031829,35.116278536994145,35.36380515835959,35.628716920854195,35.911412844170592,36.212225328819088,36.531339600923381
1757,33.347241544619671,33.355091409925684,33.37864142044495,33.41789291749182,33.472848494233169,33.543512646456115,33.629892912124838,33.732001725160096,33.849859261907987,33.983497591338384,34.132966434888544,34.298340772002618,34.479730339709342,34.677290642160223,34.891234130230352,35.121838316865805,35.369444658572874,35.634439385458606,35.917208730615698,36.218070276124237,36.537198348994266
1758,33.352543525617726,33.360393484488085,33.383943795493323,33.423195865618595,33.47815241848982,33.548818176626902,33.63520104453125,33.7373140163402,33.855178082746015,33.988826441269069,34.138310303872963,34.303706516373644,34.485126993543965,34.682729491400082,34.896728207212497,35.127400781061702,35.375085565095645,35.640161016773696,35.923001080047719,36.223909550648102,36.543050878424204
1759,33.35784557020186,33.365695627106469,33.389246253282188,33.428498925216402,33.48345650337378,33.554123945836352,33.640509534602934,33.742626836411588,33.860497668803589,33.994156368234194,34.143655641435338,34.309074190512582,34.490526066337573,34.688171172599937,34.902225250341175,35.132965768658771,35.380727697055136,35.64588171181299,35.928789965555488,36.22974340889229,36.54889750998381
1760,33.363147681416343,33.370997841112079,33.394548798005289,33.43380210191534,33.488760756506586,33.559429964191146,33.645818395289183,33.747940201271582,33.86581803860026,33.999487392280969,34.149002466518247,34.314443806423824,34.495927551568656,34.693615642273421,34.90772516043647,35.138533125571158,35.386370890400329,35.651601385431547,35.934575463155348,36.235572088345279,36.554738536193192
1761,33.368449862499254,33.376300130030387,33.399851434050255,33.439105401535677,33.494065185687589,33.564736241948317,33.651127639638645,33.753254126829766,33.87113921051445,34.004819533016082,34.154350797011979,34.31981537396225,34.501331439216194,34.699062853173395,34.913227837782507,35.144102704928287,35.392014996439514,35.657319967563865,35.940357650438877,36.241395809489596,36.560574224964292
1762,33.373752116882834,33.381602497580928,33.405154165997914,33.444408830086005,33.499369798890712,33.570042789509998,33.656437280791238,33.758568628993785,33.876461202754093,34.010152809544408,34.15970064965834,34.325188900772204,34.506737715933298,34.704512754900584,34.918733182955179,35.14967436722241,35.397659880457709,35.663037400937242,35.9461366055775,36.247214777531319,36.566404822614636
1763,33.379054448193337,33.386904947677216,33.410456998621456,33.449712393761224,33.50467460426075,33.575349617417857,33.661747331969508,33.763883723653478,33.881784033323797,34.01548724040665,34.165052039966383,34.330564392262502,34.512146365258822,34.709965294478039,34.924241097493649,35.155247980305994,35.403305420435558,35.668753639149905,35.951912406573989,36.253029183908168,36.572230556412606
1764,33.384356860250968,33.392207484426159,33.415759936885117,33.455016098940284,33.509979610109774,33.580656736347372,33.667057806468982,33.769199426663022,33.887107719989466,34.020822843518097,34.170404982142813,34.335941851613676,34.517557367852348,34.715420416880214,34.92975148444048,35.160823419286196,35.408951505867471,35.67446864504457,35.957685130702558,36.258839207612333,36.578051636742423
1765,33.38965935706954,33.397510112127641,33.421062985943422,33.460319952183966,33.51528482491333,33.585964157101493,33.672368717647714,33.774515753821362,33.892432280241458,34.026159636109888,34.175759489035912,34.341321279810309,34.522970701742977,34.720878065522356,34.935264248778317,35.16640056633868,35.414598036662817,35.680182389326539,35.963454854101599,36.264645016359502,36.583868258956876
1766,33.394961942856064,33.40281283527392,33.426366151139298,33.465623960232371,33.520590257306139,33.591271890604212,33.677680078914918,33.77983272085077,33.897757731256014,34.031497634673812,34.18111557209442,34.346702675697962,34.52838634258768,34.726338182702563,34.940779297760727,35.171979310454041,35.420244922148946,35.685894849414751,35.969221651491992,36.270446767608114,36.589680604944284
1767,33.400264622010027,33.408115658548631,33.431669438003006,33.470928130002427,33.525895916078021,33.596579947893318,33.682991903718339,33.785150343374191,33.903084089856769,34.036836854912679,34.186473241343364,34.35208603606285,34.533804263930989,34.731800709989891,34.946296541148293,35.177559547143737,35.425892080179942,35.691606008488677,35.974985595988208,36.276244609446252,36.595488844458693
1768,33.405567399122852,33.413418586825905,33.4369728522503,33.476232468584762,33.531201810169158,33.601888340112588,33.688304205530642,33.790468636890594,33.908411372476401,34.042177311697024,34.191832505373341,34.357471355725529,34.539224437456731,34.737265588565258,34.951815891380214,35.183141178134463,35.431539436331974,35.69731585466667,35.980746758961374,36.282038681385195,36.601293136291275
1769,33.410870278976603,33.418721625169248,33.442276399780603,33.481536983241135,33.536507948665125,33.607197078503717,33.693616997834781,33.795787616750481,33.913739595119921,34.047519019028137,34.197193371343118,34.362858627644329,34.544646833228889,34.742732759519832,34.957337263696132,35.188724111058242,35.437186923171367,35.703024380292874,35.986505209944163,36.287829115073599,36.607093629307052
1770,33.416173266543396,33.424024778830088,33.447580086675003,33.486841681400826,33.541814340791696,33.612506174396927,33.698930294108507,33.801107298130049,33.919068773329961,34.05286199000885,34.202555844993547,34.368247843026872,34.550071419919746,34.748202164111945,34.96286057620955,35.194308259137614,35.442834479597558,35.708731581335456,35.992261016579398,36.293616034929975,36.612890463344364
1771,33.421476366983804,33.429328053246586,33.452883919194257,33.492146570657503,33.547120995909069,33.61781563920178,33.704244107808037,33.806427696005827,33.924398922153848,34.058206236819707,34.207919930671011,34.3736389914461,34.555498165027068,34.753673743992792,34.968385749947174,35.199893540871869,35.448482050241935,35.714437456862406,35.998014244595645,36.299399558716509,36.618683770017057
1772,33.426779585645662,33.434631454041806,33.45818790377632,33.497451658765343,33.552427923505881,33.62312548439661,33.70955845235116,33.811748825129158,33.929730056114074,34.063551770702901,34.213285631360009,34.379032060960128,34.560927035075714,34.75914744139439,34.973912708851429,35.205479879729218,35.454129584935245,35.720142008603119,36.003764957808656,36.30517979804619,36.624473673411302
1773,33.432082928062549,33.439934987022113,33.463492047033839,33.502756953635085,33.557735133192594,33.628435721517832,33.714873341099583,33.817070700001253,33.93506218918143,34.068898601953038,34.218652948724781,34.384427038232914,34.566357995802392,34.764623199284621,34.97944137975697,35.211067203852082,35.459777038231934,35.725845240574799,36.009513218139126,36.310956858836121,36.630260290699638
1774,33.437386399952011,33.445238658175143,33.468796355751458,33.508062463329772,33.563042634694526,33.633746362148358,33.720188787341236,33.822393334849068,33.94039533475172,34.074246739913526,34.224021883155579,34.389823908653227,34.571791012326393,34.770100961498621,34.984971692351223,35.216655445773966,35.465424368976855,35.731547158753898,36.015259085639769,36.31673084172219,36.636043732696855
1775,33.442690007213734,33.450542473667646,33.474100836882869,33.513368196060185,33.568350437844401,33.63905741790564,33.72550480427212,33.827716743602309,33.945729505625991,34.079596192979544,34.22939243382104,34.395222656451367,34.577226049303249,34.775580672843034,34.990503579117629,35.222244542151792,35.47107153992058,35.737247770798056,36.021002618532307,36.322501842429581,36.641824104349915
1776,33.447993755927584,33.455846439843263,33.479405497547447,33.518674160179778,33.573658552574521,33.644368900429285,33.730821404978329,33.833040939871978,33.951064713994555,34.084946968606125,34.234764598723039,34.400623264810321,34.582663071063067,34.781062279182756,34.996036975272958,35.22783443351414,35.476718517367786,35.742947085797333,36.026743873247149,36.328269952114226,36.647601505186699
1777,33.453297652351196,33.461150563220023,33.48471034502699,33.523980364179572,33.578966988908284,33.649680821368342,33.736138602418521,33.838365936930479,33.956400971424117,34.09029907331967,34.240138374753379,34.406025715973541,34.588102041737642,34.786545727511772,35.001571818695503,35.233425064019713,35.482365270857159,35.748645114058611,36.032482904470072,36.334035257674351,36.653376029720199
1778,33.458601702917719,33.466454850487416,33.490015386761883,33.529286816682422,33.584275756951769,33.654993192368295,33.741456409406439,33.843691747692993,33.961738288847997,34.095652512734219,34.24551375775313,34.411429991348449,34.593542925374784,34.792030966007147,35.007108049844909,35.239016381229007,35.488011772873563,35.754341866921024,36.038219765192352,36.33979784203337,36.659147767810857
1779,33.463905914233109,33.471759308503692,33.495320630347145,33.534593526437142,33.589584866884472,33.660306025057984,33.746774838594021,33.849018384701026,33.967076676559905,34.1010072915712,34.250890742572544,34.416836071604223,34.598985686038944,34.797517944068204,35.012645611678131,35.244608335891755,35.493657998590351,35.760037356596065,36.043954506762617,36.345557784396469,36.664916804992984
1780,33.469210293073452,33.477063944292688,33.500626083528381,33.539900502312435,33.594894328950311,33.665619331036439,33.752093902454725,33.854345860106157,33.972416144208267,34.106363413679716,34.256269323131143,34.422243936768382,34.60443028791012,34.803006612354004,35.018184449565148,35.250200881736212,35.4993039256155,35.76573159601179,36.049687178938839,36.351315160503525,36.670683222795468
1781,33.474514846381631,33.48236876504015,33.505931754196872,33.545207753289922,33.600204153447542,33.670933121859356,33.757413613268497,33.859674185659102,33.977756700799944,34.111720882066948,34.261649492479961,34.427653566307619,34.609876695346777,34.808496922781053,35.023724511193471,35.255793975299454,35.504949533818575,35.771424598726561,36.055417829944652,36.357070042810868,36.676447098963052
1782,33.479819581264096,33.487673778090191,33.511237650384793,33.550515288457341,33.605514350718913,33.676247409026288,33.762733983106941,33.865003372698048,33.983098354700815,34.117079698923362,34.26703124285897,34.433064939210453,34.615324872962297,34.81398882854289,35.029265746486033,35.26138757574541,35.510594805119545,35.777116378803854,36.061146506518689,36.362822500707033,36.682208507727893
1783,33.485124504987404,33.492978990941431,33.516543780260342,33.555823117001516,33.610824931141899,33.681562203967516,33.768055023819031,33.870333432138196,33.988441113638999,34.122439865650698,34.272414565756051,34.438478034066321,34.620774785690941,34.819482284115445,35.03480810751239,35.266981644694042,35.516239723305446,35.782806950713926,36.0668732539676,36.368572600703402,36.687967520044715
1784,33.490429624974269,33.498284411242629,33.521850152122099,33.561131248200603,33.616135905118313,33.68687751803143,33.773376747018844,33.8756643744657,33.993784984713663,34.127801382893963,34.277799451962949,34.44389282913157,34.626226398833786,34.824977245247247,35.04035154840291,35.272576146076609,35.521884273884879,35.788496329262301,36.072598116216206,36.37432040659165,36.69372420378216
1785,33.495734948799537,33.50359004678824,33.527156774393241,33.566439691416605,33.621447283064036,33.692193362472437,33.778699164073629,33.880996209731656,33.99912997440304,34.133164250571873,34.283185891629451,34.449309302395299,34.631679678107048,34.830473668953061,35.045896025265151,35.278171045989481,35.527528443938664,35.794184529514887,36.078321135856918,36.380065979603863,36.699478623918104
1786,33.501040484185545,33.508895905513455,33.532463655615594,33.571748456087114,33.626759075398908,33.697509748439188,33.78402228609373,33.886328947548989,34.004476088576091,34.138528467909047,34.288573874315254,34.454727431636378,34.637134589677046,34.83597151349727,35.051441496101567,35.283766312566136,35.533172221997255,35.799871566742723,36.084042354197877,36.385809378548899,36.705230842703024
1787,33.506346238998283,33.514201995489898,33.537770804444015,33.5770575517179,33.63207129253648,33.702826686962176,33.789346123920076,33.891662597085492,34.009823332499622,34.143894033466253,34.293963389045452,34.460147194491995,34.642591100211916,34.84147073838971,35.056987920725,35.289361915825928,35.538815597883996,35.805557456341305,36.089761811312783,36.391550659979487,36.710980919864731
1788,33.511652221241498,33.51950832491935,33.543078229638844,33.58236698787379,33.637383944873747,33.708144188944097,33.794670688119311,33.896997167069159,34.01517171085856,34.149260945175676,34.299354424352607,34.465568568489488,34.648049176883326,34.84697130434644,35.062535260685948,35.294957827593912,35.544458562659486,35.811242213822069,36.095479546082409,36.397289878268175,36.716728912692631
1789,33.516958439052324,33.524814902128988,33.548385940060193,33.587676774170959,33.642697042781222,33.71346226514833,33.799995988972903,33.902332665783199,34.020521227764668,34.154629200370728,34.304746968328637,34.470991531108318,34.653508787411283,34.852473173282903,35.068083479192474,35.300554021361158,35.550101108477882,35.81692585473953,36.101195596241929,36.403027085762282,36.722474876227004
1790,33.522264900695511,33.53012173556516,33.553693944660502,33.592986920268011,33.648010596592869,33.718780926189446,33.805322036472063,33.907669101070475,34.025871886775285,34.159998795819845,34.310141008666598,34.476416059814149,34.658969900070865,34.857976308280115,35.073632541039089,35.306150472199064,35.555743228520491,35.822608394673352,36.106909998421713,36.408762332869337,36.728218863356688
1791,33.527571614557303,33.535428833787016,33.5590022524772,33.598297435857532,33.653324616596862,33.72410018252485,33.810648840313434,33.913006480337707,34.031223690909911,34.165369727756406,34.315536532699049,34.481842132093142,34.6644324837049,34.863480673560133,35.079182412541677,35.311747156670023,35.561384916916651,35.82828984919756,36.112622788185611,36.414495668152561,36.733960924931473
1792,33.532878589140502,33.540736205461094,33.564310872626187,33.603608330657728,33.658639113025515,33.729420044444154,33.815976409890979,33.918344810555041,34.036576642664016,34.170741991910937,34.320933527445469,34.487269725500205,34.66989650774908,34.868986234464124,35.084733061460518,35.317344052715107,35.567026168641057,35.83397023383786,36.118334000075627,36.4202271384491,36.73970110990269
1793,33.538185833057234,33.546043859353894,33.569619814293617,33.60891961440359,33.66395409604683,33.734740522063454,33.821304754296094,33.923684098265603,34.041930744029465,34.176115583539669,34.326331979640806,34.492698817675766,34.675361942225933,34.874492957419335,35.09028445694657,35.322941139596203,35.572666979472892,35.839649564064537,36.124043667643399,36.425956788929973,36.745439465390611
1794,33.543493355023053,33.55135180432552,33.574929086728744,33.614231296838689,33.669269575755457,33.740061625316798,33.826633882313068,33.929024349588985,34.047285996510354,34.181490497454391,34.331731875774814,34.498129386381819,34.680828757758782,34.880000809914307,35.095836569474578,35.328538397805033,35.57830734591635,35.845327855262667,36.129751823489407,36.431684663195682,36.751176036796522
1795,33.548801163850541,33.556660049323028,33.580238699236432,33.619543387706543,33.674585562163742,33.745383363948854,33.831963802416197,33.934365570227051,34.052642401140751,34.186866728051953,34.337133202127198,34.503561409530171,34.686296925577466,34.885509760470434,35.101389370781263,35.334135808985266,35.583947265136658,35.851005122711364,36.135458499299027,36.437410803357842,36.756910867897631
1796,33.554109268441707,33.561968603372698,33.585548661168914,33.624855896742481,33.679902065194774,33.750705747511077,33.837294522771863,33.939707765474367,34.057999958503899,34.192244269339042,34.342535944790917,34.508994865194275,34.691766417509967,34.891019778610755,35.106942833818188,35.339733355884171,35.589586734928062,35.856681381580621,36.141163725870648,36.443135250089462,36.762644000902725
1797,33.559417677782321,33.567277475573917,33.590858981918807,33.630168833665095,33.685219094672519,33.756028785352271,33.842626051232806,33.945050940220874,34.063358668748315,34.197623114963811,34.347940089714328,34.514429731648292,34.697237205998412,34.896530834834991,35.112496932681495,35.345331022255671,35.595225753628014,35.862356646898064,36.146867533156474,36.448858042727096,36.768375476572658
1798,33.564726400933203,33.572586675090513,33.596169670910449,33.635482208168547,33.690536660316738,33.7613524866183,33.847958395344875,33.950395098966425,34.068718531608013,34.20300325823591,34.353345622712801,34.519865987363247,34.702709264077839,34.902042900586707,35.118051642579445,35.350928792839738,35.600864320114063,35.868030933560838,36.152569950282441,36.454579219292647,36.774105334241028
1799,33.570035447024615,33.577896211144704,33.601480737592887,33.640796029914107,33.695854771733359,33.766676860242796,33.853291562341298,33.955740245823613,34.074079546418574,34.208384692157765,34.358752529510625,34.525303611045757,34.708182565391901,34.907555948228257,35.123606939762411,35.356526653266052,35.606502433719065,35.873704256303036,36.158271005589079,36.460298816594566,36.779833611933483
1800,33.575344825247385,33.583206093008258,33.606792191431396,33.646110308523077,33.701173438410422,33.772001914948369,33.858625559150916,33.96108638453304,34.079441712136443,34.213767409441687,34.364160795748148,34.530742581629937,34.713657084169945,34.913069951010364,35.12916280149647,35.362124590040843,35.612140094233602,35.879376629709,36.163970726648266,36.466016870243116,36.785560346381168
